序号,门次,门名,卷次,位次,轮相,首字,首字表义,次字,次字表义,判定,去处,去处门次,升降,贈掷,白话说明,说明来源,承注层级,谱曰原文（本位按语）,引文,引文出处,引文所出之位
1,第1门,發始因地門,卷1,上品十惡,那那,那,见烦恼,那,见烦恼,行,阿鼻地獄,第3门,降,,「那那」邪见增盛、撥无因果，故入十方阿鼻地狱，百千万劫难得出期。,承注库,直說,那那。則邪見增盛。撥無因果。故入十方阿鼻地獄。百千萬劫。難得出期。,那那。則邪見增盛。撥無因果。故入十方阿鼻地獄。百千萬劫。難得出期。,《選佛譜》卷第一・上品十惡・L45,上品十惡
2,第1门,發始因地門,卷1,上品十惡,那謨,那,见烦恼,謨,爱烦恼,行,無間地獄,第3门,降,,「那」表见烦恼、「謨」表爱烦恼，见惑与爱惑正盛，恶业必多，故入无间地狱，寿一大劫。,手工逐组（门1–14 手写）,直說,那謨。則見思方盛。惡業必多。,那謨。則見思方盛。惡業必多。謨謨。則習染既濃。亦多惡業。故皆入無間獄。壽一大劫。,《選佛譜》卷第一・上品十惡・L45,上品十惡
3,第1门,發始因地門,卷1,上品十惡,那阿,那,见烦恼,阿,施善,行,有間地獄,第3门,降,,「那」表见烦恼、「阿」表施善。虽造大恶，还有这点世间微善，故堕有间地狱，偶得片刻凉风小乐。,手工逐组（门1–14 手写）,直說,那阿。謨阿。及阿阿。則雖有大惡。猶有世間微善。故於地獄之中。偶得涼風溫風等。暫時小樂。名為有間地獄。壽亦略減。,那阿。謨阿。及阿阿。則雖有大惡。猶有世間微善。故於地獄之中。偶得涼風溫風等。暫時小樂。名為有間地獄。壽亦略減。,《選佛譜》卷第一・上品十惡・L45,上品十惡
4,第1门,發始因地門,卷1,上品十惡,那彌,那,见烦恼,彌,戒善,不行·安住本位,,,安住,,「那」表见烦恼、「彌」表戒善。以有漏之戒善对治见烦恼，二俱无力——善不足以断惑而升，惑也不足以致堕，所以不行。,通例·不行之由,通則,,其餘位中。以阿彌陀善。與那謨惡相為對治。二俱無力。所以並不行也。,《選佛譜》卷第一・見取・L57,見取
5,第1门,發始因地門,卷1,上品十惡,那陀,那,见烦恼,陀,定善,不行·安住本位,,,安住,,「那」表见烦恼、「陀」表定善。上品十恶是邪见所发，此等人多修不成定，故不行。,手工逐组（门1–14 手写）,直說,阿彌至謨佛皆不行者。邪見十惡之人。多不能修戒定慧故。,阿彌至謨佛皆不行者。邪見十惡之人。多不能修戒定慧故。,《選佛譜》卷第一・上品十惡・L45,上品十惡
6,第1门,發始因地門,卷1,上品十惡,那佛,那,见烦恼,佛,无漏善慧,不行·安住本位,,,安住,,「那」表见烦恼、「佛」表无漏善慧。上品十恶是邪见所发，此等人多修不起戒定慧，故不行。,手工逐组（门1–14 手写）,直說,阿彌至謨佛皆不行者。邪見十惡之人。多不能修戒定慧故。,阿彌至謨佛皆不行者。邪見十惡之人。多不能修戒定慧故。,《選佛譜》卷第一・上品十惡・L45,上品十惡
7,第1门,發始因地門,卷1,上品十惡,謨謨,謨,爱烦恼,謨,爱烦恼,行,無間地獄,第3门,降,,「謨謨」二字俱表爱烦恼，习染既浓亦多恶业，故入无间地狱，寿一大劫。,手工逐组（门1–14 手写）,直說,謨謨。則習染既濃。亦多惡業。故皆入無間獄。壽一大劫。,那謨。則見思方盛。惡業必多。謨謨。則習染既濃。亦多惡業。故皆入無間獄。壽一大劫。,《選佛譜》卷第一・上品十惡・L45,上品十惡
8,第1门,發始因地門,卷1,上品十惡,謨阿,謨,爱烦恼,阿,施善,行,有間地獄,第3门,降,,「謨」表爱烦恼、「阿」表施善。虽造大恶，还有这点世间微善，故堕有间地狱，偶得片刻凉风小乐。,手工逐组（门1–14 手写）,直說,那阿。謨阿。及阿阿。則雖有大惡。猶有世間微善。故於地獄之中。偶得涼風溫風等。暫時小樂。名為有間地獄。壽亦略減。,那阿。謨阿。及阿阿。則雖有大惡。猶有世間微善。故於地獄之中。偶得涼風溫風等。暫時小樂。名為有間地獄。壽亦略減。,《選佛譜》卷第一・上品十惡・L45,上品十惡
9,第1门,發始因地門,卷1,上品十惡,謨彌,謨,爱烦恼,彌,戒善,不行·安住本位,,,安住,,「謨」表爱烦恼、「彌」表戒善。以有漏之戒善对治爱烦恼，二俱无力——善不足以断惑而升，惑也不足以致堕，所以不行。,通例·不行之由,通則,,其餘位中。以阿彌陀善。與那謨惡相為對治。二俱無力。所以並不行也。,《選佛譜》卷第一・見取・L57,見取
10,第1门,發始因地門,卷1,上品十惡,謨陀,謨,爱烦恼,陀,定善,不行·安住本位,,,安住,,「謨」表爱烦恼、「陀」表定善。上品十恶是邪见所发，此等人多修不成定，故不行。,手工逐组（门1–14 手写）,直說,阿彌至謨佛皆不行者。邪見十惡之人。多不能修戒定慧故。,阿彌至謨佛皆不行者。邪見十惡之人。多不能修戒定慧故。,《選佛譜》卷第一・上品十惡・L45,上品十惡
11,第1门,發始因地門,卷1,上品十惡,謨佛,謨,爱烦恼,佛,无漏善慧,不行·安住本位,,,安住,,「謨」表爱烦恼、「佛」表无漏善慧。上品十恶是邪见所发，此等人多修不起戒定慧，故不行。,手工逐组（门1–14 手写）,直說,阿彌至謨佛皆不行者。邪見十惡之人。多不能修戒定慧故。,阿彌至謨佛皆不行者。邪見十惡之人。多不能修戒定慧故。,《選佛譜》卷第一・上品十惡・L45,上品十惡
12,第1门,發始因地門,卷1,上品十惡,阿阿,阿,施善,阿,施善,行,有間地獄,第3门,降,,「阿阿」二字俱表施善。虽造大恶，还有这点世间微善，故堕有间地狱，偶得片刻凉风小乐。,手工逐组（门1–14 手写）,直說,那阿。謨阿。及阿阿。則雖有大惡。猶有世間微善。故於地獄之中。偶得涼風溫風等。暫時小樂。名為有間地獄。壽亦略減。,那阿。謨阿。及阿阿。則雖有大惡。猶有世間微善。故於地獄之中。偶得涼風溫風等。暫時小樂。名為有間地獄。壽亦略減。,《選佛譜》卷第一・上品十惡・L45,上品十惡
13,第1门,發始因地門,卷1,上品十惡,阿彌,阿,施善,彌,戒善,不行·安住本位,,,安住,,「阿」表施善、「彌」表戒善。上品十恶是邪见所发，此等人多修不起戒定，故不行。,手工逐组（门1–14 手写）,直說,阿彌至謨佛皆不行者。邪見十惡之人。多不能修戒定慧故。,阿彌至謨佛皆不行者。邪見十惡之人。多不能修戒定慧故。,《選佛譜》卷第一・上品十惡・L45,上品十惡
14,第1门,發始因地門,卷1,上品十惡,阿陀,阿,施善,陀,定善,不行·安住本位,,,安住,,「阿」表施善、「陀」表定善。上品十恶是邪见所发，此等人多修不成定，故不行。,手工逐组（门1–14 手写）,直說,阿彌至謨佛皆不行者。邪見十惡之人。多不能修戒定慧故。,阿彌至謨佛皆不行者。邪見十惡之人。多不能修戒定慧故。,《選佛譜》卷第一・上品十惡・L45,上品十惡
15,第1门,發始因地門,卷1,上品十惡,阿佛,阿,施善,佛,无漏善慧,行,世間福,第1门,升,,「阿佛」仗佛慈力生起施善，然惑业方强、未能即入无漏，故仅转为世间福。,承注库,直說,阿佛。則仗佛慈力。生其施善。然惑業方強。未能即階無漏。故僅轉為世福。,阿佛。則仗佛慈力。生其施善。然惑業方強。未能即階無漏。故僅轉為世福。,《選佛譜》卷第一・上品十惡・L45,上品十惡
16,第1门,發始因地門,卷1,上品十惡,彌彌,彌,戒善,彌,戒善,不行·安住本位,,,安住,,「彌彌」二字俱表戒善。上品十恶是邪见所发，此等人多持不住戒，故不行。,手工逐组（门1–14 手写）,直說,阿彌至謨佛皆不行者。邪見十惡之人。多不能修戒定慧故。,阿彌至謨佛皆不行者。邪見十惡之人。多不能修戒定慧故。,《選佛譜》卷第一・上品十惡・L45,上品十惡
17,第1门,發始因地門,卷1,上品十惡,彌陀,彌,戒善,陀,定善,不行·安住本位,,,安住,,「彌」表戒善、「陀」表定善。上品十恶是邪见所发，此等人戒定俱难，故不行。,手工逐组（门1–14 手写）,直說,阿彌至謨佛皆不行者。邪見十惡之人。多不能修戒定慧故。,阿彌至謨佛皆不行者。邪見十惡之人。多不能修戒定慧故。,《選佛譜》卷第一・上品十惡・L45,上品十惡
18,第1门,發始因地門,卷1,上品十惡,彌佛,彌,戒善,佛,无漏善慧,行,聽法雜眾,第6门,升,,「彌佛」仗佛慈力生起戒善，但惑業正強、還得不到戒體，所以只能聽聞正法——現今就見世間極惡之人偶爾來聽法，便種下善根、消滅重罪。,承注库,直說,彌佛。則仗佛慈力。生其戒善。然惑業方強。未能得戒。故僅獲聞正法。現見世間。極惡之人。偶來聽法。即種善根。消滅重罪。誠證非一。不可具述也。,彌佛。則仗佛慈力。生其戒善。然惑業方強。未能得戒。故僅獲聞正法。現見世間。極惡之人。偶來聽法。即種善根。消滅重罪。,《選佛譜》卷第一・上品十惡・L45,上品十惡
19,第1门,發始因地門,卷1,上品十惡,陀陀,陀,定善,陀,定善,不行·安住本位,,,安住,,「陀陀」二字俱表定善。上品十恶是邪见所发，此等人多入不了定，故不行。,手工逐组（门1–14 手写）,直說,阿彌至謨佛皆不行者。邪見十惡之人。多不能修戒定慧故。,阿彌至謨佛皆不行者。邪見十惡之人。多不能修戒定慧故。,《選佛譜》卷第一・上品十惡・L45,上品十惡
20,第1门,發始因地門,卷1,上品十惡,陀佛,陀,定善,佛,无漏善慧,行,取相懺,第6门,升,,「陀佛」仗佛慈力生起定善，故能顿离恶业——结立坛仪、六时行道、求佛灭罪，是名取相忏。,承注库,直說,陀佛。則仗佛慈力。生其定善。故能頓離惡業。結立壇儀。六時行道。求佛滅罪。名取相懺。,陀佛。則仗佛慈力。生其定善。故能頓離惡業。結立壇儀。六時行道。求佛滅罪。名取相懺。,《選佛譜》卷第一・上品十惡・L45,上品十惡
21,第1门,發始因地門,卷1,上品十惡,佛佛,佛,无漏善慧,佛,无漏善慧,行,下品下生,第14门,横超,,「佛佛」仗佛慈力生起慧善：临命终时虽被苦逼、来不及忆念佛的法身功德相好，仍能依善友教导一心称念佛名，即得下品下生——具如《观经》所明。,承注库,直說,佛佛。則仗佛慈力。生其慧善。故於臨命終時。雖復苦逼。不遑念佛法身功德相好。猶能依善友教。一心稱佛名號。即得下品下生。具如十六觀經所明。,佛佛。則仗佛慈力。生其慧善。故於臨命終時。雖復苦逼。不遑念佛法身功德相好。猶能依善友教。一心稱佛名號。即得下品下生。具如十六觀經所明。,《選佛譜》卷第一・上品十惡・L45,上品十惡
22,第1门,發始因地門,卷1,中品十惡,那那,那,见烦恼,那,见烦恼,行,下品畜生,第3门,降,,「那那」二字俱表见烦恼，纯恶无善，故成下品畜生，如蠛蠓蝼蚁。,手工逐组（门1–14 手写）,直說,那那等三。純惡無善。故為下品畜。如蠛蠓螻蟻等。,那那等三。純惡無善。故為下品畜。如蠛蠓螻蟻等。,《選佛譜》卷第一・中品十惡・L49,中品十惡
23,第1门,發始因地門,卷1,中品十惡,那謨,那,见烦恼,謨,爱烦恼,行,下品畜生,第3门,降,,「那」表见烦恼、「謨」表爱烦恼，纯恶无善，故成下品畜生，如蠛蠓蝼蚁。,手工逐组（门1–14 手写）,直說,那那等三。純惡無善。故為下品畜。如蠛蠓螻蟻等。,那那等三。純惡無善。故為下品畜。如蠛蠓螻蟻等。,《選佛譜》卷第一・中品十惡・L49,中品十惡
24,第1门,發始因地門,卷1,中品十惡,那阿,那,见烦恼,阿,施善,不行·安住本位,,,安住,,「那」表见烦恼、「阿」表施善。以有漏之施善对治见烦恼，二俱无力——善不足以断惑而升，惑也不足以致堕，所以不行。,通例·不行之由,通則,,其餘位中。以阿彌陀善。與那謨惡相為對治。二俱無力。所以並不行也。,《選佛譜》卷第一・見取・L57,見取
25,第1门,發始因地門,卷1,中品十惡,那彌,那,见烦恼,彌,戒善,不行·安住本位,,,安住,,「那」表见烦恼、「彌」表戒善。以有漏之戒善对治见烦恼，二俱无力——善不足以断惑而升，惑也不足以致堕，所以不行。,通例·不行之由,通則,,其餘位中。以阿彌陀善。與那謨惡相為對治。二俱無力。所以並不行也。,《選佛譜》卷第一・見取・L57,見取
26,第1门,發始因地門,卷1,中品十惡,那陀,那,见烦恼,陀,定善,不行·安住本位,,,安住,,「那」表见烦恼、「陀」表定善。以有漏之定善对治见烦恼，二俱无力——善不足以断惑而升，惑也不足以致堕，所以不行。,通例·不行之由,通則,,其餘位中。以阿彌陀善。與那謨惡相為對治。二俱無力。所以並不行也。,《選佛譜》卷第一・見取・L57,見取
27,第1门,發始因地門,卷1,中品十惡,那佛,那,见烦恼,佛,无漏善慧,行,畜脩羅,第3门,降,,「那」表见烦恼、「佛」表无漏善慧，虽具惑业，仗佛力故成畜修罗。,手工逐组（门1–14 手写）,直說,那佛。謨佛。雖具惑業。仗佛力故。為畜脩羅。,那佛。謨佛。雖具惑業。仗佛力故。為畜脩羅。,《選佛譜》卷第一・中品十惡・L49,中品十惡
28,第1门,發始因地門,卷1,中品十惡,謨謨,謨,爱烦恼,謨,爱烦恼,行,下品畜生,第3门,降,,「謨謨」二字俱表爱烦恼，纯恶无善，故成下品畜生，如蠛蠓蝼蚁。,手工逐组（门1–14 手写）,直說,那那等三。純惡無善。故為下品畜。如蠛蠓螻蟻等。,那那等三。純惡無善。故為下品畜。如蠛蠓螻蟻等。,《選佛譜》卷第一・中品十惡・L49,中品十惡
29,第1门,發始因地門,卷1,中品十惡,謨阿,謨,爱烦恼,阿,施善,不行·安住本位,,,安住,,「謨」表爱烦恼、「阿」表施善。以有漏之施善对治爱烦恼，二俱无力——善不足以断惑而升，惑也不足以致堕，所以不行。,通例·不行之由,通則,,其餘位中。以阿彌陀善。與那謨惡相為對治。二俱無力。所以並不行也。,《選佛譜》卷第一・見取・L57,見取
30,第1门,發始因地門,卷1,中品十惡,謨彌,謨,爱烦恼,彌,戒善,不行·安住本位,,,安住,,「謨」表爱烦恼、「彌」表戒善。以有漏之戒善对治爱烦恼，二俱无力——善不足以断惑而升，惑也不足以致堕，所以不行。,通例·不行之由,通則,,其餘位中。以阿彌陀善。與那謨惡相為對治。二俱無力。所以並不行也。,《選佛譜》卷第一・見取・L57,見取
31,第1门,發始因地門,卷1,中品十惡,謨陀,謨,爱烦恼,陀,定善,不行·安住本位,,,安住,,「謨」表爱烦恼、「陀」表定善。以有漏之定善对治爱烦恼，二俱无力——善不足以断惑而升，惑也不足以致堕，所以不行。,通例·不行之由,通則,,其餘位中。以阿彌陀善。與那謨惡相為對治。二俱無力。所以並不行也。,《選佛譜》卷第一・見取・L57,見取
32,第1门,發始因地門,卷1,中品十惡,謨佛,謨,爱烦恼,佛,无漏善慧,行,畜脩羅,第3门,降,,「謨」表爱烦恼、「佛」表无漏善慧，虽具惑业，仗佛力故成畜修罗。,手工逐组（门1–14 手写）,直說,那佛。謨佛。雖具惑業。仗佛力故。為畜脩羅。,那佛。謨佛。雖具惑業。仗佛力故。為畜脩羅。,《選佛譜》卷第一・中品十惡・L49,中品十惡
33,第1门,發始因地門,卷1,中品十惡,阿阿,阿,施善,阿,施善,行,中品畜生,第3门,降,,「阿阿」二字俱表施善，薄有散善，故成中品畜生，如乌鹊牛马。,手工逐组（门1–14 手写）,直說,阿阿等三。薄有散善。故為中品畜。如烏鵲牛馬等。,阿阿等三。薄有散善。故為中品畜。如烏鵲牛馬等。,《選佛譜》卷第一・中品十惡・L49,中品十惡
34,第1门,發始因地門,卷1,中品十惡,阿彌,阿,施善,彌,戒善,行,中品畜生,第3门,降,,「阿」表施善、「彌」表戒善，薄有散善，故成中品畜生，如乌鹊牛马。,手工逐组（门1–14 手写）,直說,阿阿等三。薄有散善。故為中品畜。如烏鵲牛馬等。,阿阿等三。薄有散善。故為中品畜。如烏鵲牛馬等。,《選佛譜》卷第一・中品十惡・L49,中品十惡
35,第1门,發始因地門,卷1,中品十惡,阿陀,阿,施善,陀,定善,行,上品畜生,第3门,降,,「阿」表施善、「陀」表定善，微有定善，故成上品畜生，如麟凤龙象。,手工逐组（门1–14 手写）,直說,阿陀等三。微有定善。故為上品畜。如麟鳳龍象獅鵬等。,阿陀等三。微有定善。故為上品畜。如麟鳳龍象獅鵬等。,《選佛譜》卷第一・中品十惡・L49,中品十惡
36,第1门,發始因地門,卷1,中品十惡,阿佛,阿,施善,佛,无漏善慧,行,聽法雜眾,第6门,升,,「阿佛」得预听法，因为已舍恶意。,承注库,直說,阿佛聽法者。已捨惡意故。,阿佛聽法者。已捨惡意故。,《選佛譜》卷第一・中品十惡・L49,中品十惡
37,第1门,發始因地門,卷1,中品十惡,彌彌,彌,戒善,彌,戒善,行,中品畜生,第3门,降,,「彌彌」二字俱表戒善，薄有散善，故成中品畜生，如乌鹊牛马。,手工逐组（门1–14 手写）,直說,阿阿等三。薄有散善。故為中品畜。如烏鵲牛馬等。,阿阿等三。薄有散善。故為中品畜。如烏鵲牛馬等。,《選佛譜》卷第一・中品十惡・L49,中品十惡
38,第1门,發始因地門,卷1,中品十惡,彌陀,彌,戒善,陀,定善,行,上品畜生,第3门,降,,「彌」表戒善、「陀」表定善，微有定善，故成上品畜生，如麟凤龙象。,手工逐组（门1–14 手写）,直說,阿陀等三。微有定善。故為上品畜。如麟鳳龍象獅鵬等。,阿陀等三。微有定善。故為上品畜。如麟鳳龍象獅鵬等。,《選佛譜》卷第一・中品十惡・L49,中品十惡
39,第1门,發始因地門,卷1,中品十惡,彌佛,彌,戒善,佛,无漏善慧,行,取相懺,第6门,升,,「彌佛」修取相忏，是想求得清净戒体。,承注库,直說,彌佛取相懺者。欲求淨戒故。,彌佛取相懺者。欲求淨戒故。,《選佛譜》卷第一・中品十惡・L49,中品十惡
40,第1门,發始因地門,卷1,中品十惡,陀陀,陀,定善,陀,定善,行,上品畜生,第3门,降,,「陀陀」二字俱表定善，微有定善，故成上品畜生，如麟凤龙象。,手工逐组（门1–14 手写）,直說,阿陀等三。微有定善。故為上品畜。如麟鳳龍象獅鵬等。,阿陀等三。微有定善。故為上品畜。如麟鳳龍象獅鵬等。,《選佛譜》卷第一・中品十惡・L49,中品十惡
41,第1门,發始因地門,卷1,中品十惡,陀佛,陀,定善,佛,无漏善慧,行,無生懺,第6门,升,,「陀佛」修无生忏，是依定慧起修。,承注库,直說,陀佛無生懺者。遵修定慧故。,陀佛無生懺者。遵修定慧故。,《選佛譜》卷第一・中品十惡・L49,中品十惡
42,第1门,發始因地門,卷1,中品十惡,佛佛,佛,无漏善慧,佛,无漏善慧,行,下品中生,第14门,横超,,「佛佛」下品中生，依《观经》所说。,承注库,直說,佛佛下品中生者。准觀經說故。,佛佛下品中生者。准觀經說故。,《選佛譜》卷第一・中品十惡・L49,中品十惡
43,第1门,發始因地門,卷1,下品十惡,那那,那,见烦恼,那,见烦恼,行,無財鬼,第3门,降,,「那那」二字俱表见烦恼，纯恶无善，故成无财鬼，如针毛焰口。,手工逐组（门1–14 手写）,直說,那那等三。純惡故為無財鬼。如鍼毛燄口等。,那那等三。純惡故為無財鬼。如鍼毛燄口等。,《選佛譜》卷第一・下品十惡・L53,下品十惡
44,第1门,發始因地門,卷1,下品十惡,那謨,那,见烦恼,謨,爱烦恼,行,無財鬼,第3门,降,,「那」表见烦恼、「謨」表爱烦恼，纯恶无善，故成无财鬼，如针毛焰口。,手工逐组（门1–14 手写）,直說,那那等三。純惡故為無財鬼。如鍼毛燄口等。,那那等三。純惡故為無財鬼。如鍼毛燄口等。,《選佛譜》卷第一・下品十惡・L53,下品十惡
45,第1门,發始因地門,卷1,下品十惡,那阿,那,见烦恼,阿,施善,不行·安住本位,,,安住,,「那」表见烦恼、「阿」表施善。以有漏之施善对治见烦恼，二俱无力——善不足以断惑而升，惑也不足以致堕，所以不行。,通例·不行之由,通則,,其餘位中。以阿彌陀善。與那謨惡相為對治。二俱無力。所以並不行也。,《選佛譜》卷第一・見取・L57,見取
46,第1门,發始因地門,卷1,下品十惡,那彌,那,见烦恼,彌,戒善,不行·安住本位,,,安住,,「那」表见烦恼、「彌」表戒善。以有漏之戒善对治见烦恼，二俱无力——善不足以断惑而升，惑也不足以致堕，所以不行。,通例·不行之由,通則,,其餘位中。以阿彌陀善。與那謨惡相為對治。二俱無力。所以並不行也。,《選佛譜》卷第一・見取・L57,見取
47,第1门,發始因地門,卷1,下品十惡,那陀,那,见烦恼,陀,定善,不行·安住本位,,,安住,,「那」表见烦恼、「陀」表定善。以有漏之定善对治见烦恼，二俱无力——善不足以断惑而升，惑也不足以致堕，所以不行。,通例·不行之由,通則,,其餘位中。以阿彌陀善。與那謨惡相為對治。二俱無力。所以並不行也。,《選佛譜》卷第一・見取・L57,見取
48,第1门,發始因地門,卷1,下品十惡,那佛,那,见烦恼,佛,无漏善慧,行,有財鬼,第3门,降,,「那」表见烦恼、「佛」表无漏善慧，仗佛力故成有财鬼，如土谷神山川神。,手工逐组（门1–14 手写）,直說,阿陀等五。或有定善。或仗佛力。故皆為有財鬼。如土穀神山川神等。,阿陀等五。或有定善。或仗佛力。故皆為有財鬼。如土穀神山川神等。,《選佛譜》卷第一・下品十惡・L53,下品十惡
49,第1门,發始因地門,卷1,下品十惡,謨謨,謨,爱烦恼,謨,爱烦恼,行,無財鬼,第3门,降,,「謨謨」二字俱表爱烦恼，纯恶无善，故成无财鬼，如针毛焰口。,手工逐组（门1–14 手写）,直說,那那等三。純惡故為無財鬼。如鍼毛燄口等。,那那等三。純惡故為無財鬼。如鍼毛燄口等。,《選佛譜》卷第一・下品十惡・L53,下品十惡
50,第1门,發始因地門,卷1,下品十惡,謨阿,謨,爱烦恼,阿,施善,不行·安住本位,,,安住,,「謨」表爱烦恼、「阿」表施善。以有漏之施善对治爱烦恼，二俱无力——善不足以断惑而升，惑也不足以致堕，所以不行。,通例·不行之由,通則,,其餘位中。以阿彌陀善。與那謨惡相為對治。二俱無力。所以並不行也。,《選佛譜》卷第一・見取・L57,見取
51,第1门,發始因地門,卷1,下品十惡,謨彌,謨,爱烦恼,彌,戒善,不行·安住本位,,,安住,,「謨」表爱烦恼、「彌」表戒善。以有漏之戒善对治爱烦恼，二俱无力——善不足以断惑而升，惑也不足以致堕，所以不行。,通例·不行之由,通則,,其餘位中。以阿彌陀善。與那謨惡相為對治。二俱無力。所以並不行也。,《選佛譜》卷第一・見取・L57,見取
52,第1门,發始因地門,卷1,下品十惡,謨陀,謨,爱烦恼,陀,定善,不行·安住本位,,,安住,,「謨」表爱烦恼、「陀」表定善。以有漏之定善对治爱烦恼，二俱无力——善不足以断惑而升，惑也不足以致堕，所以不行。,通例·不行之由,通則,,其餘位中。以阿彌陀善。與那謨惡相為對治。二俱無力。所以並不行也。,《選佛譜》卷第一・見取・L57,見取
53,第1门,發始因地門,卷1,下品十惡,謨佛,謨,爱烦恼,佛,无漏善慧,行,有財鬼,第3门,降,,「謨」表爱烦恼、「佛」表无漏善慧，仗佛力故成有财鬼，如土谷神山川神。,手工逐组（门1–14 手写）,直說,阿陀等五。或有定善。或仗佛力。故皆為有財鬼。如土穀神山川神等。,阿陀等五。或有定善。或仗佛力。故皆為有財鬼。如土穀神山川神等。,《選佛譜》卷第一・下品十惡・L53,下品十惡
54,第1门,發始因地門,卷1,下品十惡,阿阿,阿,施善,阿,施善,行,少財鬼,第3门,降,,「阿阿」二字俱表施善，有此散善，故成少财鬼，如食唾啖粪之鬼。,手工逐组（门1–14 手写）,直說,阿阿等三。有散善。故為少財鬼。如食唾啖糞等。,阿阿等三。有散善。故為少財鬼。如食唾啖糞等。,《選佛譜》卷第一・下品十惡・L53,下品十惡
55,第1门,發始因地門,卷1,下品十惡,阿彌,阿,施善,彌,戒善,行,少財鬼,第3门,降,,「阿」表施善、「彌」表戒善，有此散善，故成少财鬼，如食唾啖粪之鬼。,手工逐组（门1–14 手写）,直說,阿阿等三。有散善。故為少財鬼。如食唾啖糞等。,阿阿等三。有散善。故為少財鬼。如食唾啖糞等。,《選佛譜》卷第一・下品十惡・L53,下品十惡
56,第1门,發始因地門,卷1,下品十惡,阿陀,阿,施善,陀,定善,行,有財鬼,第3门,降,,「阿」表施善、「陀」表定善，有此定善，故成有财鬼，如土谷神山川神。,手工逐组（门1–14 手写）,直說,阿陀等五。或有定善。或仗佛力。故皆為有財鬼。如土穀神山川神等。,阿陀等五。或有定善。或仗佛力。故皆為有財鬼。如土穀神山川神等。,《選佛譜》卷第一・下品十惡・L53,下品十惡
57,第1门,發始因地門,卷1,下品十惡,阿佛,阿,施善,佛,无漏善慧,行,作法懺,第6门,升,,「阿佛」入作法忏，因下品之恶未至增上、尚可悔除。,承注库,直說,阿佛作法懺者。惡未增上。可悔除故。,阿佛作法懺者。惡未增上。可悔除故。,《選佛譜》卷第一・下品十惡・L53,下品十惡
58,第1门,發始因地門,卷1,下品十惡,彌彌,彌,戒善,彌,戒善,行,少財鬼,第3门,降,,「彌彌」二字俱表戒善，有此散善，故成少财鬼，如食唾啖粪之鬼。,手工逐组（门1–14 手写）,直說,阿阿等三。有散善。故為少財鬼。如食唾啖糞等。,阿阿等三。有散善。故為少財鬼。如食唾啖糞等。,《選佛譜》卷第一・下品十惡・L53,下品十惡
59,第1门,發始因地門,卷1,下品十惡,彌陀,彌,戒善,陀,定善,行,有財鬼,第3门,降,,「彌」表戒善、「陀」表定善，有此定善，故成有财鬼，如土谷神山川神。,手工逐组（门1–14 手写）,直說,阿陀等五。或有定善。或仗佛力。故皆為有財鬼。如土穀神山川神等。,阿陀等五。或有定善。或仗佛力。故皆為有財鬼。如土穀神山川神等。,《選佛譜》卷第一・下品十惡・L53,下品十惡
60,第1门,發始因地門,卷1,下品十惡,彌佛,彌,戒善,佛,无漏善慧,行,在家五戒,第7门,升,,「彌佛」受五戒：改恶从善。,承注库,直說,彌佛五戒者。改惡從善故。,彌佛五戒者。改惡從善故。,《選佛譜》卷第一・下品十惡・L53,下品十惡
61,第1门,發始因地門,卷1,下品十惡,陀陀,陀,定善,陀,定善,行,有財鬼,第3门,降,,「陀陀」二字俱表定善，有此定善，故成有财鬼，如土谷神山川神。,手工逐组（门1–14 手写）,直說,阿陀等五。或有定善。或仗佛力。故皆為有財鬼。如土穀神山川神等。,阿陀等五。或有定善。或仗佛力。故皆為有財鬼。如土穀神山川神等。,《選佛譜》卷第一・下品十惡・L53,下品十惡
62,第1门,發始因地門,卷1,下品十惡,陀佛,陀,定善,佛,无漏善慧,行,八關齋戒,第7门,升,,「陀佛」受八关斋戒：摄持其心不令散乱。,承注库,直說,陀佛八齋者。持心不散故。,陀佛八齋者。持心不散故。,《選佛譜》卷第一・下品十惡・L53,下品十惡
63,第1门,發始因地門,卷1,下品十惡,佛佛,佛,无漏善慧,佛,无漏善慧,行,下品上生,第14门,横超,,「佛佛」下品上生，依《观经》所说。,承注库,直說,佛佛下品上生者。准觀經說故。,佛佛下品上生者。准觀經說故。,《選佛譜》卷第一・下品十惡・L53,下品十惡
64,第1门,發始因地門,卷1,見取,那那,那,见烦恼,那,见烦恼,行,無間地獄,第3门,降,,「那那」具足上品恶，故堕无间狱。问：为何不入阿鼻？答：本因之中还有微善。,承注库,直說,那那具上惡。故墮無間。問。何不入阿鼻耶。答。以本因中有微善故。,那那具上惡。故墮無間。問。何不入阿鼻耶。答。以本因中有微善故。,《選佛譜》卷第一・見取・L57,見取
65,第1门,發始因地門,卷1,見取,那謨,那,见烦恼,謨,爱烦恼,行,中品畜生,第3门,降,,「那謨」中品恶，故堕中品畜生；也因微善，不堕下品畜。,承注库,直說,那謨中惡。故墮中畜。亦以微善。不墮下畜。,那謨中惡。故墮中畜。亦以微善。不墮下畜。,《選佛譜》卷第一・見取・L57,見取
66,第1门,發始因地門,卷1,見取,那阿,那,见烦恼,阿,施善,不行·安住本位,,,安住,,这一掷善恶各一：善与恶互相对治、两边都无力胜出，故这一掷不行。,承注库,通則,此是發始因地。隨擲所現。必皆起手。故那阿表見取。,其餘位中。以阿彌陀善。與那謨惡相為對治。二俱無力。所以並不行也。,《選佛譜》卷第一・見取・L57,見取
67,第1门,發始因地門,卷1,見取,那彌,那,见烦恼,彌,戒善,不行·安住本位,,,安住,,这一掷善恶各一：善与恶互相对治、两边都无力胜出，故这一掷不行。,承注库,通則,那彌表戒取。,其餘位中。以阿彌陀善。與那謨惡相為對治。二俱無力。所以並不行也。,《選佛譜》卷第一・見取・L57,見取
68,第1门,發始因地門,卷1,見取,那陀,那,见烦恼,陀,定善,不行·安住本位,,,安住,,这一掷善恶各一：善与恶互相对治、两边都无力胜出，故这一掷不行。,承注库,通則,那陀表邪定。,其餘位中。以阿彌陀善。與那謨惡相為對治。二俱無力。所以並不行也。,《選佛譜》卷第一・見取・L57,見取
69,第1门,發始因地門,卷1,見取,那佛,那,见烦恼,佛,无漏善慧,行,大梵天,第5门,升,,「那佛」仗佛慈力，为初禅天王（大梵），而我见我慢仍存。,承注库,直說,那佛仗佛慈力。為初禪王。而我見我慢仍存。,那佛仗佛慈力。為初禪王。而我見我慢仍存。,《選佛譜》卷第一・見取・L57,見取
70,第1门,發始因地門,卷1,見取,謨謨,謨,爱烦恼,謨,爱烦恼,行,少財鬼,第3门,降,,「謨謨」属下品恶，故堕少财鬼；也因有微善，不至堕无财鬼。,承注库,直說,謨謨下惡。故墮少財。亦以微善。不墮無財。,謨謨下惡。故墮少財。亦以微善。不墮無財。,《選佛譜》卷第一・見取・L57,見取
71,第1门,發始因地門,卷1,見取,謨阿,謨,爱烦恼,阿,施善,不行·安住本位,,,安住,,这一掷善恶各一：善与恶互相对治、两边都无力胜出，故这一掷不行。,承注库,通則,謨阿表慢心行施。,其餘位中。以阿彌陀善。與那謨惡相為對治。二俱無力。所以並不行也。,《選佛譜》卷第一・見取・L57,見取
72,第1门,發始因地門,卷1,見取,謨彌,謨,爱烦恼,彌,戒善,不行·安住本位,,,安住,,这一掷善恶各一：善与恶互相对治、两边都无力胜出，故这一掷不行。,承注库,通則,謨彌表下品十善。,其餘位中。以阿彌陀善。與那謨惡相為對治。二俱無力。所以並不行也。,《選佛譜》卷第一・見取・L57,見取
73,第1门,發始因地門,卷1,見取,謨陀,謨,爱烦恼,陀,定善,不行·安住本位,,,安住,,这一掷善恶各一：善与恶互相对治、两边都无力胜出，故这一掷不行。,承注库,通則,謨陀表味禪。,其餘位中。以阿彌陀善。與那謨惡相為對治。二俱無力。所以並不行也。,《選佛譜》卷第一・見取・L57,見取
74,第1门,發始因地門,卷1,見取,謨佛,謨,爱烦恼,佛,无漏善慧,行,空無邊處天,第5门,升,,「謨佛」也仗佛力，得脱色身系缚（生空无边处天），而空处爱著仍在。,承注库,直說,謨佛亦仗佛力。得脫身縛。而空處愛著仍在。,謨佛亦仗佛力。得脫身縛。而空處愛著仍在。,《選佛譜》卷第一・見取・L57,見取
75,第1门,發始因地門,卷1,見取,阿阿,阿,施善,阿,施善,行,畜脩羅,第3门,降,,「阿阿」多修施福，但知见卑劣，故为畜修罗。,承注库,直說,阿阿多施福。以見卑劣。故為畜脩。,阿阿多施福。以見卑劣。故為畜脩。,《選佛譜》卷第一・見取・L57,見取
76,第1门,發始因地門,卷1,見取,阿彌,阿,施善,彌,戒善,行,鬼脩羅,第3门,降,,「阿彌」兼有施、戒二善，但见地卑劣，故为鬼修罗。,承注库,直說,阿彌兼施戒。亦因見劣。故為鬼脩。,阿彌兼施戒。亦因見劣。故為鬼脩。,《選佛譜》卷第一・見取・L57,見取
77,第1门,發始因地門,卷1,見取,阿陀,阿,施善,陀,定善,行,十種仙,第4门,升,,「彌彌」具足上品善，「阿陀」舍欲入禅，但因见执，故同为十种仙。,承注库,直說,阿陀捨欲入禪。但以見執。故為十仙。,彌彌具足上善。阿陀捨欲入禪。但以見執。故為十仙。,《選佛譜》卷第一・見取・L57,見取
78,第1门,發始因地門,卷1,見取,阿佛,阿,施善,佛,无漏善慧,行,發聲聞心,第9门,升,,「阿佛」已舍世间执著，但取著习气还在，转而执取偏真涅槃——是为发声闻心。,承注库,直說,阿佛已捨世間取著。由取習故。復取偏真。是為發聲聞心。,阿佛已捨世間取著。由取習故。復取偏真。是為發聲聞心。,《選佛譜》卷第一・見取・L57,見取
79,第1门,發始因地門,卷1,見取,彌彌,彌,戒善,彌,戒善,行,十種仙,第4门,升,,「彌彌」二字俱表戒善，具足上品善，但因见执，故同为十种仙。,话头改写层,直說,彌彌具足上善。阿陀捨欲入禪。但以見執。故為十仙。,彌彌具足上善。阿陀捨欲入禪。但以見執。故為十仙。,《選佛譜》卷第一・見取・L57,見取
80,第1门,發始因地門,卷1,見取,彌陀,彌,戒善,陀,定善,行,魔羅天,第4门,升,,「彌陀」戒定俱佳，因夹杂见取，只落魔罗天。,承注库,直說,彌陀戒定俱美。見取入故。僅入魔天。,彌陀戒定俱美。見取入故。僅入魔天。,《選佛譜》卷第一・見取・L57,見取
81,第1门,發始因地門,卷1,見取,彌佛,彌,戒善,佛,无漏善慧,行,發辟支佛心,第9门,升,,「彌佛」已持出世戒品，由取著习气乐于独善求寂——是为发辟支佛心。,承注库,直說,彌佛已持出世戒品。由取習故。樂獨善寂。是發辟支佛心。,彌佛已持出世戒品。由取習故。樂獨善寂。是發辟支佛心。,《選佛譜》卷第一・見取・L57,見取
82,第1门,發始因地門,卷1,見取,陀陀,陀,定善,陀,定善,行,無想天,第5门,升,,「陀陀」深入四禅，由见取之力，招无想天报。,承注库,直說,陀陀深入四禪。見取力故。遂招無想天報。,陀陀深入四禪。見取力故。遂招無想天報。,《選佛譜》卷第一・見取・L57,見取
83,第1门,發始因地門,卷1,見取,陀佛,陀,定善,佛,无漏善慧,行,體空觀,第9门,升,,「陀佛」定慧平等，能入大乘初门，修体空观。,承注库,直說,陀佛定慧平等。能入大乘初門。修體空觀。,陀佛定慧平等。能入大乘初門。修體空觀。,《選佛譜》卷第一・見取・L57,見取
84,第1门,發始因地門,卷1,見取,佛佛,佛,无漏善慧,佛,无漏善慧,行,圓頓妙觀,第9门,升,,「佛佛」不动诸见而修道品，故成圆顿观门。,承注库,直說,佛佛不動諸見而修道品。故成圓頓觀門。,佛佛不動諸見而修道品。故成圓頓觀門。,《選佛譜》卷第一・見取・L57,見取
85,第1门,發始因地門,卷1,慢心行施,那那,那,见烦恼,那,见烦恼,行,上品畜生,第3门,降,,「那那」還能作上品畜生、「那謨」還能作畜修羅、「謨謨」還能作有財鬼，都因有布施之福。,承注库,直說,那那猶為上畜。,那那猶為上畜。那謨猶為畜脩。謨謨猶為有財鬼者。由施福故。,《選佛譜》卷第一・慢心行施・L61,慢心行施
86,第1门,發始因地門,卷1,慢心行施,那謨,那,见烦恼,謨,爱烦恼,行,畜脩羅,第3门,降,,「那那」還能作上品畜生、「那謨」還能作畜修羅、「謨謨」還能作有財鬼，都因有布施之福。,承注库,直說,那謨猶為畜脩。,那那猶為上畜。那謨猶為畜脩。謨謨猶為有財鬼者。由施福故。,《選佛譜》卷第一・慢心行施・L61,慢心行施
87,第1门,發始因地門,卷1,慢心行施,那阿,那,见烦恼,阿,施善,不行·安住本位,,,安住,,「那」表见烦恼、「阿」表施善。以有漏之施善对治见烦恼，二俱无力——善不足以断惑而升，惑也不足以致堕，所以不行。,通例·不行之由,通則,,其餘位中。以阿彌陀善。與那謨惡相為對治。二俱無力。所以並不行也。,《選佛譜》卷第一・見取・L57,見取
88,第1门,發始因地門,卷1,慢心行施,那彌,那,见烦恼,彌,戒善,不行·安住本位,,,安住,,「那」表见烦恼、「彌」表戒善。以有漏之戒善对治见烦恼，二俱无力——善不足以断惑而升，惑也不足以致堕，所以不行。,通例·不行之由,通則,,其餘位中。以阿彌陀善。與那謨惡相為對治。二俱無力。所以並不行也。,《選佛譜》卷第一・見取・L57,見取
89,第1门,發始因地門,卷1,慢心行施,那陀,那,见烦恼,陀,定善,不行·安住本位,,,安住,,「那」表见烦恼、「陀」表定善。以有漏之定善对治见烦恼，二俱无力——善不足以断惑而升，惑也不足以致堕，所以不行。,通例·不行之由,通則,,其餘位中。以阿彌陀善。與那謨惡相為對治。二俱無力。所以並不行也。,《選佛譜》卷第一・見取・L57,見取
90,第1门,發始因地門,卷1,慢心行施,那佛,那,见烦恼,佛,无漏善慧,行,鐵輪王,第4门,升,,「那佛」为铁轮王：承佛神力，能统御世间。,承注库,直說,那佛鐵輪王者。承佛神力。能御世故。,那佛鐵輪王者。承佛神力。能御世故。,《選佛譜》卷第一・慢心行施・L61,慢心行施
91,第1门,發始因地門,卷1,慢心行施,謨謨,謨,爱烦恼,謨,爱烦恼,行,有財鬼,第3门,降,,「那那」還能作上品畜生、「那謨」還能作畜修羅、「謨謨」還能作有財鬼，都因有布施之福。,承注库,直說,謨謨猶為有財鬼者。由施福故。,那那猶為上畜。那謨猶為畜脩。謨謨猶為有財鬼者。由施福故。,《選佛譜》卷第一・慢心行施・L61,慢心行施
92,第1门,發始因地門,卷1,慢心行施,謨阿,謨,爱烦恼,阿,施善,不行·安住本位,,,安住,,「謨」表爱烦恼、「阿」表施善。以有漏之施善对治爱烦恼，二俱无力——善不足以断惑而升，惑也不足以致堕，所以不行。,通例·不行之由,通則,,其餘位中。以阿彌陀善。與那謨惡相為對治。二俱無力。所以並不行也。,《選佛譜》卷第一・見取・L57,見取
93,第1门,發始因地門,卷1,慢心行施,謨彌,謨,爱烦恼,彌,戒善,不行·安住本位,,,安住,,「謨」表爱烦恼、「彌」表戒善。以有漏之戒善对治爱烦恼，二俱无力——善不足以断惑而升，惑也不足以致堕，所以不行。,通例·不行之由,通則,,其餘位中。以阿彌陀善。與那謨惡相為對治。二俱無力。所以並不行也。,《選佛譜》卷第一・見取・L57,見取
94,第1门,發始因地門,卷1,慢心行施,謨陀,謨,爱烦恼,陀,定善,不行·安住本位,,,安住,,「謨」表爱烦恼、「陀」表定善。以有漏之定善对治爱烦恼，二俱无力——善不足以断惑而升，惑也不足以致堕，所以不行。,通例·不行之由,通則,,其餘位中。以阿彌陀善。與那謨惡相為對治。二俱無力。所以並不行也。,《選佛譜》卷第一・見取・L57,見取
95,第1门,發始因地門,卷1,慢心行施,謨佛,謨,爱烦恼,佛,无漏善慧,行,四王天,第4门,升,,「謨佛」生四王天：承佛神力，能护四天下。,承注库,直說,謨佛四王天者。承佛神力。能護四天下故。,謨佛四王天者。承佛神力。能護四天下故。,《選佛譜》卷第一・慢心行施・L61,慢心行施
96,第1门,發始因地門,卷1,慢心行施,阿阿,阿,施善,阿,施善,行,鬼脩羅,第3门,降,,「阿阿」成鬼修羅、「阿彌」成人修羅、「彌彌」「阿陀」都成天修羅——正是以此因得此果。,承注库,直說,阿阿鬼脩。,阿阿鬼脩。阿彌人脩。彌彌阿陀皆天脩者。正以此因得此果故。,《選佛譜》卷第一・慢心行施・L61,慢心行施
97,第1门,發始因地門,卷1,慢心行施,阿彌,阿,施善,彌,戒善,行,人脩羅,第3门,降,,「阿阿」成鬼修羅、「阿彌」成人修羅、「彌彌」「阿陀」都成天修羅——正是以此因得此果。,承注库,直說,阿彌人脩。,阿阿鬼脩。阿彌人脩。彌彌阿陀皆天脩者。正以此因得此果故。,《選佛譜》卷第一・慢心行施・L61,慢心行施
98,第1门,發始因地門,卷1,慢心行施,阿陀,阿,施善,陀,定善,行,天脩羅,第3门,降,,「阿」表施善、「陀」表定善。慢心行施正是修罗之因，得天修罗之果。,手工逐组（门1–14 手写）,直說,彌彌阿陀皆天脩者。正以此因得此果故。,阿阿鬼脩。阿彌人脩。彌彌阿陀皆天脩者。正以此因得此果故。,《選佛譜》卷第一・慢心行施・L61,慢心行施
99,第1门,發始因地門,卷1,慢心行施,阿佛,阿,施善,佛,无漏善慧,行,出世福業,第1门,升,,「阿」表施善、「佛」表无漏善慧。施福之力资助出世之法，故转入出世福业。,手工逐组（门1–14 手写）,直說,阿佛等為出世福等者。由施福力。資助出世法故。,阿佛等為出世福等者。由施福力。資助出世法故。,《選佛譜》卷第一・慢心行施・L61,慢心行施
100,第1门,發始因地門,卷1,慢心行施,彌彌,彌,戒善,彌,戒善,行,天脩羅,第3门,降,,「彌彌」二字俱表戒善。慢心行施正是修罗之因，得天修罗之果。,手工逐组（门1–14 手写）,直說,彌彌阿陀皆天脩者。正以此因得此果故。,阿阿鬼脩。阿彌人脩。彌彌阿陀皆天脩者。正以此因得此果故。,《選佛譜》卷第一・慢心行施・L61,慢心行施
101,第1门,發始因地門,卷1,慢心行施,彌陀,彌,戒善,陀,定善,行,北俱盧洲,第4门,升,,「彌陀」生北洲，因施兼戒定，能伏我所计著。,承注库,直說,彌陀北洲者。施兼戒定。能伏我所計著故。,彌陀北洲者。施兼戒定。能伏我所計著故。,《選佛譜》卷第一・慢心行施・L61,慢心行施
102,第1门,發始因地門,卷1,慢心行施,彌佛,彌,戒善,佛,无漏善慧,行,出世戒學,第1门,升,,「彌」表戒善、「佛」表无漏善慧。施福之力资助出世之法，故转入出世戒学。,手工逐组（门1–14 手写）,直說,阿佛等為出世福等者。由施福力。資助出世法故。,阿佛等為出世福等者。由施福力。資助出世法故。,《選佛譜》卷第一・慢心行施・L61,慢心行施
103,第1门,發始因地門,卷1,慢心行施,陀陀,陀,定善,陀,定善,行,他化自在天,第4门,升,,「陀陀」生他化自在天：布施兼禅定，所享果报必得自在。,承注库,直說,陀陀他化天者。施兼禪定所享果報必自在故。,陀陀他化天者。施兼禪定所享果報必自在故。,《選佛譜》卷第一・慢心行施・L61,慢心行施
104,第1门,發始因地門,卷1,慢心行施,陀佛,陀,定善,佛,无漏善慧,行,出世定學,第1门,升,,「陀」表定善、「佛」表无漏善慧。施福之力资助出世之法，故转入出世定学。,手工逐组（门1–14 手写）,直說,阿佛等為出世福等者。由施福力。資助出世法故。,阿佛等為出世福等者。由施福力。資助出世法故。,《選佛譜》卷第一・慢心行施・L61,慢心行施
105,第1门,發始因地門,卷1,慢心行施,佛佛,佛,无漏善慧,佛,无漏善慧,行,出世慧學,第1门,升,,「佛佛」二字俱表无漏善慧。施福之力资助出世之法，故转入出世慧学。,手工逐组（门1–14 手写）,直說,阿佛等為出世福等者。由施福力。資助出世法故。,阿佛等為出世福等者。由施福力。資助出世法故。,《選佛譜》卷第一・慢心行施・L61,慢心行施
106,第1门,發始因地門,卷1,世間福,那那,那,见烦恼,那,见烦恼,行,鬼脩羅,第3门,降,,「那那」二字俱表见烦恼。已修福业、障住三恶道门，故仅坠修罗之类。,手工逐组（门1–14 手写）,直說,既修福業。便障三惡道門。故那那等。僅墮阿脩羅類。,既修福業。便障三惡道門。故那那等。僅墮阿脩羅類。,《選佛譜》卷第一・世間福・L65,世間福
107,第1门,發始因地門,卷1,世間福,那謨,那,见烦恼,謨,爱烦恼,行,人脩羅,第3门,降,,「那」表见烦恼、「謨」表爱烦恼。已修福业、障住三恶道门，故仅坠修罗之类。,手工逐组（门1–14 手写）,直說,既修福業。便障三惡道門。故那那等。僅墮阿脩羅類。,既修福業。便障三惡道門。故那那等。僅墮阿脩羅類。,《選佛譜》卷第一・世間福・L65,世間福
108,第1门,發始因地門,卷1,世間福,那阿,那,见烦恼,阿,施善,不行·安住本位,,,安住,,「那」表见烦恼、「阿」表施善。以有漏之施善对治见烦恼，二俱无力——善不足以断惑而升，惑也不足以致堕，所以不行。,通例·不行之由,通則,,其餘位中。以阿彌陀善。與那謨惡相為對治。二俱無力。所以並不行也。,《選佛譜》卷第一・見取・L57,見取
109,第1门,發始因地門,卷1,世間福,那彌,那,见烦恼,彌,戒善,不行·安住本位,,,安住,,「那」表见烦恼、「彌」表戒善。以有漏之戒善对治见烦恼，二俱无力——善不足以断惑而升，惑也不足以致堕，所以不行。,通例·不行之由,通則,,其餘位中。以阿彌陀善。與那謨惡相為對治。二俱無力。所以並不行也。,《選佛譜》卷第一・見取・L57,見取
110,第1门,發始因地門,卷1,世間福,那陀,那,见烦恼,陀,定善,不行·安住本位,,,安住,,「那」表见烦恼、「陀」表定善。以有漏之定善对治见烦恼，二俱无力——善不足以断惑而升，惑也不足以致堕，所以不行。,通例·不行之由,通則,,其餘位中。以阿彌陀善。與那謨惡相為對治。二俱無力。所以並不行也。,《選佛譜》卷第一・見取・L57,見取
111,第1门,發始因地門,卷1,世間福,那佛,那,见烦恼,佛,无漏善慧,行,發聲聞心,第9门,升,,「那佛」发声闻心：福资于慧而愿出生死，然由分别心故取偏空。,承注库,直說,那佛聲聞心者。福資於慧。願出生死。由分別心。取偏空故。,那佛聲聞心者。福資於慧。願出生死。由分別心。取偏空故。,《選佛譜》卷第一・世間福・L65,世間福
112,第1门,發始因地門,卷1,世間福,謨謨,謨,爱烦恼,謨,爱烦恼,行,天脩羅,第3门,降,,「謨謨」二字俱表爱烦恼。已修福业、障住三恶道门，故仅坠修罗之类。,手工逐组（门1–14 手写）,直說,既修福業。便障三惡道門。故那那等。僅墮阿脩羅類。,既修福業。便障三惡道門。故那那等。僅墮阿脩羅類。,《選佛譜》卷第一・世間福・L65,世間福
113,第1门,發始因地門,卷1,世間福,謨阿,謨,爱烦恼,阿,施善,不行·安住本位,,,安住,,「謨」表爱烦恼、「阿」表施善。以有漏之施善对治爱烦恼，二俱无力——善不足以断惑而升，惑也不足以致堕，所以不行。,通例·不行之由,通則,,其餘位中。以阿彌陀善。與那謨惡相為對治。二俱無力。所以並不行也。,《選佛譜》卷第一・見取・L57,見取
114,第1门,發始因地門,卷1,世間福,謨彌,謨,爱烦恼,彌,戒善,不行·安住本位,,,安住,,「謨」表爱烦恼、「彌」表戒善。以有漏之戒善对治爱烦恼，二俱无力——善不足以断惑而升，惑也不足以致堕，所以不行。,通例·不行之由,通則,,其餘位中。以阿彌陀善。與那謨惡相為對治。二俱無力。所以並不行也。,《選佛譜》卷第一・見取・L57,見取
115,第1门,發始因地門,卷1,世間福,謨陀,謨,爱烦恼,陀,定善,不行·安住本位,,,安住,,「謨」表爱烦恼、「陀」表定善。以有漏之定善对治爱烦恼，二俱无力——善不足以断惑而升，惑也不足以致堕，所以不行。,通例·不行之由,通則,,其餘位中。以阿彌陀善。與那謨惡相為對治。二俱無力。所以並不行也。,《選佛譜》卷第一・見取・L57,見取
116,第1门,發始因地門,卷1,世間福,謨佛,謨,爱烦恼,佛,无漏善慧,行,發辟支佛心,第9门,升,,「謨佛」发辟支佛心：染著于空、欠缺大悲。,承注库,直說,謨佛辟支心者。由染著空闕大悲故。,謨佛辟支心者。由染著空闕大悲故。,《選佛譜》卷第一・世間福・L65,世間福
117,第1门,發始因地門,卷1,世間福,阿阿,阿,施善,阿,施善,行,西牛貨洲,第4门,升,,「阿阿」生西牛货洲：于人道四洲中最劣。,承注库,直說,阿阿西洲者。人中最劣故。,阿阿西洲者。人中最劣故。,《選佛譜》卷第一・世間福・L65,世間福
118,第1门,發始因地門,卷1,世間福,阿彌,阿,施善,彌,戒善,行,東勝神洲,第4门,升,,「阿彌」生东胜神洲：福较西洲稍胜。,承注库,直說,阿彌東洲者。較西稍勝故。,阿彌東洲者。較西稍勝故。,《選佛譜》卷第一・世間福・L65,世間福
119,第1门,發始因地門,卷1,世間福,阿陀,阿,施善,陀,定善,行,南贍部洲,第4门,升,,「阿陀」生南赡部洲：堪能亲近佛法。,承注库,直說,阿陀南洲者。堪親近佛故。,阿陀南洲者。堪親近佛故。,《選佛譜》卷第一・世間福・L65,世間福
120,第1门,發始因地門,卷1,世間福,阿佛,阿,施善,佛,无漏善慧,行,事六度心,第9门,升,,「阿佛」发事六度心：依生灭门发四弘誓愿。,承注库,直說,阿佛事度心者。依生滅門。能發四弘誓願故。,阿佛事度心者。依生滅門。能發四弘誓願故。,《選佛譜》卷第一・世間福・L65,世間福
121,第1门,發始因地門,卷1,世間福,彌彌,彌,戒善,彌,戒善,行,北俱盧洲,第4门,升,,「彌彌」生北俱卢洲：福报胜过其余三洲。,承注库,直說,彌彌北洲者。福勝三洲故。,彌彌北洲者。福勝三洲故。,《選佛譜》卷第一・世間福・L65,世間福
122,第1门,發始因地門,卷1,世間福,彌陀,彌,戒善,陀,定善,行,鐵輪王,第4门,升,,「彌陀」为铁轮王：统御南洲。,承注库,直說,彌陀鐵輪者。統御南洲故。,彌陀鐵輪者。統御南洲故。,《選佛譜》卷第一・世間福・L65,世間福
123,第1门,發始因地門,卷1,世間福,彌佛,彌,戒善,佛,无漏善慧,行,體空觀,第9门,升,,「彌佛」修体空观：四弘誓愿依无生门而发。,承注库,直說,彌佛體空觀者。四弘誓願。依無生門發故。,彌佛體空觀者。四弘誓願。依無生門發故。,《選佛譜》卷第一・世間福・L65,世間福
124,第1门,發始因地門,卷1,世間福,陀陀,陀,定善,陀,定善,行,大梵天,第5门,升,,「陀陀」为大梵天：禅定之福，于世间最胜。,承注库,直說,陀陀大梵天者。禪定之福。世間勝故。,陀陀大梵天者。禪定之福。世間勝故。,《選佛譜》卷第一・世間福・L65,世間福
125,第1门,發始因地門,卷1,世間福,陀佛,陀,定善,佛,无漏善慧,行,次第三觀,第9门,升,,「陀佛」修次第三观：能发无量四弘誓。,承注库,直說,陀佛次第觀者。能發無量四弘誓故。,陀佛次第觀者。能發無量四弘誓故。,《選佛譜》卷第一・世間福・L65,世間福
126,第1门,發始因地門,卷1,世間福,佛佛,佛,无漏善慧,佛,无漏善慧,行,圓頓妙觀,第9门,升,,「佛佛」成圆顿妙观：能发无作四弘誓。,承注库,直說,佛佛圓頓觀者。能發無作四弘誓故。,佛佛圓頓觀者。能發無作四弘誓故。,《選佛譜》卷第一・世間福・L65,世間福
127,第1门,發始因地門,卷1,戒取,那那,那,见烦恼,那,见烦恼,行,無間地獄,第3门,降,,「那那」仍造上品恶，故堕无间地狱。,承注库,直說,那那仍造上惡。故墮無間。,那那仍造上惡。故墮無間。,《選佛譜》卷第一・戒取・L69,戒取
128,第1门,發始因地門,卷1,戒取,那謨,那,见烦恼,謨,爱烦恼,行,中品畜生,第3门,降,,「那謨」仍造中品恶，故堕中品畜生。,承注库,直說,那謨仍造中品。故墮中畜。,那謨仍造中品。故墮中畜。,《選佛譜》卷第一・戒取・L69,戒取
129,第1门,發始因地門,卷1,戒取,那阿,那,见烦恼,阿,施善,不行·安住本位,,,安住,,「那」表见烦恼、「阿」表施善。以有漏之施善对治见烦恼，二俱无力——善不足以断惑而升，惑也不足以致堕，所以不行。,通例·不行之由,通則,,其餘位中。以阿彌陀善。與那謨惡相為對治。二俱無力。所以並不行也。,《選佛譜》卷第一・見取・L57,見取
130,第1门,發始因地門,卷1,戒取,那彌,那,见烦恼,彌,戒善,不行·安住本位,,,安住,,「那」表见烦恼、「彌」表戒善。以有漏之戒善对治见烦恼，二俱无力——善不足以断惑而升，惑也不足以致堕，所以不行。,通例·不行之由,通則,,其餘位中。以阿彌陀善。與那謨惡相為對治。二俱無力。所以並不行也。,《選佛譜》卷第一・見取・L57,見取
131,第1门,發始因地門,卷1,戒取,那陀,那,见烦恼,陀,定善,不行·安住本位,,,安住,,「那」表见烦恼、「陀」表定善。以有漏之定善对治见烦恼，二俱无力——善不足以断惑而升，惑也不足以致堕，所以不行。,通例·不行之由,通則,,其餘位中。以阿彌陀善。與那謨惡相為對治。二俱無力。所以並不行也。,《選佛譜》卷第一・見取・L57,見取
132,第1门,發始因地門,卷1,戒取,那佛,那,见烦恼,佛,无漏善慧,行,大梵天,第5门,升,,「那佛」承佛慈光得为初禅之主（大梵），但我见仍炽。,承注库,直說,那佛承佛慈光。為初禪主。而我見仍熾。,那佛承佛慈光。為初禪主。而我見仍熾。,《選佛譜》卷第一・戒取・L69,戒取
133,第1门,發始因地門,卷1,戒取,謨謨,謨,爱烦恼,謨,爱烦恼,行,上品畜生,第3门,降,,「謨謨」仍造下品恶，被邪见牵引，故为上品畜生。,承注库,直說,謨謨仍造下惡。以邪見牽。故為上畜。,謨謨仍造下惡。以邪見牽。故為上畜。,《選佛譜》卷第一・戒取・L69,戒取
134,第1门,發始因地門,卷1,戒取,謨阿,謨,爱烦恼,阿,施善,不行·安住本位,,,安住,,「謨」表爱烦恼、「阿」表施善。以有漏之施善对治爱烦恼，二俱无力——善不足以断惑而升，惑也不足以致堕，所以不行。,通例·不行之由,通則,,其餘位中。以阿彌陀善。與那謨惡相為對治。二俱無力。所以並不行也。,《選佛譜》卷第一・見取・L57,見取
135,第1门,發始因地門,卷1,戒取,謨彌,謨,爱烦恼,彌,戒善,不行·安住本位,,,安住,,「謨」表爱烦恼、「彌」表戒善。以有漏之戒善对治爱烦恼，二俱无力——善不足以断惑而升，惑也不足以致堕，所以不行。,通例·不行之由,通則,,其餘位中。以阿彌陀善。與那謨惡相為對治。二俱無力。所以並不行也。,《選佛譜》卷第一・見取・L57,見取
136,第1门,發始因地門,卷1,戒取,謨陀,謨,爱烦恼,陀,定善,不行·安住本位,,,安住,,「謨」表爱烦恼、「陀」表定善。以有漏之定善对治爱烦恼，二俱无力——善不足以断惑而升，惑也不足以致堕，所以不行。,通例·不行之由,通則,,其餘位中。以阿彌陀善。與那謨惡相為對治。二俱無力。所以並不行也。,《選佛譜》卷第一・見取・L57,見取
137,第1门,發始因地門,卷1,戒取,謨佛,謨,爱烦恼,佛,无漏善慧,行,空無邊處天,第5门,升,,「謨佛」借佛法力脱出色界牢笼，但空爱犹存（生空处天）。,承注库,直說,謨佛藉佛法力。得脫色籠。而空愛猶存。,謨佛藉佛法力。得脫色籠。而空愛猶存。,《選佛譜》卷第一・戒取・L69,戒取
138,第1门,發始因地門,卷1,戒取,阿阿,阿,施善,阿,施善,行,畜脩羅,第3门,降,,「阿阿」多有施福，故为畜修罗。,承注库,直說,阿阿多有施福。故為畜脩。,阿阿多有施福。故為畜脩。,《選佛譜》卷第一・戒取・L69,戒取
139,第1门,發始因地門,卷1,戒取,阿彌,阿,施善,彌,戒善,行,有財鬼,第3门,降,,「阿彌」兼有施、戒二善，成有财鬼。,承注库,直說,阿彌兼有施戒。成有財鬼。,阿彌兼有施戒。成有財鬼。,《選佛譜》卷第一・戒取・L69,戒取
140,第1门,發始因地門,卷1,戒取,阿陀,阿,施善,陀,定善,行,鬼脩羅,第3门,降,,「阿」表施善、「陀」表定善，较前稍胜，故成鬼修罗。,手工逐组（门1–14 手写）,直說,彌彌阿陀稍勝。故為鬼脩。,彌彌阿陀稍勝。故為鬼脩。,《選佛譜》卷第一・戒取・L69,戒取
141,第1门,發始因地門,卷1,戒取,阿佛,阿,施善,佛,无漏善慧,行,五停心,第10门,升,,「阿佛」改邪归正，初入五停心观。,承注库,直說,阿佛改邪歸正。創入五停。,阿佛改邪歸正。創入五停。,《選佛譜》卷第一・戒取・L69,戒取
142,第1门,發始因地門,卷1,戒取,彌彌,彌,戒善,彌,戒善,行,鬼脩羅,第3门,降,,「彌彌」二字俱表戒善，较前稍胜，故成鬼修罗。,手工逐组（门1–14 手写）,直說,彌彌阿陀稍勝。故為鬼脩。,彌彌阿陀稍勝。故為鬼脩。,《選佛譜》卷第一・戒取・L69,戒取
143,第1门,發始因地門,卷1,戒取,彌陀,彌,戒善,陀,定善,行,十種仙,第4门,升,,「彌陀」有戒定资助，得取十种仙。,承注库,直說,彌陀戒定所資。得取十仙。,彌陀戒定所資。得取十仙。,《選佛譜》卷第一・戒取・L69,戒取
144,第1门,發始因地門,卷1,戒取,彌佛,彌,戒善,佛,无漏善慧,行,初乾慧地,第11门,升,,「彌佛」初解即空，仅登乾慧地。,承注库,直說,彌佛初解即空。僅登乾慧。,彌佛初解即空。僅登乾慧。,《選佛譜》卷第一・戒取・L69,戒取
145,第1门,發始因地門,卷1,戒取,陀陀,陀,定善,陀,定善,行,無想天,第5门,升,,「陀陀」深取四禅，故成无想天报。,承注库,直說,陀陀深取四禪。故成無想。,陀陀深取四禪。故成無想。,《選佛譜》卷第一・戒取・L69,戒取
146,第1门,發始因地門,卷1,戒取,陀佛,陀,定善,佛,无漏善慧,行,初信心,第12门,升,,「陀佛」仰信真如，阶别教初信心。,承注库,直說,陀佛仰信真如。階別初信。,陀佛仰信真如。階別初信。,《選佛譜》卷第一・戒取・L69,戒取
147,第1门,發始因地門,卷1,戒取,佛佛,佛,无漏善慧,佛,无漏善慧,行,圓五品位,第13门,升,,「佛佛」顿悟圆理，五品观位成就。,承注库,直說,佛佛頓悟圓理。五品觀成。,佛佛頓悟圓理。五品觀成。,《選佛譜》卷第一・戒取・L69,戒取
148,第1门,發始因地門,卷1,下品十善,那那,那,见烦恼,那,见烦恼,行,畜脩羅,第3门,降,,「那那」二字俱表见烦恼，烦恼太重，故成畜修罗。,手工逐组（门1–14 手写）,直說,那那等三。煩惱重故。皆為畜脩。,那那等三。煩惱重故。皆為畜脩。,《選佛譜》卷第一・下品十善・L73,下品十善
149,第1门,發始因地門,卷1,下品十善,那謨,那,见烦恼,謨,爱烦恼,行,畜脩羅,第3门,降,,「那」表见烦恼、「謨」表爱烦恼，烦恼太重，故成畜修罗。,手工逐组（门1–14 手写）,直說,那那等三。煩惱重故。皆為畜脩。,那那等三。煩惱重故。皆為畜脩。,《選佛譜》卷第一・下品十善・L73,下品十善
150,第1门,發始因地門,卷1,下品十善,那阿,那,见烦恼,阿,施善,不行·安住本位,,,安住,,「那」表见烦恼、「阿」表施善。以有漏之施善对治见烦恼，二俱无力——善不足以断惑而升，惑也不足以致堕，所以不行。,通例·不行之由,通則,,其餘位中。以阿彌陀善。與那謨惡相為對治。二俱無力。所以並不行也。,《選佛譜》卷第一・見取・L57,見取
151,第1门,發始因地門,卷1,下品十善,那彌,那,见烦恼,彌,戒善,不行·安住本位,,,安住,,「那」表见烦恼、「彌」表戒善。以有漏之戒善对治见烦恼，二俱无力——善不足以断惑而升，惑也不足以致堕，所以不行。,通例·不行之由,通則,,其餘位中。以阿彌陀善。與那謨惡相為對治。二俱無力。所以並不行也。,《選佛譜》卷第一・見取・L57,見取
152,第1门,發始因地門,卷1,下品十善,那陀,那,见烦恼,陀,定善,不行·安住本位,,,安住,,「那」表见烦恼、「陀」表定善。以有漏之定善对治见烦恼，二俱无力——善不足以断惑而升，惑也不足以致堕，所以不行。,通例·不行之由,通則,,其餘位中。以阿彌陀善。與那謨惡相為對治。二俱無力。所以並不行也。,《選佛譜》卷第一・見取・L57,見取
153,第1门,發始因地門,卷1,下品十善,那佛,那,见烦恼,佛,无漏善慧,行,意見參禪,第1门,升,,凡行善之人一遇「佛」字，必發出世之心；但「那佛」見惑習氣尚強，所以成了夾帶意見的參禪。,承注库,直說,但那佛。則見習尚強。故為意見參禪。,凡行善人。知有佛字。必發出世間心。但那佛。則見習尚強。故為意見參禪。,《選佛譜》卷第一・下品十善・L73,下品十善
154,第1门,發始因地門,卷1,下品十善,謨謨,謨,爱烦恼,謨,爱烦恼,行,畜脩羅,第3门,降,,「謨謨」二字俱表爱烦恼，烦恼太重，故成畜修罗。,手工逐组（门1–14 手写）,直說,那那等三。煩惱重故。皆為畜脩。,那那等三。煩惱重故。皆為畜脩。,《選佛譜》卷第一・下品十善・L73,下品十善
155,第1门,發始因地門,卷1,下品十善,謨阿,謨,爱烦恼,阿,施善,不行·安住本位,,,安住,,「謨」表爱烦恼、「阿」表施善。以有漏之施善对治爱烦恼，二俱无力——善不足以断惑而升，惑也不足以致堕，所以不行。,通例·不行之由,通則,,其餘位中。以阿彌陀善。與那謨惡相為對治。二俱無力。所以並不行也。,《選佛譜》卷第一・見取・L57,見取
156,第1门,發始因地門,卷1,下品十善,謨彌,謨,爱烦恼,彌,戒善,不行·安住本位,,,安住,,「謨」表爱烦恼、「彌」表戒善。以有漏之戒善对治爱烦恼，二俱无力——善不足以断惑而升，惑也不足以致堕，所以不行。,通例·不行之由,通則,,其餘位中。以阿彌陀善。與那謨惡相為對治。二俱無力。所以並不行也。,《選佛譜》卷第一・見取・L57,見取
157,第1门,發始因地門,卷1,下品十善,謨陀,謨,爱烦恼,陀,定善,不行·安住本位,,,安住,,「謨」表爱烦恼、「陀」表定善。以有漏之定善对治爱烦恼，二俱无力——善不足以断惑而升，惑也不足以致堕，所以不行。,通例·不行之由,通則,,其餘位中。以阿彌陀善。與那謨惡相為對治。二俱無力。所以並不行也。,《選佛譜》卷第一・見取・L57,見取
158,第1门,發始因地門,卷1,下品十善,謨佛,謨,爱烦恼,佛,无漏善慧,行,利名習教,第1门,升,,「謨佛」爱习仍重，故转为利名习教。,承注库,直說,謨佛則愛習仍重。故為利名習教。,謨佛則愛習仍重。故為利名習教。,《選佛譜》卷第一・下品十善・L73,下品十善
159,第1门,發始因地門,卷1,下品十善,阿阿,阿,施善,阿,施善,行,鬼脩羅,第3门,降,,「阿阿」二字俱表施善，较前稍胜，故成鬼修罗。,手工逐组（门1–14 手写）,直說,阿阿等二稍勝。故為鬼脩。,阿阿等二稍勝。故為鬼脩。,《選佛譜》卷第一・下品十善・L73,下品十善
160,第1门,發始因地門,卷1,下品十善,阿彌,阿,施善,彌,戒善,行,鬼脩羅,第3门,降,,「阿」表施善、「彌」表戒善，较前稍胜，故成鬼修罗。,手工逐组（门1–14 手写）,直說,阿阿等二稍勝。故為鬼脩。,阿阿等二稍勝。故為鬼脩。,《選佛譜》卷第一・下品十善・L73,下品十善
161,第1门,發始因地門,卷1,下品十善,阿陀,阿,施善,陀,定善,行,人脩羅,第3门,降,,「阿」表施善、「陀」表定善，较前又胜，故成人修罗。,手工逐组（门1–14 手写）,直說,彌彌阿陀又勝。故為人脩。,彌彌阿陀又勝。故為人脩。,《選佛譜》卷第一・下品十善・L73,下品十善
162,第1门,發始因地門,卷1,下品十善,阿佛,阿,施善,佛,无漏善慧,行,出世福業,第1门,升,,「阿」表施善、「佛」表无漏善慧，自当次第修行，故入出世福业。,手工逐组（门1–14 手写）,直說,阿佛以下。自應如次修行施戒禪慧也。,阿佛以下。自應如次修行施戒禪慧也。,《選佛譜》卷第一・下品十善・L73,下品十善
163,第1门,發始因地門,卷1,下品十善,彌彌,彌,戒善,彌,戒善,行,人脩羅,第3门,降,,「彌彌」二字俱表戒善，较前又胜，故成人修罗。,手工逐组（门1–14 手写）,直說,彌彌阿陀又勝。故為人脩。,彌彌阿陀又勝。故為人脩。,《選佛譜》卷第一・下品十善・L73,下品十善
164,第1门,發始因地門,卷1,下品十善,彌陀,彌,戒善,陀,定善,行,天脩羅,第3门,降,,「彌」表戒善、「陀」表定善，较前更胜，故成天修罗。,手工逐组（门1–14 手写）,直說,彌陀等二更勝。故為天脩。,彌陀等二更勝。故為天脩。,《選佛譜》卷第一・下品十善・L73,下品十善
165,第1门,發始因地門,卷1,下品十善,彌佛,彌,戒善,佛,无漏善慧,行,出世戒學,第1门,升,,「彌」表戒善、「佛」表无漏善慧，自当次第修行，故入出世戒学。,手工逐组（门1–14 手写）,直說,阿佛以下。自應如次修行施戒禪慧也。,阿佛以下。自應如次修行施戒禪慧也。,《選佛譜》卷第一・下品十善・L73,下品十善
166,第1门,發始因地門,卷1,下品十善,陀陀,陀,定善,陀,定善,行,天脩羅,第3门,降,,「陀陀」二字俱表定善，较前更胜，故成天修罗。,手工逐组（门1–14 手写）,直說,彌陀等二更勝。故為天脩。,彌陀等二更勝。故為天脩。,《選佛譜》卷第一・下品十善・L73,下品十善
167,第1门,發始因地門,卷1,下品十善,陀佛,陀,定善,佛,无漏善慧,行,出世定學,第1门,升,,「陀」表定善、「佛」表无漏善慧，自当次第修行，故入出世定学。,手工逐组（门1–14 手写）,直說,阿佛以下。自應如次修行施戒禪慧也。,阿佛以下。自應如次修行施戒禪慧也。,《選佛譜》卷第一・下品十善・L73,下品十善
168,第1门,發始因地門,卷1,下品十善,佛佛,佛,无漏善慧,佛,无漏善慧,行,出世慧學,第1门,升,,「佛佛」二字俱表无漏善慧，自当次第修行，故入出世慧学。,手工逐组（门1–14 手写）,直說,阿佛以下。自應如次修行施戒禪慧也。,阿佛以下。自應如次修行施戒禪慧也。,《選佛譜》卷第一・下品十善・L73,下品十善
169,第1门,發始因地門,卷1,中品十善,那那,那,见烦恼,那,见烦恼,行,鬼脩羅,第3门,降,,「那那」二字俱表见烦恼，善中夹杂烦恼，故坠修罗之类。,手工逐组（门1–14 手写）,直說,那那等三。夾雜煩惱。故墮三種脩羅。,那那等三。夾雜煩惱。故墮三種脩羅。,《選佛譜》卷第一・中品十善・L77,中品十善
170,第1门,發始因地門,卷1,中品十善,那謨,那,见烦恼,謨,爱烦恼,行,人脩羅,第3门,降,,「那」表见烦恼、「謨」表爱烦恼，善中夹杂烦恼，故坠修罗之类。,手工逐组（门1–14 手写）,直說,那那等三。夾雜煩惱。故墮三種脩羅。,那那等三。夾雜煩惱。故墮三種脩羅。,《選佛譜》卷第一・中品十善・L77,中品十善
171,第1门,發始因地門,卷1,中品十善,那阿,那,见烦恼,阿,施善,不行·安住本位,,,安住,,「那」表见烦恼、「阿」表施善。以有漏之施善对治见烦恼，二俱无力——善不足以断惑而升，惑也不足以致堕，所以不行。,通例·不行之由,通則,,其餘位中。以阿彌陀善。與那謨惡相為對治。二俱無力。所以並不行也。,《選佛譜》卷第一・見取・L57,見取
172,第1门,發始因地門,卷1,中品十善,那彌,那,见烦恼,彌,戒善,不行·安住本位,,,安住,,「那」表见烦恼、「彌」表戒善。以有漏之戒善对治见烦恼，二俱无力——善不足以断惑而升，惑也不足以致堕，所以不行。,通例·不行之由,通則,,其餘位中。以阿彌陀善。與那謨惡相為對治。二俱無力。所以並不行也。,《選佛譜》卷第一・見取・L57,見取
173,第1门,發始因地門,卷1,中品十善,那陀,那,见烦恼,陀,定善,不行·安住本位,,,安住,,「那」表见烦恼、「陀」表定善。以有漏之定善对治见烦恼，二俱无力——善不足以断惑而升，惑也不足以致堕，所以不行。,通例·不行之由,通則,,其餘位中。以阿彌陀善。與那謨惡相為對治。二俱無力。所以並不行也。,《選佛譜》卷第一・見取・L57,見取
174,第1门,發始因地門,卷1,中品十善,那佛,那,见烦恼,佛,无漏善慧,行,發聲聞心,第9门,升,,純善之人知有佛法必入法門；但「那佛」分別習氣強，所以志在取證偏真而發聲聞心。,承注库,直說,但那佛則分別習強。故志取偏真。,純善之人。知有佛法。必入法門。但那佛則分別習強。故志取偏真。,《選佛譜》卷第一・中品十善・L77,中品十善
175,第1门,發始因地門,卷1,中品十善,謨謨,謨,爱烦恼,謨,爱烦恼,行,天脩羅,第3门,降,,「謨謨」二字俱表爱烦恼，善中夹杂烦恼，故坠修罗之类。,手工逐组（门1–14 手写）,直說,那那等三。夾雜煩惱。故墮三種脩羅。,那那等三。夾雜煩惱。故墮三種脩羅。,《選佛譜》卷第一・中品十善・L77,中品十善
176,第1门,發始因地門,卷1,中品十善,謨阿,謨,爱烦恼,阿,施善,不行·安住本位,,,安住,,「謨」表爱烦恼、「阿」表施善。以有漏之施善对治爱烦恼，二俱无力——善不足以断惑而升，惑也不足以致堕，所以不行。,通例·不行之由,通則,,其餘位中。以阿彌陀善。與那謨惡相為對治。二俱無力。所以並不行也。,《選佛譜》卷第一・見取・L57,見取
177,第1门,發始因地門,卷1,中品十善,謨彌,謨,爱烦恼,彌,戒善,不行·安住本位,,,安住,,「謨」表爱烦恼、「彌」表戒善。以有漏之戒善对治爱烦恼，二俱无力——善不足以断惑而升，惑也不足以致堕，所以不行。,通例·不行之由,通則,,其餘位中。以阿彌陀善。與那謨惡相為對治。二俱無力。所以並不行也。,《選佛譜》卷第一・見取・L57,見取
178,第1门,發始因地門,卷1,中品十善,謨陀,謨,爱烦恼,陀,定善,不行·安住本位,,,安住,,「謨」表爱烦恼、「陀」表定善。以有漏之定善对治爱烦恼，二俱无力——善不足以断惑而升，惑也不足以致堕，所以不行。,通例·不行之由,通則,,其餘位中。以阿彌陀善。與那謨惡相為對治。二俱無力。所以並不行也。,《選佛譜》卷第一・見取・L57,見取
179,第1门,發始因地門,卷1,中品十善,謨佛,謨,爱烦恼,佛,无漏善慧,行,發辟支佛心,第9门,升,,「謨佛」深觉恩爱是苦，乐独善求寂，故发辟支佛心。,承注库,直說,謨佛則恩愛為苦。故樂獨善寂。,謨佛則恩愛為苦。故樂獨善寂。,《選佛譜》卷第一・中品十善・L77,中品十善
180,第1门,發始因地門,卷1,中品十善,阿阿,阿,施善,阿,施善,行,西牛貨洲,第4门,升,,「阿阿」二字俱表施善，随其善力生于四洲。,手工逐组（门1–14 手写）,直說,阿阿等四。隨應生於四洲。,阿阿等四。隨應生於四洲。,《選佛譜》卷第一・中品十善・L77,中品十善
181,第1门,發始因地門,卷1,中品十善,阿彌,阿,施善,彌,戒善,行,東勝神洲,第4门,升,,「阿」表施善、「彌」表戒善，随其善力生于四洲。,手工逐组（门1–14 手写）,直說,阿阿等四。隨應生於四洲。,阿阿等四。隨應生於四洲。,《選佛譜》卷第一・中品十善・L77,中品十善
182,第1门,發始因地門,卷1,中品十善,阿陀,阿,施善,陀,定善,行,南贍部洲,第4门,升,,「阿」表施善、「陀」表定善，随其善力生于四洲。,手工逐组（门1–14 手写）,直說,阿阿等四。隨應生於四洲。,阿阿等四。隨應生於四洲。,《選佛譜》卷第一・中品十善・L77,中品十善
183,第1门,發始因地門,卷1,中品十善,阿佛,阿,施善,佛,无漏善慧,行,事六度心,第9门,升,,「阿」表施善、「佛」表无漏善慧，自当次第发大菩提心，故发事六度心。,手工逐组（门1–14 手写）,直說,阿佛以下。自應如次發於四種大菩提心。,阿佛以下。自應如次發於四種大菩提心。,《選佛譜》卷第一・中品十善・L77,中品十善
184,第1门,發始因地門,卷1,中品十善,彌彌,彌,戒善,彌,戒善,行,北俱盧洲,第4门,升,,「彌彌」二字俱表戒善，随其善力生于四洲。,手工逐组（门1–14 手写）,直說,阿阿等四。隨應生於四洲。,阿阿等四。隨應生於四洲。,《選佛譜》卷第一・中品十善・L77,中品十善
185,第1门,發始因地門,卷1,中品十善,彌陀,彌,戒善,陀,定善,行,鐵輪王,第4门,升,,「彌陀」更胜，故为南洲之王——铁轮王。,承注库,直說,彌陀又勝。故王南洲。,彌陀又勝。故王南洲。,《選佛譜》卷第一・中品十善・L77,中品十善
186,第1门,發始因地門,卷1,中品十善,彌佛,彌,戒善,佛,无漏善慧,行,體空觀,第9门,升,,「彌」表戒善、「佛」表无漏善慧，自当次第发大菩提心，故入体空观。,手工逐组（门1–14 手写）,直說,阿佛以下。自應如次發於四種大菩提心。,阿佛以下。自應如次發於四種大菩提心。,《選佛譜》卷第一・中品十善・L77,中品十善
187,第1门,發始因地門,卷1,中品十善,陀陀,陀,定善,陀,定善,行,金輪王,第4门,升,,「陀陀」最胜，故统领四洲，为金轮王。,承注库,直說,陀陀最勝。故統四洲。,陀陀最勝。故統四洲。,《選佛譜》卷第一・中品十善・L77,中品十善
188,第1门,發始因地門,卷1,中品十善,陀佛,陀,定善,佛,无漏善慧,行,次第三觀,第9门,升,,「陀」表定善、「佛」表无漏善慧，自当次第发大菩提心，故入次第三观。,手工逐组（门1–14 手写）,直說,阿佛以下。自應如次發於四種大菩提心。,阿佛以下。自應如次發於四種大菩提心。,《選佛譜》卷第一・中品十善・L77,中品十善
189,第1门,發始因地門,卷1,中品十善,佛佛,佛,无漏善慧,佛,无漏善慧,行,圓頓妙觀,第9门,升,,「佛佛」二字俱表无漏善慧，自当次第发大菩提心，故入圆顿妙观。,手工逐组（门1–14 手写）,直說,阿佛以下。自應如次發於四種大菩提心。,阿佛以下。自應如次發於四種大菩提心。,《選佛譜》卷第一・中品十善・L77,中品十善
190,第1门,發始因地門,卷1,上品十善,那那,那,见烦恼,那,见烦恼,行,十種仙,第4门,升,,「那那」二字俱表见烦恼，见网牢固，故虽修十善而成十种仙。,手工逐组（门1–14 手写）,直說,那那則見網牢固故成十仙那謨則煩惑紛陳故為魔侶。,那那則見網牢固故成十仙,《選佛譜》卷第一・上品十善・L81,上品十善
191,第1门,發始因地門,卷1,上品十善,那謨,那,见烦恼,謨,爱烦恼,行,魔羅天,第4门,升,,「那」表见烦恼、「謨」表爱烦恼，烦惑纷陈，故成魔罗天之侣。,手工逐组（门1–14 手写）,直說,那那則見網牢固故成十仙那謨則煩惑紛陳故為魔侶。,那謨則煩惑紛陳故為魔侶。,《選佛譜》卷第一・上品十善・L81,上品十善
192,第1门,發始因地門,卷1,上品十善,那阿,那,见烦恼,阿,施善,不行·安住本位,,,安住,,「那」表见烦恼、「阿」表施善。以有漏之施善对治见烦恼，二俱无力——善不足以断惑而升，惑也不足以致堕，所以不行。,通例·不行之由,通則,,其餘位中。以阿彌陀善。與那謨惡相為對治。二俱無力。所以並不行也。,《選佛譜》卷第一・見取・L57,見取
193,第1门,發始因地門,卷1,上品十善,那彌,那,见烦恼,彌,戒善,不行·安住本位,,,安住,,「那」表见烦恼、「彌」表戒善。以有漏之戒善对治见烦恼，二俱无力——善不足以断惑而升，惑也不足以致堕，所以不行。,通例·不行之由,通則,,其餘位中。以阿彌陀善。與那謨惡相為對治。二俱無力。所以並不行也。,《選佛譜》卷第一・見取・L57,見取
194,第1门,發始因地門,卷1,上品十善,那陀,那,见烦恼,陀,定善,不行·安住本位,,,安住,,「那」表见烦恼、「陀」表定善。以有漏之定善对治见烦恼，二俱无力——善不足以断惑而升，惑也不足以致堕，所以不行。,通例·不行之由,通則,,其餘位中。以阿彌陀善。與那謨惡相為對治。二俱無力。所以並不行也。,《選佛譜》卷第一・見取・L57,見取
195,第1门,發始因地門,卷1,上品十善,那佛,那,见烦恼,佛,无漏善慧,行,煖位,第10门,升,,「那」表见烦恼、「佛」表无漏善慧。未伏住法执，故仅阶暖位。,手工逐组（门1–14 手写）,直說,但那佛未伏法執僅階煖位謨佛未離法愛僅登性地。,大善之人既知佛理必有所證。但那佛未伏法執僅階煖位,《選佛譜》卷第一・上品十善・L81,上品十善
196,第1门,發始因地門,卷1,上品十善,謨謨,謨,爱烦恼,謨,爱烦恼,行,北俱盧洲,第4门,升,,「謨謨」虽有爱染、不起见执，故生北俱卢洲——北洲虽不及天，命终必生天、无退堕之虞。,承注库,直說,謨謨雖有愛染不起見執故生北洲。北洲雖不及天死必生天無退墮故。,謨謨雖有愛染不起見執故生北洲。北洲雖不及天死必生天無退墮故。,《選佛譜》卷第一・上品十善・L81,上品十善
197,第1门,發始因地門,卷1,上品十善,謨阿,謨,爱烦恼,阿,施善,不行·安住本位,,,安住,,「謨」表爱烦恼、「阿」表施善。以有漏之施善对治爱烦恼，二俱无力——善不足以断惑而升，惑也不足以致堕，所以不行。,通例·不行之由,通則,,其餘位中。以阿彌陀善。與那謨惡相為對治。二俱無力。所以並不行也。,《選佛譜》卷第一・見取・L57,見取
198,第1门,發始因地門,卷1,上品十善,謨彌,謨,爱烦恼,彌,戒善,不行·安住本位,,,安住,,「謨」表爱烦恼、「彌」表戒善。以有漏之戒善对治爱烦恼，二俱无力——善不足以断惑而升，惑也不足以致堕，所以不行。,通例·不行之由,通則,,其餘位中。以阿彌陀善。與那謨惡相為對治。二俱無力。所以並不行也。,《選佛譜》卷第一・見取・L57,見取
199,第1门,發始因地門,卷1,上品十善,謨陀,謨,爱烦恼,陀,定善,不行·安住本位,,,安住,,「謨」表爱烦恼、「陀」表定善。以有漏之定善对治爱烦恼，二俱无力——善不足以断惑而升，惑也不足以致堕，所以不行。,通例·不行之由,通則,,其餘位中。以阿彌陀善。與那謨惡相為對治。二俱無力。所以並不行也。,《選佛譜》卷第一・見取・L57,見取
200,第1门,發始因地門,卷1,上品十善,謨佛,謨,爱烦恼,佛,无漏善慧,行,二性地,第11门,升,,「謨」表爱烦恼、「佛」表无漏善慧。未离法爱，故仅登二性地。,手工逐组（门1–14 手写）,直說,但那佛未伏法執僅階煖位謨佛未離法愛僅登性地。,謨佛未離法愛僅登性地。,《選佛譜》卷第一・上品十善・L81,上品十善
201,第1门,發始因地門,卷1,上品十善,阿阿,阿,施善,阿,施善,行,四王天,第4门,升,,「阿阿」二字俱表施善，依善力次第生六欲天。,手工逐组（门1–14 手写）,直說,阿阿等六如次生六欲天可知。大善之人既知佛理必有所證。,阿阿等六如次生六欲天可知。,《選佛譜》卷第一・上品十善・L81,上品十善
202,第1门,發始因地門,卷1,上品十善,阿彌,阿,施善,彌,戒善,行,忉利天,第4门,升,,「阿」表施善、「彌」表戒善，依善力次第生六欲天。,手工逐组（门1–14 手写）,直說,阿阿等六如次生六欲天可知。大善之人既知佛理必有所證。,阿阿等六如次生六欲天可知。,《選佛譜》卷第一・上品十善・L81,上品十善
203,第1门,發始因地門,卷1,上品十善,阿陀,阿,施善,陀,定善,行,兜率天,第4门,升,,「阿」表施善、「陀」表定善，依善力次第生六欲天。,手工逐组（门1–14 手写）,直說,阿阿等六如次生六欲天可知。大善之人既知佛理必有所證。,阿阿等六如次生六欲天可知。,《選佛譜》卷第一・上品十善・L81,上品十善
204,第1门,發始因地門,卷1,上品十善,阿佛,阿,施善,佛,无漏善慧,行,六不退心,第12门,升,,「阿佛」初舍下劣之心，堪成别教信位（行法表载入「六不退心」，谱注只统说「別信」不分哪一心）。,承注库,直說,阿佛初捨劣心堪成別信。,阿佛初捨劣心堪成別信。,《選佛譜》卷第一・上品十善・L81,上品十善
205,第1门,發始因地門,卷1,上品十善,彌彌,彌,戒善,彌,戒善,行,夜摩天,第4门,升,,「彌彌」二字俱表戒善，依善力次第生六欲天。,手工逐组（门1–14 手写）,直說,阿阿等六如次生六欲天可知。大善之人既知佛理必有所證。,阿阿等六如次生六欲天可知。,《選佛譜》卷第一・上品十善・L81,上品十善
206,第1门,發始因地門,卷1,上品十善,彌陀,彌,戒善,陀,定善,行,化樂天,第4门,升,,「彌」表戒善、「陀」表定善，依善力次第生六欲天。,手工逐组（门1–14 手写）,直說,阿阿等六如次生六欲天可知。大善之人既知佛理必有所證。,阿阿等六如次生六欲天可知。,《選佛譜》卷第一・上品十善・L81,上品十善
207,第1门,發始因地門,卷1,上品十善,彌佛,彌,戒善,佛,无漏善慧,行,圓五品位,第13门,升,,「彌佛」持佛妙戒，能遵圆五品位。,承注库,直說,彌佛持佛妙戒能遵五品。,彌佛持佛妙戒能遵五品。,《選佛譜》卷第一・上品十善・L81,上品十善
208,第1门,發始因地門,卷1,上品十善,陀陀,陀,定善,陀,定善,行,他化自在天,第4门,升,,「陀陀」二字俱表定善，依善力次第生六欲天。,手工逐组（门1–14 手写）,直說,阿阿等六如次生六欲天可知。大善之人既知佛理必有所證。,阿阿等六如次生六欲天可知。,《選佛譜》卷第一・上品十善・L81,上品十善
209,第1门,發始因地門,卷1,上品十善,陀佛,陀,定善,佛,无漏善慧,行,彌勒內院,第4门,升,,「陀佛」定慧均平，可超升弥勒内院。,承注库,直說,陀佛定慧均平可超內院。,陀佛定慧均平可超內院。,《選佛譜》卷第一・上品十善・L81,上品十善
210,第1门,發始因地門,卷1,上品十善,佛佛,佛,无漏善慧,佛,无漏善慧,行,上品上生,第14门,横超,,掷得佛佛，则具足诸种戒行、圆发三心（至诚心、深心、回向发愿心），径直得上品上生。,承注库,直說,佛佛則具諸戒行圓發三心。至誠心。深心迴向發願心徑得上品上生矣。,佛佛則具諸戒行圓發三心。(至誠心。深心迴向發願心)徑得上品上生矣。,《選佛譜》卷第一・上品十善・L81,上品十善
211,第1门,發始因地門,卷1,邪定,那那,那,见烦恼,那,见烦恼,行,中品畜生,第3门,降,,「那那」二字俱表见烦恼，惑业既重，纵有定力仍坠鬼畜。,手工逐组（门1–14 手写）,直說,那那等三惑業既重縱有定力還墮鬼畜類中。,那那等三惑業既重縱有定力還墮鬼畜類中。,《選佛譜》卷第一・邪定・L85,邪定
212,第1门,發始因地門,卷1,邪定,那謨,那,见烦恼,謨,爱烦恼,行,少財鬼,第3门,降,,「那」表见烦恼、「謨」表爱烦恼，惑业既重，纵有定力仍坠鬼畜。,手工逐组（门1–14 手写）,直說,那那等三惑業既重縱有定力還墮鬼畜類中。,那那等三惑業既重縱有定力還墮鬼畜類中。,《選佛譜》卷第一・邪定・L85,邪定
213,第1门,發始因地門,卷1,邪定,那阿,那,见烦恼,阿,施善,不行·安住本位,,,安住,,「那」表见烦恼、「阿」表施善。以有漏之施善对治见烦恼，二俱无力——善不足以断惑而升，惑也不足以致堕，所以不行。,通例·不行之由,通則,,其餘位中。以阿彌陀善。與那謨惡相為對治。二俱無力。所以並不行也。,《選佛譜》卷第一・見取・L57,見取
214,第1门,發始因地門,卷1,邪定,那彌,那,见烦恼,彌,戒善,不行·安住本位,,,安住,,「那」表见烦恼、「彌」表戒善。以有漏之戒善对治见烦恼，二俱无力——善不足以断惑而升，惑也不足以致堕，所以不行。,通例·不行之由,通則,,其餘位中。以阿彌陀善。與那謨惡相為對治。二俱無力。所以並不行也。,《選佛譜》卷第一・見取・L57,見取
215,第1门,發始因地門,卷1,邪定,那陀,那,见烦恼,陀,定善,行,無想天,第5门,升,,「那」表见烦恼、「陀」表定善，于定中妄起见解、计为出离之要，故生无想天。,手工逐组（门1–14 手写）,直說,那陀謨陀乃於定中妄起見愛計為出要故必生無想天。,那陀謨陀乃於定中妄起見愛計為出要故必生無想天。,《選佛譜》卷第一・邪定・L85,邪定
216,第1门,發始因地門,卷1,邪定,那佛,那,见烦恼,佛,无漏善慧,行,非想非非想處天,第5门,升,,「那佛」見惑未除，雖根性極利，仍生三有之頂的非想非非想處天。,承注库,直說,那佛見惑未除雖甚利根還生有頂。,那佛見惑未除雖甚利根還生有頂。(即非非想處天),《選佛譜》卷第一・邪定・L85,邪定
217,第1门,發始因地門,卷1,邪定,謨謨,謨,爱烦恼,謨,爱烦恼,行,上品畜生,第3门,降,,「謨謨」二字俱表爱烦恼，惑业既重，纵有定力仍坠鬼畜。,手工逐组（门1–14 手写）,直說,那那等三惑業既重縱有定力還墮鬼畜類中。,那那等三惑業既重縱有定力還墮鬼畜類中。,《選佛譜》卷第一・邪定・L85,邪定
218,第1门,發始因地門,卷1,邪定,謨阿,謨,爱烦恼,阿,施善,不行·安住本位,,,安住,,「謨」表爱烦恼、「阿」表施善。以有漏之施善对治爱烦恼，二俱无力——善不足以断惑而升，惑也不足以致堕，所以不行。,通例·不行之由,通則,,其餘位中。以阿彌陀善。與那謨惡相為對治。二俱無力。所以並不行也。,《選佛譜》卷第一・見取・L57,見取
219,第1门,發始因地門,卷1,邪定,謨彌,謨,爱烦恼,彌,戒善,不行·安住本位,,,安住,,「謨」表爱烦恼、「彌」表戒善。以有漏之戒善对治爱烦恼，二俱无力——善不足以断惑而升，惑也不足以致堕，所以不行。,通例·不行之由,通則,,其餘位中。以阿彌陀善。與那謨惡相為對治。二俱無力。所以並不行也。,《選佛譜》卷第一・見取・L57,見取
220,第1门,發始因地門,卷1,邪定,謨陀,謨,爱烦恼,陀,定善,行,無想天,第5门,升,,「謨」表爱烦恼、「陀」表定善，于定中妄起爱着、计为出离之要，故生无想天。,手工逐组（门1–14 手写）,直說,那陀謨陀乃於定中妄起見愛計為出要故必生無想天。,那陀謨陀乃於定中妄起見愛計為出要故必生無想天。,《選佛譜》卷第一・邪定・L85,邪定
221,第1门,發始因地門,卷1,邪定,謨佛,謨,爱烦恼,佛,无漏善慧,行,五停心,第10门,升,,谟佛爱习尚重，虽闻佛法，须先修五停心调伏。,承注库,直說,謨佛愛習尚重雖聞佛法須習停心。,謨佛愛習尚重雖聞佛法須習停心。,《選佛譜》卷第一・邪定・L85,邪定
222,第1门,發始因地門,卷1,邪定,阿阿,阿,施善,阿,施善,不行·安住本位,,,安住,,「阿阿」二字俱表施善。修邪定之人不肯勤修施戒散善，故不行。,手工逐组（门1–14 手写）,直說,修邪定人不肯勤修施戒散善故阿阿等三種不行。,修邪定人不肯勤修施戒散善故阿阿等三種不行。,《選佛譜》卷第一・邪定・L85,邪定
223,第1门,發始因地門,卷1,邪定,阿彌,阿,施善,彌,戒善,不行·安住本位,,,安住,,「阿」表施善、「彌」表戒善。修邪定之人不肯勤修此散善，故不行。,手工逐组（门1–14 手写）,直說,修邪定人不肯勤修施戒散善故阿阿等三種不行。,修邪定人不肯勤修施戒散善故阿阿等三種不行。,《選佛譜》卷第一・邪定・L85,邪定
224,第1门,發始因地門,卷1,邪定,阿陀,阿,施善,陀,定善,行,空無邊處天,第5门,升,,「阿陀」舍色入空（生空无边处）。,承注库,直說,阿陀則捨色入空。,阿陀則捨色入空。,《選佛譜》卷第一・邪定・L85,邪定
225,第1门,發始因地門,卷1,邪定,阿佛,阿,施善,佛,无漏善慧,行,六妙門禪,第8门,升,,「阿」表施善、「佛」表无漏善慧，此世间定得以通于出世间定。,手工逐组（门1–14 手写）,直說,阿佛等三即世間定堪通出世間定。,阿佛等三即世間定堪通出世間定。,《選佛譜》卷第一・邪定・L85,邪定
226,第1门,發始因地門,卷1,邪定,彌彌,彌,戒善,彌,戒善,不行·安住本位,,,安住,,「彌彌」二字俱表戒善。修邪定之人不肯勤修施戒散善，故不行。,手工逐组（门1–14 手写）,直說,修邪定人不肯勤修施戒散善故阿阿等三種不行。,修邪定人不肯勤修施戒散善故阿阿等三種不行。,《選佛譜》卷第一・邪定・L85,邪定
227,第1门,發始因地門,卷1,邪定,彌陀,彌,戒善,陀,定善,行,識無邊處天,第5门,升,,「彌陀」弃空缘识（生识无边处）。,承注库,直說,彌陀則棄空緣識。,彌陀則棄空緣識。,《選佛譜》卷第一・邪定・L85,邪定
228,第1门,發始因地門,卷1,邪定,彌佛,彌,戒善,佛,无漏善慧,行,十六特勝,第8门,升,,「彌」表戒善、「佛」表无漏善慧，此世间定得以通于出世间定。,手工逐组（门1–14 手写）,直說,阿佛等三即世間定堪通出世間定。,阿佛等三即世間定堪通出世間定。,《選佛譜》卷第一・邪定・L85,邪定
229,第1门,發始因地門,卷1,邪定,陀陀,陀,定善,陀,定善,行,無所有處天,第5门,升,,「陀陀」离识而缘无所有（生无所有处）。,承注库,直說,陀陀則離識緣無所有。,陀陀則離識緣無所有。,《選佛譜》卷第一・邪定・L85,邪定
230,第1门,發始因地門,卷1,邪定,陀佛,陀,定善,佛,无漏善慧,行,通明觀,第8门,升,,「陀」表定善、「佛」表无漏善慧，此世间定得以通于出世间定。,手工逐组（门1–14 手写）,直說,阿佛等三即世間定堪通出世間定。,阿佛等三即世間定堪通出世間定。,《選佛譜》卷第一・邪定・L85,邪定
231,第1门,發始因地門,卷1,邪定,佛佛,佛,无漏善慧,佛,无漏善慧,行,出世慧學,第1门,升,,「佛佛」以纯粹智慧照了邪相，当下便通达正相。,承注库,直說,佛佛純慧照了邪相便可通達正相矣。,佛佛純慧照了邪相便可通達正相矣。,《選佛譜》卷第一・邪定・L85,邪定
232,第1门,發始因地門,卷1,味禪,那那,那,见烦恼,那,见烦恼,行,少財鬼,第3门,降,,「那那」二字俱表见烦恼，见思纷扰、退失禅味，故坠鬼畜修罗。,手工逐组（门1–14 手写）,直說,那那等三見思紛擾退失禪味故墮鬼畜脩羅。,那那等三見思紛擾退失禪味故墮鬼畜脩羅。,《選佛譜》卷第一・味禪・L89,味禪
233,第1门,發始因地門,卷1,味禪,那謨,那,见烦恼,謨,爱烦恼,行,上品畜生,第3门,降,,「那」表见烦恼、「謨」表爱烦恼，纷扰而退失禅味，故坠鬼畜修罗。,手工逐组（门1–14 手写）,直說,那那等三見思紛擾退失禪味故墮鬼畜脩羅。,那那等三見思紛擾退失禪味故墮鬼畜脩羅。,《選佛譜》卷第一・味禪・L89,味禪
234,第1门,發始因地門,卷1,味禪,那阿,那,见烦恼,阿,施善,不行·安住本位,,,安住,,「那」表见烦恼、「阿」表施善。此位贪着禅味，散善于习禅无助，故不行。,手工逐组（门1–14 手写）,通則,其餘散善習禪不行。,其餘位中。以阿彌陀善。與那謨惡相為對治。二俱無力。所以並不行也。,《選佛譜》卷第一・見取・L57,見取
235,第1门,發始因地門,卷1,味禪,那彌,那,见烦恼,彌,戒善,不行·安住本位,,,安住,,「那」表见烦恼、「彌」表戒善。此位贪着禅味，散善于习禅无助，故不行。,手工逐组（门1–14 手写）,通則,其餘散善習禪不行。,其餘位中。以阿彌陀善。與那謨惡相為對治。二俱無力。所以並不行也。,《選佛譜》卷第一・見取・L57,見取
236,第1门,發始因地門,卷1,味禪,那陀,那,见烦恼,陀,定善,行,十種仙,第4门,升,,「那陀」虽不失禅定，但见取炽盛，必成十种仙。,承注库,直說,那陀雖不失禪見取既甚必成十仙。,那陀雖不失禪見取既甚必成十仙。,《選佛譜》卷第一・味禪・L89,味禪
237,第1门,發始因地門,卷1,味禪,那佛,那,见烦恼,佛,无漏善慧,行,大梵天,第5门,升,,「那佛」身见虽重，堪作请转法轮之主，故为大梵天。,承注库,直說,那佛則身見雖重堪作請轉法輪之主故為大梵。,那佛則身見雖重堪作請轉法輪之主故為大梵。,《選佛譜》卷第一・味禪・L89,味禪
238,第1门,發始因地門,卷1,味禪,謨謨,謨,爱烦恼,謨,爱烦恼,行,畜脩羅,第3门,降,,「謨謨」二字俱表爱烦恼，纷扰而退失禅味，故坠鬼畜修罗。,手工逐组（门1–14 手写）,直說,那那等三見思紛擾退失禪味故墮鬼畜脩羅。,那那等三見思紛擾退失禪味故墮鬼畜脩羅。,《選佛譜》卷第一・味禪・L89,味禪
239,第1门,發始因地門,卷1,味禪,謨阿,謨,爱烦恼,阿,施善,不行·安住本位,,,安住,,「謨」表爱烦恼、「阿」表施善。此位贪着禅味，散善于习禅无助，故不行。,手工逐组（门1–14 手写）,通則,其餘散善習禪不行。,其餘位中。以阿彌陀善。與那謨惡相為對治。二俱無力。所以並不行也。,《選佛譜》卷第一・見取・L57,見取
240,第1门,發始因地門,卷1,味禪,謨彌,謨,爱烦恼,彌,戒善,不行·安住本位,,,安住,,「謨」表爱烦恼、「彌」表戒善。此位贪着禅味，散善于习禅无助，故不行。,手工逐组（门1–14 手写）,通則,其餘散善習禪不行。,其餘位中。以阿彌陀善。與那謨惡相為對治。二俱無力。所以並不行也。,《選佛譜》卷第一・見取・L57,見取
241,第1门,發始因地門,卷1,味禪,謨陀,謨,爱烦恼,陀,定善,行,魔羅天,第4门,升,,「謨陀」也不失禅定，但爱染正强，必为魔种（魔罗天）。,承注库,直說,謨陀亦不失禪愛染方強必為魔種。,謨陀亦不失禪愛染方強必為魔種。,《選佛譜》卷第一・味禪・L89,味禪
242,第1门,發始因地門,卷1,味禪,謨佛,謨,爱烦恼,佛,无漏善慧,行,福生天,第5门,升,,「謨佛」爱味虽存，能入世间不动之地（第四禅），故生福生天。,承注库,直說,謨佛則愛味雖存。能入世間不動之地。故為福生。,謨佛則愛味雖存。能入世間不動之地。故為福生。,《選佛譜》卷第一・味禪・L89,味禪
243,第1门,發始因地門,卷1,味禪,阿阿,阿,施善,阿,施善,不行·安住本位,,,安住,,「阿阿」二字俱表施善。此位贪着禅味，散善于习禅无助，故不行。,手工逐组（门1–14 手写）,直說,其餘散善習禪不行。,其餘散善習禪不行。,《選佛譜》卷第一・味禪・L89,味禪
244,第1门,發始因地門,卷1,味禪,阿彌,阿,施善,彌,戒善,不行·安住本位,,,安住,,「阿」表施善、「彌」表戒善。此位贪着禅味，散善于习禅无助，故不行。,手工逐组（门1–14 手写）,直說,其餘散善習禪不行。,其餘散善習禪不行。,《選佛譜》卷第一・味禪・L89,味禪
245,第1门,發始因地門,卷1,味禪,阿陀,阿,施善,陀,定善,行,梵眾天,第5门,升,,「阿陀」初舍欲界，故生梵众天。,承注库,直說,阿陀初捨欲界故生梵眾。,阿陀初捨欲界故生梵眾。,《選佛譜》卷第一・味禪・L89,味禪
246,第1门,發始因地門,卷1,味禪,阿佛,阿,施善,佛,无漏善慧,行,六妙門禪,第8门,升,,「阿」表施善、「佛」表无漏善慧，依前邪定位之例，此世间定得通出世间定。,手工逐组（门1–14 手写）,直說,阿佛等四。例前可知。,阿佛等三即世間定堪通出世間定。,《選佛譜》卷第一・邪定・L85,邪定
247,第1门,發始因地門,卷1,味禪,彌彌,彌,戒善,彌,戒善,不行·安住本位,,,安住,,「彌彌」二字俱表戒善。此位贪着禅味，散善于习禅无助，故不行。,手工逐组（门1–14 手写）,直說,其餘散善習禪不行。,其餘散善習禪不行。,《選佛譜》卷第一・味禪・L89,味禪
248,第1门,發始因地門,卷1,味禪,彌陀,彌,戒善,陀,定善,行,少光天,第5门,升,,「彌陀」定善稍深，故生少光天。,承注库,直說,彌陀定善稍深故生少光。,彌陀定善稍深故生少光。,《選佛譜》卷第一・味禪・L89,味禪
249,第1门,發始因地門,卷1,味禪,彌佛,彌,戒善,佛,无漏善慧,行,十六特勝,第8门,升,,「彌」表戒善、「佛」表无漏善慧，依前邪定位之例，此世间定得通出世间定。,手工逐组（门1–14 手写）,直說,阿佛等四。例前可知。,阿佛等三即世間定堪通出世間定。,《選佛譜》卷第一・邪定・L85,邪定
250,第1门,發始因地門,卷1,味禪,陀陀,陀,定善,陀,定善,行,少淨天,第5门,升,,「陀陀」禅力倍增，故生少净天。,承注库,直說,陀陀禪力倍增故生少淨。,陀陀禪力倍增故生少淨。,《選佛譜》卷第一・味禪・L89,味禪
251,第1门,發始因地門,卷1,味禪,陀佛,陀,定善,佛,无漏善慧,行,通明觀,第8门,升,,「陀」表定善、「佛」表无漏善慧，依前邪定位之例，此世间定得通出世间定。,手工逐组（门1–14 手写）,直說,阿佛等四。例前可知。,阿佛等三即世間定堪通出世間定。,《選佛譜》卷第一・邪定・L85,邪定
252,第1门,發始因地門,卷1,味禪,佛佛,佛,无漏善慧,佛,无漏善慧,行,出世慧學,第1门,升,,「佛佛」二字俱表无漏善慧，依前邪定位之例，故得入出世慧学。,手工逐组（门1–14 手写）,直說,阿佛等四。例前可知。,佛佛純慧照了邪相便可通達正相矣。,《選佛譜》卷第一・邪定・L85,邪定
253,第1门,發始因地門,卷1,根本四禪,那那,那,见烦恼,那,见烦恼,不行·安住本位,,,安住,,「那那」二字俱表见烦恼。此位已能伏住见爱，惑牛不动，故不行。,手工逐组（门1–14 手写）,直說,善修根本四禪。能伏見愛。故那那等不行。,善修根本四禪。能伏見愛。故那那等不行。,《選佛譜》卷第一・根本四禪・L93,根本四禪
254,第1门,發始因地門,卷1,根本四禪,那謨,那,见烦恼,謨,爱烦恼,不行·安住本位,,,安住,,「那」表见烦恼、「謨」表爱烦恼。此位已能伏住见爱，故不行。,手工逐组（门1–14 手写）,直說,善修根本四禪。能伏見愛。故那那等不行。,善修根本四禪。能伏見愛。故那那等不行。,《選佛譜》卷第一・根本四禪・L93,根本四禪
255,第1门,發始因地門,卷1,根本四禪,那阿,那,见烦恼,阿,施善,不行·安住本位,,,安住,,「那」表见烦恼、「阿」表施善。此位已能伏住见爱，故不行。,手工逐组（门1–14 手写）,通則,善修根本四禪。能伏見愛。故那那等不行。,其餘位中。以阿彌陀善。與那謨惡相為對治。二俱無力。所以並不行也。,《選佛譜》卷第一・見取・L57,見取
256,第1门,發始因地門,卷1,根本四禪,那彌,那,见烦恼,彌,戒善,不行·安住本位,,,安住,,「那」表见烦恼、「彌」表戒善。此位已能伏住见爱，故不行。,手工逐组（门1–14 手写）,通則,善修根本四禪。能伏見愛。故那那等不行。,其餘位中。以阿彌陀善。與那謨惡相為對治。二俱無力。所以並不行也。,《選佛譜》卷第一・見取・L57,見取
257,第1门,發始因地門,卷1,根本四禪,那陀,那,见烦恼,陀,定善,行,無想天,第5门,升,,「那」表见烦恼、「陀」表定善，虽具定力而坠在见解，故生无想。,手工逐组（门1–14 手写）,直說,那陀謨陀。皆具定力而墮愛見。故生無想。,那陀謨陀。皆具定力而墮愛見。故生無想。,《選佛譜》卷第一・根本四禪・L93,根本四禪
258,第1门,發始因地門,卷1,根本四禪,那佛,那,见烦恼,佛,无漏善慧,行,總相念,第10门,升,,「那佛」已知求出世，然见惑未除，须修总相念观。,承注库,直說,那佛知求出世。見惑未除。須修總相念觀。,那佛知求出世。見惑未除。須修總相念觀。,《選佛譜》卷第一・根本四禪・L93,根本四禪
259,第1门,發始因地門,卷1,根本四禪,謨謨,謨,爱烦恼,謨,爱烦恼,不行·安住本位,,,安住,,「謨謨」二字俱表爱烦恼。此位已能伏住见爱，故不行。,手工逐组（门1–14 手写）,直說,善修根本四禪。能伏見愛。故那那等不行。,善修根本四禪。能伏見愛。故那那等不行。,《選佛譜》卷第一・根本四禪・L93,根本四禪
260,第1门,發始因地門,卷1,根本四禪,謨阿,謨,爱烦恼,阿,施善,不行·安住本位,,,安住,,「謨」表爱烦恼、「阿」表施善。此位已能伏住见爱，故不行。,手工逐组（门1–14 手写）,通則,善修根本四禪。能伏見愛。故那那等不行。,其餘位中。以阿彌陀善。與那謨惡相為對治。二俱無力。所以並不行也。,《選佛譜》卷第一・見取・L57,見取
261,第1门,發始因地門,卷1,根本四禪,謨彌,謨,爱烦恼,彌,戒善,不行·安住本位,,,安住,,「謨」表爱烦恼、「彌」表戒善。此位已能伏住见爱，故不行。,手工逐组（门1–14 手写）,通則,善修根本四禪。能伏見愛。故那那等不行。,其餘位中。以阿彌陀善。與那謨惡相為對治。二俱無力。所以並不行也。,《選佛譜》卷第一・見取・L57,見取
262,第1门,發始因地門,卷1,根本四禪,謨陀,謨,爱烦恼,陀,定善,行,無想天,第5门,升,,「謨」表爱烦恼、「陀」表定善，虽具定力而坠在爱着，故生无想。,手工逐组（门1–14 手写）,直說,那陀謨陀。皆具定力而墮愛見。故生無想。,那陀謨陀。皆具定力而墮愛見。故生無想。,《選佛譜》卷第一・根本四禪・L93,根本四禪
263,第1门,發始因地門,卷1,根本四禪,謨佛,謨,爱烦恼,佛,无漏善慧,行,煖位,第10门,升,,「謨佛」虽已伏见惑、未全伏思惑，仅成煖位善根。,承注库,直說,謨佛雖已伏見。未全伏思。僅成煖位善根。,謨佛雖已伏見。未全伏思。僅成煖位善根。,《選佛譜》卷第一・根本四禪・L93,根本四禪
264,第1门,發始因地門,卷1,根本四禪,阿阿,阿,施善,阿,施善,行,梵輔天,第5门,升,,「阿阿」以布施之福资禅，故生梵辅天。,承注库,直說,阿阿資以施福。故生梵輔。,阿阿資以施福。故生梵輔。,《選佛譜》卷第一・根本四禪・L93,根本四禪
265,第1门,發始因地門,卷1,根本四禪,阿彌,阿,施善,彌,戒善,行,無量光天,第5门,升,,「阿彌」以施、戒二善资助禅力，故生无量光天。,承注库,直說,阿彌施戒資禪。故生無量光天。,阿彌施戒資禪。故生無量光天。,《選佛譜》卷第一・根本四禪・L93,根本四禪
266,第1门,發始因地門,卷1,根本四禪,阿陀,阿,施善,陀,定善,行,無量淨天,第5门,升,,「阿」表施善、「陀」表定善，也生无量净天。,话头改写层,直說,阿陀與彌彌功等。亦生無量淨天。,阿陀與彌彌功等。亦生無量淨天。,《選佛譜》卷第一・根本四禪・L93,根本四禪
267,第1门,發始因地門,卷1,根本四禪,阿佛,阿,施善,佛,无漏善慧,行,無煩天,第5门,升,,「阿佛」见生灭四谛之理，按位入无烦天（五净居）。,承注库,直說,阿佛見生滅理。按位入無煩天。,阿佛見生滅理。按位入無煩天。,《選佛譜》卷第一・根本四禪・L93,根本四禪
268,第1门,發始因地門,卷1,根本四禪,彌彌,彌,戒善,彌,戒善,行,無量淨天,第5门,升,,「彌彌」加倍资助禅力，故生无量净天。,承注库,直說,彌彌倍資禪力。故生無量淨天。,彌彌倍資禪力。故生無量淨天。,《選佛譜》卷第一・根本四禪・L93,根本四禪
269,第1门,發始因地門,卷1,根本四禪,彌陀,彌,戒善,陀,定善,行,福生天,第5门,升,,「彌陀」禅善更胜，故感福生天。,承注库,直說,彌陀禪善又勝故感福生。,彌陀禪善又勝故感福生。,《選佛譜》卷第一・根本四禪・L93,根本四禪
270,第1门,發始因地門,卷1,根本四禪,彌佛,彌,戒善,佛,无漏善慧,行,三八人地,第11门,升,,「彌佛」观法无生，无间具足八忍（入无热天）。,承注库,直說,彌佛觀法無生。無間具足八忍。,彌佛觀法無生。無間具足八忍。,《選佛譜》卷第一・根本四禪・L93,根本四禪
271,第1门,發始因地門,卷1,根本四禪,陀陀,陀,定善,陀,定善,行,福愛天,第5门,升,,陀陀是根本禅中之最，故生福爱天——广果天须于第四定兼修四无量心方得生。,承注库,直說,陀陀根本中最。故生福愛。廣果。須於第四定兼修四無量心故。,陀陀根本中最。故生福愛。(廣果。須於第四定兼修四無量心故。),《選佛譜》卷第一・根本四禪・L93,根本四禪
272,第1门,發始因地門,卷1,根本四禪,陀佛,陀,定善,佛,无漏善慧,行,初發心住,第12门,升,,「陀佛」发中道之解，见惑先除，故成初发心住。,承注库,直說,陀佛發中道解。見惑先除。故成初發心住。,陀佛發中道解。見惑先除。故成初發心住。,《選佛譜》卷第一・根本四禪・L93,根本四禪
273,第1门,發始因地門,卷1,根本四禪,佛佛,佛,无漏善慧,佛,无漏善慧,行,圓十信位,第13门,升,,「佛佛」观禅定境界即不思议境，故登圆教十信位。,承注库,直說,佛佛觀於禪境即不思議。故階圓信十心。,佛佛觀於禪境即不思議。故階圓信十心。,《選佛譜》卷第一・根本四禪・L93,根本四禪
274,第1门,發始因地門,卷1,四無量心,那那,那,见烦恼,那,见烦恼,不行·安住本位,,,安住,,「那那」二字俱表见烦恼。修四无量心亦伏见爱，故不行。,手工逐组（门1–14 手写）,直說,修四無量亦伏見愛。故那那等不行。,修四無量亦伏見愛。故那那等不行。,《選佛譜》卷第一・四無量心・L97,四無量心
275,第1门,發始因地門,卷1,四無量心,那謨,那,见烦恼,謨,爱烦恼,不行·安住本位,,,安住,,「那」表见烦恼、「謨」表爱烦恼。修四无量心亦伏见爱，故不行。,手工逐组（门1–14 手写）,直說,修四無量亦伏見愛。故那那等不行。,修四無量亦伏見愛。故那那等不行。,《選佛譜》卷第一・四無量心・L97,四無量心
276,第1门,發始因地門,卷1,四無量心,那阿,那,见烦恼,阿,施善,不行·安住本位,,,安住,,「那」表见烦恼、「阿」表施善。此位亦伏见爱，故不行。,手工逐组（门1–14 手写）,通則,修四無量亦伏見愛。故那那等不行。,其餘位中。以阿彌陀善。與那謨惡相為對治。二俱無力。所以並不行也。,《選佛譜》卷第一・見取・L57,見取
277,第1门,發始因地門,卷1,四無量心,那彌,那,见烦恼,彌,戒善,不行·安住本位,,,安住,,「那」表见烦恼、「彌」表戒善。此位亦伏见爱，故不行。,手工逐组（门1–14 手写）,通則,修四無量亦伏見愛。故那那等不行。,其餘位中。以阿彌陀善。與那謨惡相為對治。二俱無力。所以並不行也。,《選佛譜》卷第一・見取・L57,見取
278,第1门,發始因地門,卷1,四無量心,那陀,那,见烦恼,陀,定善,不行·安住本位,,,安住,,「那」表见烦恼、「陀」表定善。此位亦伏见爱，故不行。,手工逐组（门1–14 手写）,通則,修四無量亦伏見愛。故那那等不行。,其餘位中。以阿彌陀善。與那謨惡相為對治。二俱無力。所以並不行也。,《選佛譜》卷第一・見取・L57,見取
279,第1门,發始因地門,卷1,四無量心,那佛,那,见烦恼,佛,无漏善慧,行,初果須陀洹,第10门,升,,「那佛」借禅福之力，便可发真见道（成初果）。,承注库,直說,那佛資禪福力。便可見真。,那佛資禪福力。便可見真。,《選佛譜》卷第一・四無量心・L97,四無量心
280,第1门,發始因地門,卷1,四無量心,謨謨,謨,爱烦恼,謨,爱烦恼,不行·安住本位,,,安住,,「謨謨」二字俱表爱烦恼。修四无量心亦伏见爱，故不行。,手工逐组（门1–14 手写）,直說,修四無量亦伏見愛。故那那等不行。,修四無量亦伏見愛。故那那等不行。,《選佛譜》卷第一・四無量心・L97,四無量心
281,第1门,發始因地門,卷1,四無量心,謨阿,謨,爱烦恼,阿,施善,不行·安住本位,,,安住,,「謨」表爱烦恼、「阿」表施善。此位亦伏见爱，故不行。,手工逐组（门1–14 手写）,通則,修四無量亦伏見愛。故那那等不行。,其餘位中。以阿彌陀善。與那謨惡相為對治。二俱無力。所以並不行也。,《選佛譜》卷第一・見取・L57,見取
282,第1门,發始因地門,卷1,四無量心,謨彌,謨,爱烦恼,彌,戒善,不行·安住本位,,,安住,,「謨」表爱烦恼、「彌」表戒善。此位亦伏见爱，故不行。,手工逐组（门1–14 手写）,通則,修四無量亦伏見愛。故那那等不行。,其餘位中。以阿彌陀善。與那謨惡相為對治。二俱無力。所以並不行也。,《選佛譜》卷第一・見取・L57,見取
283,第1门,發始因地門,卷1,四無量心,謨陀,謨,爱烦恼,陀,定善,不行·安住本位,,,安住,,「謨」表爱烦恼、「陀」表定善。此位亦伏见爱，故不行。,手工逐组（门1–14 手写）,通則,修四無量亦伏見愛。故那那等不行。,其餘位中。以阿彌陀善。與那謨惡相為對治。二俱無力。所以並不行也。,《選佛譜》卷第一・見取・L57,見取
284,第1门,發始因地門,卷1,四無量心,謨佛,謨,爱烦恼,佛,无漏善慧,行,三果阿那含,第10门,升,,「謨佛」借禅福之力，便能离欲（成三果）。,承注库,直說,謨佛資禪福力。便能離欲。,謨佛資禪福力。便能離欲。,《選佛譜》卷第一・四無量心・L97,四無量心
285,第1门,發始因地門,卷1,四無量心,阿阿,阿,施善,阿,施善,行,大梵天,第5门,升,,「阿阿」功德尚浅，为初禅天王。,承注库,直說,阿阿功德尚淺。為初禪主。,阿阿功德尚淺。為初禪主。,《選佛譜》卷第一・四無量心・L97,四無量心
286,第1门,發始因地門,卷1,四無量心,阿彌,阿,施善,彌,戒善,行,光音天,第5门,升,,「阿彌」功德稍胜，为二禅之主（光音天王）。,承注库,直說,阿彌功德稍勝。為二禪主。,阿彌功德稍勝。為二禪主。,《選佛譜》卷第一・四無量心・L97,四無量心
287,第1门,發始因地門,卷1,四無量心,阿陀,阿,施善,陀,定善,行,徧淨天,第5门,升,,「阿」表施善、「陀」表定善，较前又胜，故为三禅之主。,手工逐组（门1–14 手写）,直說,彌彌阿陀又勝。為三禪主。,彌彌阿陀又勝。為三禪主。,《選佛譜》卷第一・四無量心・L97,四無量心
288,第1门,發始因地門,卷1,四無量心,阿佛,阿,施善,佛,无漏善慧,行,大乘初阿僧祇滿,第10门,升,,「阿佛」悟生灭四谛，以之作菩提资粮（初僧祇）。,承注库,直說,阿佛悟生滅四諦。便作菩提資糧。,阿佛悟生滅四諦。便作菩提資糧。,《選佛譜》卷第一・四無量心・L97,四無量心
289,第1门,發始因地門,卷1,四無量心,彌彌,彌,戒善,彌,戒善,行,徧淨天,第5门,升,,「彌彌」二字俱表戒善，较前又胜，故为三禅之主。,手工逐组（门1–14 手写）,直說,彌彌阿陀又勝。為三禪主。,彌彌阿陀又勝。為三禪主。,《選佛譜》卷第一・四無量心・L97,四無量心
290,第1门,發始因地門,卷1,四無量心,彌陀,彌,戒善,陀,定善,行,廣果天,第5门,升,,「彌」表戒善、「陀」表定善，于此最胜，故为四禅之主。,手工逐组（门1–14 手写）,直說,彌陀等二最勝。為四禪主。,彌陀等二最勝。為四禪主。,《選佛譜》卷第一・四無量心・L97,四無量心
291,第1门,發始因地門,卷1,四無量心,彌佛,彌,戒善,佛,无漏善慧,行,六離欲地,第11门,升,,「彌佛」了达诸法无生，便成离欲梵行（通教离欲地）。,承注库,直說,彌佛了諸法無生。便成離欲梵行。,彌佛了諸法無生。便成離欲梵行。,《選佛譜》卷第一・四無量心・L97,四無量心
292,第1门,發始因地門,卷1,四無量心,陀陀,陀,定善,陀,定善,行,廣果天,第5门,升,,「陀陀」二字俱表定善，于此最胜，故为四禅之主。,手工逐组（门1–14 手写）,直說,彌陀等二最勝。為四禪主。,彌陀等二最勝。為四禪主。,《選佛譜》卷第一・四無量心・L97,四無量心
293,第1门,發始因地門,卷1,四無量心,陀佛,陀,定善,佛,无漏善慧,行,十灌頂住,第12门,升,,「陀佛」于次第门中超三界正使与习气，成灌顶住（十住满）。,承注库,直說,陀佛於次第門。超三界正習成灌頂住。,陀佛於次第門。超三界正習成灌頂住。,《選佛譜》卷第一・四無量心・L97,四無量心
294,第1门,發始因地門,卷1,四無量心,佛佛,佛,无漏善慧,佛,无漏善慧,行,上品上生,第14门,横超,,「佛佛」悟圆顿之理，同于慈心具戒者，得上品上生。,承注库,直說,佛佛悟圓頓理。同慈心具戒。上品上生。,佛佛悟圓頓理。同慈心具戒。上品上生。,《選佛譜》卷第一・四無量心・L97,四無量心
295,第1门,發始因地門,卷1,四無色定,那那,那,见烦恼,那,见烦恼,不行·安住本位,,,安住,,「那那」二字俱表见烦恼。四空定亦能伏住烦恼，故暂不行。,手工逐组（门1–14 手写）,直說,修此四定。亦伏煩惱。故那那等皆暫不行。,修此四定。亦伏煩惱。故那那等皆暫不行。,《選佛譜》卷第一・四無色定・L101,四無色定
296,第1门,發始因地門,卷1,四無色定,那謨,那,见烦恼,謨,爱烦恼,不行·安住本位,,,安住,,「那」表见烦恼、「謨」表爱烦恼。四空定亦能伏住烦恼，故暂不行。,手工逐组（门1–14 手写）,直說,修此四定。亦伏煩惱。故那那等皆暫不行。,修此四定。亦伏煩惱。故那那等皆暫不行。,《選佛譜》卷第一・四無色定・L101,四無色定
297,第1门,發始因地門,卷1,四無色定,那阿,那,见烦恼,阿,施善,不行·安住本位,,,安住,,「那」表见烦恼、「阿」表施善。此位亦伏烦恼，故暂不行。,手工逐组（门1–14 手写）,通則,修此四定。亦伏煩惱。故那那等皆暫不行。,其餘位中。以阿彌陀善。與那謨惡相為對治。二俱無力。所以並不行也。,《選佛譜》卷第一・見取・L57,見取
298,第1门,發始因地門,卷1,四無色定,那彌,那,见烦恼,彌,戒善,不行·安住本位,,,安住,,「那」表见烦恼、「彌」表戒善。此位亦伏烦恼，故暂不行。,手工逐组（门1–14 手写）,通則,修此四定。亦伏煩惱。故那那等皆暫不行。,其餘位中。以阿彌陀善。與那謨惡相為對治。二俱無力。所以並不行也。,《選佛譜》卷第一・見取・L57,見取
299,第1门,發始因地門,卷1,四無色定,那陀,那,见烦恼,陀,定善,不行·安住本位,,,安住,,「那」表见烦恼、「陀」表定善。此位亦伏烦恼，故暂不行。,手工逐组（门1–14 手写）,通則,修此四定。亦伏煩惱。故那那等皆暫不行。,其餘位中。以阿彌陀善。與那謨惡相為對治。二俱無力。所以並不行也。,《選佛譜》卷第一・見取・L57,見取
300,第1门,發始因地門,卷1,四無色定,那佛,那,见烦恼,佛,无漏善慧,行,忍位,第10门,升,,「那佛」依定力可观四谛，故拟忍位。,承注库,直說,那佛依定可觀四諦。故擬忍位。,那佛依定可觀四諦。故擬忍位。,《選佛譜》卷第一・四無色定・L101,四無色定
301,第1门,發始因地門,卷1,四無色定,謨謨,謨,爱烦恼,謨,爱烦恼,不行·安住本位,,,安住,,「謨謨」二字俱表爱烦恼。四空定亦能伏住烦恼，故暂不行。,手工逐组（门1–14 手写）,直說,修此四定。亦伏煩惱。故那那等皆暫不行。,修此四定。亦伏煩惱。故那那等皆暫不行。,《選佛譜》卷第一・四無色定・L101,四無色定
302,第1门,發始因地門,卷1,四無色定,謨阿,謨,爱烦恼,阿,施善,不行·安住本位,,,安住,,「謨」表爱烦恼、「阿」表施善。此位亦伏烦恼，故暂不行。,手工逐组（门1–14 手写）,通則,修此四定。亦伏煩惱。故那那等皆暫不行。,其餘位中。以阿彌陀善。與那謨惡相為對治。二俱無力。所以並不行也。,《選佛譜》卷第一・見取・L57,見取
303,第1门,發始因地門,卷1,四無色定,謨彌,謨,爱烦恼,彌,戒善,不行·安住本位,,,安住,,「謨」表爱烦恼、「彌」表戒善。此位亦伏烦恼，故暂不行。,手工逐组（门1–14 手写）,通則,修此四定。亦伏煩惱。故那那等皆暫不行。,其餘位中。以阿彌陀善。與那謨惡相為對治。二俱無力。所以並不行也。,《選佛譜》卷第一・見取・L57,見取
304,第1门,發始因地門,卷1,四無色定,謨陀,謨,爱烦恼,陀,定善,不行·安住本位,,,安住,,「謨」表爱烦恼、「陀」表定善。此位亦伏烦恼，故暂不行。,手工逐组（门1–14 手写）,通則,修此四定。亦伏煩惱。故那那等皆暫不行。,其餘位中。以阿彌陀善。與那謨惡相為對治。二俱無力。所以並不行也。,《選佛譜》卷第一・見取・L57,見取
305,第1门,發始因地門,卷1,四無色定,謨佛,謨,爱烦恼,佛,无漏善慧,行,世第一位,第10门,升,,「謨佛」无间便可发真，拟世第一位。,承注库,直說,謨佛無間便可發真擬世第一。,謨佛無間便可發真擬世第一。,《選佛譜》卷第一・四無色定・L101,四無色定
306,第1门,發始因地門,卷1,四無色定,阿阿,阿,施善,阿,施善,行,空無邊處天,第5门,升,,「阿阿」二字俱表施善，功行尚浅，故拟空处之定。,手工逐组（门1–14 手写）,直說,阿阿等二。功行尚淺。故擬空定。,阿阿等二。功行尚淺。故擬空定。,《選佛譜》卷第一・四無色定・L101,四無色定
307,第1门,發始因地門,卷1,四無色定,阿彌,阿,施善,彌,戒善,行,空無邊處天,第5门,升,,「阿」表施善、「彌」表戒善，功行尚浅，故拟空处之定。,手工逐组（门1–14 手写）,直說,阿阿等二。功行尚淺。故擬空定。,阿阿等二。功行尚淺。故擬空定。,《選佛譜》卷第一・四無色定・L101,四無色定
308,第1门,發始因地門,卷1,四無色定,阿陀,阿,施善,陀,定善,行,識無邊處天,第5门,升,,「阿」表施善、「陀」表定善，功行稍增，故拟识处之定。,手工逐组（门1–14 手写）,直說,彌彌阿陀。功行稍增。故擬識定。,彌彌阿陀。功行稍增。故擬識定。,《選佛譜》卷第一・四無色定・L101,四無色定
309,第1门,發始因地門,卷1,四無色定,阿佛,阿,施善,佛,无漏善慧,行,三果阿那含,第10门,升,,「阿佛」依生灭门发真无漏，先已离下界之染，故成三果。,承注库,直說,阿佛依生滅門發真無漏先已離下界染故成三果。,阿佛依生滅門發真無漏先已離下界染故成三果。,《選佛譜》卷第一・四無色定・L101,四無色定
310,第1门,發始因地門,卷1,四無色定,彌彌,彌,戒善,彌,戒善,行,識無邊處天,第5门,升,,「彌彌」二字俱表戒善，功行稍增，故拟识处之定。,手工逐组（门1–14 手写）,直說,彌彌阿陀。功行稍增。故擬識定。,彌彌阿陀。功行稍增。故擬識定。,《選佛譜》卷第一・四無色定・L101,四無色定
311,第1门,發始因地門,卷1,四無色定,彌陀,彌,戒善,陀,定善,行,無所有處天,第5门,升,,「彌陀」功行再增，故拟无所有处定。,承注库,直說,彌陀更增功行。故擬無所有定。,彌陀更增功行。故擬無所有定。,《選佛譜》卷第一・四無色定・L101,四無色定
312,第1门,發始因地門,卷1,四無色定,彌佛,彌,戒善,佛,无漏善慧,行,六離欲地,第11门,升,,「彌佛」依无生门悟即空之理，也先离下界染，故成离欲地。,承注库,直說,彌佛依無生門悟即空理亦先離下界染故成離欲。,彌佛依無生門悟即空理亦先離下界染故成離欲。,《選佛譜》卷第一・四無色定・L101,四無色定
313,第1门,發始因地門,卷1,四無色定,陀陀,陀,定善,陀,定善,行,非想非非想處天,第5门,升,,「陀陀」功行已极，故拟非非想处定。,承注库,直說,陀陀功行已極。故擬非非想定。,陀陀功行已極。故擬非非想定。,《選佛譜》卷第一・四無色定・L101,四無色定
314,第1门,發始因地門,卷1,四無色定,陀佛,陀,定善,佛,无漏善慧,行,六正心住,第12门,升,,「陀佛」于次第门中已离欲染，故成六住（正心住）。,承注库,直說,陀佛於次第門已離欲染。故成六住。,陀佛於次第門已離欲染。故成六住。,《選佛譜》卷第一・四無色定・L101,四無色定
315,第1门,發始因地門,卷1,四無色定,佛佛,佛,无漏善慧,佛,无漏善慧,行,圓十信位,第13门,升,,「佛佛」于圆顿门长别三界，故成圆教十信。,承注库,直說,佛佛於圓頓門長別三界。故成圓信。,佛佛於圓頓門長別三界。故成圓信。,《選佛譜》卷第一・四無色定・L101,四無色定
316,第1门,發始因地門,卷1,意見參禪,那那,那,见烦恼,那,见烦恼,行,破尸羅,第2门,降,,「那那」邪见取空，必破根本尸罗。,承注库,直說,那那邪見取空必破根本尸羅。,那那邪見取空必破根本尸羅。,《選佛譜》卷第一・意見參禪・L105,意見參禪
317,第1门,發始因地門,卷1,意見參禪,那謨,那,见烦恼,謨,爱烦恼,行,毀正見,第2门,降,,「那謨」见思纷杂，必毁出世正见。,承注库,直說,那謨見思紛雜必毀出世正見。,那謨見思紛雜必毀出世正見。,《選佛譜》卷第一・意見參禪・L105,意見參禪
318,第1门,發始因地門,卷1,意見參禪,那阿,那,见烦恼,阿,施善,不行·安住本位,,,安住,,「那」表见烦恼、「阿」表施善。以有漏之施善对治见烦恼，二俱无力——善不足以断惑而升，惑也不足以致堕，所以不行。,通例·不行之由,通則,,其餘位中。以阿彌陀善。與那謨惡相為對治。二俱無力。所以並不行也。,《選佛譜》卷第一・見取・L57,見取
319,第1门,發始因地門,卷1,意見參禪,那彌,那,见烦恼,彌,戒善,不行·安住本位,,,安住,,「那」表见烦恼、「彌」表戒善。参禅之士不务施戒散善，故不行。,手工逐组（门1–14 手写）,通則,阿阿等施戒散善禪士皆所不務故俱不行。,其餘位中。以阿彌陀善。與那謨惡相為對治。二俱無力。所以並不行也。,《選佛譜》卷第一・見取・L57,見取
320,第1门,發始因地門,卷1,意見參禪,那陀,那,见烦恼,陀,定善,行,無想天,第5门,升,,「那陀」取著痴禅，必成无想外道。,承注库,直說,那陀取著癡禪必成無想外道。,那陀取著癡禪必成無想外道。,《選佛譜》卷第一・意見參禪・L105,意見參禪
321,第1门,發始因地門,卷1,意見參禪,那佛,那,见烦恼,佛,无漏善慧,行,初乾慧地,第11门,升,,「那佛」以慧治见惑，也拟乾慧地。,承注库,直說,那佛以慧治見亦擬乾慧。,那佛以慧治見亦擬乾慧。,《選佛譜》卷第一・意見參禪・L105,意見參禪
322,第1门,發始因地門,卷1,意見參禪,謨謨,謨,爱烦恼,謨,爱烦恼,行,棄多聞,第2门,降,,「謨謨」耽爱枯寂，必至弃舍多闻。,承注库,直說,謨謨耽愛寂寞必至棄捨多聞。,謨謨耽愛寂寞必至棄捨多聞。,《選佛譜》卷第一・意見參禪・L105,意見參禪
323,第1门,發始因地門,卷1,意見參禪,謨阿,謨,爱烦恼,阿,施善,不行·安住本位,,,安住,,「謨」表爱烦恼、「阿」表施善。以有漏之施善对治爱烦恼，二俱无力——善不足以断惑而升，惑也不足以致堕，所以不行。,通例·不行之由,通則,,其餘位中。以阿彌陀善。與那謨惡相為對治。二俱無力。所以並不行也。,《選佛譜》卷第一・見取・L57,見取
324,第1门,發始因地門,卷1,意見參禪,謨彌,謨,爱烦恼,彌,戒善,不行·安住本位,,,安住,,「謨」表爱烦恼、「彌」表戒善。参禅之士不务施戒散善，故不行。,手工逐组（门1–14 手写）,通則,阿阿等施戒散善禪士皆所不務故俱不行。,其餘位中。以阿彌陀善。與那謨惡相為對治。二俱無力。所以並不行也。,《選佛譜》卷第一・見取・L57,見取
325,第1门,發始因地門,卷1,意見參禪,謨陀,謨,爱烦恼,陀,定善,行,增上慢,第2门,降,,「謨陀」染著定功，故为增上慢人。,承注库,直說,謨陀染著定功故為增上慢人。,謨陀染著定功故為增上慢人。,《選佛譜》卷第一・意見參禪・L105,意見參禪
326,第1门,發始因地門,卷1,意見參禪,謨佛,謨,爱烦恼,佛,无漏善慧,行,二性地,第11门,升,,「謨佛」以慧对治思惑，也拟性地。,承注库,直說,謨佛以慧治思亦擬性地。,謨佛以慧治思亦擬性地。,《選佛譜》卷第一・意見參禪・L105,意見參禪
327,第1门,發始因地門,卷1,意見參禪,阿阿,阿,施善,阿,施善,不行·安住本位,,,安住,,「阿阿」二字俱表施善。参禅之士不务施戒散善，故不行。,手工逐组（门1–14 手写）,直說,阿阿等施戒散善禪士皆所不務故俱不行。,阿阿等施戒散善禪士皆所不務故俱不行。,《選佛譜》卷第一・意見參禪・L105,意見參禪
328,第1门,發始因地門,卷1,意見參禪,阿彌,阿,施善,彌,戒善,不行·安住本位,,,安住,,「阿」表施善、「彌」表戒善。参禅之士不务施戒散善，故不行。,手工逐组（门1–14 手写）,直說,阿阿等施戒散善禪士皆所不務故俱不行。,阿阿等施戒散善禪士皆所不務故俱不行。,《選佛譜》卷第一・意見參禪・L105,意見參禪
329,第1门,發始因地門,卷1,意見參禪,阿陀,阿,施善,陀,定善,不行·安住本位,,,安住,,「阿陀」只是生灭定门、未有深益，故也不行。,承注库,直說,阿陀僅是生滅定門未有深益故亦不行。,阿陀僅是生滅定門未有深益故亦不行。,《選佛譜》卷第一・意見參禪・L105,意見參禪
330,第1门,發始因地門,卷1,意見參禪,阿佛,阿,施善,佛,无漏善慧,行,三八人地,第11门,升,,「阿佛」初舍见思，拟八人地。,承注库,直說,阿佛創捨見思擬八人地。,阿佛創捨見思擬八人地。,《選佛譜》卷第一・意見參禪・L105,意見參禪
331,第1门,發始因地門,卷1,意見參禪,彌彌,彌,戒善,彌,戒善,不行·安住本位,,,安住,,「彌彌」二字俱表戒善。参禅之士不务施戒散善，故不行。,手工逐组（门1–14 手写）,直說,阿阿等施戒散善禪士皆所不務故俱不行。,阿阿等施戒散善禪士皆所不務故俱不行。,《選佛譜》卷第一・意見參禪・L105,意見參禪
332,第1门,發始因地門,卷1,意見參禪,彌陀,彌,戒善,陀,定善,行,初乾慧地,第11门,升,,「彌陀」初入无生定门，故拟乾慧地。,承注库,直說,彌陀初入無生定門故擬乾慧。,彌陀初入無生定門故擬乾慧。,《選佛譜》卷第一・意見參禪・L105,意見參禪
333,第1门,發始因地門,卷1,意見參禪,彌佛,彌,戒善,佛,无漏善慧,行,四見地,第11门,升,,「彌佛」正悟即空，堪拟见地。,承注库,直說,彌佛正悟即空堪擬見地。,彌佛正悟即空堪擬見地。,《選佛譜》卷第一・意見參禪・L105,意見參禪
334,第1门,發始因地門,卷1,意見參禪,陀陀,陀,定善,陀,定善,行,二性地,第11门,升,,「陀陀」定水能资理解，故拟性地。,承注库,直說,陀陀定水能資理解故擬性地。,陀陀定水能資理解故擬性地。,《選佛譜》卷第一・意見參禪・L105,意見參禪
335,第1门,發始因地門,卷1,意見參禪,陀佛,陀,定善,佛,无漏善慧,行,圓五品位,第13门,升,,「陀佛」定慧均平，能知如来秘密之藏，成圆五品位。,承注库,直說,陀佛定慧均平能知如來祕密之藏成圓五品。,陀佛定慧均平能知如來祕密之藏成圓五品。,《選佛譜》卷第一・意見參禪・L105,意見參禪
336,第1门,發始因地門,卷1,意見參禪,佛佛,佛,无漏善慧,佛,无漏善慧,行,上品中生,第14门,横超,,「佛佛」深解第一义谛，故依《观经》必得上品中生。,承注库,直說,佛佛深解第一義諦故准觀經必得上品中生也。,佛佛深解第一義諦故准觀經必得上品中生也。,《選佛譜》卷第一・意見參禪・L105,意見參禪
337,第1门,發始因地門,卷1,利名習教,那那,那,见烦恼,那,见烦恼,行,破尸羅,第2门,降,,「那那」妄说法空，尸罗必破。,承注库,直說,那那妄說法空則尸羅必破。,那那妄說法空則尸羅必破。,《選佛譜》卷第一・利名習教・L109,利名習教
338,第1门,發始因地門,卷1,利名習教,那謨,那,见烦恼,謨,爱烦恼,行,破軌則,第2门,降,,「那謨」见思纷杂，故多违轨则。,承注库,直說,那謨見思紛雜故軌則多違。,那謨見思紛雜故軌則多違。,《選佛譜》卷第一・利名習教・L109,利名習教
339,第1门,發始因地門,卷1,利名習教,那阿,那,见烦恼,阿,施善,不行·安住本位,,,安住,,「那」表见烦恼、「阿」表施善。以有漏之施善对治见烦恼，二俱无力——善不足以断惑而升，惑也不足以致堕，所以不行。,通例·不行之由,通則,,其餘位中。以阿彌陀善。與那謨惡相為對治。二俱無力。所以並不行也。,《選佛譜》卷第一・見取・L57,見取
340,第1门,發始因地門,卷1,利名習教,那彌,那,见烦恼,彌,戒善,不行·安住本位,,,安住,,「那」表见烦恼、「彌」表戒善。以有漏之戒善对治见烦恼，二俱无力——善不足以断惑而升，惑也不足以致堕，所以不行。,通例·不行之由,通則,,其餘位中。以阿彌陀善。與那謨惡相為對治。二俱無力。所以並不行也。,《選佛譜》卷第一・見取・L57,見取
341,第1门,發始因地門,卷1,利名習教,那陀,那,见烦恼,陀,定善,不行·安住本位,,,安住,,「那」表见烦恼、「陀」表定善。以有漏之定善对治见烦恼，二俱无力——善不足以断惑而升，惑也不足以致堕，所以不行。,通例·不行之由,通則,,其餘位中。以阿彌陀善。與那謨惡相為對治。二俱無力。所以並不行也。,《選佛譜》卷第一・見取・L57,見取
342,第1门,發始因地門,卷1,利名習教,那佛,那,见烦恼,佛,无漏善慧,行,發聲聞心,第9门,升,,「那佛」以分别心而志在偏真。,承注库,直說,那佛以分別而志偏真。,那佛以分別而志偏真。,《選佛譜》卷第一・利名習教・L109,利名習教
343,第1门,發始因地門,卷1,利名習教,謨謨,謨,爱烦恼,謨,爱烦恼,行,增上慢,第2门,降,,「謨謨」耽著名相言说，必怀增上我慢。,承注库,直說,謨謨耽著名言必懷增上我慢。,謨謨耽著名言必懷增上我慢。,《選佛譜》卷第一・利名習教・L109,利名習教
344,第1门,發始因地門,卷1,利名習教,謨阿,謨,爱烦恼,阿,施善,不行·安住本位,,,安住,,「謨」表爱烦恼、「阿」表施善。以有漏之施善对治爱烦恼，二俱无力——善不足以断惑而升，惑也不足以致堕，所以不行。,通例·不行之由,通則,,其餘位中。以阿彌陀善。與那謨惡相為對治。二俱無力。所以並不行也。,《選佛譜》卷第一・見取・L57,見取
345,第1门,發始因地門,卷1,利名習教,謨彌,謨,爱烦恼,彌,戒善,不行·安住本位,,,安住,,「謨」表爱烦恼、「彌」表戒善。以有漏之戒善对治爱烦恼，二俱无力——善不足以断惑而升，惑也不足以致堕，所以不行。,通例·不行之由,通則,,其餘位中。以阿彌陀善。與那謨惡相為對治。二俱無力。所以並不行也。,《選佛譜》卷第一・見取・L57,見取
346,第1门,發始因地門,卷1,利名習教,謨陀,謨,爱烦恼,陀,定善,不行·安住本位,,,安住,,「謨」表爱烦恼、「陀」表定善。以有漏之定善对治爱烦恼，二俱无力——善不足以断惑而升，惑也不足以致堕，所以不行。,通例·不行之由,通則,,其餘位中。以阿彌陀善。與那謨惡相為對治。二俱無力。所以並不行也。,《選佛譜》卷第一・見取・L57,見取
347,第1门,發始因地門,卷1,利名習教,謨佛,謨,爱烦恼,佛,无漏善慧,行,發辟支佛心,第9门,升,,「謨佛」由乐于沉寂而思独善其身，故发辟支佛心。,承注库,直說,謨佛由樂寂而思獨善。,謨佛由樂寂而思獨善。,《選佛譜》卷第一・利名習教・L109,利名習教
348,第1门,發始因地門,卷1,利名習教,阿阿,阿,施善,阿,施善,行,鐵輪王,第4门,升,,「阿阿」二字俱表施善，仅以施戒为资，故只感人王之报。,手工逐组（门1–14 手写）,直說,阿阿等三資以施戒僅感人王。,阿阿等三資以施戒僅感人王。,《選佛譜》卷第一・利名習教・L109,利名習教
349,第1门,發始因地門,卷1,利名習教,阿彌,阿,施善,彌,戒善,行,銅輪王,第4门,升,,「阿」表施善、「彌」表戒善，仅以施戒为资，故只感人王之报。,手工逐组（门1–14 手写）,直說,阿阿等三資以施戒僅感人王。,阿阿等三資以施戒僅感人王。,《選佛譜》卷第一・利名習教・L109,利名習教
350,第1门,發始因地門,卷1,利名習教,阿陀,阿,施善,陀,定善,行,四王天,第4门,升,,「阿」表施善、「陀」表定善，稍事摄心，故仅阶天道。,手工逐组（门1–14 手写）,直說,阿陀等三稍事攝心僅階天道。,阿陀等三稍事攝心僅階天道。,《選佛譜》卷第一・利名習教・L109,利名習教
351,第1门,發始因地門,卷1,利名習教,阿佛,阿,施善,佛,无漏善慧,行,事六度心,第9门,升,,「阿」表施善、「佛」表无漏善慧，乃能次第发大菩提心，故发事六度心。,手工逐组（门1–14 手写）,直說,阿佛等四乃能如次發於四種大菩提心,阿佛等四乃能如次發於四種大菩提心,《選佛譜》卷第一・利名習教・L109,利名習教
352,第1门,發始因地門,卷1,利名習教,彌彌,彌,戒善,彌,戒善,行,金輪王,第4门,升,,「彌彌」二字俱表戒善，仅以施戒为资，故只感人王之报。,手工逐组（门1–14 手写）,直說,阿阿等三資以施戒僅感人王。,阿阿等三資以施戒僅感人王。,《選佛譜》卷第一・利名習教・L109,利名習教
353,第1门,發始因地門,卷1,利名習教,彌陀,彌,戒善,陀,定善,行,忉利天,第4门,升,,「彌」表戒善、「陀」表定善，稍事摄心，故仅阶天道。,手工逐组（门1–14 手写）,直說,阿陀等三稍事攝心僅階天道。,阿陀等三稍事攝心僅階天道。,《選佛譜》卷第一・利名習教・L109,利名習教
354,第1门,發始因地門,卷1,利名習教,彌佛,彌,戒善,佛,无漏善慧,行,體空觀,第9门,升,,「彌」表戒善、「佛」表无漏善慧，乃能次第发大菩提心，故入体空观。,手工逐组（门1–14 手写）,直說,阿佛等四乃能如次發於四種大菩提心,阿佛等四乃能如次發於四種大菩提心,《選佛譜》卷第一・利名習教・L109,利名習教
355,第1门,發始因地門,卷1,利名習教,陀陀,陀,定善,陀,定善,行,兜率天,第4门,升,,「陀陀」二字俱表定善，稍事摄心，故仅阶天道。,手工逐组（门1–14 手写）,直說,阿陀等三稍事攝心僅階天道。,阿陀等三稍事攝心僅階天道。,《選佛譜》卷第一・利名習教・L109,利名習教
356,第1门,發始因地門,卷1,利名習教,陀佛,陀,定善,佛,无漏善慧,行,次第三觀,第9门,升,,「陀」表定善、「佛」表无漏善慧，乃能次第发大菩提心，故入次第三观。,手工逐组（门1–14 手写）,直說,阿佛等四乃能如次發於四種大菩提心,阿佛等四乃能如次發於四種大菩提心,《選佛譜》卷第一・利名習教・L109,利名習教
357,第1门,發始因地門,卷1,利名習教,佛佛,佛,无漏善慧,佛,无漏善慧,行,圓頓妙觀,第9门,升,,「佛佛」二字俱表无漏善慧，乃能次第发大菩提心，故入圆顿妙观。,手工逐组（门1–14 手写）,直說,阿佛等四乃能如次發於四種大菩提心,阿佛等四乃能如次發於四種大菩提心,《選佛譜》卷第一・利名習教・L109,利名習教
358,第1门,發始因地門,卷1,出世福業,那那,那,见烦恼,那,见烦恼,不行·安住本位,,,安住,,「那那」二字俱表见烦恼。于三宝门中广行施福，能使惑业不起，故暂不行。,手工逐组（门1–14 手写）,直說,由於三寶門中廣行施福。能使惑業不起。故那那等皆暫不行。,由於三寶門中廣行施福。能使惑業不起。故那那等皆暫不行。,《選佛譜》卷第一・出世福業・L113,出世福業
359,第1门,發始因地門,卷1,出世福業,那謨,那,见烦恼,謨,爱烦恼,不行·安住本位,,,安住,,「那」表见烦恼、「謨」表爱烦恼。三宝门中广行施福，能使惑业不起，故暂不行。,手工逐组（门1–14 手写）,直說,由於三寶門中廣行施福。能使惑業不起。故那那等皆暫不行。,由於三寶門中廣行施福。能使惑業不起。故那那等皆暫不行。,《選佛譜》卷第一・出世福業・L113,出世福業
360,第1门,發始因地門,卷1,出世福業,那阿,那,见烦恼,阿,施善,不行·安住本位,,,安住,,「那」表见烦恼、「阿」表施善。本位施福已能使惑业不起，故暂不行。,手工逐组（门1–14 手写）,通則,由於三寶門中廣行施福。能使惑業不起。故那那等皆暫不行。,其餘位中。以阿彌陀善。與那謨惡相為對治。二俱無力。所以並不行也。,《選佛譜》卷第一・見取・L57,見取
361,第1门,發始因地門,卷1,出世福業,那彌,那,见烦恼,彌,戒善,不行·安住本位,,,安住,,「那」表见烦恼、「彌」表戒善。本位施福已能使惑业不起，故暂不行。,手工逐组（门1–14 手写）,通則,由於三寶門中廣行施福。能使惑業不起。故那那等皆暫不行。,其餘位中。以阿彌陀善。與那謨惡相為對治。二俱無力。所以並不行也。,《選佛譜》卷第一・見取・L57,見取
362,第1门,發始因地門,卷1,出世福業,那陀,那,见烦恼,陀,定善,不行·安住本位,,,安住,,「那」表见烦恼、「陀」表定善。本位施福已能使惑业不起，故暂不行。,手工逐组（门1–14 手写）,通則,由於三寶門中廣行施福。能使惑業不起。故那那等皆暫不行。,其餘位中。以阿彌陀善。與那謨惡相為對治。二俱無力。所以並不行也。,《選佛譜》卷第一・見取・L57,見取
363,第1门,發始因地門,卷1,出世福業,那佛,那,见烦恼,佛,无漏善慧,行,護法八部,第6门,升,,「那佛」为护法：由于未断恶，故居八部杂形之列。,承注库,直說,那佛護法。由未斷惡。故為八部雜形。,那佛護法。由未斷惡。故為八部雜形。,《選佛譜》卷第一・出世福業・L113,出世福業
364,第1门,發始因地門,卷1,出世福業,謨謨,謨,爱烦恼,謨,爱烦恼,不行·安住本位,,,安住,,「謨謨」二字俱表爱烦恼。三宝门中广行施福，能使惑业不起，故暂不行。,手工逐组（门1–14 手写）,直說,由於三寶門中廣行施福。能使惑業不起。故那那等皆暫不行。,由於三寶門中廣行施福。能使惑業不起。故那那等皆暫不行。,《選佛譜》卷第一・出世福業・L113,出世福業
365,第1门,發始因地門,卷1,出世福業,謨阿,謨,爱烦恼,阿,施善,不行·安住本位,,,安住,,「謨」表爱烦恼、「阿」表施善。本位施福已能使惑业不起，故暂不行。,手工逐组（门1–14 手写）,通則,由於三寶門中廣行施福。能使惑業不起。故那那等皆暫不行。,其餘位中。以阿彌陀善。與那謨惡相為對治。二俱無力。所以並不行也。,《選佛譜》卷第一・見取・L57,見取
366,第1门,發始因地門,卷1,出世福業,謨彌,謨,爱烦恼,彌,戒善,不行·安住本位,,,安住,,「謨」表爱烦恼、「彌」表戒善。本位施福已能使惑业不起，故暂不行。,手工逐组（门1–14 手写）,通則,由於三寶門中廣行施福。能使惑業不起。故那那等皆暫不行。,其餘位中。以阿彌陀善。與那謨惡相為對治。二俱無力。所以並不行也。,《選佛譜》卷第一・見取・L57,見取
367,第1门,發始因地門,卷1,出世福業,謨陀,謨,爱烦恼,陀,定善,不行·安住本位,,,安住,,「謨」表爱烦恼、「陀」表定善。本位施福已能使惑业不起，故暂不行。,手工逐组（门1–14 手写）,通則,由於三寶門中廣行施福。能使惑業不起。故那那等皆暫不行。,其餘位中。以阿彌陀善。與那謨惡相為對治。二俱無力。所以並不行也。,《選佛譜》卷第一・見取・L57,見取
368,第1门,發始因地門,卷1,出世福業,謨佛,謨,爱烦恼,佛,无漏善慧,行,請法梵王,第6门,升,,「謨佛」为请法：由于未断慢，故为梵王世主。,承注库,直說,謨佛請法。由未斷慢。故為梵王世主。,謨佛請法。由未斷慢。故為梵王世主。,《選佛譜》卷第一・出世福業・L113,出世福業
369,第1门,發始因地門,卷1,出世福業,阿阿,阿,施善,阿,施善,行,在家五戒,第7门,升,,「阿阿」二字俱表施善，由布施而阶戒品，次第能持在家出家律仪。,手工逐组（门1–14 手写）,直說,由於布施而階戒品。故阿阿等。如次能持在家出家律儀。,由於布施而階戒品。故阿阿等。如次能持在家出家律儀。,《選佛譜》卷第一・出世福業・L113,出世福業
370,第1门,發始因地門,卷1,出世福業,阿彌,阿,施善,彌,戒善,行,八關齋戒,第7门,升,,「阿」表施善、「彌」表戒善，由布施而阶戒品，次第能持在家出家律仪。,手工逐组（门1–14 手写）,直說,由於布施而階戒品。故阿阿等。如次能持在家出家律儀。,由於布施而階戒品。故阿阿等。如次能持在家出家律儀。,《選佛譜》卷第一・出世福業・L113,出世福業
371,第1门,發始因地門,卷1,出世福業,阿陀,阿,施善,陀,定善,行,持比丘律,第7门,升,,「阿」表施善、「陀」表定善，由布施而阶戒品，次第能持出家律仪。,手工逐组（门1–14 手写）,直說,由於布施而階戒品。故阿阿等。如次能持在家出家律儀。,由於布施而階戒品。故阿阿等。如次能持在家出家律儀。,《選佛譜》卷第一・出世福業・L113,出世福業
372,第1门,發始因地門,卷1,出世福業,阿佛,阿,施善,佛,无漏善慧,行,初果須陀洹,第10门,升,,「阿」表施善、「佛」表无漏善慧，以福德资无漏慧，次第证入四教真似位。,手工逐组（门1–14 手写）,直說,阿佛等四。並以福德資無漏慧。如次證入四教真似位中。,阿佛等四。並以福德資無漏慧。如次證入四教真似位中。,《選佛譜》卷第一・出世福業・L113,出世福業
373,第1门,發始因地門,卷1,出世福業,彌彌,彌,戒善,彌,戒善,行,沙彌十戒,第7门,升,,「彌彌」二字俱表戒善，由布施而阶戒品，次第能持在家出家律仪。,手工逐组（门1–14 手写）,直說,由於布施而階戒品。故阿阿等。如次能持在家出家律儀。,由於布施而階戒品。故阿阿等。如次能持在家出家律儀。,《選佛譜》卷第一・出世福業・L113,出世福業
374,第1门,發始因地門,卷1,出世福業,彌陀,彌,戒善,陀,定善,行,持二部律,第7门,升,,「彌」表戒善、「陀」表定善，由布施而阶戒品，次第能持出家律仪。,手工逐组（门1–14 手写）,直說,由於布施而階戒品。故阿阿等。如次能持在家出家律儀。,由於布施而階戒品。故阿阿等。如次能持在家出家律儀。,《選佛譜》卷第一・出世福業・L113,出世福業
375,第1门,發始因地門,卷1,出世福業,彌佛,彌,戒善,佛,无漏善慧,行,四見地,第11门,升,,「彌」表戒善、「佛」表无漏善慧，以福德资无漏慧，次第证入四教真似位。,手工逐组（门1–14 手写）,直說,阿佛等四。並以福德資無漏慧。如次證入四教真似位中。,阿佛等四。並以福德資無漏慧。如次證入四教真似位中。,《選佛譜》卷第一・出世福業・L113,出世福業
376,第1门,發始因地門,卷1,出世福業,陀陀,陀,定善,陀,定善,行,廣持毗尼,第7门,升,,「陀陀」二字俱表定善，由布施而阶戒品，次第能广持毗尼。,手工逐组（门1–14 手写）,直說,由於布施而階戒品。故阿阿等。如次能持在家出家律儀。,由於布施而階戒品。故阿阿等。如次能持在家出家律儀。,《選佛譜》卷第一・出世福業・L113,出世福業
377,第1门,發始因地門,卷1,出世福業,陀佛,陀,定善,佛,无漏善慧,行,七不退住,第12门,升,,「陀」表定善、「佛」表无漏善慧，以福德资无漏慧，次第证入四教真似位。,手工逐组（门1–14 手写）,直說,阿佛等四。並以福德資無漏慧。如次證入四教真似位中。,阿佛等四。並以福德資無漏慧。如次證入四教真似位中。,《選佛譜》卷第一・出世福業・L113,出世福業
378,第1门,發始因地門,卷1,出世福業,佛佛,佛,无漏善慧,佛,无漏善慧,行,圓十信位,第13门,升,,「佛佛」二字俱表无漏善慧，以福德资无漏慧，次第证入四教真似位。,手工逐组（门1–14 手写）,直說,阿佛等四。並以福德資無漏慧。如次證入四教真似位中。,阿佛等四。並以福德資無漏慧。如次證入四教真似位中。,《選佛譜》卷第一・出世福業・L113,出世福業
379,第1门,發始因地門,卷1,出世戒學,那那,那,见烦恼,那,见烦恼,行,在家五戒,第7门,升,,现在既已发心学出世戒，只因烦恼习气还强、未能顿舍家缘，所以「那那」仅受持在家五戒。,承注库,直說,今既發心學出世戒。良由煩惱習強。未能頓捨家緣。故那那僅持五戒。,今既發心學出世戒。良由煩惱習強。未能頓捨家緣。故那那僅持五戒。,《選佛譜》卷第一・出世戒學・L117,出世戒學
380,第1门,發始因地門,卷1,出世戒學,那謨,那,见烦恼,謨,爱烦恼,行,八關齋戒,第7门,升,,「那謨」仅进受八关斋戒。,承注库,直說,那謨僅加八戒。,那謨僅加八戒。,《選佛譜》卷第一・出世戒學・L117,出世戒學
381,第1门,發始因地門,卷1,出世戒學,那阿,那,见烦恼,阿,施善,不行·安住本位,,,安住,,「那」表见烦恼、「阿」表施善。以有漏之施善对治见烦恼，二俱无力——善不足以断惑而升，惑也不足以致堕，所以不行。,通例·不行之由,通則,,其餘位中。以阿彌陀善。與那謨惡相為對治。二俱無力。所以並不行也。,《選佛譜》卷第一・見取・L57,見取
382,第1门,發始因地門,卷1,出世戒學,那彌,那,见烦恼,彌,戒善,不行·安住本位,,,安住,,「那」表见烦恼、「彌」表戒善。以有漏之戒善对治见烦恼，二俱无力——善不足以断惑而升，惑也不足以致堕，所以不行。,通例·不行之由,通則,,其餘位中。以阿彌陀善。與那謨惡相為對治。二俱無力。所以並不行也。,《選佛譜》卷第一・見取・L57,見取
383,第1门,發始因地門,卷1,出世戒學,那陀,那,见烦恼,陀,定善,不行·安住本位,,,安住,,「那」表见烦恼、「陀」表定善。以有漏之定善对治见烦恼，二俱无力——善不足以断惑而升，惑也不足以致堕，所以不行。,通例·不行之由,通則,,其餘位中。以阿彌陀善。與那謨惡相為對治。二俱無力。所以並不行也。,《選佛譜》卷第一・見取・L57,見取
384,第1门,發始因地門,卷1,出世戒學,那佛,那,见烦恼,佛,无漏善慧,行,業清淨戒,第7门,升,,「那」表见烦恼、「佛」表无漏善慧。猶有缘累，仅能护持根本性重戒。,手工逐组（门1–14 手写）,直說,那佛謨佛。猶有緣累。僅能護持根本性重。名為業清淨戒。此攝大乘五眾。謂菩薩優婆塞。菩薩優婆夷。菩薩沙彌。菩薩沙彌尼。菩薩式义摩那。以此五眾。雖發大菩提心未得無量律儀戒故。,於戒學中。又遇佛字。必得大乘五支淨戒。那佛謨佛。猶有緣累。僅能護持根本性重。名為業清淨戒。,《選佛譜》卷第一・出世戒學・L117,出世戒學
385,第1门,發始因地門,卷1,出世戒學,謨謨,謨,爱烦恼,謨,爱烦恼,行,沙彌十戒,第7门,升,,「謨謨」虽已出家，尚不能行大比丘事，仅为沙弥小众。,承注库,直說,謨謨雖已出家。猶未能行大比丘事。僅為小眾也。,謨謨雖已出家。猶未能行大比丘事。僅為小眾也。,《選佛譜》卷第一・出世戒學・L117,出世戒學
386,第1门,發始因地門,卷1,出世戒學,謨阿,謨,爱烦恼,阿,施善,不行·安住本位,,,安住,,「謨」表爱烦恼、「阿」表施善。以有漏之施善对治爱烦恼，二俱无力——善不足以断惑而升，惑也不足以致堕，所以不行。,通例·不行之由,通則,,其餘位中。以阿彌陀善。與那謨惡相為對治。二俱無力。所以並不行也。,《選佛譜》卷第一・見取・L57,見取
387,第1门,發始因地門,卷1,出世戒學,謨彌,謨,爱烦恼,彌,戒善,不行·安住本位,,,安住,,「謨」表爱烦恼、「彌」表戒善。以有漏之戒善对治爱烦恼，二俱无力——善不足以断惑而升，惑也不足以致堕，所以不行。,通例·不行之由,通則,,其餘位中。以阿彌陀善。與那謨惡相為對治。二俱無力。所以並不行也。,《選佛譜》卷第一・見取・L57,見取
388,第1门,發始因地門,卷1,出世戒學,謨陀,謨,爱烦恼,陀,定善,不行·安住本位,,,安住,,「謨」表爱烦恼、「陀」表定善。以有漏之定善对治爱烦恼，二俱无力——善不足以断惑而升，惑也不足以致堕，所以不行。,通例·不行之由,通則,,其餘位中。以阿彌陀善。與那謨惡相為對治。二俱無力。所以並不行也。,《選佛譜》卷第一・見取・L57,見取
389,第1门,發始因地門,卷1,出世戒學,謨佛,謨,爱烦恼,佛,无漏善慧,行,業清淨戒,第7门,升,,「謨」表爱烦恼、「佛」表无漏善慧。猶有缘累，仅能护持根本性重戒。,手工逐组（门1–14 手写）,直說,那佛謨佛。猶有緣累。僅能護持根本性重。名為業清淨戒。此攝大乘五眾。謂菩薩優婆塞。菩薩優婆夷。菩薩沙彌。菩薩沙彌尼。菩薩式义摩那。以此五眾。雖發大菩提心未得無量律儀戒故。,於戒學中。又遇佛字。必得大乘五支淨戒。那佛謨佛。猶有緣累。僅能護持根本性重。名為業清淨戒。,《選佛譜》卷第一・出世戒學・L117,出世戒學
390,第1门,發始因地門,卷1,出世戒學,阿阿,阿,施善,阿,施善,行,持比丘律,第7门,升,,戒學諸位以持戒的淺深為序：終身五戒為始，加受八關齋居二，出家持十戒居三，如法持比丘律居四，兼通尼律而堪教誡尼衆居五，廣持律藏、深達開遮持犯居六，得無漏妙戒而永不破戒居七，能統理大衆、善滅諍事居八。諸相各依所具戒力，進階相應之位。,承注库,直說,若能如法持比丘律。入大僧數。則更勝前。所以居四。,今以終身五戒為戒學之始。加以年三月六。受持八支。則功行稍進。增上居二。若能出家恆持十戒。則又勝之。所以居三。若能如法持比丘律。入大僧數。則更勝前。所以居四。若能兼諳比丘尼律。堪任教誡比丘尼眾。名為持二部律。則尤勝前。所以居五。若能廣持律藏。悉知制戒原由。深達開遮持犯。則倍勝前。所以居六。若得無漏妙戒。永斷破戒之罪。名為住毗尼而不動。則登聖位。所以居七。若能不愛不恚。不怖不癡。威德辯才。統理大眾。名為善能滅諍。則是修緣念處學無學人。所以居八。,《選佛譜》卷第一・出世戒學・L117,出世戒學
391,第1门,發始因地門,卷1,出世戒學,阿彌,阿,施善,彌,戒善,行,持二部律,第7门,升,,戒學諸位以持戒的淺深為序：終身五戒為始，加受八關齋居二，出家持十戒居三，如法持比丘律居四，兼通尼律而堪教誡尼衆居五，廣持律藏、深達開遮持犯居六，得無漏妙戒而永不破戒居七，能統理大衆、善滅諍事居八。諸相各依所具戒力，進階相應之位。,承注库,直說,若能兼諳比丘尼律。堪任教誡比丘尼眾。名為持二部律。則尤勝前。所以居五。,今以終身五戒為戒學之始。加以年三月六。受持八支。則功行稍進。增上居二。若能出家恆持十戒。則又勝之。所以居三。若能如法持比丘律。入大僧數。則更勝前。所以居四。若能兼諳比丘尼律。堪任教誡比丘尼眾。名為持二部律。則尤勝前。所以居五。若能廣持律藏。悉知制戒原由。深達開遮持犯。則倍勝前。所以居六。若得無漏妙戒。永斷破戒之罪。名為住毗尼而不動。則登聖位。所以居七。若能不愛不恚。不怖不癡。威德辯才。統理大眾。名為善能滅諍。則是修緣念處學無學人。所以居八。,《選佛譜》卷第一・出世戒學・L117,出世戒學
392,第1门,發始因地門,卷1,出世戒學,阿陀,阿,施善,陀,定善,行,廣持毗尼,第7门,升,,「阿」表施善、「陀」表定善，广持律藏、深达开遮持犯，倍胜于前。,手工逐组（门1–14 手写）,直說,若能廣持律藏。悉知制戒原由。深達開遮持犯。則倍勝前。所以居六。,今以終身五戒為戒學之始。加以年三月六。受持八支。則功行稍進。增上居二。若能出家恆持十戒。則又勝之。所以居三。若能如法持比丘律。入大僧數。則更勝前。所以居四。若能兼諳比丘尼律。堪任教誡比丘尼眾。名為持二部律。則尤勝前。所以居五。若能廣持律藏。悉知制戒原由。深達開遮持犯。則倍勝前。所以居六。若得無漏妙戒。永斷破戒之罪。名為住毗尼而不動。則登聖位。所以居七。若能不愛不恚。不怖不癡。威德辯才。統理大眾。名為善能滅諍。則是修緣念處學無學人。所以居八。,《選佛譜》卷第一・出世戒學・L117,出世戒學
393,第1门,發始因地門,卷1,出世戒學,阿佛,阿,施善,佛,无漏善慧,行,餘清淨戒,第7门,升,,「阿佛」已舍雜務，名為餘清淨戒。,承注库,直說,阿佛已捨雜務。名為餘清淨戒。此攝大乘二種僧寶。謂菩薩比丘。菩薩比丘尼。並得無量律儀戒故。,阿佛已捨雜務。名為餘清淨戒。,《選佛譜》卷第一・出世戒學・L117,出世戒學
394,第1门,發始因地門,卷1,出世戒學,彌彌,彌,戒善,彌,戒善,行,廣持毗尼,第7门,升,,「彌彌」二字俱表戒善，广持律藏、深达开遮持犯，倍胜于前。,手工逐组（门1–14 手写）,直說,若能廣持律藏。悉知制戒原由。深達開遮持犯。則倍勝前。所以居六。,今以終身五戒為戒學之始。加以年三月六。受持八支。則功行稍進。增上居二。若能出家恆持十戒。則又勝之。所以居三。若能如法持比丘律。入大僧數。則更勝前。所以居四。若能兼諳比丘尼律。堪任教誡比丘尼眾。名為持二部律。則尤勝前。所以居五。若能廣持律藏。悉知制戒原由。深達開遮持犯。則倍勝前。所以居六。若得無漏妙戒。永斷破戒之罪。名為住毗尼而不動。則登聖位。所以居七。若能不愛不恚。不怖不癡。威德辯才。統理大眾。名為善能滅諍。則是修緣念處學無學人。所以居八。,《選佛譜》卷第一・出世戒學・L117,出世戒學
395,第1门,發始因地門,卷1,出世戒學,彌陀,彌,戒善,陀,定善,行,住毗尼而不動,第7门,升,,戒學諸位以持戒的淺深為序：終身五戒為始，加受八關齋居二，出家持十戒居三，如法持比丘律居四，兼通尼律而堪教誡尼衆居五，廣持律藏、深達開遮持犯居六，得無漏妙戒而永不破戒居七，能統理大衆、善滅諍事居八。諸相各依所具戒力，進階相應之位。,承注库,直說,若得無漏妙戒。永斷破戒之罪。名為住毗尼而不動。則登聖位。所以居七。,今以終身五戒為戒學之始。加以年三月六。受持八支。則功行稍進。增上居二。若能出家恆持十戒。則又勝之。所以居三。若能如法持比丘律。入大僧數。則更勝前。所以居四。若能兼諳比丘尼律。堪任教誡比丘尼眾。名為持二部律。則尤勝前。所以居五。若能廣持律藏。悉知制戒原由。深達開遮持犯。則倍勝前。所以居六。若得無漏妙戒。永斷破戒之罪。名為住毗尼而不動。則登聖位。所以居七。若能不愛不恚。不怖不癡。威德辯才。統理大眾。名為善能滅諍。則是修緣念處學無學人。所以居八。,《選佛譜》卷第一・出世戒學・L117,出世戒學
396,第1门,發始因地門,卷1,出世戒學,彌佛,彌,戒善,佛,无漏善慧,行,覺清淨戒,第7门,升,,「彌佛」戒力增上、能入深禪，名為覺清淨戒。,承注库,直說,彌佛戒力增上。能入深禪。名為覺清淨戒。定其戒也。,彌佛戒力增上。能入深禪。名為覺清淨戒。,《選佛譜》卷第一・出世戒學・L117,出世戒學
397,第1门,發始因地門,卷1,出世戒學,陀陀,陀,定善,陀,定善,行,善能滅諍,第7门,升,,戒學諸位以持戒的淺深為序：終身五戒為始，加受八關齋居二，出家持十戒居三，如法持比丘律居四，兼通尼律而堪教誡尼衆居五，廣持律藏、深達開遮持犯居六，得無漏妙戒而永不破戒居七，能統理大衆、善滅諍事居八。諸相各依所具戒力，進階相應之位。,承注库,直說,若能不愛不恚。不怖不癡。威德辯才。統理大眾。名為善能滅諍。則是修緣念處學無學人。所以居八。,今以終身五戒為戒學之始。加以年三月六。受持八支。則功行稍進。增上居二。若能出家恆持十戒。則又勝之。所以居三。若能如法持比丘律。入大僧數。則更勝前。所以居四。若能兼諳比丘尼律。堪任教誡比丘尼眾。名為持二部律。則尤勝前。所以居五。若能廣持律藏。悉知制戒原由。深達開遮持犯。則倍勝前。所以居六。若得無漏妙戒。永斷破戒之罪。名為住毗尼而不動。則登聖位。所以居七。若能不愛不恚。不怖不癡。威德辯才。統理大眾。名為善能滅諍。則是修緣念處學無學人。所以居八。,《選佛譜》卷第一・出世戒學・L117,出世戒學
398,第1门,發始因地門,卷1,出世戒學,陀佛,陀,定善,佛,无漏善慧,行,念清淨戒,第7门,升,,「陀佛」因定發慧、永斷煩惱，名為念清淨戒。,承注库,直說,陀佛因定發慧。永斷煩惱。名為念清淨戒。道其戒也。,陀佛因定發慧。永斷煩惱。名為念清淨戒。,《選佛譜》卷第一・出世戒學・L117,出世戒學
399,第1门,發始因地門,卷1,出世戒學,佛佛,佛,无漏善慧,佛,无漏善慧,行,無上道戒,第7门,升,,「佛佛」頓具戒波羅蜜，名為無上道戒。,承注库,直說,佛佛頓具戒波羅密。名為無上道戒。大乘三戒大其戒也。,佛佛頓具戒波羅密。名為無上道戒。,《選佛譜》卷第一・出世戒學・L117,出世戒學
400,第1门,發始因地門,卷1,出世定學,那那,那,见烦恼,那,见烦恼,行,六妙門禪,第8门,升,,「那那」二字俱表见烦恼。此三禅亦世间亦出世间，铝根或随禅受生，故以当之。,手工逐组（门1–14 手写）,直說,二者亦世間亦出世間禪。謂六妙門。十六特勝。通明觀。利根依此發真斷惑。鈍根或亦隨禪受生。故以那那等三當之。謂其亦世間故。,二者亦世間亦出世間禪。謂六妙門。十六特勝。通明觀。利根依此發真斷惑。鈍根或亦隨禪受生。故以那那等三當之。謂其亦世間故。,《選佛譜》卷第一・出世定學・L121,出世定學
401,第1门,發始因地門,卷1,出世定學,那謨,那,见烦恼,謨,爱烦恼,行,十六特勝,第8门,升,,「那」表见烦恼、「謨」表爱烦恼。此三禅亦世间亦出世间，铝根或随禅受生，故以当之。,手工逐组（门1–14 手写）,直說,二者亦世間亦出世間禪。謂六妙門。十六特勝。通明觀。利根依此發真斷惑。鈍根或亦隨禪受生。故以那那等三當之。謂其亦世間故。,二者亦世間亦出世間禪。謂六妙門。十六特勝。通明觀。利根依此發真斷惑。鈍根或亦隨禪受生。故以那那等三當之。謂其亦世間故。,《選佛譜》卷第一・出世定學・L121,出世定學
402,第1门,發始因地門,卷1,出世定學,那阿,那,见烦恼,阿,施善,不行·安住本位,,,安住,,「那」表见烦恼、「阿」表施善。以有漏之施善对治见烦恼，二俱无力——善不足以断惑而升，惑也不足以致堕，所以不行。,通例·不行之由,通則,,其餘位中。以阿彌陀善。與那謨惡相為對治。二俱無力。所以並不行也。,《選佛譜》卷第一・見取・L57,見取
403,第1门,發始因地門,卷1,出世定學,那彌,那,见烦恼,彌,戒善,不行·安住本位,,,安住,,「那」表见烦恼、「彌」表戒善。以有漏之戒善对治见烦恼，二俱无力——善不足以断惑而升，惑也不足以致堕，所以不行。,通例·不行之由,通則,,其餘位中。以阿彌陀善。與那謨惡相為對治。二俱無力。所以並不行也。,《選佛譜》卷第一・見取・L57,見取
404,第1门,發始因地門,卷1,出世定學,那陀,那,见烦恼,陀,定善,不行·安住本位,,,安住,,「那」表见烦恼、「陀」表定善。以有漏之定善对治见烦恼，二俱无力——善不足以断惑而升，惑也不足以致堕，所以不行。,通例·不行之由,通則,,其餘位中。以阿彌陀善。與那謨惡相為對治。二俱無力。所以並不行也。,《選佛譜》卷第一・見取・L57,見取
405,第1门,發始因地門,卷1,出世定學,那佛,那,见烦恼,佛,无漏善慧,行,十想觀,第8门,升,,「那」表见烦恼、「佛」表无漏善慧，还应修坏法观，故。,话头改写层,直說,那佛還應修壞法觀。故同彌彌。,那佛還應修壞法觀。故同彌彌。,《選佛譜》卷第一・出世定學・L121,出世定學
406,第1门,發始因地門,卷1,出世定學,謨謨,謨,爱烦恼,謨,爱烦恼,行,通明觀,第8门,升,,「謨謨」二字俱表爱烦恼。此三禅亦世间亦出世间，铝根或随禅受生，故以当之。,手工逐组（门1–14 手写）,直說,二者亦世間亦出世間禪。謂六妙門。十六特勝。通明觀。利根依此發真斷惑。鈍根或亦隨禪受生。故以那那等三當之。謂其亦世間故。,二者亦世間亦出世間禪。謂六妙門。十六特勝。通明觀。利根依此發真斷惑。鈍根或亦隨禪受生。故以那那等三當之。謂其亦世間故。,《選佛譜》卷第一・出世定學・L121,出世定學
407,第1门,發始因地門,卷1,出世定學,謨阿,謨,爱烦恼,阿,施善,不行·安住本位,,,安住,,「謨」表爱烦恼、「阿」表施善。以有漏之施善对治爱烦恼，二俱无力——善不足以断惑而升，惑也不足以致堕，所以不行。,通例·不行之由,通則,,其餘位中。以阿彌陀善。與那謨惡相為對治。二俱無力。所以並不行也。,《選佛譜》卷第一・見取・L57,見取
408,第1门,發始因地門,卷1,出世定學,謨彌,謨,爱烦恼,彌,戒善,不行·安住本位,,,安住,,「謨」表爱烦恼、「彌」表戒善。以有漏之戒善对治爱烦恼，二俱无力——善不足以断惑而升，惑也不足以致堕，所以不行。,通例·不行之由,通則,,其餘位中。以阿彌陀善。與那謨惡相為對治。二俱無力。所以並不行也。,《選佛譜》卷第一・見取・L57,見取
409,第1门,發始因地門,卷1,出世定學,謨陀,謨,爱烦恼,陀,定善,不行·安住本位,,,安住,,「謨」表爱烦恼、「陀」表定善。以有漏之定善对治爱烦恼，二俱无力——善不足以断惑而升，惑也不足以致堕，所以不行。,通例·不行之由,通則,,其餘位中。以阿彌陀善。與那謨惡相為對治。二俱無力。所以並不行也。,《選佛譜》卷第一・見取・L57,見取
410,第1门,發始因地門,卷1,出世定學,謨佛,謨,爱烦恼,佛,无漏善慧,行,十一切處觀,第8门,升,,「謨」表爱烦恼、「佛」表无漏善慧，还修不坏法观，故。,话头改写层,直說,謨佛還修不壞法觀。故同陀陀。,謨佛還修不壞法觀。故同陀陀。,《選佛譜》卷第一・出世定學・L121,出世定學
411,第1门,發始因地門,卷1,出世定學,阿阿,阿,施善,阿,施善,行,九想觀,第8门,升,,「阿阿」二字俱表施善。壞法观禅有九想、八念、十想三种，故以当之。,手工逐组（门1–14 手写）,直說,三者出世間禪。謂觀鍊熏修四種禪法。言觀禪者。復有二種。一壞法觀。謂九想。八念。十想。三種。故以阿阿等三當之。,言觀禪者。復有二種。一壞法觀。謂九想。八念。十想。三種。故以阿阿等三當之。,《選佛譜》卷第一・出世定學・L121,出世定學
412,第1门,發始因地門,卷1,出世定學,阿彌,阿,施善,彌,戒善,行,八念觀,第8门,升,,「阿」表施善、「彌」表戒善。壞法观禅有九想、八念、十想三种，故以当之。,手工逐组（门1–14 手写）,直說,三者出世間禪。謂觀鍊熏修四種禪法。言觀禪者。復有二種。一壞法觀。謂九想。八念。十想。三種。故以阿阿等三當之。,言觀禪者。復有二種。一壞法觀。謂九想。八念。十想。三種。故以阿阿等三當之。,《選佛譜》卷第一・出世定學・L121,出世定學
413,第1门,發始因地門,卷1,出世定學,阿陀,阿,施善,陀,定善,行,八背捨觀,第8门,升,,「阿」表施善、「陀」表定善。不壞法观禅有八背舍、八胜处、十一切处，故以当之。,手工逐组（门1–14 手写）,直說,二不壞法觀。謂八背捨。八勝處。十一切處。三種。故以阿陀等三當之。,二不壞法觀。謂八背捨。八勝處。十一切處。三種。故以阿陀等三當之。,《選佛譜》卷第一・出世定學・L121,出世定學
414,第1门,發始因地門,卷1,出世定學,阿佛,阿,施善,佛,无漏善慧,行,九次第定,第8门,升,,鍊禅即九次第定，故以「阿佛」当之。,承注库,直說,言鍊禪者。即是九次第定。故以阿佛當之。,言鍊禪者。即是九次第定。故以阿佛當之。,《選佛譜》卷第一・出世定學・L121,出世定學
415,第1门,發始因地門,卷1,出世定學,彌彌,彌,戒善,彌,戒善,行,十想觀,第8门,升,,「彌彌」二字俱表戒善。壞法观禅有九想、八念、十想三种，故以当之。,手工逐组（门1–14 手写）,直說,三者出世間禪。謂觀鍊熏修四種禪法。言觀禪者。復有二種。一壞法觀。謂九想。八念。十想。三種。故以阿阿等三當之。,言觀禪者。復有二種。一壞法觀。謂九想。八念。十想。三種。故以阿阿等三當之。,《選佛譜》卷第一・出世定學・L121,出世定學
416,第1门,發始因地門,卷1,出世定學,彌陀,彌,戒善,陀,定善,行,八勝處觀,第8门,升,,「彌」表戒善、「陀」表定善。不壞法观禅有八背舍、八胜处、十一切处，故以当之。,手工逐组（门1–14 手写）,直說,二不壞法觀。謂八背捨。八勝處。十一切處。三種。故以阿陀等三當之。,二不壞法觀。謂八背捨。八勝處。十一切處。三種。故以阿陀等三當之。,《選佛譜》卷第一・出世定學・L121,出世定學
417,第1门,發始因地門,卷1,出世定學,彌佛,彌,戒善,佛,无漏善慧,行,師子奮迅三昧,第8门,升,,熏禅即师子奋迅三昧，故以「彌佛」当之。,承注库,直說,言熏禪者。即是師子奮迅三昧。故以彌佛當之。,言熏禪者。即是師子奮迅三昧。故以彌佛當之。,《選佛譜》卷第一・出世定學・L121,出世定學
418,第1门,發始因地門,卷1,出世定學,陀陀,陀,定善,陀,定善,行,十一切處觀,第8门,升,,「陀陀」二字俱表定善。不壞法观禅有八背舍、八胜处、十一切处，故以当之。,手工逐组（门1–14 手写）,直說,二不壞法觀。謂八背捨。八勝處。十一切處。三種。故以阿陀等三當之。,二不壞法觀。謂八背捨。八勝處。十一切處。三種。故以阿陀等三當之。,《選佛譜》卷第一・出世定學・L121,出世定學
419,第1门,發始因地門,卷1,出世定學,陀佛,陀,定善,佛,无漏善慧,行,超越三昧,第8门,升,,修禅即超越三昧，故以「陀佛」当之。,承注库,直說,言修禪者。即是超越三昧。故以陀佛當之。,言修禪者。即是超越三昧。故以陀佛當之。,《選佛譜》卷第一・出世定學・L121,出世定學
420,第1门,發始因地門,卷1,出世定學,佛佛,佛,无漏善慧,佛,无漏善慧,行,王三昧,第8门,升,,第四类、非世间非出世间禅：乃中道三昧，名为三昧中王，故以「佛佛」当之。,承注库,直說,四者非世間非出世間禪。乃是中道三昧。名為三昧中王。故以佛佛當之。,四者非世間非出世間禪。乃是中道三昧。名為三昧中王。故以佛佛當之。,《選佛譜》卷第一・出世定學・L121,出世定學
421,第1门,發始因地門,卷1,出世慧學,那那,那,见烦恼,那,见烦恼,行,發聲聞心,第9门,升,,「那那」二字俱表见烦恼，见思较重，怖苦而求自度，故发声闻心。,手工逐组（门1–14 手写）,直說,那那等二。見思重故。怖苦自度。故皆發聲聞心。,那那等二。見思重故。怖苦自度。故皆發聲聞心。,《選佛譜》卷第一・出世慧學・L125,出世慧學
422,第1门,發始因地門,卷1,出世慧學,那謨,那,见烦恼,謨,爱烦恼,行,發聲聞心,第9门,升,,「那」表见烦恼、「謨」表爱烦恼，见思较重，怖苦而求自度，故发声闻心。,手工逐组（门1–14 手写）,直說,那那等二。見思重故。怖苦自度。故皆發聲聞心。,那那等二。見思重故。怖苦自度。故皆發聲聞心。,《選佛譜》卷第一・出世慧學・L125,出世慧學
423,第1门,發始因地門,卷1,出世慧學,那阿,那,见烦恼,阿,施善,不行·安住本位,,,安住,,「那」表见烦恼、「阿」表施善。以有漏之施善对治见烦恼，二俱无力——善不足以断惑而升，惑也不足以致堕，所以不行。,通例·不行之由,通則,,其餘位中。以阿彌陀善。與那謨惡相為對治。二俱無力。所以並不行也。,《選佛譜》卷第一・見取・L57,見取
424,第1门,發始因地門,卷1,出世慧學,那彌,那,见烦恼,彌,戒善,不行·安住本位,,,安住,,「那」表见烦恼、「彌」表戒善。以有漏之戒善对治见烦恼，二俱无力——善不足以断惑而升，惑也不足以致堕，所以不行。,通例·不行之由,通則,,其餘位中。以阿彌陀善。與那謨惡相為對治。二俱無力。所以並不行也。,《選佛譜》卷第一・見取・L57,見取
425,第1门,發始因地門,卷1,出世慧學,那陀,那,见烦恼,陀,定善,不行·安住本位,,,安住,,「那」表见烦恼、「陀」表定善。以有漏之定善对治见烦恼，二俱无力——善不足以断惑而升，惑也不足以致堕，所以不行。,通例·不行之由,通則,,其餘位中。以阿彌陀善。與那謨惡相為對治。二俱無力。所以並不行也。,《選佛譜》卷第一・見取・L57,見取
426,第1门,發始因地門,卷1,出世慧學,那佛,那,见烦恼,佛,无漏善慧,行,願升內院,第9门,升,,「那佛」欲摧伏诸见，故愿亲近补处慈尊（弥勒），求升内院。,承注库,直說,那佛則欲摧諸見。故願親補處慈尊。,那佛則欲摧諸見。故願親補處慈尊。,《選佛譜》卷第一・出世慧學・L125,出世慧學
427,第1门,發始因地門,卷1,出世慧學,謨謨,謨,爱烦恼,謨,爱烦恼,行,發辟支佛心,第9门,升,,「謨謨」见惑轻而乐独善，欠缺大悲心，故发辟支佛心。,承注库,直說,謨謨見輕。樂獨善故。乏大悲心。故發辟支佛心。,謨謨見輕。樂獨善故。乏大悲心。故發辟支佛心。,《選佛譜》卷第一・出世慧學・L125,出世慧學
428,第1门,發始因地門,卷1,出世慧學,謨阿,謨,爱烦恼,阿,施善,不行·安住本位,,,安住,,「謨」表爱烦恼、「阿」表施善。以有漏之施善对治爱烦恼，二俱无力——善不足以断惑而升，惑也不足以致堕，所以不行。,通例·不行之由,通則,,其餘位中。以阿彌陀善。與那謨惡相為對治。二俱無力。所以並不行也。,《選佛譜》卷第一・見取・L57,見取
429,第1门,發始因地門,卷1,出世慧學,謨彌,謨,爱烦恼,彌,戒善,不行·安住本位,,,安住,,「謨」表爱烦恼、「彌」表戒善。以有漏之戒善对治爱烦恼，二俱无力——善不足以断惑而升，惑也不足以致堕，所以不行。,通例·不行之由,通則,,其餘位中。以阿彌陀善。與那謨惡相為對治。二俱無力。所以並不行也。,《選佛譜》卷第一・見取・L57,見取
430,第1门,發始因地門,卷1,出世慧學,謨陀,謨,爱烦恼,陀,定善,不行·安住本位,,,安住,,「謨」表爱烦恼、「陀」表定善。以有漏之定善对治爱烦恼，二俱无力——善不足以断惑而升，惑也不足以致堕，所以不行。,通例·不行之由,通則,,其餘位中。以阿彌陀善。與那謨惡相為對治。二俱無力。所以並不行也。,《選佛譜》卷第一・見取・L57,見取
431,第1门,發始因地門,卷1,出世慧學,謨佛,謨,爱烦恼,佛,无漏善慧,行,求生淨土,第9门,升,,「謨佛」欲渡爱河，故求生极乐世界。,承注库,直說,謨佛則欲渡愛河。故求生極樂世界。,謨佛則欲渡愛河。故求生極樂世界。,《選佛譜》卷第一・出世慧學・L125,出世慧學
432,第1门,發始因地門,卷1,出世慧學,阿阿,阿,施善,阿,施善,行,事六度心,第9门,升,,「阿阿」纯善舍执，堪行四弘誓愿与六度。,承注库,直說,阿阿純善捨執。堪行四弘六度。,阿阿純善捨執。堪行四弘六度。,《選佛譜》卷第一・出世慧學・L125,出世慧學
433,第1门,發始因地門,卷1,出世慧學,阿彌,阿,施善,彌,戒善,行,體空觀,第9门,升,,「阿彌」根器更利一分，堪入大乘初门（体空观）。,承注库,直說,阿彌根又稍利。堪入大乘初門。,阿彌根又稍利。堪入大乘初門。,《選佛譜》卷第一・出世慧學・L125,出世慧學
434,第1门,發始因地門,卷1,出世慧學,阿陀,阿,施善,陀,定善,行,次第三觀,第9门,升,,「阿」表施善、「陀」表定善，较前又胜，故能信果头真如。,手工逐组（门1–14 手写）,直說,彌彌阿陀又勝。故能信果頭真如。,彌彌阿陀又勝。故能信果頭真如。,《選佛譜》卷第一・出世慧學・L125,出世慧學
435,第1门,發始因地門,卷1,出世慧學,阿佛,阿,施善,佛,无漏善慧,行,圓十信位,第13门,升,,「阿佛」先除粗垢，证圆教十信心。,承注库,直說,阿佛則先除麤垢。證圓十心。,阿佛則先除麤垢。證圓十心。,《選佛譜》卷第一・出世慧學・L125,出世慧學
436,第1门,發始因地門,卷1,出世慧學,彌彌,彌,戒善,彌,戒善,行,次第三觀,第9门,升,,「彌彌」二字俱表戒善，较前又胜，故能信果头真如。,手工逐组（门1–14 手写）,直說,彌彌阿陀又勝。故能信果頭真如。,彌彌阿陀又勝。故能信果頭真如。,《選佛譜》卷第一・出世慧學・L125,出世慧學
437,第1门,發始因地門,卷1,出世慧學,彌陀,彌,戒善,陀,定善,行,圓頓妙觀,第9门,升,,「彌」表戒善、「陀」表定善，于此最利，故能知心佛众生三无差别。,手工逐组（门1–14 手写）,直說,彌陀等二最利。故能知三無差別。,彌陀等二最利。故能知三無差別。,《選佛譜》卷第一・出世慧學・L125,出世慧學
438,第1门,發始因地門,卷1,出世慧學,彌佛,彌,戒善,佛,无漏善慧,行,上品上生,第14门,横超,,「彌佛」具戒发心，登上品上生。,承注库,直說,彌佛則具戒發心。登上上品。,彌佛則具戒發心。登上上品。,《選佛譜》卷第一・出世慧學・L125,出世慧學
439,第1门,發始因地門,卷1,出世慧學,陀陀,陀,定善,陀,定善,行,圓頓妙觀,第9门,升,,「陀陀」二字俱表定善，于此最利，故能知心佛众生三无差别。,手工逐组（门1–14 手写）,直說,彌陀等二最利。故能知三無差別。,彌陀等二最利。故能知三無差別。,《選佛譜》卷第一・出世慧學・L125,出世慧學
440,第1门,發始因地門,卷1,出世慧學,陀佛,陀,定善,佛,无漏善慧,行,圓十住位,第13门,升,,「陀佛」定慧圆明，遂得开佛知见（圆十住）。,承注库,直說,陀佛則定慧圓明。遂得佛知見開。,陀佛則定慧圓明。遂得佛知見開。,《選佛譜》卷第一・出世慧學・L125,出世慧學
441,第1门,發始因地門,卷1,出世慧學,佛佛,佛,无漏善慧,佛,无漏善慧,行,圓十地位,第13门,升,,「佛佛」纯是佛慧，所以顿超至圆十地。,承注库,直說,佛佛則純是佛慧。所以頓超十地也。,佛佛則純是佛慧。所以頓超十地也。,《選佛譜》卷第一・出世慧學・L125,出世慧學
442,第2门,法道流弊門,卷2,破尸羅,那那,那,见烦恼,那,见烦恼,行,阿鼻地獄,第3门,降,,「那那」二字俱表见烦恼。破戒之后又起大邪见、拨无因果，故堕阿鼻地狱。,手工逐组（门1–14 手写）,直說,那那。則破戒之後。起大邪見。撥無因果。故墮阿鼻。,那那。則破戒之後。起大邪見。撥無因果。故墮阿鼻。,《選佛譜》卷第二・破尸羅・L15,破尸羅
443,第2门,法道流弊門,卷2,破尸羅,那謨,那,见烦恼,謨,爱烦恼,行,無間地獄,第3门,降,,「那」表见烦恼、「謨」表爱烦恼。见思并强、更增恶业，故堕无间地狱。,手工逐组（门1–14 手写）,直說,那謨。則見思並強。更增惡業。故墮無間。,那謨。則見思並強。更增惡業。故墮無間。,《選佛譜》卷第二・破尸羅・L15,破尸羅
444,第2门,法道流弊門,卷2,破尸羅,那阿,那,见烦恼,阿,施善,不行·安住本位,,,安住,,「那」表见烦恼、「阿」表施善。破戒重罪未除，这点施善与见惑相为对治、二俱无力，故不行。,手工逐组（门1–14 手写）,通則,,其餘位中。以阿彌陀善。與那謨惡相為對治。二俱無力。所以並不行也。,《選佛譜》卷第一・見取・L57,見取
445,第2门,法道流弊門,卷2,破尸羅,那彌,那,见烦恼,彌,戒善,不行·安住本位,,,安住,,「那」表见烦恼、「彌」表戒善。戒体已破，这点戒善与见惑相为对治、二俱无力，故不行。,手工逐组（门1–14 手写）,通則,,其餘位中。以阿彌陀善。與那謨惡相為對治。二俱無力。所以並不行也。,《選佛譜》卷第一・見取・L57,見取
446,第2门,法道流弊門,卷2,破尸羅,那陀,那,见烦恼,陀,定善,不行·安住本位,,,安住,,「那」表见烦恼、「陀」表定善。这点定善与见惑相为对治、二俱无力，故不行。,手工逐组（门1–14 手写）,通則,,其餘位中。以阿彌陀善。與那謨惡相為對治。二俱無力。所以並不行也。,《選佛譜》卷第一・見取・L57,見取
447,第2门,法道流弊門,卷2,破尸羅,那佛,那,见烦恼,佛,无漏善慧,行,聽法雜眾,第6门,升,,「那」表见烦恼、「佛」表无漏善慧。虽缠见爱、不背如来，故得听法。,手工逐组（门1–14 手写）,直說,那佛。謨佛。則雖纏見愛。不背如來。故能聽法。,那佛。謨佛。則雖纏見愛。不背如來。故能聽法。,《選佛譜》卷第二・破尸羅・L15,破尸羅
448,第2门,法道流弊門,卷2,破尸羅,謨謨,謨,爱烦恼,謨,爱烦恼,行,中品畜生,第3门,降,,「謨謨」二字俱表爱烦恼。痴爱覆心、不知改悔，故堕中品畜生。,手工逐组（门1–14 手写）,直說,謨謨。則癡愛覆心。不知改悔。故墮中畜。,謨謨。則癡愛覆心。不知改悔。故墮中畜。,《選佛譜》卷第二・破尸羅・L15,破尸羅
449,第2门,法道流弊門,卷2,破尸羅,謨阿,謨,爱烦恼,阿,施善,不行·安住本位,,,安住,,「謨」表爱烦恼、「阿」表施善。破戒重罪未除，这点施善与爱惑相为对治、二俱无力，故不行。,手工逐组（门1–14 手写）,通則,,其餘位中。以阿彌陀善。與那謨惡相為對治。二俱無力。所以並不行也。,《選佛譜》卷第一・見取・L57,見取
450,第2门,法道流弊門,卷2,破尸羅,謨彌,謨,爱烦恼,彌,戒善,不行·安住本位,,,安住,,「謨」表爱烦恼、「彌」表戒善。戒体已破，这点戒善与爱惑相为对治、二俱无力，故不行。,手工逐组（门1–14 手写）,通則,,其餘位中。以阿彌陀善。與那謨惡相為對治。二俱無力。所以並不行也。,《選佛譜》卷第一・見取・L57,見取
451,第2门,法道流弊門,卷2,破尸羅,謨陀,謨,爱烦恼,陀,定善,不行·安住本位,,,安住,,「謨」表爱烦恼、「陀」表定善。这点定善与爱惑相为对治、二俱无力，故不行。,手工逐组（门1–14 手写）,通則,,其餘位中。以阿彌陀善。與那謨惡相為對治。二俱無力。所以並不行也。,《選佛譜》卷第一・見取・L57,見取
452,第2门,法道流弊門,卷2,破尸羅,謨佛,謨,爱烦恼,佛,无漏善慧,行,聽法雜眾,第6门,升,,「謨」表爱烦恼、「佛」表无漏善慧。虽缠见爱、不背如来，故得听法。,手工逐组（门1–14 手写）,直說,那佛。謨佛。則雖纏見愛。不背如來。故能聽法。,那佛。謨佛。則雖纏見愛。不背如來。故能聽法。,《選佛譜》卷第二・破尸羅・L15,破尸羅
453,第2门,法道流弊門,卷2,破尸羅,阿阿,阿,施善,阿,施善,行,少財鬼,第3门,降,,「阿阿」二字俱表施善。破戒之后犹有施善，故堕少财鬼。,手工逐组（门1–14 手写）,直說,阿阿。則猶有施善。故為少財。,阿阿。則猶有施善。故為少財。,《選佛譜》卷第二・破尸羅・L15,破尸羅
454,第2门,法道流弊門,卷2,破尸羅,阿彌,阿,施善,彌,戒善,行,上品畜生,第3门,降,,「阿」表施善、「彌」表戒善。施戒略存，故成上品畜生。,手工逐组（门1–14 手写）,直說,阿彌。則施戒略存。故為上畜。,阿彌。則施戒略存。故為上畜。,《選佛譜》卷第二・破尸羅・L15,破尸羅
455,第2门,法道流弊門,卷2,破尸羅,阿陀,阿,施善,陀,定善,行,有財鬼,第3门,降,,「阿」表施善、「陀」表定善。有施有定，故堕有财鬼。,手工逐组（门1–14 手写）,直說,阿陀。則有施有定。故為有財。,阿陀。則有施有定。故為有財。,《選佛譜》卷第二・破尸羅・L15,破尸羅
456,第2门,法道流弊門,卷2,破尸羅,阿佛,阿,施善,佛,无漏善慧,行,取相懺,第6门,升,,「阿」表施善、「佛」表无漏善慧。永断相续、以祈灭罪，是名取相忏。,手工逐组（门1–14 手写）,直說,阿佛。則永斷相續。以祈滅罪。為取相懺。,阿佛。則永斷相續。以祈滅罪。為取相懺。,《選佛譜》卷第二・破尸羅・L15,破尸羅
457,第2门,法道流弊門,卷2,破尸羅,彌彌,彌,戒善,彌,戒善,行,畜脩羅,第3门,降,,「彌彌」二字俱表戒善。重戒虽破、犹护余戒，故成畜修罗。,手工逐组（门1–14 手写）,直說,彌彌。則猶護餘戒。故為畜脩。,彌彌。則猶護餘戒。故為畜脩。,《選佛譜》卷第二・破尸羅・L15,破尸羅
458,第2门,法道流弊門,卷2,破尸羅,彌陀,彌,戒善,陀,定善,行,鬼脩羅,第3门,降,,「彌」表戒善、「陀」表定善。存戒兼定，故成鬼修罗。,手工逐组（门1–14 手写）,直說,彌陀。則存戒兼定。故為鬼脩。,彌陀。則存戒兼定。故為鬼脩。,《選佛譜》卷第二・破尸羅・L15,破尸羅
459,第2门,法道流弊門,卷2,破尸羅,彌佛,彌,戒善,佛,无漏善慧,行,無生懺,第6门,升,,「彌」表戒善、「佛」表无漏善慧。观罪性空、以求复戒，是名无生忏。,手工逐组（门1–14 手写）,直說,彌佛。則觀罪性空。以求復戒。為無生懺。,彌佛。則觀罪性空。以求復戒。為無生懺。,《選佛譜》卷第二・破尸羅・L15,破尸羅
460,第2门,法道流弊門,卷2,破尸羅,陀陀,陀,定善,陀,定善,行,魔羅天,第4门,升,,「陀陀」二字俱表定善。禅定现前而戒根已破，故成魔侣。,手工逐组（门1–14 手写）,直說,陀陀。則禪定現前。故成魔侶。,陀陀。則禪定現前。故成魔侶。,《選佛譜》卷第二・破尸羅・L15,破尸羅
461,第2门,法道流弊門,卷2,破尸羅,陀佛,陀,定善,佛,无漏善慧,行,求生淨土,第9门,升,,「陀」表定善、「佛」表无漏善慧。一心不乱以念佛，专求带业往生。,手工逐组（门1–14 手写）,直說,陀佛。則一心不亂以念佛。專求帶業往生。,陀佛。則一心不亂以念佛。專求帶業往生。,《選佛譜》卷第二・破尸羅・L15,破尸羅
462,第2门,法道流弊門,卷2,破尸羅,佛佛,佛,无漏善慧,佛,无漏善慧,行,下品上生,第14门,横超,,「佛佛」二字俱表无漏善慧。化佛应念来迎，故得横超乐土。,手工逐组（门1–14 手写）,直說,佛佛。則化佛應念以來迎。故得橫超樂土。,佛佛。則化佛應念以來迎。故得橫超樂土。,《選佛譜》卷第二・破尸羅・L15,破尸羅
463,第2门,法道流弊門,卷2,破軌則,那那,那,见烦恼,那,见烦恼,行,有間地獄,第3门,降,,「那那」二字俱表见烦恼。见思重故、不知悔除，故堕有间地狱。,手工逐组（门1–14 手写）,直說,那那等三。見思重故。不知悔除。乃墜三塗。,那那等三。見思重故。不知悔除。乃墜三塗。,《選佛譜》卷第二・破軌則・L19,破軌則
464,第2门,法道流弊門,卷2,破軌則,那謨,那,见烦恼,謨,爱烦恼,行,中品畜生,第3门,降,,「那」表见烦恼、「謨」表爱烦恼。见思重故、不知悔除，故堕中品畜生。,手工逐组（门1–14 手写）,直說,那那等三。見思重故。不知悔除。乃墜三塗。,那那等三。見思重故。不知悔除。乃墜三塗。,《選佛譜》卷第二・破軌則・L19,破軌則
465,第2门,法道流弊門,卷2,破軌則,那阿,那,见烦恼,阿,施善,不行·安住本位,,,安住,,「那」表见烦恼、「阿」表施善。威仪之罪未悔，这点施善与见惑相为对治、二俱无力，故不行。,手工逐组（门1–14 手写）,通則,,其餘位中。以阿彌陀善。與那謨惡相為對治。二俱無力。所以並不行也。,《選佛譜》卷第一・見取・L57,見取
466,第2门,法道流弊門,卷2,破軌則,那彌,那,见烦恼,彌,戒善,不行·安住本位,,,安住,,「那」表见烦恼、「彌」表戒善。这点戒善与见惑相为对治、二俱无力，故不行。,手工逐组（门1–14 手写）,通則,,其餘位中。以阿彌陀善。與那謨惡相為對治。二俱無力。所以並不行也。,《選佛譜》卷第一・見取・L57,見取
467,第2门,法道流弊門,卷2,破軌則,那陀,那,见烦恼,陀,定善,不行·安住本位,,,安住,,「那」表见烦恼、「陀」表定善。这点定善与见惑相为对治、二俱无力，故不行。,手工逐组（门1–14 手写）,通則,,其餘位中。以阿彌陀善。與那謨惡相為對治。二俱無力。所以並不行也。,《選佛譜》卷第一・見取・L57,見取
468,第2门,法道流弊門,卷2,破軌則,那佛,那,见烦恼,佛,无漏善慧,行,出世福業,第1门,升,,「那」表见烦恼、「佛」表无漏善慧。自知烦恼习强，所以勤修出世福业。,手工逐组（门1–14 手写）,直說,那佛。謨佛。自知煩惱習強。所以勤修出世福業。,那佛。謨佛。自知煩惱習強。所以勤修出世福業。,《選佛譜》卷第二・破軌則・L19,破軌則
469,第2门,法道流弊門,卷2,破軌則,謨謨,謨,爱烦恼,謨,爱烦恼,行,少財鬼,第3门,降,,「謨謨」二字俱表爱烦恼。见思重故、不知悔除，故堕少财鬼。,手工逐组（门1–14 手写）,直說,那那等三。見思重故。不知悔除。乃墜三塗。,那那等三。見思重故。不知悔除。乃墜三塗。,《選佛譜》卷第二・破軌則・L19,破軌則
470,第2门,法道流弊門,卷2,破軌則,謨阿,謨,爱烦恼,阿,施善,不行·安住本位,,,安住,,「謨」表爱烦恼、「阿」表施善。威仪之罪未悔，这点施善与爱惑相为对治、二俱无力，故不行。,手工逐组（门1–14 手写）,通則,,其餘位中。以阿彌陀善。與那謨惡相為對治。二俱無力。所以並不行也。,《選佛譜》卷第一・見取・L57,見取
471,第2门,法道流弊門,卷2,破軌則,謨彌,謨,爱烦恼,彌,戒善,不行·安住本位,,,安住,,「謨」表爱烦恼、「彌」表戒善。这点戒善与爱惑相为对治、二俱无力，故不行。,手工逐组（门1–14 手写）,通則,,其餘位中。以阿彌陀善。與那謨惡相為對治。二俱無力。所以並不行也。,《選佛譜》卷第一・見取・L57,見取
472,第2门,法道流弊門,卷2,破軌則,謨陀,謨,爱烦恼,陀,定善,不行·安住本位,,,安住,,「謨」表爱烦恼、「陀」表定善。这点定善与爱惑相为对治、二俱无力，故不行。,手工逐组（门1–14 手写）,通則,,其餘位中。以阿彌陀善。與那謨惡相為對治。二俱無力。所以並不行也。,《選佛譜》卷第一・見取・L57,見取
473,第2门,法道流弊門,卷2,破軌則,謨佛,謨,爱烦恼,佛,无漏善慧,行,出世福業,第1门,升,,「謨」表爱烦恼、「佛」表无漏善慧。自知烦恼习强，所以勤修出世福业。,手工逐组（门1–14 手写）,直說,那佛。謨佛。自知煩惱習強。所以勤修出世福業。,那佛。謨佛。自知煩惱習強。所以勤修出世福業。,《選佛譜》卷第二・破軌則・L19,破軌則
474,第2门,法道流弊門,卷2,破軌則,阿阿,阿,施善,阿,施善,行,畜脩羅,第3门,降,,「阿阿」二字俱表施善。虽有施善、亦未除愆，故成畜修罗。,手工逐组（门1–14 手写）,直說,阿阿雖有施善。亦未除愆。故為畜脩。,阿阿雖有施善。亦未除愆。故為畜脩。,《選佛譜》卷第二・破軌則・L19,破軌則
475,第2门,法道流弊門,卷2,破軌則,阿彌,阿,施善,彌,戒善,行,作法懺,第6门,升,,「阿」表施善、「彌」表戒善。凭这分戒善知依律说悔以求灭罪，是名作法忏。,手工逐组（门1–14 手写）,直說,阿彌等三。並知依律說悔。以求滅罪。為作法懺。,阿彌等三。並知依律說悔。以求滅罪。為作法懺。,《選佛譜》卷第二・破軌則・L19,破軌則
476,第2门,法道流弊門,卷2,破軌則,阿陀,阿,施善,陀,定善,行,作法懺,第6门,升,,「阿」表施善、「陀」表定善。凭这分定善知依律说悔以求灭罪，是名作法忏。,手工逐组（门1–14 手写）,直說,阿彌等三。並知依律說悔。以求滅罪。為作法懺。,阿彌等三。並知依律說悔。以求滅罪。為作法懺。,《選佛譜》卷第二・破軌則・L19,破軌則
477,第2门,法道流弊門,卷2,破軌則,阿佛,阿,施善,佛,无漏善慧,行,無生懺,第6门,升,,「阿」表施善、「佛」表无漏善慧。弃舍犯原、专求出要，是名无生忏。,手工逐组（门1–14 手写）,直說,阿佛棄捨犯原專求出要。為無生懺。,阿佛棄捨犯原專求出要。為無生懺。,《選佛譜》卷第二・破軌則・L19,破軌則
478,第2门,法道流弊門,卷2,破軌則,彌彌,彌,戒善,彌,戒善,行,作法懺,第6门,升,,「彌彌」二字俱表戒善。戒心既切，知依律说悔以求灭罪，是名作法忏。,手工逐组（门1–14 手写）,直說,阿彌等三。並知依律說悔。以求滅罪。為作法懺。,阿彌等三。並知依律說悔。以求滅罪。為作法懺。,《選佛譜》卷第二・破軌則・L19,破軌則
479,第2门,法道流弊門,卷2,破軌則,彌陀,彌,戒善,陀,定善,行,取相懺,第6门,升,,「彌」表戒善、「陀」表定善。戒定相扶，能于小罪怀惧、深思对治，是名取相忏。,手工逐组（门1–14 手写）,直說,彌陀等二。能於小罪懷懼。深思對治。為取相懺。,彌陀等二。能於小罪懷懼。深思對治。為取相懺。,《選佛譜》卷第二・破軌則・L19,破軌則
480,第2门,法道流弊門,卷2,破軌則,彌佛,彌,戒善,佛,无漏善慧,行,下品下生,第14门,横超,,「彌」表戒善、「佛」表无漏善慧。深知末世持律之难，一心念佛求带业往生，功行尚浅，故横超下品下生。,手工逐组（门1–14 手写）,直說,彌佛等三。深知末世持律之難。一心念佛。勤求帶業往生。故隨功行淺深。橫超下輩三品。,彌佛等三。深知末世持律之難。一心念佛。勤求帶業往生。故隨功行淺深。橫超下輩三品。,《選佛譜》卷第二・破軌則・L19,破軌則
481,第2门,法道流弊門,卷2,破軌則,陀陀,陀,定善,陀,定善,行,取相懺,第6门,升,,「陀陀」二字俱表定善。定心深细，能于小罪怀惧、深思对治，是名取相忏。,手工逐组（门1–14 手写）,直說,彌陀等二。能於小罪懷懼。深思對治。為取相懺。,彌陀等二。能於小罪懷懼。深思對治。為取相懺。,《選佛譜》卷第二・破軌則・L19,破軌則
482,第2门,法道流弊門,卷2,破軌則,陀佛,陀,定善,佛,无漏善慧,行,下品中生,第14门,横超,,「陀」表定善、「佛」表无漏善慧。深知末世持律之难，一心念佛求带业往生，功行稍深，故横超下品中生。,手工逐组（门1–14 手写）,直說,彌佛等三。深知末世持律之難。一心念佛。勤求帶業往生。故隨功行淺深。橫超下輩三品。,彌佛等三。深知末世持律之難。一心念佛。勤求帶業往生。故隨功行淺深。橫超下輩三品。,《選佛譜》卷第二・破軌則・L19,破軌則
483,第2门,法道流弊門,卷2,破軌則,佛佛,佛,无漏善慧,佛,无漏善慧,行,下品上生,第14门,横超,,「佛佛」二字俱表无漏善慧。深知末世持律之难，一心念佛求带业往生，功行最深，故横超下品上生。,手工逐组（门1–14 手写）,直說,彌佛等三。深知末世持律之難。一心念佛。勤求帶業往生。故隨功行淺深。橫超下輩三品。,彌佛等三。深知末世持律之難。一心念佛。勤求帶業往生。故隨功行淺深。橫超下輩三品。,《選佛譜》卷第二・破軌則・L19,破軌則
484,第2门,法道流弊門,卷2,毀正見,那那,那,见烦恼,那,见烦恼,行,無間地獄,第3门,降,,「那那」二字俱表见烦恼。既毁正见、又加惑业，故堕无间地狱剧苦。,手工逐组（门1–14 手写）,直說,那那等三。既毀正見。又加惑業。故墜三塗劇苦。,那那等三。既毀正見。又加惑業。故墜三塗劇苦。,《選佛譜》卷第二・毀正見・L23,毀正見
485,第2门,法道流弊門,卷2,毀正見,那謨,那,见烦恼,謨,爱烦恼,行,下品畜生,第3门,降,,「那」表见烦恼、「謨」表爱烦恼。既毁正见、又加惑业，故成下品畜生。,手工逐组（门1–14 手写）,直說,那那等三。既毀正見。又加惑業。故墜三塗劇苦。,那那等三。既毀正見。又加惑業。故墜三塗劇苦。,《選佛譜》卷第二・毀正見・L23,毀正見
486,第2门,法道流弊門,卷2,毀正見,那阿,那,见烦恼,阿,施善,不行·安住本位,,,安住,,「那」表见烦恼、「阿」表施善。邪见未离，这点施善与见惑相为对治、二俱无力，故不行。,手工逐组（门1–14 手写）,通則,,其餘位中。以阿彌陀善。與那謨惡相為對治。二俱無力。所以並不行也。,《選佛譜》卷第一・見取・L57,見取
487,第2门,法道流弊門,卷2,毀正見,那彌,那,见烦恼,彌,戒善,不行·安住本位,,,安住,,「那」表见烦恼、「彌」表戒善。此位斥持戒为小乘，这点戒善与见惑相为对治、二俱无力，故不行。,手工逐组（门1–14 手写）,通則,,其餘位中。以阿彌陀善。與那謨惡相為對治。二俱無力。所以並不行也。,《選佛譜》卷第一・見取・L57,見取
488,第2门,法道流弊門,卷2,毀正見,那陀,那,见烦恼,陀,定善,不行·安住本位,,,安住,,「那」表见烦恼、「陀」表定善。这点定善与见惑相为对治、二俱无力，故不行。,手工逐组（门1–14 手写）,通則,,其餘位中。以阿彌陀善。與那謨惡相為對治。二俱無力。所以並不行也。,《選佛譜》卷第一・見取・L57,見取
489,第2门,法道流弊門,卷2,毀正見,那佛,那,见烦恼,佛,无漏善慧,行,作法懺,第6门,升,,「那」表见烦恼、「佛」表无漏善慧。虽有见思、不敢背佛，故能依律作法以除恶见。,手工逐组（门1–14 手写）,直說,那佛。謨佛。雖有見思。不敢背佛。故能依律作法以除惡見。,那佛。謨佛。雖有見思。不敢背佛。故能依律作法以除惡見。,《選佛譜》卷第二・毀正見・L23,毀正見
490,第2门,法道流弊門,卷2,毀正見,謨謨,謨,爱烦恼,謨,爱烦恼,行,無財鬼,第3门,降,,「謨謨」二字俱表爱烦恼。既毁正见、又加惑业，故堕无财鬼。,手工逐组（门1–14 手写）,直說,那那等三。既毀正見。又加惑業。故墜三塗劇苦。,那那等三。既毀正見。又加惑業。故墜三塗劇苦。,《選佛譜》卷第二・毀正見・L23,毀正見
491,第2门,法道流弊門,卷2,毀正見,謨阿,謨,爱烦恼,阿,施善,不行·安住本位,,,安住,,「謨」表爱烦恼、「阿」表施善。邪见未离，这点施善与爱惑相为对治、二俱无力，故不行。,手工逐组（门1–14 手写）,通則,,其餘位中。以阿彌陀善。與那謨惡相為對治。二俱無力。所以並不行也。,《選佛譜》卷第一・見取・L57,見取
492,第2门,法道流弊門,卷2,毀正見,謨彌,謨,爱烦恼,彌,戒善,不行·安住本位,,,安住,,「謨」表爱烦恼、「彌」表戒善。此位斥持戒为小乘，这点戒善与爱惑相为对治、二俱无力，故不行。,手工逐组（门1–14 手写）,通則,,其餘位中。以阿彌陀善。與那謨惡相為對治。二俱無力。所以並不行也。,《選佛譜》卷第一・見取・L57,見取
493,第2门,法道流弊門,卷2,毀正見,謨陀,謨,爱烦恼,陀,定善,不行·安住本位,,,安住,,「謨」表爱烦恼、「陀」表定善。这点定善与爱惑相为对治、二俱无力，故不行。,手工逐组（门1–14 手写）,通則,,其餘位中。以阿彌陀善。與那謨惡相為對治。二俱無力。所以並不行也。,《選佛譜》卷第一・見取・L57,見取
494,第2门,法道流弊門,卷2,毀正見,謨佛,謨,爱烦恼,佛,无漏善慧,行,作法懺,第6门,升,,「謨」表爱烦恼、「佛」表无漏善慧。虽有见思、不敢背佛，故能依律作法以除恶见。,手工逐组（门1–14 手写）,直說,那佛。謨佛。雖有見思。不敢背佛。故能依律作法以除惡見。,那佛。謨佛。雖有見思。不敢背佛。故能依律作法以除惡見。,《選佛譜》卷第二・毀正見・L23,毀正見
495,第2门,法道流弊門,卷2,毀正見,阿阿,阿,施善,阿,施善,行,中品畜生,第3门,降,,「阿阿」二字俱表施善。虽有微善、未离邪见，故成中品畜生。,手工逐组（门1–14 手写）,直說,阿阿等四。雖有微善。未離邪見。難免鬼畜脩羅。,阿阿等四。雖有微善。未離邪見。難免鬼畜脩羅。,《選佛譜》卷第二・毀正見・L23,毀正見
496,第2门,法道流弊門,卷2,毀正見,阿彌,阿,施善,彌,戒善,行,少財鬼,第3门,降,,「阿」表施善、「彌」表戒善。虽有微善、未离邪见，故堕少财鬼。,手工逐组（门1–14 手写）,直說,阿阿等四。雖有微善。未離邪見。難免鬼畜脩羅。,阿阿等四。雖有微善。未離邪見。難免鬼畜脩羅。,《選佛譜》卷第二・毀正見・L23,毀正見
497,第2门,法道流弊門,卷2,毀正見,阿陀,阿,施善,陀,定善,行,有財鬼,第3门,降,,「阿」表施善、「陀」表定善。虽有微善、未离邪见，故堕有财鬼。,手工逐组（门1–14 手写）,直說,阿阿等四。雖有微善。未離邪見。難免鬼畜脩羅。,阿阿等四。雖有微善。未離邪見。難免鬼畜脩羅。,《選佛譜》卷第二・毀正見・L23,毀正見
498,第2门,法道流弊門,卷2,毀正見,阿佛,阿,施善,佛,无漏善慧,行,取相懺,第6门,升,,「阿」表施善、「佛」表无漏善慧。尽舍邪执而求感应，是名取相忏。,手工逐组（门1–14 手写）,直說,阿佛。則盡捨邪執而求感應為取相懺。,阿佛。則盡捨邪執而求感應為取相懺。,《選佛譜》卷第二・毀正見・L23,毀正見
499,第2门,法道流弊門,卷2,毀正見,彌彌,彌,戒善,彌,戒善,行,畜脩羅,第3门,降,,「彌彌」二字俱表戒善。虽有微善、未离邪见，故成畜修罗。,手工逐组（门1–14 手写）,直說,阿阿等四。雖有微善。未離邪見。難免鬼畜脩羅。,阿阿等四。雖有微善。未離邪見。難免鬼畜脩羅。,《選佛譜》卷第二・毀正見・L23,毀正見
500,第2门,法道流弊門,卷2,毀正見,彌陀,彌,戒善,陀,定善,行,十種仙,第4门,升,,「彌」表戒善、「陀」表定善。以僻见而修戒定，仅入仙曹。,手工逐组（门1–14 手写）,直說,彌陀。以僻見而修戒定。僅入仙曹。,彌陀。以僻見而修戒定。僅入仙曹。,《選佛譜》卷第二・毀正見・L23,毀正見
501,第2门,法道流弊門,卷2,毀正見,彌佛,彌,戒善,佛,无漏善慧,行,無生懺,第6门,升,,「彌」表戒善、「佛」表无漏善慧。观罪性空而敦戒德，是名无生忏。,手工逐组（门1–14 手写）,直說,彌佛。則觀罪性空而敦戒德為無生懺。,彌佛。則觀罪性空而敦戒德為無生懺。,《選佛譜》卷第二・毀正見・L23,毀正見
502,第2门,法道流弊門,卷2,毀正見,陀陀,陀,定善,陀,定善,行,魔羅天,第4门,升,,「陀陀」二字俱表定善。以邪解而取神通，终成魔侣。,手工逐组（门1–14 手写）,直說,陀陀。以邪解而取神通。終成魔侶。,陀陀。以邪解而取神通。終成魔侶。,《選佛譜》卷第二・毀正見・L23,毀正見
503,第2门,法道流弊門,卷2,毀正見,陀佛,陀,定善,佛,无漏善慧,行,求生淨土,第9门,升,,「陀」表定善、「佛」表无漏善慧。一心念佛以除疑，故得求生净土。,手工逐组（门1–14 手写）,直說,陀佛。則一心念佛以除疑。,陀佛。則一心念佛以除疑。,《選佛譜》卷第二・毀正見・L23,毀正見
504,第2门,法道流弊門,卷2,毀正見,佛佛,佛,无漏善慧,佛,无漏善慧,行,圓頓妙觀,第9门,升,,「佛佛」二字俱表无漏善慧。深观邪见之实相，即入圆顿妙观。,手工逐组（门1–14 手写）,直說,佛佛。則深觀邪見之實相也。,佛佛。則深觀邪見之實相也。,《選佛譜》卷第二・毀正見・L23,毀正見
505,第2门,法道流弊門,卷2,棄多聞,那那,那,见烦恼,那,见烦恼,行,有間地獄,第3门,降,,「那那」二字俱表见烦恼。既弃多闻便成痴昧，更加见惑恶业，故堕有间地狱。,手工逐组（门1–14 手写）,直說,故那那則墮有間。,既棄多聞。便成癡昧。更加以見思惡業。安得不從墜落。故那那則墮有間。,《選佛譜》卷第二・棄多聞・L27,棄多聞
506,第2门,法道流弊門,卷2,棄多聞,那謨,那,见烦恼,謨,爱烦恼,行,下品畜生,第3门,降,,「那」表见烦恼、「謨」表爱烦恼。既弃多闻便成痴昧，更加惑业，故成下品畜生。,手工逐组（门1–14 手写）,直說,那謨則為下畜。,那謨則為下畜。,《選佛譜》卷第二・棄多聞・L27,棄多聞
507,第2门,法道流弊門,卷2,棄多聞,那阿,那,见烦恼,阿,施善,不行·安住本位,,,安住,,「那」表见烦恼、「阿」表施善。痴暗未除，这点施善与见惑相为对治、二俱无力，故不行。,手工逐组（门1–14 手写）,通則,,其餘位中。以阿彌陀善。與那謨惡相為對治。二俱無力。所以並不行也。,《選佛譜》卷第一・見取・L57,見取
508,第2门,法道流弊門,卷2,棄多聞,那彌,那,见烦恼,彌,戒善,不行·安住本位,,,安住,,「那」表见烦恼、「彌」表戒善。这点戒善与见惑相为对治、二俱无力，故不行。,手工逐组（门1–14 手写）,通則,,其餘位中。以阿彌陀善。與那謨惡相為對治。二俱無力。所以並不行也。,《選佛譜》卷第一・見取・L57,見取
509,第2门,法道流弊門,卷2,棄多聞,那陀,那,见烦恼,陀,定善,不行·安住本位,,,安住,,「那」表见烦恼、「陀」表定善。这点定善与见惑相为对治、二俱无力，故不行。,手工逐组（门1–14 手写）,通則,,其餘位中。以阿彌陀善。與那謨惡相為對治。二俱無力。所以並不行也。,《選佛譜》卷第一・見取・L57,見取
510,第2门,法道流弊門,卷2,棄多聞,那佛,那,见烦恼,佛,无漏善慧,行,聽法雜眾,第6门,升,,「那」表见烦恼、「佛」表无漏善慧。虽具烦恼、犹不忘佛，故得听法。,手工逐组（门1–14 手写）,直說,那佛。謨佛。雖具煩惱。猶不忘佛。故能聽法。,那佛。謨佛。雖具煩惱。猶不忘佛。故能聽法。,《選佛譜》卷第二・棄多聞・L27,棄多聞
511,第2门,法道流弊門,卷2,棄多聞,謨謨,謨,爱烦恼,謨,爱烦恼,行,中品畜生,第3门,降,,「謨謨」二字俱表爱烦恼。既弃多闻便成痴昧，更加爱惑，故成中品畜生。,手工逐组（门1–14 手写）,直說,謨謨則為中畜也。,謨謨則為中畜也。,《選佛譜》卷第二・棄多聞・L27,棄多聞
512,第2门,法道流弊門,卷2,棄多聞,謨阿,謨,爱烦恼,阿,施善,不行·安住本位,,,安住,,「謨」表爱烦恼、「阿」表施善。痴暗未除，这点施善与爱惑相为对治、二俱无力，故不行。,手工逐组（门1–14 手写）,通則,,其餘位中。以阿彌陀善。與那謨惡相為對治。二俱無力。所以並不行也。,《選佛譜》卷第一・見取・L57,見取
513,第2门,法道流弊門,卷2,棄多聞,謨彌,謨,爱烦恼,彌,戒善,不行·安住本位,,,安住,,「謨」表爱烦恼、「彌」表戒善。这点戒善与爱惑相为对治、二俱无力，故不行。,手工逐组（门1–14 手写）,通則,,其餘位中。以阿彌陀善。與那謨惡相為對治。二俱無力。所以並不行也。,《選佛譜》卷第一・見取・L57,見取
514,第2门,法道流弊門,卷2,棄多聞,謨陀,謨,爱烦恼,陀,定善,不行·安住本位,,,安住,,「謨」表爱烦恼、「陀」表定善。这点定善与爱惑相为对治、二俱无力，故不行。,手工逐组（门1–14 手写）,通則,,其餘位中。以阿彌陀善。與那謨惡相為對治。二俱無力。所以並不行也。,《選佛譜》卷第一・見取・L57,見取
515,第2门,法道流弊門,卷2,棄多聞,謨佛,謨,爱烦恼,佛,无漏善慧,行,聽法雜眾,第6门,升,,「謨」表爱烦恼、「佛」表无漏善慧。虽具烦恼、犹不忘佛，故得听法。,手工逐组（门1–14 手写）,直說,那佛。謨佛。雖具煩惱。猶不忘佛。故能聽法。,那佛。謨佛。雖具煩惱。猶不忘佛。故能聽法。,《選佛譜》卷第二・棄多聞・L27,棄多聞
516,第2门,法道流弊門,卷2,棄多聞,阿阿,阿,施善,阿,施善,行,上品畜生,第3门,降,,「阿阿」二字俱表施善。虽有施福，由痴暗故，仍为上品畜生。,手工逐组（门1–14 手写）,直說,阿阿雖有施福。由癡暗故。仍為上畜。,阿阿雖有施福。由癡暗故。仍為上畜。,《選佛譜》卷第二・棄多聞・L27,棄多聞
517,第2门,法道流弊門,卷2,棄多聞,阿彌,阿,施善,彌,戒善,行,畜脩羅,第3门,降,,「阿」表施善、「彌」表戒善。虽有施戒，以愚劣故，仍成畜修罗。,手工逐组（门1–14 手写）,直說,阿彌雖有施戒。以愚劣故。仍為畜脩。,阿彌雖有施戒。以愚劣故。仍為畜脩。,《選佛譜》卷第二・棄多聞・L27,棄多聞
518,第2门,法道流弊門,卷2,棄多聞,阿陀,阿,施善,陀,定善,行,西牛貨洲,第4门,升,,「阿」表施善、「陀」表定善。福力虽有，佛法缘疏，故生西牛货洲。,手工逐组（门1–14 手写）,直說,彌彌。阿陀。雖有福力。佛法緣疏。故為西洲。,彌彌。阿陀。雖有福力。佛法緣疏。故為西洲。,《選佛譜》卷第二・棄多聞・L27,棄多聞
519,第2门,法道流弊門,卷2,棄多聞,阿佛,阿,施善,佛,无漏善慧,行,發辟支佛心,第9门,升,,「阿」表施善、「佛」表无漏善慧。于生灭门离文求证，故发辟支佛心。,手工逐组（门1–14 手写）,直說,阿佛。於生滅門。離文求證。故為辟支佛心。,阿佛。於生滅門。離文求證。故為辟支佛心。,《選佛譜》卷第二・棄多聞・L27,棄多聞
520,第2门,法道流弊門,卷2,棄多聞,彌彌,彌,戒善,彌,戒善,行,西牛貨洲,第4门,升,,「彌彌」二字俱表戒善。戒福虽有，佛法缘疏，故生西牛货洲。,手工逐组（门1–14 手写）,直說,彌彌。阿陀。雖有福力。佛法緣疏。故為西洲。,彌彌。阿陀。雖有福力。佛法緣疏。故為西洲。,《選佛譜》卷第二・棄多聞・L27,棄多聞
521,第2门,法道流弊門,卷2,棄多聞,彌陀,彌,戒善,陀,定善,行,北俱盧洲,第4门,升,,「彌」表戒善、「陀」表定善。福虽又胜，法缘仍远，故生北俱卢洲。,手工逐组（门1–14 手写）,直說,彌陀福雖又勝。法緣仍遠。故為北洲。,彌陀福雖又勝。法緣仍遠。故為北洲。,《選佛譜》卷第二・棄多聞・L27,棄多聞
522,第2门,法道流弊門,卷2,棄多聞,彌佛,彌,戒善,佛,无漏善慧,行,體空觀,第9门,升,,「彌」表戒善、「佛」表无漏善慧。于无生门忘言会理，故修体空观。,手工逐组（门1–14 手写）,直說,彌佛。於無生門。忘言會理。故為修體空觀。,彌佛。於無生門。忘言會理。故為修體空觀。,《選佛譜》卷第二・棄多聞・L27,棄多聞
523,第2门,法道流弊門,卷2,棄多聞,陀陀,陀,定善,陀,定善,行,無想天,第5门,升,,「陀陀」二字俱表定善。深入四禅而不闻法，终同无想外道。,手工逐组（门1–14 手写）,直說,陀陀深入四禪。故為無聞比丘竟同無想外道。,陀陀深入四禪。故為無聞比丘竟同無想外道。,《選佛譜》卷第二・棄多聞・L27,棄多聞
524,第2门,法道流弊門,卷2,棄多聞,陀佛,陀,定善,佛,无漏善慧,行,次第三觀,第9门,升,,「陀」表定善、「佛」表无漏善慧。不着筌蹄而渐观中道，故入次第三观。,手工逐组（门1–14 手写）,直說,陀佛。則不著筌蹏漸觀中道。,陀佛。則不著筌蹏漸觀中道。,《選佛譜》卷第二・棄多聞・L27,棄多聞
525,第2门,法道流弊門,卷2,棄多聞,佛佛,佛,无漏善慧,佛,无漏善慧,行,圓頓妙觀,第9门,升,,「佛佛」二字俱表无漏善慧。少闻多解、顿企圆修，故入圆顿妙观。,手工逐组（门1–14 手写）,直說,佛佛。則少聞多解。頓企圓修也。,佛佛。則少聞多解。頓企圓修也。,《選佛譜》卷第二・棄多聞・L27,棄多聞
526,第2门,法道流弊門,卷2,增上慢,那那,那,见烦恼,那,见烦恼,行,有間地獄,第3门,降,,「那那」二字俱表见烦恼。既无寸善，必堕三涂，故入有间地狱。,手工逐组（门1–14 手写）,直說,故那那等三。既無寸善。必墮三塗。,故那那等三。既無寸善。必墮三塗。,《選佛譜》卷第二・增上慢・L31,增上慢
527,第2门,法道流弊門,卷2,增上慢,那謨,那,见烦恼,謨,爱烦恼,行,中品畜生,第3门,降,,「那」表见烦恼、「謨」表爱烦恼。既无寸善，必堕三涂，故成中品畜生。,手工逐组（门1–14 手写）,直說,故那那等三。既無寸善。必墮三塗。,故那那等三。既無寸善。必墮三塗。,《選佛譜》卷第二・增上慢・L31,增上慢
528,第2门,法道流弊門,卷2,增上慢,那阿,那,见烦恼,阿,施善,不行·安住本位,,,安住,,「那」表见烦恼、「阿」表施善。慢心未伏，这点施善与见惑相为对治、二俱无力，故不行。,手工逐组（门1–14 手写）,通則,,其餘位中。以阿彌陀善。與那謨惡相為對治。二俱無力。所以並不行也。,《選佛譜》卷第一・見取・L57,見取
529,第2门,法道流弊門,卷2,增上慢,那彌,那,见烦恼,彌,戒善,不行·安住本位,,,安住,,「那」表见烦恼、「彌」表戒善。这点戒善与见惑相为对治、二俱无力，故不行。,手工逐组（门1–14 手写）,通則,,其餘位中。以阿彌陀善。與那謨惡相為對治。二俱無力。所以並不行也。,《選佛譜》卷第一・見取・L57,見取
530,第2门,法道流弊門,卷2,增上慢,那陀,那,见烦恼,陀,定善,不行·安住本位,,,安住,,「那」表见烦恼、「陀」表定善。这点定善与见惑相为对治、二俱无力，故不行。,手工逐组（门1–14 手写）,通則,,其餘位中。以阿彌陀善。與那謨惡相為對治。二俱無力。所以並不行也。,《選佛譜》卷第一・見取・L57,見取
531,第2门,法道流弊門,卷2,增上慢,那佛,那,见烦恼,佛,无漏善慧,行,大梵天,第5门,升,,「那」表见烦恼、「佛」表无漏善慧。仗佛慈光得为初禅之主，仍怀大慢，故生大梵天。,手工逐组（门1–14 手写）,直說,那佛。仗佛慈光。為初禪主。仍懷大慢。,那佛。仗佛慈光。為初禪主。仍懷大慢。,《選佛譜》卷第二・增上慢・L31,增上慢
532,第2门,法道流弊門,卷2,增上慢,謨謨,謨,爱烦恼,謨,爱烦恼,行,少財鬼,第3门,降,,「謨謨」二字俱表爱烦恼。既无寸善，必堕三涂，故堕少财鬼。,手工逐组（门1–14 手写）,直說,故那那等三。既無寸善。必墮三塗。,故那那等三。既無寸善。必墮三塗。,《選佛譜》卷第二・增上慢・L31,增上慢
533,第2门,法道流弊門,卷2,增上慢,謨阿,謨,爱烦恼,阿,施善,不行·安住本位,,,安住,,「謨」表爱烦恼、「阿」表施善。慢心未伏，这点施善与爱惑相为对治、二俱无力，故不行。,手工逐组（门1–14 手写）,通則,,其餘位中。以阿彌陀善。與那謨惡相為對治。二俱無力。所以並不行也。,《選佛譜》卷第一・見取・L57,見取
534,第2门,法道流弊門,卷2,增上慢,謨彌,謨,爱烦恼,彌,戒善,不行·安住本位,,,安住,,「謨」表爱烦恼、「彌」表戒善。这点戒善与爱惑相为对治、二俱无力，故不行。,手工逐组（门1–14 手写）,通則,,其餘位中。以阿彌陀善。與那謨惡相為對治。二俱無力。所以並不行也。,《選佛譜》卷第一・見取・L57,見取
535,第2门,法道流弊門,卷2,增上慢,謨陀,謨,爱烦恼,陀,定善,不行·安住本位,,,安住,,「謨」表爱烦恼、「陀」表定善。这点定善与爱惑相为对治、二俱无力，故不行。,手工逐组（门1–14 手写）,通則,,其餘位中。以阿彌陀善。與那謨惡相為對治。二俱無力。所以並不行也。,《選佛譜》卷第一・見取・L57,見取
536,第2门,法道流弊門,卷2,增上慢,謨佛,謨,爱烦恼,佛,无漏善慧,行,出世戒學,第1门,升,,「謨」表爱烦恼、「佛」表无漏善慧。归依大觉、未忘慢习，姑秉戒章，故入出世戒学。,手工逐组（门1–14 手写）,直說,謨佛。歸依大覺。未忘慢習。姑秉戒章。,謨佛。歸依大覺。未忘慢習。姑秉戒章。,《選佛譜》卷第二・增上慢・L31,增上慢
537,第2门,法道流弊門,卷2,增上慢,阿阿,阿,施善,阿,施善,行,畜脩羅,第3门,降,,「阿阿」二字俱表施善。虽有福善，由慢过重，不出修罗趣，故成畜修罗。,手工逐组（门1–14 手写）,直說,阿阿等六。雖有福善。由慢過重。不出鬼神脩羅趣中。,阿阿等六。雖有福善。由慢過重。不出鬼神脩羅趣中。,《選佛譜》卷第二・增上慢・L31,增上慢
538,第2门,法道流弊門,卷2,增上慢,阿彌,阿,施善,彌,戒善,行,有財鬼,第3门,降,,「阿」表施善、「彌」表戒善。虽有福善，由慢过重，不出鬼趣，故堕有财鬼。,手工逐组（门1–14 手写）,直說,阿阿等六。雖有福善。由慢過重。不出鬼神脩羅趣中。,阿阿等六。雖有福善。由慢過重。不出鬼神脩羅趣中。,《選佛譜》卷第二・增上慢・L31,增上慢
539,第2门,法道流弊門,卷2,增上慢,阿陀,阿,施善,陀,定善,行,鬼脩羅,第3门,降,,「阿」表施善、「陀」表定善。虽有福善，由慢过重，不出修罗趣，故成鬼修罗。,手工逐组（门1–14 手写）,直說,阿阿等六。雖有福善。由慢過重。不出鬼神脩羅趣中。,阿阿等六。雖有福善。由慢過重。不出鬼神脩羅趣中。,《選佛譜》卷第二・增上慢・L31,增上慢
540,第2门,法道流弊門,卷2,增上慢,阿佛,阿,施善,佛,无漏善慧,行,煖位,第10门,升,,「阿」表施善、「佛」表无漏善慧。始伏慢心，得登煖位。,手工逐组（门1–14 手写）,直說,阿佛。始伏慢心。得登煖位。,阿佛。始伏慢心。得登煖位。,《選佛譜》卷第二・增上慢・L31,增上慢
541,第2门,法道流弊門,卷2,增上慢,彌彌,彌,戒善,彌,戒善,行,鬼脩羅,第3门,降,,「彌彌」二字俱表戒善。虽有福善，由慢过重，不出修罗趣，故成鬼修罗。,手工逐组（门1–14 手写）,直說,阿阿等六。雖有福善。由慢過重。不出鬼神脩羅趣中。,阿阿等六。雖有福善。由慢過重。不出鬼神脩羅趣中。,《選佛譜》卷第二・增上慢・L31,增上慢
542,第2门,法道流弊門,卷2,增上慢,彌陀,彌,戒善,陀,定善,行,人脩羅,第3门,降,,「彌」表戒善、「陀」表定善。虽有福善，由慢过重，不出修罗趣，故成人修罗。,手工逐组（门1–14 手写）,直說,阿阿等六。雖有福善。由慢過重。不出鬼神脩羅趣中。,阿阿等六。雖有福善。由慢過重。不出鬼神脩羅趣中。,《選佛譜》卷第二・增上慢・L31,增上慢
543,第2门,法道流弊門,卷2,增上慢,彌佛,彌,戒善,佛,无漏善慧,行,二性地,第11门,升,,「彌」表戒善、「佛」表无漏善慧。观慢无性，性水初沾，故入二性地。,手工逐组（门1–14 手写）,直說,彌佛。觀慢無性。性水初沾。,彌佛。觀慢無性。性水初沾。,《選佛譜》卷第二・增上慢・L31,增上慢
544,第2门,法道流弊門,卷2,增上慢,陀陀,陀,定善,陀,定善,行,天脩羅,第3门,降,,「陀陀」二字俱表定善。虽有福善，由慢过重，不出修罗趣，故成天修罗。,手工逐组（门1–14 手写）,直說,阿阿等六。雖有福善。由慢過重。不出鬼神脩羅趣中。,阿阿等六。雖有福善。由慢過重。不出鬼神脩羅趣中。,《選佛譜》卷第二・增上慢・L31,增上慢
545,第2门,法道流弊門,卷2,增上慢,陀佛,陀,定善,佛,无漏善慧,行,次第三觀,第9门,升,,「陀」表定善、「佛」表无漏善慧。破慢而渐悟真如，故入次第三观。,手工逐组（门1–14 手写）,直說,陀佛。則破慢而漸悟真如。,陀佛。則破慢而漸悟真如。,《選佛譜》卷第二・增上慢・L31,增上慢
546,第2门,法道流弊門,卷2,增上慢,佛佛,佛,无漏善慧,佛,无漏善慧,行,圓頓妙觀,第9门,升,,「佛佛」二字俱表无漏善慧。即慢而深观实相，故入圆顿妙观。,手工逐组（门1–14 手写）,直說,佛佛。則即慢而深觀實相也。,佛佛。則即慢而深觀實相也。,《選佛譜》卷第二・增上慢・L31,增上慢
547,第3门,四種惡趣門,卷2,阿鼻地獄,那那,那,见烦恼,那,见烦恼,不行·安住本位,,,安住,,「那那」二字俱表见烦恼。剧苦之中见思无从现行，故不行。,手工逐组（门1–14 手写）,直說,故那那等三。亦皆不行。,劇苦之中。見思無由起於現行。故那那等三。亦皆不行。,《選佛譜》卷第二・阿鼻地獄・L41,阿鼻地獄
548,第3门,四種惡趣門,卷2,阿鼻地獄,那謨,那,见烦恼,謨,爱烦恼,不行·安住本位,,,安住,,「那」表见烦恼、「謨」表爱烦恼。剧苦之中见思无从现行，故不行。,手工逐组（门1–14 手写）,直說,故那那等三。亦皆不行。,劇苦之中。見思無由起於現行。故那那等三。亦皆不行。,《選佛譜》卷第二・阿鼻地獄・L41,阿鼻地獄
549,第3门,四種惡趣門,卷2,阿鼻地獄,那阿,那,见烦恼,阿,施善,不行·安住本位,,,安住,,「那」表见烦恼、「阿」表施善。剧苦之中见思无从现行，故不行。,手工逐组（门1–14 手写）,通則,故阿阿乃至謨佛。悉皆不行。一者為顯墮此獄人。生前並無善根可恃。此中又無善事可修。二者亦顯一墮難出。劫數長遠故也。劇苦之中。見思無由起於現行。,其餘位中。以阿彌陀善。與那謨惡相為對治。二俱無力。所以並不行也。,《選佛譜》卷第一・見取・L57,見取
550,第3门,四種惡趣門,卷2,阿鼻地獄,那彌,那,见烦恼,彌,戒善,不行·安住本位,,,安住,,「那」表见烦恼、「彌」表戒善。剧苦之中见思无从现行，故不行。,手工逐组（门1–14 手写）,通則,故阿阿乃至謨佛。悉皆不行。一者為顯墮此獄人。生前並無善根可恃。此中又無善事可修。二者亦顯一墮難出。劫數長遠故也。劇苦之中。見思無由起於現行。,其餘位中。以阿彌陀善。與那謨惡相為對治。二俱無力。所以並不行也。,《選佛譜》卷第一・見取・L57,見取
551,第3门,四種惡趣門,卷2,阿鼻地獄,那陀,那,见烦恼,陀,定善,不行·安住本位,,,安住,,「那」表见烦恼、「陀」表定善。剧苦之中见思无从现行，故不行。,手工逐组（门1–14 手写）,通則,故阿阿乃至謨佛。悉皆不行。一者為顯墮此獄人。生前並無善根可恃。此中又無善事可修。二者亦顯一墮難出。劫數長遠故也。劇苦之中。見思無由起於現行。,其餘位中。以阿彌陀善。與那謨惡相為對治。二俱無力。所以並不行也。,《選佛譜》卷第一・見取・L57,見取
552,第3门,四種惡趣門,卷2,阿鼻地獄,那佛,那,见烦恼,佛,无漏善慧,不行·安住本位,,,安住,,「那」表见烦恼、「佛」表无漏善慧。此狱寿长、一堕难出，见思又无从现行，故不行。,手工逐组（门1–14 手写）,直說,故阿阿乃至謨佛。悉皆不行。一者為顯墮此獄人。生前並無善根可恃。此中又無善事可修。二者亦顯一墮難出。劫數長遠故也。劇苦之中。見思無由起於現行。,按諸經論。此獄壽長。故阿阿乃至謨佛。悉皆不行。一者為顯墮此獄人。生前並無善根可恃。此中又無善事可修。二者亦顯一墮難出。劫數長遠故也。,《選佛譜》卷第二・阿鼻地獄・L41,阿鼻地獄
553,第3门,四種惡趣門,卷2,阿鼻地獄,謨謨,謨,爱烦恼,謨,爱烦恼,不行·安住本位,,,安住,,「謨謨」二字俱表爱烦恼。剧苦之中见思无从现行，故不行。,手工逐组（门1–14 手写）,直說,故那那等三。亦皆不行。,劇苦之中。見思無由起於現行。故那那等三。亦皆不行。,《選佛譜》卷第二・阿鼻地獄・L41,阿鼻地獄
554,第3门,四種惡趣門,卷2,阿鼻地獄,謨阿,謨,爱烦恼,阿,施善,不行·安住本位,,,安住,,「謨」表爱烦恼、「阿」表施善。剧苦之中见思无从现行，故不行。,手工逐组（门1–14 手写）,通則,故阿阿乃至謨佛。悉皆不行。一者為顯墮此獄人。生前並無善根可恃。此中又無善事可修。二者亦顯一墮難出。劫數長遠故也。劇苦之中。見思無由起於現行。,其餘位中。以阿彌陀善。與那謨惡相為對治。二俱無力。所以並不行也。,《選佛譜》卷第一・見取・L57,見取
555,第3门,四種惡趣門,卷2,阿鼻地獄,謨彌,謨,爱烦恼,彌,戒善,不行·安住本位,,,安住,,「謨」表爱烦恼、「彌」表戒善。剧苦之中见思无从现行，故不行。,手工逐组（门1–14 手写）,通則,故阿阿乃至謨佛。悉皆不行。一者為顯墮此獄人。生前並無善根可恃。此中又無善事可修。二者亦顯一墮難出。劫數長遠故也。劇苦之中。見思無由起於現行。,其餘位中。以阿彌陀善。與那謨惡相為對治。二俱無力。所以並不行也。,《選佛譜》卷第一・見取・L57,見取
556,第3门,四種惡趣門,卷2,阿鼻地獄,謨陀,謨,爱烦恼,陀,定善,不行·安住本位,,,安住,,「謨」表爱烦恼、「陀」表定善。剧苦之中见思无从现行，故不行。,手工逐组（门1–14 手写）,通則,故阿阿乃至謨佛。悉皆不行。一者為顯墮此獄人。生前並無善根可恃。此中又無善事可修。二者亦顯一墮難出。劫數長遠故也。劇苦之中。見思無由起於現行。,其餘位中。以阿彌陀善。與那謨惡相為對治。二俱無力。所以並不行也。,《選佛譜》卷第一・見取・L57,見取
557,第3门,四種惡趣門,卷2,阿鼻地獄,謨佛,謨,爱烦恼,佛,无漏善慧,不行·安住本位,,,安住,,「謨」表爱烦恼、「佛」表无漏善慧。此狱寿长、一堕难出，见思又无从现行，故不行。,手工逐组（门1–14 手写）,直說,故阿阿乃至謨佛。悉皆不行。一者為顯墮此獄人。生前並無善根可恃。此中又無善事可修。二者亦顯一墮難出。劫數長遠故也。劇苦之中。見思無由起於現行。,按諸經論。此獄壽長。故阿阿乃至謨佛。悉皆不行。一者為顯墮此獄人。生前並無善根可恃。此中又無善事可修。二者亦顯一墮難出。劫數長遠故也。,《選佛譜》卷第二・阿鼻地獄・L41,阿鼻地獄
558,第3门,四種惡趣門,卷2,阿鼻地獄,阿阿,阿,施善,阿,施善,不行·安住本位,,,安住,,「阿阿」二字俱表施善。堕此狱者生前无善根可恃，此中又无善事可修，故不行。,手工逐组（门1–14 手写）,直說,故阿阿乃至謨佛。悉皆不行。一者為顯墮此獄人。生前並無善根可恃。此中又無善事可修。二者亦顯一墮難出。劫數長遠故也。劇苦之中。見思無由起於現行。,按諸經論。此獄壽長。故阿阿乃至謨佛。悉皆不行。一者為顯墮此獄人。生前並無善根可恃。此中又無善事可修。二者亦顯一墮難出。劫數長遠故也。,《選佛譜》卷第二・阿鼻地獄・L41,阿鼻地獄
559,第3门,四種惡趣門,卷2,阿鼻地獄,阿彌,阿,施善,彌,戒善,不行·安住本位,,,安住,,「阿」表施善、「彌」表戒善。堕此狱者生前无善根可恃，此中又无善事可修，故不行。,手工逐组（门1–14 手写）,直說,故阿阿乃至謨佛。悉皆不行。一者為顯墮此獄人。生前並無善根可恃。此中又無善事可修。二者亦顯一墮難出。劫數長遠故也。劇苦之中。見思無由起於現行。,按諸經論。此獄壽長。故阿阿乃至謨佛。悉皆不行。一者為顯墮此獄人。生前並無善根可恃。此中又無善事可修。二者亦顯一墮難出。劫數長遠故也。,《選佛譜》卷第二・阿鼻地獄・L41,阿鼻地獄
560,第3门,四種惡趣門,卷2,阿鼻地獄,阿陀,阿,施善,陀,定善,不行·安住本位,,,安住,,「阿」表施善、「陀」表定善。堕此狱者生前无善根可恃，此中又无善事可修，故不行。,手工逐组（门1–14 手写）,直說,故阿阿乃至謨佛。悉皆不行。一者為顯墮此獄人。生前並無善根可恃。此中又無善事可修。二者亦顯一墮難出。劫數長遠故也。劇苦之中。見思無由起於現行。,按諸經論。此獄壽長。故阿阿乃至謨佛。悉皆不行。一者為顯墮此獄人。生前並無善根可恃。此中又無善事可修。二者亦顯一墮難出。劫數長遠故也。,《選佛譜》卷第二・阿鼻地獄・L41,阿鼻地獄
561,第3门,四種惡趣門,卷2,阿鼻地獄,阿佛,阿,施善,佛,无漏善慧,行,下品畜生,第3门,升,,「阿」表施善、「佛」表无漏善慧。虽仗佛力及性善力得出剧苦，而余殃尚厚，仅入下品畜生。,手工逐组（门1–14 手写）,直說,阿佛等三。雖仗佛力。及性善力。得出劇苦。而餘殃尚厚僅入鬼畜倫中。,阿佛等三。雖仗佛力。及性善力。得出劇苦。而餘殃尚厚僅入鬼畜倫中。,《選佛譜》卷第二・阿鼻地獄・L41,阿鼻地獄
562,第3门,四種惡趣門,卷2,阿鼻地獄,彌彌,彌,戒善,彌,戒善,不行·安住本位,,,安住,,「彌彌」二字俱表戒善。堕此狱者生前无善根可恃，此中又无善事可修，故不行。,手工逐组（门1–14 手写）,直說,故阿阿乃至謨佛。悉皆不行。一者為顯墮此獄人。生前並無善根可恃。此中又無善事可修。二者亦顯一墮難出。劫數長遠故也。劇苦之中。見思無由起於現行。,按諸經論。此獄壽長。故阿阿乃至謨佛。悉皆不行。一者為顯墮此獄人。生前並無善根可恃。此中又無善事可修。二者亦顯一墮難出。劫數長遠故也。,《選佛譜》卷第二・阿鼻地獄・L41,阿鼻地獄
563,第3门,四種惡趣門,卷2,阿鼻地獄,彌陀,彌,戒善,陀,定善,不行·安住本位,,,安住,,「彌」表戒善、「陀」表定善。堕此狱者生前无善根可恃，此中又无善事可修，故不行。,手工逐组（门1–14 手写）,直說,故阿阿乃至謨佛。悉皆不行。一者為顯墮此獄人。生前並無善根可恃。此中又無善事可修。二者亦顯一墮難出。劫數長遠故也。劇苦之中。見思無由起於現行。,按諸經論。此獄壽長。故阿阿乃至謨佛。悉皆不行。一者為顯墮此獄人。生前並無善根可恃。此中又無善事可修。二者亦顯一墮難出。劫數長遠故也。,《選佛譜》卷第二・阿鼻地獄・L41,阿鼻地獄
564,第3门,四種惡趣門,卷2,阿鼻地獄,彌佛,彌,戒善,佛,无漏善慧,行,無財鬼,第3门,升,,「彌」表戒善、「佛」表无漏善慧。虽仗佛力及性善力得出剧苦，而余殃尚厚，仅入无财鬼。,手工逐组（门1–14 手写）,直說,阿佛等三。雖仗佛力。及性善力。得出劇苦。而餘殃尚厚僅入鬼畜倫中。,阿佛等三。雖仗佛力。及性善力。得出劇苦。而餘殃尚厚僅入鬼畜倫中。,《選佛譜》卷第二・阿鼻地獄・L41,阿鼻地獄
565,第3门,四種惡趣門,卷2,阿鼻地獄,陀陀,陀,定善,陀,定善,不行·安住本位,,,安住,,「陀陀」二字俱表定善。堕此狱者生前无善根可恃，此中又无善事可修，故不行。,手工逐组（门1–14 手写）,直說,故阿阿乃至謨佛。悉皆不行。一者為顯墮此獄人。生前並無善根可恃。此中又無善事可修。二者亦顯一墮難出。劫數長遠故也。劇苦之中。見思無由起於現行。,按諸經論。此獄壽長。故阿阿乃至謨佛。悉皆不行。一者為顯墮此獄人。生前並無善根可恃。此中又無善事可修。二者亦顯一墮難出。劫數長遠故也。,《選佛譜》卷第二・阿鼻地獄・L41,阿鼻地獄
566,第3门,四種惡趣門,卷2,阿鼻地獄,陀佛,陀,定善,佛,无漏善慧,行,中品畜生,第3门,升,,「陀」表定善、「佛」表无漏善慧。虽仗佛力及性善力得出剧苦，而余殃尚厚，仅入中品畜生。,手工逐组（门1–14 手写）,直說,阿佛等三。雖仗佛力。及性善力。得出劇苦。而餘殃尚厚僅入鬼畜倫中。,阿佛等三。雖仗佛力。及性善力。得出劇苦。而餘殃尚厚僅入鬼畜倫中。,《選佛譜》卷第二・阿鼻地獄・L41,阿鼻地獄
567,第3门,四種惡趣門,卷2,阿鼻地獄,佛佛,佛,无漏善慧,佛,无漏善慧,行,蒙光天子,第4门,升,,「佛佛」二字俱表无漏善慧。这是往昔所熏佛乘种子，今触佛慈光，故径生兜率天上。,手工逐组（门1–14 手写）,直說,唯佛佛。則是往昔所熏佛乘種子。今日觸佛慈光。故得徑生兜率天上。具如華嚴經中隨好光明功德品所明。,唯佛佛。則是往昔所熏佛乘種子。今日觸佛慈光。故得徑生兜率天上。具如華嚴經中隨好光明功德品所明。,《選佛譜》卷第二・阿鼻地獄・L41,阿鼻地獄
568,第3门,四種惡趣門,卷2,無間地獄,那那,那,见烦恼,那,见烦恼,不行·安住本位,,,安住,,「那那」二字俱表见烦恼。此中不起惑业，故不行。,手工逐组（门1–14 手写）,直說,故那那乃至陀陀。皆不行也。,此亦純情墜入。壽盡亦大劫量。不起惑業。亦不能修諸善。故那那乃至陀陀。皆不行也。,《選佛譜》卷第二・無間地獄・L45,無間地獄
569,第3门,四種惡趣門,卷2,無間地獄,那謨,那,见烦恼,謨,爱烦恼,不行·安住本位,,,安住,,「那」表见烦恼、「謨」表爱烦恼。此中不起惑业，故不行。,手工逐组（门1–14 手写）,直說,故那那乃至陀陀。皆不行也。,此亦純情墜入。壽盡亦大劫量。不起惑業。亦不能修諸善。故那那乃至陀陀。皆不行也。,《選佛譜》卷第二・無間地獄・L45,無間地獄
570,第3门,四種惡趣門,卷2,無間地獄,那阿,那,见烦恼,阿,施善,不行·安住本位,,,安住,,「那」表见烦恼、「阿」表施善。此中不起惑业，故不行。,手工逐组（门1–14 手写）,通則,故那那乃至陀陀。皆不行也。,其餘位中。以阿彌陀善。與那謨惡相為對治。二俱無力。所以並不行也。,《選佛譜》卷第一・見取・L57,見取
571,第3门,四種惡趣門,卷2,無間地獄,那彌,那,见烦恼,彌,戒善,不行·安住本位,,,安住,,「那」表见烦恼、「彌」表戒善。此中不起惑业，故不行。,手工逐组（门1–14 手写）,通則,故那那乃至陀陀。皆不行也。,其餘位中。以阿彌陀善。與那謨惡相為對治。二俱無力。所以並不行也。,《選佛譜》卷第一・見取・L57,見取
572,第3门,四種惡趣門,卷2,無間地獄,那陀,那,见烦恼,陀,定善,不行·安住本位,,,安住,,「那」表见烦恼、「陀」表定善。此中不起惑业，故不行。,手工逐组（门1–14 手写）,通則,故那那乃至陀陀。皆不行也。,其餘位中。以阿彌陀善。與那謨惡相為對治。二俱無力。所以並不行也。,《選佛譜》卷第一・見取・L57,見取
573,第3门,四種惡趣門,卷2,無間地獄,那佛,那,见烦恼,佛,无漏善慧,行,下品畜生,第3门,升,,「那」表见烦恼、「佛」表无漏善慧。虽仗佛性威力，余殃亦重，仍入下品畜生。,手工逐组（门1–14 手写）,直說,那佛等五。雖仗佛性威力。餘殃亦重。仍入餘三惡道。,那佛等五。雖仗佛性威力。餘殃亦重。仍入餘三惡道。,《選佛譜》卷第二・無間地獄・L45,無間地獄
574,第3门,四種惡趣門,卷2,無間地獄,謨謨,謨,爱烦恼,謨,爱烦恼,不行·安住本位,,,安住,,「謨謨」二字俱表爱烦恼。此中不起惑业，故不行。,手工逐组（门1–14 手写）,直說,故那那乃至陀陀。皆不行也。,此亦純情墜入。壽盡亦大劫量。不起惑業。亦不能修諸善。故那那乃至陀陀。皆不行也。,《選佛譜》卷第二・無間地獄・L45,無間地獄
575,第3门,四種惡趣門,卷2,無間地獄,謨阿,謨,爱烦恼,阿,施善,不行·安住本位,,,安住,,「謨」表爱烦恼、「阿」表施善。此中不起惑业，故不行。,手工逐组（门1–14 手写）,通則,故那那乃至陀陀。皆不行也。,其餘位中。以阿彌陀善。與那謨惡相為對治。二俱無力。所以並不行也。,《選佛譜》卷第一・見取・L57,見取
576,第3门,四種惡趣門,卷2,無間地獄,謨彌,謨,爱烦恼,彌,戒善,不行·安住本位,,,安住,,「謨」表爱烦恼、「彌」表戒善。此中不起惑业，故不行。,手工逐组（门1–14 手写）,通則,故那那乃至陀陀。皆不行也。,其餘位中。以阿彌陀善。與那謨惡相為對治。二俱無力。所以並不行也。,《選佛譜》卷第一・見取・L57,見取
577,第3门,四種惡趣門,卷2,無間地獄,謨陀,謨,爱烦恼,陀,定善,不行·安住本位,,,安住,,「謨」表爱烦恼、「陀」表定善。此中不起惑业，故不行。,手工逐组（门1–14 手写）,通則,故那那乃至陀陀。皆不行也。,其餘位中。以阿彌陀善。與那謨惡相為對治。二俱無力。所以並不行也。,《選佛譜》卷第一・見取・L57,見取
578,第3门,四種惡趣門,卷2,無間地獄,謨佛,謨,爱烦恼,佛,无漏善慧,行,無財鬼,第3门,升,,「謨」表爱烦恼、「佛」表无漏善慧。虽仗佛性威力，余殃亦重，仍入无财鬼。,手工逐组（门1–14 手写）,直說,那佛等五。雖仗佛性威力。餘殃亦重。仍入餘三惡道。,那佛等五。雖仗佛性威力。餘殃亦重。仍入餘三惡道。,《選佛譜》卷第二・無間地獄・L45,無間地獄
579,第3门,四種惡趣門,卷2,無間地獄,阿阿,阿,施善,阿,施善,不行·安住本位,,,安住,,「阿阿」二字俱表施善。此中不能修诸善，故不行。,手工逐组（门1–14 手写）,直說,故那那乃至陀陀。皆不行也。,此亦純情墜入。壽盡亦大劫量。不起惑業。亦不能修諸善。故那那乃至陀陀。皆不行也。,《選佛譜》卷第二・無間地獄・L45,無間地獄
580,第3门,四種惡趣門,卷2,無間地獄,阿彌,阿,施善,彌,戒善,不行·安住本位,,,安住,,「阿」表施善、「彌」表戒善。此中不能修诸善，故不行。,手工逐组（门1–14 手写）,直說,故那那乃至陀陀。皆不行也。,此亦純情墜入。壽盡亦大劫量。不起惑業。亦不能修諸善。故那那乃至陀陀。皆不行也。,《選佛譜》卷第二・無間地獄・L45,無間地獄
581,第3门,四種惡趣門,卷2,無間地獄,阿陀,阿,施善,陀,定善,不行·安住本位,,,安住,,「阿」表施善、「陀」表定善。此中不能修诸善，故不行。,手工逐组（门1–14 手写）,直說,故那那乃至陀陀。皆不行也。,此亦純情墜入。壽盡亦大劫量。不起惑業。亦不能修諸善。故那那乃至陀陀。皆不行也。,《選佛譜》卷第二・無間地獄・L45,無間地獄
582,第3门,四種惡趣門,卷2,無間地獄,阿佛,阿,施善,佛,无漏善慧,行,少財鬼,第3门,升,,「阿」表施善、「佛」表无漏善慧。虽仗佛性威力，余殃亦重，仍入少财鬼。,手工逐组（门1–14 手写）,直說,那佛等五。雖仗佛性威力。餘殃亦重。仍入餘三惡道。,那佛等五。雖仗佛性威力。餘殃亦重。仍入餘三惡道。,《選佛譜》卷第二・無間地獄・L45,無間地獄
583,第3门,四種惡趣門,卷2,無間地獄,彌彌,彌,戒善,彌,戒善,不行·安住本位,,,安住,,「彌彌」二字俱表戒善。此中不能修诸善，故不行。,手工逐组（门1–14 手写）,直說,故那那乃至陀陀。皆不行也。,此亦純情墜入。壽盡亦大劫量。不起惑業。亦不能修諸善。故那那乃至陀陀。皆不行也。,《選佛譜》卷第二・無間地獄・L45,無間地獄
584,第3门,四種惡趣門,卷2,無間地獄,彌陀,彌,戒善,陀,定善,不行·安住本位,,,安住,,「彌」表戒善、「陀」表定善。此中不能修诸善，故不行。,手工逐组（门1–14 手写）,直說,故那那乃至陀陀。皆不行也。,此亦純情墜入。壽盡亦大劫量。不起惑業。亦不能修諸善。故那那乃至陀陀。皆不行也。,《選佛譜》卷第二・無間地獄・L45,無間地獄
585,第3门,四種惡趣門,卷2,無間地獄,彌佛,彌,戒善,佛,无漏善慧,行,上品畜生,第3门,升,,「彌」表戒善、「佛」表无漏善慧。虽仗佛性威力，余殃亦重，仍入上品畜生。,手工逐组（门1–14 手写）,直說,那佛等五。雖仗佛性威力。餘殃亦重。仍入餘三惡道。,那佛等五。雖仗佛性威力。餘殃亦重。仍入餘三惡道。,《選佛譜》卷第二・無間地獄・L45,無間地獄
586,第3门,四種惡趣門,卷2,無間地獄,陀陀,陀,定善,陀,定善,不行·安住本位,,,安住,,「陀陀」二字俱表定善。此中不能修诸善，故不行。,手工逐组（门1–14 手写）,直說,故那那乃至陀陀。皆不行也。,此亦純情墜入。壽盡亦大劫量。不起惑業。亦不能修諸善。故那那乃至陀陀。皆不行也。,《選佛譜》卷第二・無間地獄・L45,無間地獄
587,第3门,四種惡趣門,卷2,無間地獄,陀佛,陀,定善,佛,无漏善慧,行,畜脩羅,第3门,升,,「陀」表定善、「佛」表无漏善慧。虽仗佛性威力，余殃亦重，仍入畜修罗。,手工逐组（门1–14 手写）,直說,那佛等五。雖仗佛性威力。餘殃亦重。仍入餘三惡道。,那佛等五。雖仗佛性威力。餘殃亦重。仍入餘三惡道。,《選佛譜》卷第二・無間地獄・L45,無間地獄
588,第3门,四種惡趣門,卷2,無間地獄,佛佛,佛,无漏善慧,佛,无漏善慧,行,蒙光天子,第4门,升,,「佛佛」二字俱表无漏善慧。同前狱所说，触佛慈光，故蒙光生兜率天上。,手工逐组（门1–14 手写）,直說,佛佛蒙光。准如上說。,唯佛佛。則是往昔所熏佛乘種子。今日觸佛慈光。故得徑生兜率天上。具如華嚴經中隨好光明功德品所明。,《選佛譜》卷第二・阿鼻地獄・L41,阿鼻地獄
589,第3门,四種惡趣門,卷2,有間地獄,那那,那,见烦恼,那,见烦恼,不行·安住本位,,,安住,,「那那」二字俱表见烦恼。此中不起发业润生二惑，故不行。,手工逐组（门1–14 手写）,直說,此中不起發業潤生二惑故那那等不行。,此中不起發業潤生二惑故那那等不行。,《選佛譜》卷第二・有間地獄・L49,有間地獄
590,第3门,四種惡趣門,卷2,有間地獄,那謨,那,见烦恼,謨,爱烦恼,不行·安住本位,,,安住,,「那」表见烦恼、「謨」表爱烦恼。此中不起发业润生二惑，故不行。,手工逐组（门1–14 手写）,直說,此中不起發業潤生二惑故那那等不行。,此中不起發業潤生二惑故那那等不行。,《選佛譜》卷第二・有間地獄・L49,有間地獄
591,第3门,四種惡趣門,卷2,有間地獄,那阿,那,见烦恼,阿,施善,不行·安住本位,,,安住,,「那」表见烦恼、「阿」表施善。此中不起发业润生二惑，故不行。,手工逐组（门1–14 手写）,通則,此中不起發業潤生二惑故那那等不行。,其餘位中。以阿彌陀善。與那謨惡相為對治。二俱無力。所以並不行也。,《選佛譜》卷第一・見取・L57,見取
592,第3门,四種惡趣門,卷2,有間地獄,那彌,那,见烦恼,彌,戒善,不行·安住本位,,,安住,,「那」表见烦恼、「彌」表戒善。此中不起发业润生二惑，故不行。,手工逐组（门1–14 手写）,通則,此中不起發業潤生二惑故那那等不行。,其餘位中。以阿彌陀善。與那謨惡相為對治。二俱無力。所以並不行也。,《選佛譜》卷第一・見取・L57,見取
593,第3门,四種惡趣門,卷2,有間地獄,那陀,那,见烦恼,陀,定善,不行·安住本位,,,安住,,「那」表见烦恼、「陀」表定善。此中不起发业润生二惑，故不行。,手工逐组（门1–14 手写）,通則,此中不起發業潤生二惑故那那等不行。,其餘位中。以阿彌陀善。與那謨惡相為對治。二俱無力。所以並不行也。,《選佛譜》卷第一・見取・L57,見取
594,第3门,四種惡趣門,卷2,有間地獄,那佛,那,见烦恼,佛,无漏善慧,行,畜脩羅,第3门,升,,「那」表见烦恼、「佛」表无漏善慧。仗此佛力出于狱苦，惑犹未除，故成畜修罗。,手工逐组（门1–14 手写）,直說,阿阿以下。隨其過去久遠善根大小所招異熟不同。,阿阿以下。隨其過去久遠善根大小所招異熟不同。,《選佛譜》卷第二・有間地獄・L49,有間地獄
595,第3门,四種惡趣門,卷2,有間地獄,謨謨,謨,爱烦恼,謨,爱烦恼,不行·安住本位,,,安住,,「謨謨」二字俱表爱烦恼。此中不起发业润生二惑，故不行。,手工逐组（门1–14 手写）,直說,此中不起發業潤生二惑故那那等不行。,此中不起發業潤生二惑故那那等不行。,《選佛譜》卷第二・有間地獄・L49,有間地獄
596,第3门,四種惡趣門,卷2,有間地獄,謨阿,謨,爱烦恼,阿,施善,不行·安住本位,,,安住,,「謨」表爱烦恼、「阿」表施善。此中不起发业润生二惑，故不行。,手工逐组（门1–14 手写）,通則,此中不起發業潤生二惑故那那等不行。,其餘位中。以阿彌陀善。與那謨惡相為對治。二俱無力。所以並不行也。,《選佛譜》卷第一・見取・L57,見取
597,第3门,四種惡趣門,卷2,有間地獄,謨彌,謨,爱烦恼,彌,戒善,不行·安住本位,,,安住,,「謨」表爱烦恼、「彌」表戒善。此中不起发业润生二惑，故不行。,手工逐组（门1–14 手写）,通則,此中不起發業潤生二惑故那那等不行。,其餘位中。以阿彌陀善。與那謨惡相為對治。二俱無力。所以並不行也。,《選佛譜》卷第一・見取・L57,見取
598,第3门,四種惡趣門,卷2,有間地獄,謨陀,謨,爱烦恼,陀,定善,不行·安住本位,,,安住,,「謨」表爱烦恼、「陀」表定善。此中不起发业润生二惑，故不行。,手工逐组（门1–14 手写）,通則,此中不起發業潤生二惑故那那等不行。,其餘位中。以阿彌陀善。與那謨惡相為對治。二俱無力。所以並不行也。,《選佛譜》卷第一・見取・L57,見取
599,第3门,四種惡趣門,卷2,有間地獄,謨佛,謨,爱烦恼,佛,无漏善慧,行,有財鬼,第3门,升,,「謨」表爱烦恼、「佛」表无漏善慧。仗此佛力出于狱苦，惑犹未除，故成有财鬼。,手工逐组（门1–14 手写）,直說,阿阿以下。隨其過去久遠善根大小所招異熟不同。,阿阿以下。隨其過去久遠善根大小所招異熟不同。,《選佛譜》卷第二・有間地獄・L49,有間地獄
600,第3门,四種惡趣門,卷2,有間地獄,阿阿,阿,施善,阿,施善,行,下品畜生,第3门,升,,「阿阿」二字俱表施善。随过去久远善根大小所招异熟不同，此善最薄，故生下品畜生。,手工逐组（门1–14 手写）,直說,阿阿以下。隨其過去久遠善根大小所招異熟不同。,阿阿以下。隨其過去久遠善根大小所招異熟不同。,《選佛譜》卷第二・有間地獄・L49,有間地獄
601,第3门,四種惡趣門,卷2,有間地獄,阿彌,阿,施善,彌,戒善,行,無財鬼,第3门,升,,「阿」表施善、「彌」表戒善。随宿世善根大小招得异熟，故生无财鬼。,手工逐组（门1–14 手写）,直說,阿阿以下。隨其過去久遠善根大小所招異熟不同。,阿阿以下。隨其過去久遠善根大小所招異熟不同。,《選佛譜》卷第二・有間地獄・L49,有間地獄
602,第3门,四種惡趣門,卷2,有間地獄,阿陀,阿,施善,陀,定善,行,中品畜生,第3门,升,,「阿」表施善、「陀」表定善。随宿世善根大小招得异熟，故生中品畜生。,手工逐组（门1–14 手写）,直說,阿阿以下。隨其過去久遠善根大小所招異熟不同。,阿阿以下。隨其過去久遠善根大小所招異熟不同。,《選佛譜》卷第二・有間地獄・L49,有間地獄
603,第3门,四種惡趣門,卷2,有間地獄,阿佛,阿,施善,佛,无漏善慧,行,鬼脩羅,第3门,升,,「阿」表施善、「佛」表无漏善慧。仗佛力与施善出狱，故成鬼修罗。,手工逐组（门1–14 手写）,直說,阿阿以下。隨其過去久遠善根大小所招異熟不同。,阿阿以下。隨其過去久遠善根大小所招異熟不同。,《選佛譜》卷第二・有間地獄・L49,有間地獄
604,第3门,四種惡趣門,卷2,有間地獄,彌彌,彌,戒善,彌,戒善,行,中品畜生,第3门,升,,「彌彌」二字俱表戒善。随宿世善根大小招得异熟，故生中品畜生。,手工逐组（门1–14 手写）,直說,阿阿以下。隨其過去久遠善根大小所招異熟不同。,阿阿以下。隨其過去久遠善根大小所招異熟不同。,《選佛譜》卷第二・有間地獄・L49,有間地獄
605,第3门,四種惡趣門,卷2,有間地獄,彌陀,彌,戒善,陀,定善,行,少財鬼,第3门,升,,「彌」表戒善、「陀」表定善。宿善又厚，故生少财鬼。,手工逐组（门1–14 手写）,直說,阿阿以下。隨其過去久遠善根大小所招異熟不同。,阿阿以下。隨其過去久遠善根大小所招異熟不同。,《選佛譜》卷第二・有間地獄・L49,有間地獄
606,第3门,四種惡趣門,卷2,有間地獄,彌佛,彌,戒善,佛,无漏善慧,行,南贍部洲,第4门,升,,「彌」表戒善、「佛」表无漏善慧。仗佛力与戒善出狱，故生南赡部洲。,手工逐组（门1–14 手写）,直說,阿阿以下。隨其過去久遠善根大小所招異熟不同。,阿阿以下。隨其過去久遠善根大小所招異熟不同。,《選佛譜》卷第二・有間地獄・L49,有間地獄
607,第3门,四種惡趣門,卷2,有間地獄,陀陀,陀,定善,陀,定善,行,上品畜生,第3门,升,,「陀陀」二字俱表定善。宿善更厚，故生上品畜生。,手工逐组（门1–14 手写）,直說,阿阿以下。隨其過去久遠善根大小所招異熟不同。,阿阿以下。隨其過去久遠善根大小所招異熟不同。,《選佛譜》卷第二・有間地獄・L49,有間地獄
608,第3门,四種惡趣門,卷2,有間地獄,陀佛,陀,定善,佛,无漏善慧,行,四王天,第4门,升,,「陀」表定善、「佛」表无漏善慧。仗佛力与定善出狱，故生四王天。,手工逐组（门1–14 手写）,直說,阿阿以下。隨其過去久遠善根大小所招異熟不同。,阿阿以下。隨其過去久遠善根大小所招異熟不同。,《選佛譜》卷第二・有間地獄・L49,有間地獄
609,第3门,四種惡趣門,卷2,有間地獄,佛佛,佛,无漏善慧,佛,无漏善慧,行,聽法雜眾,第6门,升,,「佛佛」二字俱表无漏善慧。此狱非剧苦，故不蒙佛光；狱中水陆焰口法事有力能召，故得听法。,手工逐组（门1–14 手写）,直說,佛佛不蒙光者。非劇苦故。華嚴經中未曾說故。能聽法者。有間獄中水陸法事。燄口法事有力能召及故。,佛佛不蒙光者。非劇苦故。華嚴經中未曾說故。能聽法者。有間獄中水陸法事。燄口法事有力能召及故。,《選佛譜》卷第二・有間地獄・L49,有間地獄
610,第3门,四種惡趣門,卷2,下品畜生,那那,那,见烦恼,那,见烦恼,不行·安住本位,,,安住,,「那那」二字俱表见烦恼。此中见惑不行，故不行。,手工逐组（门1–14 手写）,直說,見惑不行。縱有思惑但能潤生不能發業。所潤之生亦必還在下品畜中故那那等三皆不行也。,見惑不行。縱有思惑但能潤生不能發業。所潤之生亦必還在下品畜中故那那等三皆不行也。,《選佛譜》卷第二・下品畜生・L53,下品畜生
611,第3门,四種惡趣門,卷2,下品畜生,那謨,那,见烦恼,謨,爱烦恼,不行·安住本位,,,安住,,「那」表见烦恼、「謨」表爱烦恼。见惑不行，纵有思惑也只能润生、不能发业，所润之生仍在下品畜中，故不行。,手工逐组（门1–14 手写）,直說,見惑不行。縱有思惑但能潤生不能發業。所潤之生亦必還在下品畜中故那那等三皆不行也。,見惑不行。縱有思惑但能潤生不能發業。所潤之生亦必還在下品畜中故那那等三皆不行也。,《選佛譜》卷第二・下品畜生・L53,下品畜生
612,第3门,四種惡趣門,卷2,下品畜生,那阿,那,见烦恼,阿,施善,不行·安住本位,,,安住,,「那」表见烦恼、「阿」表施善。此中见惑不行，故不行。,手工逐组（门1–14 手写）,通則,見惑不行。縱有思惑但能潤生不能發業。所潤之生亦必還在下品畜中故那那等三皆不行也。,其餘位中。以阿彌陀善。與那謨惡相為對治。二俱無力。所以並不行也。,《選佛譜》卷第一・見取・L57,見取
613,第3门,四種惡趣門,卷2,下品畜生,那彌,那,见烦恼,彌,戒善,不行·安住本位,,,安住,,「那」表见烦恼、「彌」表戒善。此中见惑不行，故不行。,手工逐组（门1–14 手写）,通則,見惑不行。縱有思惑但能潤生不能發業。所潤之生亦必還在下品畜中故那那等三皆不行也。,其餘位中。以阿彌陀善。與那謨惡相為對治。二俱無力。所以並不行也。,《選佛譜》卷第一・見取・L57,見取
614,第3门,四種惡趣門,卷2,下品畜生,那陀,那,见烦恼,陀,定善,不行·安住本位,,,安住,,「那」表见烦恼、「陀」表定善。此中见惑不行，故不行。,手工逐组（门1–14 手写）,通則,見惑不行。縱有思惑但能潤生不能發業。所潤之生亦必還在下品畜中故那那等三皆不行也。,其餘位中。以阿彌陀善。與那謨惡相為對治。二俱無力。所以並不行也。,《選佛譜》卷第一・見取・L57,見取
615,第3门,四種惡趣門,卷2,下品畜生,那佛,那,见烦恼,佛,无漏善慧,行,有財鬼,第3门,升,,「那」表见烦恼、「佛」表无漏善慧。仗此佛力出下品畜苦，惑犹未除，故成有财鬼。,手工逐组（门1–14 手写）,直說,阿阿以下隨宿善力而招異熟。,阿阿以下隨宿善力而招異熟。,《選佛譜》卷第二・下品畜生・L53,下品畜生
616,第3门,四種惡趣門,卷2,下品畜生,謨謨,謨,爱烦恼,謨,爱烦恼,不行·安住本位,,,安住,,「謨謨」二字俱表爱烦恼。纵有思惑也只能润生、不能发业，所润之生仍在下品畜中，故不行。,手工逐组（门1–14 手写）,直說,見惑不行。縱有思惑但能潤生不能發業。所潤之生亦必還在下品畜中故那那等三皆不行也。,見惑不行。縱有思惑但能潤生不能發業。所潤之生亦必還在下品畜中故那那等三皆不行也。,《選佛譜》卷第二・下品畜生・L53,下品畜生
617,第3门,四種惡趣門,卷2,下品畜生,謨阿,謨,爱烦恼,阿,施善,不行·安住本位,,,安住,,「謨」表爱烦恼、「阿」表施善。此中见惑不行，故不行。,手工逐组（门1–14 手写）,通則,見惑不行。縱有思惑但能潤生不能發業。所潤之生亦必還在下品畜中故那那等三皆不行也。,其餘位中。以阿彌陀善。與那謨惡相為對治。二俱無力。所以並不行也。,《選佛譜》卷第一・見取・L57,見取
618,第3门,四種惡趣門,卷2,下品畜生,謨彌,謨,爱烦恼,彌,戒善,不行·安住本位,,,安住,,「謨」表爱烦恼、「彌」表戒善。此中见惑不行，故不行。,手工逐组（门1–14 手写）,通則,見惑不行。縱有思惑但能潤生不能發業。所潤之生亦必還在下品畜中故那那等三皆不行也。,其餘位中。以阿彌陀善。與那謨惡相為對治。二俱無力。所以並不行也。,《選佛譜》卷第一・見取・L57,見取
619,第3门,四種惡趣門,卷2,下品畜生,謨陀,謨,爱烦恼,陀,定善,不行·安住本位,,,安住,,「謨」表爱烦恼、「陀」表定善。此中见惑不行，故不行。,手工逐组（门1–14 手写）,通則,見惑不行。縱有思惑但能潤生不能發業。所潤之生亦必還在下品畜中故那那等三皆不行也。,其餘位中。以阿彌陀善。與那謨惡相為對治。二俱無力。所以並不行也。,《選佛譜》卷第一・見取・L57,見取
620,第3门,四種惡趣門,卷2,下品畜生,謨佛,謨,爱烦恼,佛,无漏善慧,行,鬼脩羅,第3门,升,,「謨」表爱烦恼、「佛」表无漏善慧。仗此佛力出下品畜苦，惑犹未除，故成鬼修罗。,手工逐组（门1–14 手写）,直說,阿阿以下隨宿善力而招異熟。,阿阿以下隨宿善力而招異熟。,《選佛譜》卷第二・下品畜生・L53,下品畜生
621,第3门,四種惡趣門,卷2,下品畜生,阿阿,阿,施善,阿,施善,行,無財鬼,第3门,升,,「阿阿」二字俱表施善。随宿善力而招异熟，此善最薄，故生无财鬼。,手工逐组（门1–14 手写）,直說,阿阿以下隨宿善力而招異熟。,阿阿以下隨宿善力而招異熟。,《選佛譜》卷第二・下品畜生・L53,下品畜生
622,第3门,四種惡趣門,卷2,下品畜生,阿彌,阿,施善,彌,戒善,行,中品畜生,第3门,升,,「阿」表施善、「彌」表戒善。随宿善力而招异熟，故生中品畜生。,手工逐组（门1–14 手写）,直說,阿阿以下隨宿善力而招異熟。,阿阿以下隨宿善力而招異熟。,《選佛譜》卷第二・下品畜生・L53,下品畜生
623,第3门,四種惡趣門,卷2,下品畜生,阿陀,阿,施善,陀,定善,行,少財鬼,第3门,升,,「阿」表施善、「陀」表定善。随宿善力而招异熟，故生少财鬼。,手工逐组（门1–14 手写）,直說,阿阿以下隨宿善力而招異熟。,阿阿以下隨宿善力而招異熟。,《選佛譜》卷第二・下品畜生・L53,下品畜生
624,第3门,四種惡趣門,卷2,下品畜生,阿佛,阿,施善,佛,无漏善慧,行,西牛貨洲,第4门,升,,「阿」表施善、「佛」表无漏善慧。仗佛力与施善脱畜身，故生西牛货洲。,手工逐组（门1–14 手写）,直說,阿阿以下隨宿善力而招異熟。,阿阿以下隨宿善力而招異熟。,《選佛譜》卷第二・下品畜生・L53,下品畜生
625,第3门,四種惡趣門,卷2,下品畜生,彌彌,彌,戒善,彌,戒善,行,少財鬼,第3门,升,,「彌彌」二字俱表戒善。随宿善力而招异熟，故生少财鬼。,手工逐组（门1–14 手写）,直說,阿阿以下隨宿善力而招異熟。,阿阿以下隨宿善力而招異熟。,《選佛譜》卷第二・下品畜生・L53,下品畜生
626,第3门,四種惡趣門,卷2,下品畜生,彌陀,彌,戒善,陀,定善,行,上品畜生,第3门,升,,「彌」表戒善、「陀」表定善。宿善又厚，故生上品畜生。,手工逐组（门1–14 手写）,直說,阿阿以下隨宿善力而招異熟。,阿阿以下隨宿善力而招異熟。,《選佛譜》卷第二・下品畜生・L53,下品畜生
627,第3门,四種惡趣門,卷2,下品畜生,彌佛,彌,戒善,佛,无漏善慧,行,東勝神洲,第4门,升,,「彌」表戒善、「佛」表无漏善慧。仗佛力与戒善脱畜身，故生东胜神洲。,手工逐组（门1–14 手写）,直說,阿阿以下隨宿善力而招異熟。,阿阿以下隨宿善力而招異熟。,《選佛譜》卷第二・下品畜生・L53,下品畜生
628,第3门,四種惡趣門,卷2,下品畜生,陀陀,陀,定善,陀,定善,行,畜脩羅,第3门,升,,「陀陀」二字俱表定善。宿善更厚，故成畜修罗。,手工逐组（门1–14 手写）,直說,阿阿以下隨宿善力而招異熟。,阿阿以下隨宿善力而招異熟。,《選佛譜》卷第二・下品畜生・L53,下品畜生
629,第3门,四種惡趣門,卷2,下品畜生,陀佛,陀,定善,佛,无漏善慧,行,南贍部洲,第4门,升,,「陀」表定善、「佛」表无漏善慧。仗佛力与定善脱畜身，故生南赡部洲。,手工逐组（门1–14 手写）,直說,阿阿以下隨宿善力而招異熟。,阿阿以下隨宿善力而招異熟。,《選佛譜》卷第二・下品畜生・L53,下品畜生
630,第3门,四種惡趣門,卷2,下品畜生,佛佛,佛,无漏善慧,佛,无漏善慧,行,聽法雜眾,第6门,升,,「佛佛」二字俱表无漏善慧。如蜘蛛听诵金刚经，故得听法。,手工逐组（门1–14 手写）,直說,佛佛能聽法者如蜘蛛聽誦金剛經等。,佛佛能聽法者如蜘蛛聽誦金剛經等。,《選佛譜》卷第二・下品畜生・L53,下品畜生
631,第3门,四種惡趣門,卷2,中品畜生,那那,那,见烦恼,那,见烦恼,行,下品畜生,第3门,降,,「那那」二字俱表见烦恼。不现起分别见惑故不堕狱，而由见种之力令果报益劣，故降为下品畜生。,手工逐组（门1–14 手写）,直說,而由見種及思惑力能令所受果報益劣故有降為下畜無財鬼者。,亦不現起分別見惑故不墮獄。而由見種及思惑力能令所受果報益劣故有降為下畜無財鬼者。,《選佛譜》卷第二・中品畜生・L57,中品畜生
632,第3门,四種惡趣門,卷2,中品畜生,那謨,那,见烦恼,謨,爱烦恼,行,下品畜生,第3门,降,,「那」表见烦恼、「謨」表爱烦恼。由见种及思惑力令果报益劣，故降为下品畜生。,手工逐组（门1–14 手写）,直說,而由見種及思惑力能令所受果報益劣故有降為下畜無財鬼者。,亦不現起分別見惑故不墮獄。而由見種及思惑力能令所受果報益劣故有降為下畜無財鬼者。,《選佛譜》卷第二・中品畜生・L57,中品畜生
633,第3门,四種惡趣門,卷2,中品畜生,那阿,那,见烦恼,阿,施善,不行·安住本位,,,安住,,「那」表见烦恼、「阿」表施善。这点施善与见惑相为对治、二俱无力，故不行。,手工逐组（门1–14 手写）,通則,餘皆例前可知。,其餘位中。以阿彌陀善。與那謨惡相為對治。二俱無力。所以並不行也。,《選佛譜》卷第一・見取・L57,見取
634,第3门,四種惡趣門,卷2,中品畜生,那彌,那,见烦恼,彌,戒善,不行·安住本位,,,安住,,「那」表见烦恼、「彌」表戒善。这点戒善与见惑相为对治、二俱无力，故不行。,手工逐组（门1–14 手写）,通則,餘皆例前可知。,其餘位中。以阿彌陀善。與那謨惡相為對治。二俱無力。所以並不行也。,《選佛譜》卷第一・見取・L57,見取
635,第3门,四種惡趣門,卷2,中品畜生,那陀,那,见烦恼,陀,定善,不行·安住本位,,,安住,,「那」表见烦恼、「陀」表定善。这点定善与见惑相为对治、二俱无力，故不行。,手工逐组（门1–14 手写）,通則,餘皆例前可知。,其餘位中。以阿彌陀善。與那謨惡相為對治。二俱無力。所以並不行也。,《選佛譜》卷第一・見取・L57,見取
636,第3门,四種惡趣門,卷2,中品畜生,那佛,那,见烦恼,佛,无漏善慧,行,人脩羅,第3门,升,,「那」表见烦恼、「佛」表无漏善慧。仗此佛力得出中品畜身，惑犹未除，故成人修罗。,手工逐组（门1–14 手写）,承注,餘皆例前可知。,阿阿以下隨宿善力而招異熟。,《選佛譜》卷第二・下品畜生・L53,下品畜生
637,第3门,四種惡趣門,卷2,中品畜生,謨謨,謨,爱烦恼,謨,爱烦恼,行,無財鬼,第3门,升,,「謨謨」二字俱表爱烦恼。由思惑力令果报益劣，故降为无财鬼。,手工逐组（门1–14 手写）,直說,而由見種及思惑力能令所受果報益劣故有降為下畜無財鬼者。,亦不現起分別見惑故不墮獄。而由見種及思惑力能令所受果報益劣故有降為下畜無財鬼者。,《選佛譜》卷第二・中品畜生・L57,中品畜生
638,第3门,四種惡趣門,卷2,中品畜生,謨阿,謨,爱烦恼,阿,施善,不行·安住本位,,,安住,,「謨」表爱烦恼、「阿」表施善。这点施善与爱惑相为对治、二俱无力，故不行。,手工逐组（门1–14 手写）,通則,餘皆例前可知。,其餘位中。以阿彌陀善。與那謨惡相為對治。二俱無力。所以並不行也。,《選佛譜》卷第一・見取・L57,見取
639,第3门,四種惡趣門,卷2,中品畜生,謨彌,謨,爱烦恼,彌,戒善,不行·安住本位,,,安住,,「謨」表爱烦恼、「彌」表戒善。这点戒善与爱惑相为对治、二俱无力，故不行。,手工逐组（门1–14 手写）,通則,餘皆例前可知。,其餘位中。以阿彌陀善。與那謨惡相為對治。二俱無力。所以並不行也。,《選佛譜》卷第一・見取・L57,見取
640,第3门,四種惡趣門,卷2,中品畜生,謨陀,謨,爱烦恼,陀,定善,不行·安住本位,,,安住,,「謨」表爱烦恼、「陀」表定善。这点定善与爱惑相为对治、二俱无力，故不行。,手工逐组（门1–14 手写）,通則,餘皆例前可知。,其餘位中。以阿彌陀善。與那謨惡相為對治。二俱無力。所以並不行也。,《選佛譜》卷第一・見取・L57,見取
641,第3门,四種惡趣門,卷2,中品畜生,謨佛,謨,爱烦恼,佛,无漏善慧,行,西牛貨洲,第4门,升,,「謨」表爱烦恼、「佛」表无漏善慧。仗此佛力脱畜身，故生西牛货洲。,手工逐组（门1–14 手写）,承注,餘皆例前可知。,阿阿以下隨宿善力而招異熟。,《選佛譜》卷第二・下品畜生・L53,下品畜生
642,第3门,四種惡趣門,卷2,中品畜生,阿阿,阿,施善,阿,施善,行,少財鬼,第3门,升,,「阿阿」二字俱表施善。例前诸位，随宿善力而招异熟，故生少财鬼。,手工逐组（门1–14 手写）,承注,餘皆例前可知。,阿阿以下隨宿善力而招異熟。,《選佛譜》卷第二・下品畜生・L53,下品畜生
643,第3门,四種惡趣門,卷2,中品畜生,阿彌,阿,施善,彌,戒善,行,上品畜生,第3门,升,,「阿」表施善、「彌」表戒善。随宿善力而招异熟，故生上品畜生。,手工逐组（门1–14 手写）,承注,餘皆例前可知。,阿阿以下隨宿善力而招異熟。,《選佛譜》卷第二・下品畜生・L53,下品畜生
644,第3门,四種惡趣門,卷2,中品畜生,阿陀,阿,施善,陀,定善,行,畜脩羅,第3门,升,,「阿」表施善、「陀」表定善。随宿善力而招异熟，故成畜修罗。,手工逐组（门1–14 手写）,承注,餘皆例前可知。,阿阿以下隨宿善力而招異熟。,《選佛譜》卷第二・下品畜生・L53,下品畜生
645,第3门,四種惡趣門,卷2,中品畜生,阿佛,阿,施善,佛,无漏善慧,行,東勝神洲,第4门,升,,「阿」表施善、「佛」表无漏善慧。仗佛力与施善脱畜身，故生东胜神洲。,手工逐组（门1–14 手写）,承注,餘皆例前可知。,阿阿以下隨宿善力而招異熟。,《選佛譜》卷第二・下品畜生・L53,下品畜生
646,第3门,四種惡趣門,卷2,中品畜生,彌彌,彌,戒善,彌,戒善,行,畜脩羅,第3门,升,,「彌彌」二字俱表戒善。随宿善力而招异熟，故成畜修罗。,手工逐组（门1–14 手写）,承注,餘皆例前可知。,阿阿以下隨宿善力而招異熟。,《選佛譜》卷第二・下品畜生・L53,下品畜生
647,第3门,四種惡趣門,卷2,中品畜生,彌陀,彌,戒善,陀,定善,行,有財鬼,第3门,升,,「彌」表戒善、「陀」表定善。宿善又厚，故生有财鬼。,手工逐组（门1–14 手写）,承注,餘皆例前可知。,阿阿以下隨宿善力而招異熟。,《選佛譜》卷第二・下品畜生・L53,下品畜生
648,第3门,四種惡趣門,卷2,中品畜生,彌佛,彌,戒善,佛,无漏善慧,行,南贍部洲,第4门,升,,「彌」表戒善、「佛」表无漏善慧。仗佛力与戒善脱畜身，故生南赡部洲。,手工逐组（门1–14 手写）,承注,餘皆例前可知。,阿阿以下隨宿善力而招異熟。,《選佛譜》卷第二・下品畜生・L53,下品畜生
649,第3门,四種惡趣門,卷2,中品畜生,陀陀,陀,定善,陀,定善,行,鬼脩羅,第3门,升,,「陀陀」二字俱表定善。宿善更厚，故成鬼修罗。,手工逐组（门1–14 手写）,承注,餘皆例前可知。,阿阿以下隨宿善力而招異熟。,《選佛譜》卷第二・下品畜生・L53,下品畜生
650,第3门,四種惡趣門,卷2,中品畜生,陀佛,陀,定善,佛,无漏善慧,行,四王天,第4门,升,,「陀」表定善、「佛」表无漏善慧。仗佛力与定善脱畜身，故生四王天。,手工逐组（门1–14 手写）,承注,餘皆例前可知。,阿阿以下隨宿善力而招異熟。,《選佛譜》卷第二・下品畜生・L53,下品畜生
651,第3门,四種惡趣門,卷2,中品畜生,佛佛,佛,无漏善慧,佛,无漏善慧,行,聽法雜眾,第6门,升,,「佛佛」二字俱表无漏善慧。例前下品畜位，如蜘蛛听诵金刚经，故得听法。,手工逐组（门1–14 手写）,承注,餘皆例前可知。,佛佛能聽法者如蜘蛛聽誦金剛經等。,《選佛譜》卷第二・下品畜生・L53,下品畜生
652,第3门,四種惡趣門,卷2,上品畜生,那那,那,见烦恼,那,见烦恼,行,無財鬼,第3门,升,,「那那」二字俱表见烦恼。例前中品畜位，由见种之力令果报益劣，故降为无财鬼。,手工逐组（门1–14 手写）,承注,餘同前釋。,亦不現起分別見惑故不墮獄。而由見種及思惑力能令所受果報益劣故有降為下畜無財鬼者。,《選佛譜》卷第二・中品畜生・L57,中品畜生
653,第3门,四種惡趣門,卷2,上品畜生,那謨,那,见烦恼,謨,爱烦恼,行,中品畜生,第3门,降,,「那」表见烦恼、「謨」表爱烦恼。由见种及思惑力令果报益劣，故降为中品畜生。,手工逐组（门1–14 手写）,承注,餘同前釋。,亦不現起分別見惑故不墮獄。而由見種及思惑力能令所受果報益劣故有降為下畜無財鬼者。,《選佛譜》卷第二・中品畜生・L57,中品畜生
654,第3门,四種惡趣門,卷2,上品畜生,那阿,那,见烦恼,阿,施善,不行·安住本位,,,安住,,「那」表见烦恼、「阿」表施善。这点施善与见惑相为对治、二俱无力，故不行。,手工逐组（门1–14 手写）,通則,餘同前釋。,其餘位中。以阿彌陀善。與那謨惡相為對治。二俱無力。所以並不行也。,《選佛譜》卷第一・見取・L57,見取
655,第3门,四種惡趣門,卷2,上品畜生,那彌,那,见烦恼,彌,戒善,不行·安住本位,,,安住,,「那」表见烦恼、「彌」表戒善。这点戒善与见惑相为对治、二俱无力，故不行。,手工逐组（门1–14 手写）,通則,餘同前釋。,其餘位中。以阿彌陀善。與那謨惡相為對治。二俱無力。所以並不行也。,《選佛譜》卷第一・見取・L57,見取
656,第3门,四種惡趣門,卷2,上品畜生,那陀,那,见烦恼,陀,定善,不行·安住本位,,,安住,,「那」表见烦恼、「陀」表定善。这点定善与见惑相为对治、二俱无力，故不行。,手工逐组（门1–14 手写）,通則,餘同前釋。,其餘位中。以阿彌陀善。與那謨惡相為對治。二俱無力。所以並不行也。,《選佛譜》卷第一・見取・L57,見取
657,第3门,四種惡趣門,卷2,上品畜生,那佛,那,见烦恼,佛,无漏善慧,行,西牛貨洲,第4门,升,,「那」表见烦恼、「佛」表无漏善慧。仗此佛力脱畜身，惑犹未除，故生西牛货洲。,手工逐组（门1–14 手写）,承注,餘同前釋。,阿阿以下隨宿善力而招異熟。,《選佛譜》卷第二・下品畜生・L53,下品畜生
658,第3门,四種惡趣門,卷2,上品畜生,謨謨,謨,爱烦恼,謨,爱烦恼,行,少財鬼,第3门,升,,「謨謨」二字俱表爱烦恼。由思惑力令果报益劣，故降为少财鬼。,手工逐组（门1–14 手写）,承注,餘同前釋。,亦不現起分別見惑故不墮獄。而由見種及思惑力能令所受果報益劣故有降為下畜無財鬼者。,《選佛譜》卷第二・中品畜生・L57,中品畜生
659,第3门,四種惡趣門,卷2,上品畜生,謨阿,謨,爱烦恼,阿,施善,不行·安住本位,,,安住,,「謨」表爱烦恼、「阿」表施善。这点施善与爱惑相为对治、二俱无力，故不行。,手工逐组（门1–14 手写）,通則,餘同前釋。,其餘位中。以阿彌陀善。與那謨惡相為對治。二俱無力。所以並不行也。,《選佛譜》卷第一・見取・L57,見取
660,第3门,四種惡趣門,卷2,上品畜生,謨彌,謨,爱烦恼,彌,戒善,不行·安住本位,,,安住,,「謨」表爱烦恼、「彌」表戒善。这点戒善与爱惑相为对治、二俱无力，故不行。,手工逐组（门1–14 手写）,通則,餘同前釋。,其餘位中。以阿彌陀善。與那謨惡相為對治。二俱無力。所以並不行也。,《選佛譜》卷第一・見取・L57,見取
661,第3门,四種惡趣門,卷2,上品畜生,謨陀,謨,爱烦恼,陀,定善,不行·安住本位,,,安住,,「謨」表爱烦恼、「陀」表定善。这点定善与爱惑相为对治、二俱无力，故不行。,手工逐组（门1–14 手写）,通則,餘同前釋。,其餘位中。以阿彌陀善。與那謨惡相為對治。二俱無力。所以並不行也。,《選佛譜》卷第一・見取・L57,見取
662,第3门,四種惡趣門,卷2,上品畜生,謨佛,謨,爱烦恼,佛,无漏善慧,行,東勝神洲,第4门,升,,「謨」表爱烦恼、「佛」表无漏善慧。仗此佛力脱畜身，故生东胜神洲。,手工逐组（门1–14 手写）,承注,餘同前釋。,阿阿以下隨宿善力而招異熟。,《選佛譜》卷第二・下品畜生・L53,下品畜生
663,第3门,四種惡趣門,卷2,上品畜生,阿阿,阿,施善,阿,施善,行,畜脩羅,第3门,升,,「阿阿」二字俱表施善。此位本有福德力，加这分施善，故成畜修罗。,手工逐组（门1–14 手写）,承注,餘同前釋。,阿阿以下隨宿善力而招異熟。,《選佛譜》卷第二・下品畜生・L53,下品畜生
664,第3门,四種惡趣門,卷2,上品畜生,阿彌,阿,施善,彌,戒善,行,有財鬼,第3门,升,,「阿」表施善、「彌」表戒善。福德力上又加施戒，故生有财鬼。,手工逐组（门1–14 手写）,承注,餘同前釋。,阿阿以下隨宿善力而招異熟。,《選佛譜》卷第二・下品畜生・L53,下品畜生
665,第3门,四種惡趣門,卷2,上品畜生,阿陀,阿,施善,陀,定善,行,鬼脩羅,第3门,升,,「阿」表施善、「陀」表定善。福德力上又加施定，故成鬼修罗。,手工逐组（门1–14 手写）,承注,餘同前釋。,阿阿以下隨宿善力而招異熟。,《選佛譜》卷第二・下品畜生・L53,下品畜生
666,第3门,四種惡趣門,卷2,上品畜生,阿佛,阿,施善,佛,无漏善慧,行,南贍部洲,第4门,升,,「阿」表施善、「佛」表无漏善慧。仗佛力与施善脱畜身，故生南赡部洲。,手工逐组（门1–14 手写）,承注,餘同前釋。,阿阿以下隨宿善力而招異熟。,《選佛譜》卷第二・下品畜生・L53,下品畜生
667,第3门,四種惡趣門,卷2,上品畜生,彌彌,彌,戒善,彌,戒善,行,鬼脩羅,第3门,升,,「彌彌」二字俱表戒善。福德力上又加戒善，故成鬼修罗。,手工逐组（门1–14 手写）,承注,餘同前釋。,阿阿以下隨宿善力而招異熟。,《選佛譜》卷第二・下品畜生・L53,下品畜生
668,第3门,四種惡趣門,卷2,上品畜生,彌陀,彌,戒善,陀,定善,行,人脩羅,第3门,升,,「彌」表戒善、「陀」表定善。宿善又厚，故成人修罗。,手工逐组（门1–14 手写）,承注,餘同前釋。,阿阿以下隨宿善力而招異熟。,《選佛譜》卷第二・下品畜生・L53,下品畜生
669,第3门,四種惡趣門,卷2,上品畜生,彌佛,彌,戒善,佛,无漏善慧,行,四王天,第4门,升,,「彌」表戒善、「佛」表无漏善慧。仗佛力与戒善脱畜身，故生四王天。,手工逐组（门1–14 手写）,承注,餘同前釋。,阿阿以下隨宿善力而招異熟。,《選佛譜》卷第二・下品畜生・L53,下品畜生
670,第3门,四種惡趣門,卷2,上品畜生,陀陀,陀,定善,陀,定善,行,天脩羅,第3门,升,,「陀陀」二字俱表定善。宿善更厚，故成天修罗。,手工逐组（门1–14 手写）,承注,餘同前釋。,阿阿以下隨宿善力而招異熟。,《選佛譜》卷第二・下品畜生・L53,下品畜生
671,第3门,四種惡趣門,卷2,上品畜生,陀佛,陀,定善,佛,无漏善慧,行,忉利天,第4门,升,,「陀」表定善、「佛」表无漏善慧。仗佛力与定善脱畜身，故生忉利天。,手工逐组（门1–14 手写）,承注,餘同前釋。,阿阿以下隨宿善力而招異熟。,《選佛譜》卷第二・下品畜生・L53,下品畜生
672,第3门,四種惡趣門,卷2,上品畜生,佛佛,佛,无漏善慧,佛,无漏善慧,行,護法八部,第6门,升,,「佛佛」二字俱表无漏善慧。此位有福德力，遇佛佛便得为护法八部。,手工逐组（门1–14 手写）,直說,故遇佛佛便為護法八部也。餘同前釋。,雖墮傍生由福德力或為龍王象王金翅鳥王師子王等名上品畜。故遇佛佛便為護法八部也。,《選佛譜》卷第二・上品畜生・L61,上品畜生
673,第3门,四種惡趣門,卷2,無財鬼,那那,那,见烦恼,那,见烦恼,不行·安住本位,,,安住,,「那那」二字俱表见烦恼。此位不起见惑，故不行。,手工逐组（门1–14 手写）,直說,不起見惑故不行那。,受形惡劣純苦無樂名無財鬼。不起見惑故不行那。,《選佛譜》卷第二・無財鬼・L65,無財鬼
674,第3门,四種惡趣門,卷2,無財鬼,那謨,那,见烦恼,謨,爱烦恼,不行·安住本位,,,安住,,「那」表见烦恼、「謨」表爱烦恼。此位不起见惑，故不行。,手工逐组（门1–14 手写）,直說,不起見惑故不行那。,受形惡劣純苦無樂名無財鬼。不起見惑故不行那。,《選佛譜》卷第二・無財鬼・L65,無財鬼
675,第3门,四種惡趣門,卷2,無財鬼,那阿,那,见烦恼,阿,施善,不行·安住本位,,,安住,,「那」表见烦恼、「阿」表施善。此位不起见惑，这点施善与见惑相为对治、二俱无力，故不行。,手工逐组（门1–14 手写）,通則,不起見惑故不行那。,其餘位中。以阿彌陀善。與那謨惡相為對治。二俱無力。所以並不行也。,《選佛譜》卷第一・見取・L57,見取
676,第3门,四種惡趣門,卷2,無財鬼,那彌,那,见烦恼,彌,戒善,不行·安住本位,,,安住,,「那」表见烦恼、「彌」表戒善。这点戒善与见惑相为对治、二俱无力，故不行。,手工逐组（门1–14 手写）,通則,不起見惑故不行那。,其餘位中。以阿彌陀善。與那謨惡相為對治。二俱無力。所以並不行也。,《選佛譜》卷第一・見取・L57,見取
677,第3门,四種惡趣門,卷2,無財鬼,那陀,那,见烦恼,陀,定善,不行·安住本位,,,安住,,「那」表见烦恼、「陀」表定善。这点定善与见惑相为对治、二俱无力，故不行。,手工逐组（门1–14 手写）,通則,不起見惑故不行那。,其餘位中。以阿彌陀善。與那謨惡相為對治。二俱無力。所以並不行也。,《選佛譜》卷第一・見取・L57,見取
678,第3门,四種惡趣門,卷2,無財鬼,那佛,那,见烦恼,佛,无漏善慧,行,鬼脩羅,第3门,升,,「那」表见烦恼、「佛」表无漏善慧。仗此佛力出无财鬼苦，惑犹未除，故成鬼修罗。,手工逐组（门1–14 手写）,承注,阿阿等如前可解。,阿阿以下隨宿善力而招異熟。,《選佛譜》卷第二・下品畜生・L53,下品畜生
679,第3门,四種惡趣門,卷2,無財鬼,謨謨,謨,爱烦恼,謨,爱烦恼,行,下品畜生,第3门,降,,「謨謨」二字俱表爱烦恼。由宿烦恼力，故降为下品畜生。,手工逐组（门1–14 手写）,直說,㝛煩惱力故謨謨降為下畜。,㝛煩惱力故謨謨降為下畜。,《選佛譜》卷第二・無財鬼・L65,無財鬼
680,第3门,四種惡趣門,卷2,無財鬼,謨阿,謨,爱烦恼,阿,施善,不行·安住本位,,,安住,,「謨」表爱烦恼、「阿」表施善。这点施善与爱惑相为对治、二俱无力，故不行。,手工逐组（门1–14 手写）,通則,,其餘位中。以阿彌陀善。與那謨惡相為對治。二俱無力。所以並不行也。,《選佛譜》卷第一・見取・L57,見取
681,第3门,四種惡趣門,卷2,無財鬼,謨彌,謨,爱烦恼,彌,戒善,不行·安住本位,,,安住,,「謨」表爱烦恼、「彌」表戒善。这点戒善与爱惑相为对治、二俱无力，故不行。,手工逐组（门1–14 手写）,通則,,其餘位中。以阿彌陀善。與那謨惡相為對治。二俱無力。所以並不行也。,《選佛譜》卷第一・見取・L57,見取
682,第3门,四種惡趣門,卷2,無財鬼,謨陀,謨,爱烦恼,陀,定善,不行·安住本位,,,安住,,「謨」表爱烦恼、「陀」表定善。这点定善与爱惑相为对治、二俱无力，故不行。,手工逐组（门1–14 手写）,通則,,其餘位中。以阿彌陀善。與那謨惡相為對治。二俱無力。所以並不行也。,《選佛譜》卷第一・見取・L57,見取
683,第3门,四種惡趣門,卷2,無財鬼,謨佛,謨,爱烦恼,佛,无漏善慧,行,人脩羅,第3门,升,,「謨」表爱烦恼、「佛」表无漏善慧。仗此佛力出鬼苦，惑犹未除，故成人修罗。,手工逐组（门1–14 手写）,承注,阿阿等如前可解。,阿阿以下隨宿善力而招異熟。,《選佛譜》卷第二・下品畜生・L53,下品畜生
684,第3门,四種惡趣門,卷2,無財鬼,阿阿,阿,施善,阿,施善,行,中品畜生,第3门,降,,「阿阿」二字俱表施善。例前诸位，随宿善力而招异熟，故转生中品畜生。,手工逐组（门1–14 手写）,承注,阿阿等如前可解。,阿阿以下隨宿善力而招異熟。,《選佛譜》卷第二・下品畜生・L53,下品畜生
685,第3门,四種惡趣門,卷2,無財鬼,阿彌,阿,施善,彌,戒善,行,少財鬼,第3门,升,,「阿」表施善、「彌」表戒善。随宿善力而招异熟，故生少财鬼。,手工逐组（门1–14 手写）,承注,阿阿等如前可解。,阿阿以下隨宿善力而招異熟。,《選佛譜》卷第二・下品畜生・L53,下品畜生
686,第3门,四種惡趣門,卷2,無財鬼,阿陀,阿,施善,陀,定善,行,上品畜生,第3门,降,,「阿」表施善、「陀」表定善。随宿善力而招异熟，故转生上品畜生。,手工逐组（门1–14 手写）,承注,阿阿等如前可解。,阿阿以下隨宿善力而招異熟。,《選佛譜》卷第二・下品畜生・L53,下品畜生
687,第3门,四種惡趣門,卷2,無財鬼,阿佛,阿,施善,佛,无漏善慧,行,西牛貨洲,第4门,升,,「阿」表施善、「佛」表无漏善慧。仗佛力与施善脱鬼身，故生西牛货洲。,手工逐组（门1–14 手写）,承注,阿阿等如前可解。,阿阿以下隨宿善力而招異熟。,《選佛譜》卷第二・下品畜生・L53,下品畜生
688,第3门,四種惡趣門,卷2,無財鬼,彌彌,彌,戒善,彌,戒善,行,上品畜生,第3门,降,,「彌彌」二字俱表戒善。随宿善力而招异熟，故转生上品畜生。,手工逐组（门1–14 手写）,承注,阿阿等如前可解。,阿阿以下隨宿善力而招異熟。,《選佛譜》卷第二・下品畜生・L53,下品畜生
689,第3门,四種惡趣門,卷2,無財鬼,彌陀,彌,戒善,陀,定善,行,畜脩羅,第3门,升,,「彌」表戒善、「陀」表定善。宿善又厚，故成畜修罗。,手工逐组（门1–14 手写）,承注,阿阿等如前可解。,阿阿以下隨宿善力而招異熟。,《選佛譜》卷第二・下品畜生・L53,下品畜生
690,第3门,四種惡趣門,卷2,無財鬼,彌佛,彌,戒善,佛,无漏善慧,行,東勝神洲,第4门,升,,「彌」表戒善、「佛」表无漏善慧。仗佛力与戒善脱鬼身，故生东胜神洲。,手工逐组（门1–14 手写）,承注,阿阿等如前可解。,阿阿以下隨宿善力而招異熟。,《選佛譜》卷第二・下品畜生・L53,下品畜生
691,第3门,四種惡趣門,卷2,無財鬼,陀陀,陀,定善,陀,定善,行,有財鬼,第3门,升,,「陀陀」二字俱表定善。宿善更厚，故生有财鬼。,手工逐组（门1–14 手写）,承注,阿阿等如前可解。,阿阿以下隨宿善力而招異熟。,《選佛譜》卷第二・下品畜生・L53,下品畜生
692,第3门,四種惡趣門,卷2,無財鬼,陀佛,陀,定善,佛,无漏善慧,行,南贍部洲,第4门,升,,「陀」表定善、「佛」表无漏善慧。仗佛力与定善脱鬼身，故生南赡部洲。,手工逐组（门1–14 手写）,承注,阿阿等如前可解。,阿阿以下隨宿善力而招異熟。,《選佛譜》卷第二・下品畜生・L53,下品畜生
693,第3门,四種惡趣門,卷2,無財鬼,佛佛,佛,无漏善慧,佛,无漏善慧,行,聽法雜眾,第6门,升,,「佛佛」二字俱表无漏善慧。此位正是焰口法事所被之机，故得听法。,手工逐组（门1–14 手写）,直說,佛佛聽法者正是燄口法事所被機故。,佛佛聽法者正是燄口法事所被機故。,《選佛譜》卷第二・無財鬼・L65,無財鬼
694,第3门,四種惡趣門,卷2,少財鬼,那那,那,见烦恼,那,见烦恼,行,無財鬼,第3门,降,,「那那」二字俱表见烦恼。此位不起分别惑，而由见种之力，故降为无财鬼。,手工逐组（门1–14 手写）,直說,而由見種及現思力得墮無財及中畜也。,形貌醜陋飲食艱苦樂少苦多名少財鬼。亦不起分別惑。而由見種及現思力得墮無財及中畜也。,《選佛譜》卷第二・少財鬼・L69,少財鬼
695,第3门,四種惡趣門,卷2,少財鬼,那謨,那,见烦恼,謨,爱烦恼,行,無財鬼,第3门,降,,「那」表见烦恼、「謨」表爱烦恼。由见种及现前思惑之力，故堕无财鬼。,手工逐组（门1–14 手写）,直說,而由見種及現思力得墮無財及中畜也。,形貌醜陋飲食艱苦樂少苦多名少財鬼。亦不起分別惑。而由見種及現思力得墮無財及中畜也。,《選佛譜》卷第二・少財鬼・L69,少財鬼
696,第3门,四種惡趣門,卷2,少財鬼,那阿,那,见烦恼,阿,施善,不行·安住本位,,,安住,,「那」表见烦恼、「阿」表施善。这点施善与见惑相为对治、二俱无力，故不行。,手工逐组（门1–14 手写）,通則,餘如前說。,其餘位中。以阿彌陀善。與那謨惡相為對治。二俱無力。所以並不行也。,《選佛譜》卷第一・見取・L57,見取
697,第3门,四種惡趣門,卷2,少財鬼,那彌,那,见烦恼,彌,戒善,不行·安住本位,,,安住,,「那」表见烦恼、「彌」表戒善。这点戒善与见惑相为对治、二俱无力，故不行。,手工逐组（门1–14 手写）,通則,餘如前說。,其餘位中。以阿彌陀善。與那謨惡相為對治。二俱無力。所以並不行也。,《選佛譜》卷第一・見取・L57,見取
698,第3门,四種惡趣門,卷2,少財鬼,那陀,那,见烦恼,陀,定善,不行·安住本位,,,安住,,「那」表见烦恼、「陀」表定善。这点定善与见惑相为对治、二俱无力，故不行。,手工逐组（门1–14 手写）,通則,餘如前說。,其餘位中。以阿彌陀善。與那謨惡相為對治。二俱無力。所以並不行也。,《選佛譜》卷第一・見取・L57,見取
699,第3门,四種惡趣門,卷2,少財鬼,那佛,那,见烦恼,佛,无漏善慧,行,天脩羅,第3门,升,,「那」表见烦恼、「佛」表无漏善慧。仗此佛力出鬼苦，惑犹未除，故成天修罗。,手工逐组（门1–14 手写）,承注,餘如前說。,阿阿以下隨宿善力而招異熟。,《選佛譜》卷第二・下品畜生・L53,下品畜生
700,第3门,四種惡趣門,卷2,少財鬼,謨謨,謨,爱烦恼,謨,爱烦恼,行,中品畜生,第3门,降,,「謨謨」二字俱表爱烦恼。由现前思惑之力，故堕中品畜生。,手工逐组（门1–14 手写）,直說,而由見種及現思力得墮無財及中畜也。,形貌醜陋飲食艱苦樂少苦多名少財鬼。亦不起分別惑。而由見種及現思力得墮無財及中畜也。,《選佛譜》卷第二・少財鬼・L69,少財鬼
701,第3门,四種惡趣門,卷2,少財鬼,謨阿,謨,爱烦恼,阿,施善,不行·安住本位,,,安住,,「謨」表爱烦恼、「阿」表施善。这点施善与爱惑相为对治、二俱无力，故不行。,手工逐组（门1–14 手写）,通則,餘如前說。,其餘位中。以阿彌陀善。與那謨惡相為對治。二俱無力。所以並不行也。,《選佛譜》卷第一・見取・L57,見取
702,第3门,四種惡趣門,卷2,少財鬼,謨彌,謨,爱烦恼,彌,戒善,不行·安住本位,,,安住,,「謨」表爱烦恼、「彌」表戒善。这点戒善与爱惑相为对治、二俱无力，故不行。,手工逐组（门1–14 手写）,通則,餘如前說。,其餘位中。以阿彌陀善。與那謨惡相為對治。二俱無力。所以並不行也。,《選佛譜》卷第一・見取・L57,見取
703,第3门,四種惡趣門,卷2,少財鬼,謨陀,謨,爱烦恼,陀,定善,不行·安住本位,,,安住,,「謨」表爱烦恼、「陀」表定善。这点定善与爱惑相为对治、二俱无力，故不行。,手工逐组（门1–14 手写）,通則,餘如前說。,其餘位中。以阿彌陀善。與那謨惡相為對治。二俱無力。所以並不行也。,《選佛譜》卷第一・見取・L57,見取
704,第3门,四種惡趣門,卷2,少財鬼,謨佛,謨,爱烦恼,佛,无漏善慧,行,西牛貨洲,第4门,升,,「謨」表爱烦恼、「佛」表无漏善慧。仗此佛力脱鬼身，故生西牛货洲。,手工逐组（门1–14 手写）,承注,餘如前說。,阿阿以下隨宿善力而招異熟。,《選佛譜》卷第二・下品畜生・L53,下品畜生
705,第3门,四種惡趣門,卷2,少財鬼,阿阿,阿,施善,阿,施善,行,上品畜生,第3门,降,,「阿阿」二字俱表施善。例前诸位，随宿善力而招异熟，故转生上品畜生。,手工逐组（门1–14 手写）,承注,餘如前說。,阿阿以下隨宿善力而招異熟。,《選佛譜》卷第二・下品畜生・L53,下品畜生
706,第3门,四種惡趣門,卷2,少財鬼,阿彌,阿,施善,彌,戒善,行,畜脩羅,第3门,升,,「阿」表施善、「彌」表戒善。随宿善力而招异熟，故成畜修罗。,手工逐组（门1–14 手写）,承注,餘如前說。,阿阿以下隨宿善力而招異熟。,《選佛譜》卷第二・下品畜生・L53,下品畜生
707,第3门,四種惡趣門,卷2,少財鬼,阿陀,阿,施善,陀,定善,行,有財鬼,第3门,升,,「阿」表施善、「陀」表定善。随宿善力而招异熟，故生有财鬼。,手工逐组（门1–14 手写）,承注,餘如前說。,阿阿以下隨宿善力而招異熟。,《選佛譜》卷第二・下品畜生・L53,下品畜生
708,第3门,四種惡趣門,卷2,少財鬼,阿佛,阿,施善,佛,无漏善慧,行,東勝神洲,第4门,升,,「阿」表施善、「佛」表无漏善慧。仗佛力与施善脱鬼身，故生东胜神洲。,手工逐组（门1–14 手写）,承注,餘如前說。,阿阿以下隨宿善力而招異熟。,《選佛譜》卷第二・下品畜生・L53,下品畜生
709,第3门,四種惡趣門,卷2,少財鬼,彌彌,彌,戒善,彌,戒善,行,有財鬼,第3门,升,,「彌彌」二字俱表戒善。随宿善力而招异熟，故生有财鬼。,手工逐组（门1–14 手写）,承注,餘如前說。,阿阿以下隨宿善力而招異熟。,《選佛譜》卷第二・下品畜生・L53,下品畜生
710,第3门,四種惡趣門,卷2,少財鬼,彌陀,彌,戒善,陀,定善,行,鬼脩羅,第3门,升,,「彌」表戒善、「陀」表定善。宿善又厚，故成鬼修罗。,手工逐组（门1–14 手写）,承注,餘如前說。,阿阿以下隨宿善力而招異熟。,《選佛譜》卷第二・下品畜生・L53,下品畜生
711,第3门,四種惡趣門,卷2,少財鬼,彌佛,彌,戒善,佛,无漏善慧,行,南贍部洲,第4门,升,,「彌」表戒善、「佛」表无漏善慧。仗佛力与戒善脱鬼身，故生南赡部洲。,手工逐组（门1–14 手写）,承注,餘如前說。,阿阿以下隨宿善力而招異熟。,《選佛譜》卷第二・下品畜生・L53,下品畜生
712,第3门,四種惡趣門,卷2,少財鬼,陀陀,陀,定善,陀,定善,行,人脩羅,第3门,升,,「陀陀」二字俱表定善。宿善更厚，故成人修罗。,手工逐组（门1–14 手写）,承注,餘如前說。,阿阿以下隨宿善力而招異熟。,《選佛譜》卷第二・下品畜生・L53,下品畜生
713,第3门,四種惡趣門,卷2,少財鬼,陀佛,陀,定善,佛,无漏善慧,行,四王天,第4门,升,,「陀」表定善、「佛」表无漏善慧。仗佛力与定善脱鬼身，故生四王天。,手工逐组（门1–14 手写）,承注,餘如前說。,阿阿以下隨宿善力而招異熟。,《選佛譜》卷第二・下品畜生・L53,下品畜生
714,第3门,四種惡趣門,卷2,少財鬼,佛佛,佛,无漏善慧,佛,无漏善慧,行,聽法雜眾,第6门,升,,「佛佛」二字俱表无漏善慧。例前无财鬼位，正是焰口法事所被之机，故得听法。,手工逐组（门1–14 手写）,承注,餘如前說。,佛佛能聽法者如蜘蛛聽誦金剛經等。,《選佛譜》卷第二・下品畜生・L53,下品畜生
715,第3门,四種惡趣門,卷2,有財鬼,那那,那,见烦恼,那,见烦恼,行,無間地獄,第3门,降,,「那那」二字俱表见烦恼。虽不起分别惑，然如违害鬼打舍利弗、恶鬼神助恶王灭坏三宝，故堕无间地狱。,手工逐组（门1–14 手写）,直說,雖不起分別惑而那那墮無間者。如違害鬼打舍利弗及惡鬼神助惡國王滅壞三寶皆入地獄也。,雖不起分別惑而那那墮無間者。如違害鬼打舍利弗及惡鬼神助惡國王滅壞三寶皆入地獄也。,《選佛譜》卷第二・有財鬼・L73,有財鬼
716,第3门,四種惡趣門,卷2,有財鬼,那謨,那,见烦恼,謨,爱烦恼,行,中品畜生,第3门,降,,「那」表见烦恼、「謨」表爱烦恼。杀业既重、应当酬偿，故堕中品畜生。,手工逐组（门1–14 手写）,直說,那謨墮中品畜者殺業既重應酬償故。,那謨墮中品畜者殺業既重應酬償故。,《選佛譜》卷第二・有財鬼・L73,有財鬼
717,第3门,四種惡趣門,卷2,有財鬼,那阿,那,见烦恼,阿,施善,不行·安住本位,,,安住,,「那」表见烦恼、「阿」表施善。这点施善与见惑相为对治、二俱无力，故不行。,手工逐组（门1–14 手写）,通則,餘亦如前。,其餘位中。以阿彌陀善。與那謨惡相為對治。二俱無力。所以並不行也。,《選佛譜》卷第一・見取・L57,見取
718,第3门,四種惡趣門,卷2,有財鬼,那彌,那,见烦恼,彌,戒善,不行·安住本位,,,安住,,「那」表见烦恼、「彌」表戒善。这点戒善与见惑相为对治、二俱无力，故不行。,手工逐组（门1–14 手写）,通則,餘亦如前。,其餘位中。以阿彌陀善。與那謨惡相為對治。二俱無力。所以並不行也。,《選佛譜》卷第一・見取・L57,見取
719,第3门,四種惡趣門,卷2,有財鬼,那陀,那,见烦恼,陀,定善,不行·安住本位,,,安住,,「那」表见烦恼、「陀」表定善。这点定善与见惑相为对治、二俱无力，故不行。,手工逐组（门1–14 手写）,通則,餘亦如前。,其餘位中。以阿彌陀善。與那謨惡相為對治。二俱無力。所以並不行也。,《選佛譜》卷第一・見取・L57,見取
720,第3门,四種惡趣門,卷2,有財鬼,那佛,那,见烦恼,佛,无漏善慧,行,東勝神洲,第4门,升,,「那」表见烦恼、「佛」表无漏善慧。仗此佛力脱鬼身，惑犹未除，故生东胜神洲。,手工逐组（门1–14 手写）,承注,餘亦如前。,阿阿以下隨宿善力而招異熟。,《選佛譜》卷第二・下品畜生・L53,下品畜生
721,第3门,四種惡趣門,卷2,有財鬼,謨謨,謨,爱烦恼,謨,爱烦恼,行,少財鬼,第3门,降,,「謨謨」二字俱表爱烦恼。由现前思惑之力，故降为少财鬼。,手工逐组（门1–14 手写）,承注,餘亦如前。,亦不現起分別見惑故不墮獄。而由見種及思惑力能令所受果報益劣故有降為下畜無財鬼者。,《選佛譜》卷第二・中品畜生・L57,中品畜生
722,第3门,四種惡趣門,卷2,有財鬼,謨阿,謨,爱烦恼,阿,施善,不行·安住本位,,,安住,,「謨」表爱烦恼、「阿」表施善。这点施善与爱惑相为对治、二俱无力，故不行。,手工逐组（门1–14 手写）,通則,餘亦如前。,其餘位中。以阿彌陀善。與那謨惡相為對治。二俱無力。所以並不行也。,《選佛譜》卷第一・見取・L57,見取
723,第3门,四種惡趣門,卷2,有財鬼,謨彌,謨,爱烦恼,彌,戒善,不行·安住本位,,,安住,,「謨」表爱烦恼、「彌」表戒善。这点戒善与爱惑相为对治、二俱无力，故不行。,手工逐组（门1–14 手写）,通則,餘亦如前。,其餘位中。以阿彌陀善。與那謨惡相為對治。二俱無力。所以並不行也。,《選佛譜》卷第一・見取・L57,見取
724,第3门,四種惡趣門,卷2,有財鬼,謨陀,謨,爱烦恼,陀,定善,不行·安住本位,,,安住,,「謨」表爱烦恼、「陀」表定善。这点定善与爱惑相为对治、二俱无力，故不行。,手工逐组（门1–14 手写）,通則,餘亦如前。,其餘位中。以阿彌陀善。與那謨惡相為對治。二俱無力。所以並不行也。,《選佛譜》卷第一・見取・L57,見取
725,第3门,四種惡趣門,卷2,有財鬼,謨佛,謨,爱烦恼,佛,无漏善慧,行,南贍部洲,第4门,升,,「謨」表爱烦恼、「佛」表无漏善慧。仗此佛力脱鬼身，故生南赡部洲。,手工逐组（门1–14 手写）,承注,餘亦如前。,阿阿以下隨宿善力而招異熟。,《選佛譜》卷第二・下品畜生・L53,下品畜生
726,第3门,四種惡趣門,卷2,有財鬼,阿阿,阿,施善,阿,施善,行,鬼脩羅,第3门,升,,「阿阿」二字俱表施善。此位本多福报，加这分施善，故成鬼修罗。,手工逐组（门1–14 手写）,承注,餘亦如前。,阿阿以下隨宿善力而招異熟。,《選佛譜》卷第二・下品畜生・L53,下品畜生
727,第3门,四種惡趣門,卷2,有財鬼,阿彌,阿,施善,彌,戒善,行,人脩羅,第3门,升,,「阿」表施善、「彌」表戒善。多福报上又加施戒，故成人修罗。,手工逐组（门1–14 手写）,承注,餘亦如前。,阿阿以下隨宿善力而招異熟。,《選佛譜》卷第二・下品畜生・L53,下品畜生
728,第3门,四種惡趣門,卷2,有財鬼,阿陀,阿,施善,陀,定善,行,天脩羅,第3门,升,,「阿」表施善、「陀」表定善。多福报上又加施定，故成天修罗。,手工逐组（门1–14 手写）,承注,餘亦如前。,阿阿以下隨宿善力而招異熟。,《選佛譜》卷第二・下品畜生・L53,下品畜生
729,第3门,四種惡趣門,卷2,有財鬼,阿佛,阿,施善,佛,无漏善慧,行,鐵輪王,第4门,升,,「阿」表施善、「佛」表无漏善慧。仗佛力与施善脱鬼身，故为铁轮王。,手工逐组（门1–14 手写）,承注,餘亦如前。,阿阿以下隨宿善力而招異熟。,《選佛譜》卷第二・下品畜生・L53,下品畜生
730,第3门,四種惡趣門,卷2,有財鬼,彌彌,彌,戒善,彌,戒善,行,天脩羅,第3门,升,,「彌彌」二字俱表戒善。多福报上又加戒善，故成天修罗。,手工逐组（门1–14 手写）,承注,餘亦如前。,阿阿以下隨宿善力而招異熟。,《選佛譜》卷第二・下品畜生・L53,下品畜生
731,第3门,四種惡趣門,卷2,有財鬼,彌陀,彌,戒善,陀,定善,行,西牛貨洲,第4门,升,,「彌」表戒善、「陀」表定善。宿善又厚，故生西牛货洲。,手工逐组（门1–14 手写）,承注,餘亦如前。,阿阿以下隨宿善力而招異熟。,《選佛譜》卷第二・下品畜生・L53,下品畜生
732,第3门,四種惡趣門,卷2,有財鬼,彌佛,彌,戒善,佛,无漏善慧,行,四王天,第4门,升,,「彌」表戒善、「佛」表无漏善慧。仗佛力与戒善脱鬼身，故生四王天。,手工逐组（门1–14 手写）,承注,餘亦如前。,阿阿以下隨宿善力而招異熟。,《選佛譜》卷第二・下品畜生・L53,下品畜生
733,第3门,四種惡趣門,卷2,有財鬼,陀陀,陀,定善,陀,定善,行,北俱盧洲,第4门,升,,「陀陀」二字俱表定善。宿善更厚，故生北俱卢洲。,手工逐组（门1–14 手写）,承注,餘亦如前。,阿阿以下隨宿善力而招異熟。,《選佛譜》卷第二・下品畜生・L53,下品畜生
734,第3门,四種惡趣門,卷2,有財鬼,陀佛,陀,定善,佛,无漏善慧,行,忉利天,第4门,升,,「陀」表定善、「佛」表无漏善慧。仗佛力与定善脱鬼身，故生忉利天。,手工逐组（门1–14 手写）,承注,餘亦如前。,阿阿以下隨宿善力而招異熟。,《選佛譜》卷第二・下品畜生・L53,下品畜生
735,第3门,四種惡趣門,卷2,有財鬼,佛佛,佛,无漏善慧,佛,无漏善慧,行,護法八部,第6门,升,,「佛佛」二字俱表无漏善慧。此位多福报，遇佛佛力能护法，故为八部。,手工逐组（门1–14 手写）,直說,若遇佛佛力能護法故為八部。餘亦如前。,若遇佛佛力能護法故為八部。,《選佛譜》卷第二・有財鬼・L73,有財鬼
736,第3门,四種惡趣門,卷2,畜脩羅,那那,那,见烦恼,那,见烦恼,行,下品畜生,第3门,降,,「那那」二字俱表见烦恼。例前诸位，由见种之力令果报益劣，故降为下品畜生。,手工逐组（门1–14 手写）,承注,,亦不現起分別見惑故不墮獄。而由見種及思惑力能令所受果報益劣故有降為下畜無財鬼者。,《選佛譜》卷第二・中品畜生・L57,中品畜生
737,第3门,四種惡趣門,卷2,畜脩羅,那謨,那,见烦恼,謨,爱烦恼,行,中品畜生,第3门,降,,「那」表见烦恼、「謨」表爱烦恼。由见种及思惑力令果报益劣，故降为中品畜生。,手工逐组（门1–14 手写）,承注,,亦不現起分別見惑故不墮獄。而由見種及思惑力能令所受果報益劣故有降為下畜無財鬼者。,《選佛譜》卷第二・中品畜生・L57,中品畜生
738,第3门,四種惡趣門,卷2,畜脩羅,那阿,那,见烦恼,阿,施善,不行·安住本位,,,安住,,「那」表见烦恼、「阿」表施善。这点施善与见惑相为对治、二俱无力，故不行。,手工逐组（门1–14 手写）,通則,,其餘位中。以阿彌陀善。與那謨惡相為對治。二俱無力。所以並不行也。,《選佛譜》卷第一・見取・L57,見取
739,第3门,四種惡趣門,卷2,畜脩羅,那彌,那,见烦恼,彌,戒善,不行·安住本位,,,安住,,「那」表见烦恼、「彌」表戒善。这点戒善与见惑相为对治、二俱无力，故不行。,手工逐组（门1–14 手写）,通則,,其餘位中。以阿彌陀善。與那謨惡相為對治。二俱無力。所以並不行也。,《選佛譜》卷第一・見取・L57,見取
740,第3门,四種惡趣門,卷2,畜脩羅,那陀,那,见烦恼,陀,定善,不行·安住本位,,,安住,,「那」表见烦恼、「陀」表定善。这点定善与见惑相为对治、二俱无力，故不行。,手工逐组（门1–14 手写）,通則,,其餘位中。以阿彌陀善。與那謨惡相為對治。二俱無力。所以並不行也。,《選佛譜》卷第一・見取・L57,見取
741,第3门,四種惡趣門,卷2,畜脩羅,那佛,那,见烦恼,佛,无漏善慧,行,東勝神洲,第4门,升,,「那」表见烦恼、「佛」表无漏善慧。仗此佛力出修罗趣，惑犹未除，故生东胜神洲。,手工逐组（门1–14 手写）,承注,,阿阿以下隨宿善力而招異熟。,《選佛譜》卷第二・下品畜生・L53,下品畜生
742,第3门,四種惡趣門,卷2,畜脩羅,謨謨,謨,爱烦恼,謨,爱烦恼,行,少財鬼,第3门,降,,「謨謨」二字俱表爱烦恼。由思惑之力，故降为少财鬼。,手工逐组（门1–14 手写）,承注,,亦不現起分別見惑故不墮獄。而由見種及思惑力能令所受果報益劣故有降為下畜無財鬼者。,《選佛譜》卷第二・中品畜生・L57,中品畜生
743,第3门,四種惡趣門,卷2,畜脩羅,謨阿,謨,爱烦恼,阿,施善,不行·安住本位,,,安住,,「謨」表爱烦恼、「阿」表施善。这点施善与爱惑相为对治、二俱无力，故不行。,手工逐组（门1–14 手写）,通則,,其餘位中。以阿彌陀善。與那謨惡相為對治。二俱無力。所以並不行也。,《選佛譜》卷第一・見取・L57,見取
744,第3门,四種惡趣門,卷2,畜脩羅,謨彌,謨,爱烦恼,彌,戒善,不行·安住本位,,,安住,,「謨」表爱烦恼、「彌」表戒善。这点戒善与爱惑相为对治、二俱无力，故不行。,手工逐组（门1–14 手写）,通則,,其餘位中。以阿彌陀善。與那謨惡相為對治。二俱無力。所以並不行也。,《選佛譜》卷第一・見取・L57,見取
745,第3门,四種惡趣門,卷2,畜脩羅,謨陀,謨,爱烦恼,陀,定善,不行·安住本位,,,安住,,「謨」表爱烦恼、「陀」表定善。这点定善与爱惑相为对治、二俱无力，故不行。,手工逐组（门1–14 手写）,通則,,其餘位中。以阿彌陀善。與那謨惡相為對治。二俱無力。所以並不行也。,《選佛譜》卷第一・見取・L57,見取
746,第3门,四種惡趣門,卷2,畜脩羅,謨佛,謨,爱烦恼,佛,无漏善慧,行,南贍部洲,第4门,升,,「謨」表爱烦恼、「佛」表无漏善慧。仗此佛力出修罗趣，故生南赡部洲。,手工逐组（门1–14 手写）,承注,,阿阿以下隨宿善力而招異熟。,《選佛譜》卷第二・下品畜生・L53,下品畜生
747,第3门,四種惡趣門,卷2,畜脩羅,阿阿,阿,施善,阿,施善,行,有財鬼,第3门,降,,「阿阿」二字俱表施善。此位苦多乐少，凭这分施善转生有财鬼。,手工逐组（门1–14 手写）,承注,,阿阿以下隨宿善力而招異熟。,《選佛譜》卷第二・下品畜生・L53,下品畜生
748,第3门,四種惡趣門,卷2,畜脩羅,阿彌,阿,施善,彌,戒善,行,鬼脩羅,第3门,升,,「阿」表施善、「彌」表戒善。随宿善力而招异熟，故成鬼修罗。,手工逐组（门1–14 手写）,承注,,阿阿以下隨宿善力而招異熟。,《選佛譜》卷第二・下品畜生・L53,下品畜生
749,第3门,四種惡趣門,卷2,畜脩羅,阿陀,阿,施善,陀,定善,行,人脩羅,第3门,升,,「阿」表施善、「陀」表定善。随宿善力而招异熟，故成人修罗。,手工逐组（门1–14 手写）,承注,,阿阿以下隨宿善力而招異熟。,《選佛譜》卷第二・下品畜生・L53,下品畜生
750,第3门,四種惡趣門,卷2,畜脩羅,阿佛,阿,施善,佛,无漏善慧,行,四王天,第4门,升,,「阿」表施善、「佛」表无漏善慧。仗佛力与施善出修罗趣，故生四王天。,手工逐组（门1–14 手写）,承注,,阿阿以下隨宿善力而招異熟。,《選佛譜》卷第二・下品畜生・L53,下品畜生
751,第3门,四種惡趣門,卷2,畜脩羅,彌彌,彌,戒善,彌,戒善,行,人脩羅,第3门,升,,「彌彌」二字俱表戒善。随宿善力而招异熟，故成人修罗。,手工逐组（门1–14 手写）,承注,,阿阿以下隨宿善力而招異熟。,《選佛譜》卷第二・下品畜生・L53,下品畜生
752,第3门,四種惡趣門,卷2,畜脩羅,彌陀,彌,戒善,陀,定善,行,天脩羅,第3门,升,,「彌」表戒善、「陀」表定善。宿善又厚，故成天修罗。,手工逐组（门1–14 手写）,承注,,阿阿以下隨宿善力而招異熟。,《選佛譜》卷第二・下品畜生・L53,下品畜生
753,第3门,四種惡趣門,卷2,畜脩羅,彌佛,彌,戒善,佛,无漏善慧,行,忉利天,第4门,升,,「彌」表戒善、「佛」表无漏善慧。仗佛力与戒善出修罗趣，故生忉利天。,手工逐组（门1–14 手写）,承注,,阿阿以下隨宿善力而招異熟。,《選佛譜》卷第二・下品畜生・L53,下品畜生
754,第3门,四種惡趣門,卷2,畜脩羅,陀陀,陀,定善,陀,定善,行,西牛貨洲,第4门,升,,「陀陀」二字俱表定善。宿善更厚，故生西牛货洲。,手工逐组（门1–14 手写）,承注,,阿阿以下隨宿善力而招異熟。,《選佛譜》卷第二・下品畜生・L53,下品畜生
755,第3门,四種惡趣門,卷2,畜脩羅,陀佛,陀,定善,佛,无漏善慧,行,夜摩天,第4门,升,,「陀」表定善、「佛」表无漏善慧。仗佛力与定善出修罗趣，故生夜摩天。,手工逐组（门1–14 手写）,承注,,阿阿以下隨宿善力而招異熟。,《選佛譜》卷第二・下品畜生・L53,下品畜生
756,第3门,四種惡趣門,卷2,畜脩羅,佛佛,佛,无漏善慧,佛,无漏善慧,行,聽法雜眾,第6门,升,,「佛佛」二字俱表无漏善慧。此位既无大威德力，故仅能听法。,手工逐组（门1–14 手写）,直說,所以佛佛僅能聽法而已,大佛頂經云。……別有一分下劣脩羅生大海心沈水穴口。旦遊虛空。暮歸水㝛。此阿脩羅因溼氣有畜生趣攝。……蓋亦苦多樂少者也。既無大威德力。所以佛佛僅能聽法而已,《選佛譜》卷第二・畜脩羅・L77,畜脩羅
757,第3门,四種惡趣門,卷2,鬼脩羅,那那,那,见烦恼,那,见烦恼,行,少財鬼,第3门,降,,「那那」二字俱表见烦恼。例前诸位，由见种之力令果报益劣，故降为少财鬼。,手工逐组（门1–14 手写）,承注,,亦不現起分別見惑故不墮獄。而由見種及思惑力能令所受果報益劣故有降為下畜無財鬼者。,《選佛譜》卷第二・中品畜生・L57,中品畜生
758,第3门,四種惡趣門,卷2,鬼脩羅,那謨,那,见烦恼,謨,爱烦恼,行,上品畜生,第3门,降,,「那」表见烦恼、「謨」表爱烦恼。由见种及思惑力令果报益劣，故降为上品畜生。,手工逐组（门1–14 手写）,承注,,亦不現起分別見惑故不墮獄。而由見種及思惑力能令所受果報益劣故有降為下畜無財鬼者。,《選佛譜》卷第二・中品畜生・L57,中品畜生
759,第3门,四種惡趣門,卷2,鬼脩羅,那阿,那,见烦恼,阿,施善,不行·安住本位,,,安住,,「那」表见烦恼、「阿」表施善。这点施善与见惑相为对治、二俱无力，故不行。,手工逐组（门1–14 手写）,通則,,其餘位中。以阿彌陀善。與那謨惡相為對治。二俱無力。所以並不行也。,《選佛譜》卷第一・見取・L57,見取
760,第3门,四種惡趣門,卷2,鬼脩羅,那彌,那,见烦恼,彌,戒善,不行·安住本位,,,安住,,「那」表见烦恼、「彌」表戒善。这点戒善与见惑相为对治、二俱无力，故不行。,手工逐组（门1–14 手写）,通則,,其餘位中。以阿彌陀善。與那謨惡相為對治。二俱無力。所以並不行也。,《選佛譜》卷第一・見取・L57,見取
761,第3门,四種惡趣門,卷2,鬼脩羅,那陀,那,见烦恼,陀,定善,不行·安住本位,,,安住,,「那」表见烦恼、「陀」表定善。这点定善与见惑相为对治、二俱无力，故不行。,手工逐组（门1–14 手写）,通則,,其餘位中。以阿彌陀善。與那謨惡相為對治。二俱無力。所以並不行也。,《選佛譜》卷第一・見取・L57,見取
762,第3门,四種惡趣門,卷2,鬼脩羅,那佛,那,见烦恼,佛,无漏善慧,行,南贍部洲,第4门,升,,「那」表见烦恼、「佛」表无漏善慧。仗此佛力出修罗趣，惑犹未除，故生南赡部洲。,手工逐组（门1–14 手写）,承注,,阿阿以下隨宿善力而招異熟。,《選佛譜》卷第二・下品畜生・L53,下品畜生
763,第3门,四種惡趣門,卷2,鬼脩羅,謨謨,謨,爱烦恼,謨,爱烦恼,行,畜脩羅,第3门,降,,「謨謨」二字俱表爱烦恼。由思惑之力，故降为畜修罗。,手工逐组（门1–14 手写）,承注,,亦不現起分別見惑故不墮獄。而由見種及思惑力能令所受果報益劣故有降為下畜無財鬼者。,《選佛譜》卷第二・中品畜生・L57,中品畜生
764,第3门,四種惡趣門,卷2,鬼脩羅,謨阿,謨,爱烦恼,阿,施善,不行·安住本位,,,安住,,「謨」表爱烦恼、「阿」表施善。这点施善与爱惑相为对治、二俱无力，故不行。,手工逐组（门1–14 手写）,通則,,其餘位中。以阿彌陀善。與那謨惡相為對治。二俱無力。所以並不行也。,《選佛譜》卷第一・見取・L57,見取
765,第3门,四種惡趣門,卷2,鬼脩羅,謨彌,謨,爱烦恼,彌,戒善,不行·安住本位,,,安住,,「謨」表爱烦恼、「彌」表戒善。这点戒善与爱惑相为对治、二俱无力，故不行。,手工逐组（门1–14 手写）,通則,,其餘位中。以阿彌陀善。與那謨惡相為對治。二俱無力。所以並不行也。,《選佛譜》卷第一・見取・L57,見取
766,第3门,四種惡趣門,卷2,鬼脩羅,謨陀,謨,爱烦恼,陀,定善,不行·安住本位,,,安住,,「謨」表爱烦恼、「陀」表定善。这点定善与爱惑相为对治、二俱无力，故不行。,手工逐组（门1–14 手写）,通則,,其餘位中。以阿彌陀善。與那謨惡相為對治。二俱無力。所以並不行也。,《選佛譜》卷第一・見取・L57,見取
767,第3门,四種惡趣門,卷2,鬼脩羅,謨佛,謨,爱烦恼,佛,无漏善慧,行,鐵輪王,第4门,升,,「謨」表爱烦恼、「佛」表无漏善慧。仗此佛力出修罗趣，故为铁轮王。,手工逐组（门1–14 手写）,承注,,阿阿以下隨宿善力而招異熟。,《選佛譜》卷第二・下品畜生・L53,下品畜生
768,第3门,四種惡趣門,卷2,鬼脩羅,阿阿,阿,施善,阿,施善,行,人脩羅,第3门,升,,「阿阿」二字俱表施善。此位较鬼道稍胜，凭这分施善成人修罗。,手工逐组（门1–14 手写）,承注,,阿阿以下隨宿善力而招異熟。,《選佛譜》卷第二・下品畜生・L53,下品畜生
769,第3门,四種惡趣門,卷2,鬼脩羅,阿彌,阿,施善,彌,戒善,行,天脩羅,第3门,升,,「阿」表施善、「彌」表戒善。随宿善力而招异熟，故成天修罗。,手工逐组（门1–14 手写）,承注,,阿阿以下隨宿善力而招異熟。,《選佛譜》卷第二・下品畜生・L53,下品畜生
770,第3门,四種惡趣門,卷2,鬼脩羅,阿陀,阿,施善,陀,定善,行,西牛貨洲,第4门,升,,「阿」表施善、「陀」表定善。随宿善力而招异熟，故生西牛货洲。,手工逐组（门1–14 手写）,承注,,阿阿以下隨宿善力而招異熟。,《選佛譜》卷第二・下品畜生・L53,下品畜生
771,第3门,四種惡趣門,卷2,鬼脩羅,阿佛,阿,施善,佛,无漏善慧,行,四王天,第4门,升,,「阿」表施善、「佛」表无漏善慧。仗佛力与施善出修罗趣，故生四王天。,手工逐组（门1–14 手写）,承注,,阿阿以下隨宿善力而招異熟。,《選佛譜》卷第二・下品畜生・L53,下品畜生
772,第3门,四種惡趣門,卷2,鬼脩羅,彌彌,彌,戒善,彌,戒善,行,西牛貨洲,第4门,升,,「彌彌」二字俱表戒善。随宿善力而招异熟，故生西牛货洲。,手工逐组（门1–14 手写）,承注,,阿阿以下隨宿善力而招異熟。,《選佛譜》卷第二・下品畜生・L53,下品畜生
773,第3门,四種惡趣門,卷2,鬼脩羅,彌陀,彌,戒善,陀,定善,行,東勝神洲,第4门,升,,「彌」表戒善、「陀」表定善。宿善又厚，故生东胜神洲。,手工逐组（门1–14 手写）,承注,,阿阿以下隨宿善力而招異熟。,《選佛譜》卷第二・下品畜生・L53,下品畜生
774,第3门,四種惡趣門,卷2,鬼脩羅,彌佛,彌,戒善,佛,无漏善慧,行,忉利天,第4门,升,,「彌」表戒善、「佛」表无漏善慧。仗佛力与戒善出修罗趣，故生忉利天。,手工逐组（门1–14 手写）,承注,,阿阿以下隨宿善力而招異熟。,《選佛譜》卷第二・下品畜生・L53,下品畜生
775,第3门,四種惡趣門,卷2,鬼脩羅,陀陀,陀,定善,陀,定善,行,北俱盧洲,第4门,升,,「陀陀」二字俱表定善。宿善更厚，故生北俱卢洲。,手工逐组（门1–14 手写）,承注,,阿阿以下隨宿善力而招異熟。,《選佛譜》卷第二・下品畜生・L53,下品畜生
776,第3门,四種惡趣門,卷2,鬼脩羅,陀佛,陀,定善,佛,无漏善慧,行,兜率天,第4门,升,,「陀」表定善、「佛」表无漏善慧。仗佛力与定善出修罗趣，故生兜率天。,手工逐组（门1–14 手写）,承注,,阿阿以下隨宿善力而招異熟。,《選佛譜》卷第二・下品畜生・L53,下品畜生
777,第3门,四種惡趣門,卷2,鬼脩羅,佛佛,佛,无漏善慧,佛,无漏善慧,行,護法八部,第6门,升,,「佛佛」二字俱表无漏善慧。此位有护法之力，故遇佛佛仍能护法。,手工逐组（门1–14 手写）,直說,故佛佛仍能護法。然亦苦樂相雜而已,大佛頂經云。若於鬼道以護法力乘通入空。此阿脩羅從卵而生鬼趣所攝……既云乘通入空。則較鬼道又稍勝矣。故佛佛仍能護法。然亦苦樂相雜而已,《選佛譜》卷第二・鬼脩羅・L81,鬼脩羅
778,第3门,四種惡趣門,卷2,人脩羅,那那,那,见烦恼,那,见烦恼,行,畜脩羅,第3门,降,,「那那」二字俱表见烦恼。例前诸位，由见种之力令果报益劣，故降为畜修罗。,手工逐组（门1–14 手写）,承注,此與鬼脩優劣殆相似耳。,亦不現起分別見惑故不墮獄。而由見種及思惑力能令所受果報益劣故有降為下畜無財鬼者。,《選佛譜》卷第二・中品畜生・L57,中品畜生
779,第3门,四種惡趣門,卷2,人脩羅,那謨,那,见烦恼,謨,爱烦恼,行,有財鬼,第3门,降,,「那」表见烦恼、「謨」表爱烦恼。由见种及思惑力令果报益劣，故降为有财鬼。,手工逐组（门1–14 手写）,承注,此與鬼脩優劣殆相似耳。,亦不現起分別見惑故不墮獄。而由見種及思惑力能令所受果報益劣故有降為下畜無財鬼者。,《選佛譜》卷第二・中品畜生・L57,中品畜生
780,第3门,四種惡趣門,卷2,人脩羅,那阿,那,见烦恼,阿,施善,不行·安住本位,,,安住,,「那」表见烦恼、「阿」表施善。这点施善与见惑相为对治、二俱无力，故不行。,手工逐组（门1–14 手写）,通則,此與鬼脩優劣殆相似耳。,其餘位中。以阿彌陀善。與那謨惡相為對治。二俱無力。所以並不行也。,《選佛譜》卷第一・見取・L57,見取
781,第3门,四種惡趣門,卷2,人脩羅,那彌,那,见烦恼,彌,戒善,不行·安住本位,,,安住,,「那」表见烦恼、「彌」表戒善。这点戒善与见惑相为对治、二俱无力，故不行。,手工逐组（门1–14 手写）,通則,此與鬼脩優劣殆相似耳。,其餘位中。以阿彌陀善。與那謨惡相為對治。二俱無力。所以並不行也。,《選佛譜》卷第一・見取・L57,見取
782,第3门,四種惡趣門,卷2,人脩羅,那陀,那,见烦恼,陀,定善,不行·安住本位,,,安住,,「那」表见烦恼、「陀」表定善。这点定善与见惑相为对治、二俱无力，故不行。,手工逐组（门1–14 手写）,通則,此與鬼脩優劣殆相似耳。,其餘位中。以阿彌陀善。與那謨惡相為對治。二俱無力。所以並不行也。,《選佛譜》卷第一・見取・L57,見取
783,第3门,四種惡趣門,卷2,人脩羅,那佛,那,见烦恼,佛,无漏善慧,行,鐵輪王,第4门,升,,「那」表见烦恼、「佛」表无漏善慧。仗此佛力出修罗趣，惑犹未除，故为铁轮王。,手工逐组（门1–14 手写）,承注,此與鬼脩優劣殆相似耳。,阿阿以下隨宿善力而招異熟。,《選佛譜》卷第二・下品畜生・L53,下品畜生
784,第3门,四種惡趣門,卷2,人脩羅,謨謨,謨,爱烦恼,謨,爱烦恼,行,鬼脩羅,第3门,降,,「謨謨」二字俱表爱烦恼。由思惑之力，故降为鬼修罗。,手工逐组（门1–14 手写）,承注,此與鬼脩優劣殆相似耳。,亦不現起分別見惑故不墮獄。而由見種及思惑力能令所受果報益劣故有降為下畜無財鬼者。,《選佛譜》卷第二・中品畜生・L57,中品畜生
785,第3门,四種惡趣門,卷2,人脩羅,謨阿,謨,爱烦恼,阿,施善,不行·安住本位,,,安住,,「謨」表爱烦恼、「阿」表施善。这点施善与爱惑相为对治、二俱无力，故不行。,手工逐组（门1–14 手写）,通則,此與鬼脩優劣殆相似耳。,其餘位中。以阿彌陀善。與那謨惡相為對治。二俱無力。所以並不行也。,《選佛譜》卷第一・見取・L57,見取
786,第3门,四種惡趣門,卷2,人脩羅,謨彌,謨,爱烦恼,彌,戒善,不行·安住本位,,,安住,,「謨」表爱烦恼、「彌」表戒善。这点戒善与爱惑相为对治、二俱无力，故不行。,手工逐组（门1–14 手写）,通則,此與鬼脩優劣殆相似耳。,其餘位中。以阿彌陀善。與那謨惡相為對治。二俱無力。所以並不行也。,《選佛譜》卷第一・見取・L57,見取
787,第3门,四種惡趣門,卷2,人脩羅,謨陀,謨,爱烦恼,陀,定善,不行·安住本位,,,安住,,「謨」表爱烦恼、「陀」表定善。这点定善与爱惑相为对治、二俱无力，故不行。,手工逐组（门1–14 手写）,通則,此與鬼脩優劣殆相似耳。,其餘位中。以阿彌陀善。與那謨惡相為對治。二俱無力。所以並不行也。,《選佛譜》卷第一・見取・L57,見取
788,第3门,四種惡趣門,卷2,人脩羅,謨佛,謨,爱烦恼,佛,无漏善慧,行,四王天,第4门,升,,「謨」表爱烦恼、「佛」表无漏善慧。仗此佛力出修罗趣，故生四王天。,手工逐组（门1–14 手写）,承注,此與鬼脩優劣殆相似耳。,阿阿以下隨宿善力而招異熟。,《選佛譜》卷第二・下品畜生・L53,下品畜生
789,第3门,四種惡趣門,卷2,人脩羅,阿阿,阿,施善,阿,施善,行,天脩羅,第3门,升,,「阿阿」二字俱表施善。此位与鬼修罗优劣相似，凭这分施善成天修罗。,手工逐组（门1–14 手写）,承注,此與鬼脩優劣殆相似耳。,阿阿以下隨宿善力而招異熟。,《選佛譜》卷第二・下品畜生・L53,下品畜生
790,第3门,四種惡趣門,卷2,人脩羅,阿彌,阿,施善,彌,戒善,行,西牛貨洲,第4门,升,,「阿」表施善、「彌」表戒善。随宿善力而招异熟，故生西牛货洲。,手工逐组（门1–14 手写）,承注,此與鬼脩優劣殆相似耳。,阿阿以下隨宿善力而招異熟。,《選佛譜》卷第二・下品畜生・L53,下品畜生
791,第3门,四種惡趣門,卷2,人脩羅,阿陀,阿,施善,陀,定善,行,東勝神洲,第4门,升,,「阿」表施善、「陀」表定善。随宿善力而招异熟，故生东胜神洲。,手工逐组（门1–14 手写）,承注,此與鬼脩優劣殆相似耳。,阿阿以下隨宿善力而招異熟。,《選佛譜》卷第二・下品畜生・L53,下品畜生
792,第3门,四種惡趣門,卷2,人脩羅,阿佛,阿,施善,佛,无漏善慧,行,忉利天,第4门,升,,「阿」表施善、「佛」表无漏善慧。仗佛力与施善出修罗趣，故生忉利天。,手工逐组（门1–14 手写）,承注,此與鬼脩優劣殆相似耳。,阿阿以下隨宿善力而招異熟。,《選佛譜》卷第二・下品畜生・L53,下品畜生
793,第3门,四種惡趣門,卷2,人脩羅,彌彌,彌,戒善,彌,戒善,行,東勝神洲,第4门,升,,「彌彌」二字俱表戒善。随宿善力而招异熟，故生东胜神洲。,手工逐组（门1–14 手写）,承注,此與鬼脩優劣殆相似耳。,阿阿以下隨宿善力而招異熟。,《選佛譜》卷第二・下品畜生・L53,下品畜生
794,第3门,四種惡趣門,卷2,人脩羅,彌陀,彌,戒善,陀,定善,行,北俱盧洲,第4门,升,,「彌」表戒善、「陀」表定善。宿善又厚，故生北俱卢洲。,手工逐组（门1–14 手写）,承注,此與鬼脩優劣殆相似耳。,阿阿以下隨宿善力而招異熟。,《選佛譜》卷第二・下品畜生・L53,下品畜生
795,第3门,四種惡趣門,卷2,人脩羅,彌佛,彌,戒善,佛,无漏善慧,行,夜摩天,第4门,升,,「彌」表戒善、「佛」表无漏善慧。仗佛力与戒善出修罗趣，故生夜摩天。,手工逐组（门1–14 手写）,承注,此與鬼脩優劣殆相似耳。,阿阿以下隨宿善力而招異熟。,《選佛譜》卷第二・下品畜生・L53,下品畜生
796,第3门,四種惡趣門,卷2,人脩羅,陀陀,陀,定善,陀,定善,行,南贍部洲,第4门,升,,「陀陀」二字俱表定善。宿善更厚，故生南赡部洲。,手工逐组（门1–14 手写）,承注,此與鬼脩優劣殆相似耳。,阿阿以下隨宿善力而招異熟。,《選佛譜》卷第二・下品畜生・L53,下品畜生
797,第3门,四種惡趣門,卷2,人脩羅,陀佛,陀,定善,佛,无漏善慧,行,兜率天,第4门,升,,「陀」表定善、「佛」表无漏善慧。仗佛力与定善出修罗趣，故生兜率天。,手工逐组（门1–14 手写）,承注,此與鬼脩優劣殆相似耳。,阿阿以下隨宿善力而招異熟。,《選佛譜》卷第二・下品畜生・L53,下品畜生
798,第3门,四種惡趣門,卷2,人脩羅,佛佛,佛,无漏善慧,佛,无漏善慧,行,護法八部,第6门,升,,「佛佛」二字俱表无漏善慧。此位邻于日月、力能护法，故为护法八部。,手工逐组（门1–14 手写）,直說,此與鬼脩優劣殆相似耳。,大佛頂經云。……若於天中降德貶墜。其所卜居鄰於日月。此阿脩羅從胎而出人趣所攝。……既降德貶墜則不唯不如天道亦不如人道矣。……此與鬼脩優劣殆相似耳。,《選佛譜》卷第二・人脩羅・L85,人脩羅
799,第3门,四種惡趣門,卷2,天脩羅,那那,那,见烦恼,那,见烦恼,行,有財鬼,第3门,降,,「那那」二字俱表见烦恼。升降略同前诸修罗，由见种之力，故降为有财鬼。,手工逐组（门1–14 手写）,承注,但有天福而無天德。仍名非天。所以升降亦略同也。,亦不現起分別見惑故不墮獄。而由見種及思惑力能令所受果報益劣故有降為下畜無財鬼者。,《選佛譜》卷第二・中品畜生・L57,中品畜生
800,第3门,四種惡趣門,卷2,天脩羅,那謨,那,见烦恼,謨,爱烦恼,行,鬼脩羅,第3门,降,,「那」表见烦恼、「謨」表爱烦恼。由见种及思惑力令果报益劣，故降为鬼修罗。,手工逐组（门1–14 手写）,承注,但有天福而無天德。仍名非天。所以升降亦略同也。,亦不現起分別見惑故不墮獄。而由見種及思惑力能令所受果報益劣故有降為下畜無財鬼者。,《選佛譜》卷第二・中品畜生・L57,中品畜生
801,第3门,四種惡趣門,卷2,天脩羅,那阿,那,见烦恼,阿,施善,不行·安住本位,,,安住,,「那」表见烦恼、「阿」表施善。这点施善与见惑相为对治、二俱无力，故不行。,手工逐组（门1–14 手写）,通則,但有天福而無天德。仍名非天。所以升降亦略同也。,其餘位中。以阿彌陀善。與那謨惡相為對治。二俱無力。所以並不行也。,《選佛譜》卷第一・見取・L57,見取
802,第3门,四種惡趣門,卷2,天脩羅,那彌,那,见烦恼,彌,戒善,不行·安住本位,,,安住,,「那」表见烦恼、「彌」表戒善。这点戒善与见惑相为对治、二俱无力，故不行。,手工逐组（门1–14 手写）,通則,但有天福而無天德。仍名非天。所以升降亦略同也。,其餘位中。以阿彌陀善。與那謨惡相為對治。二俱無力。所以並不行也。,《選佛譜》卷第一・見取・L57,見取
803,第3门,四種惡趣門,卷2,天脩羅,那陀,那,见烦恼,陀,定善,不行·安住本位,,,安住,,「那」表见烦恼、「陀」表定善。这点定善与见惑相为对治、二俱无力，故不行。,手工逐组（门1–14 手写）,通則,但有天福而無天德。仍名非天。所以升降亦略同也。,其餘位中。以阿彌陀善。與那謨惡相為對治。二俱無力。所以並不行也。,《選佛譜》卷第一・見取・L57,見取
804,第3门,四種惡趣門,卷2,天脩羅,那佛,那,见烦恼,佛,无漏善慧,行,四王天,第4门,升,,「那」表见烦恼、「佛」表无漏善慧。仗此佛力出修罗趣，惑犹未除，故生四王天。,手工逐组（门1–14 手写）,承注,但有天福而無天德。仍名非天。所以升降亦略同也。,阿阿以下隨宿善力而招異熟。,《選佛譜》卷第二・下品畜生・L53,下品畜生
805,第3门,四種惡趣門,卷2,天脩羅,謨謨,謨,爱烦恼,謨,爱烦恼,行,人脩羅,第3门,降,,「謨謨」二字俱表爱烦恼。由思惑之力，故降为人修罗。,手工逐组（门1–14 手写）,承注,但有天福而無天德。仍名非天。所以升降亦略同也。,亦不現起分別見惑故不墮獄。而由見種及思惑力能令所受果報益劣故有降為下畜無財鬼者。,《選佛譜》卷第二・中品畜生・L57,中品畜生
806,第3门,四種惡趣門,卷2,天脩羅,謨阿,謨,爱烦恼,阿,施善,不行·安住本位,,,安住,,「謨」表爱烦恼、「阿」表施善。这点施善与爱惑相为对治、二俱无力，故不行。,手工逐组（门1–14 手写）,通則,但有天福而無天德。仍名非天。所以升降亦略同也。,其餘位中。以阿彌陀善。與那謨惡相為對治。二俱無力。所以並不行也。,《選佛譜》卷第一・見取・L57,見取
807,第3门,四種惡趣門,卷2,天脩羅,謨彌,謨,爱烦恼,彌,戒善,不行·安住本位,,,安住,,「謨」表爱烦恼、「彌」表戒善。这点戒善与爱惑相为对治、二俱无力，故不行。,手工逐组（门1–14 手写）,通則,但有天福而無天德。仍名非天。所以升降亦略同也。,其餘位中。以阿彌陀善。與那謨惡相為對治。二俱無力。所以並不行也。,《選佛譜》卷第一・見取・L57,見取
808,第3门,四種惡趣門,卷2,天脩羅,謨陀,謨,爱烦恼,陀,定善,不行·安住本位,,,安住,,「謨」表爱烦恼、「陀」表定善。这点定善与爱惑相为对治、二俱无力，故不行。,手工逐组（门1–14 手写）,通則,但有天福而無天德。仍名非天。所以升降亦略同也。,其餘位中。以阿彌陀善。與那謨惡相為對治。二俱無力。所以並不行也。,《選佛譜》卷第一・見取・L57,見取
809,第3门,四種惡趣門,卷2,天脩羅,謨佛,謨,爱烦恼,佛,无漏善慧,行,忉利天,第4门,升,,「謨」表爱烦恼、「佛」表无漏善慧。仗此佛力出修罗趣，故生忉利天。,手工逐组（门1–14 手写）,承注,但有天福而無天德。仍名非天。所以升降亦略同也。,阿阿以下隨宿善力而招異熟。,《選佛譜》卷第二・下品畜生・L53,下品畜生
810,第3门,四種惡趣門,卷2,天脩羅,阿阿,阿,施善,阿,施善,行,西牛貨洲,第4门,升,,「阿阿」二字俱表施善。此位但有天福而无天德，凭这分施善生西牛货洲。,手工逐组（门1–14 手写）,承注,但有天福而無天德。仍名非天。所以升降亦略同也。,阿阿以下隨宿善力而招異熟。,《選佛譜》卷第二・下品畜生・L53,下品畜生
811,第3门,四種惡趣門,卷2,天脩羅,阿彌,阿,施善,彌,戒善,行,東勝神洲,第4门,升,,「阿」表施善、「彌」表戒善。随宿善力而招异熟，故生东胜神洲。,手工逐组（门1–14 手写）,承注,但有天福而無天德。仍名非天。所以升降亦略同也。,阿阿以下隨宿善力而招異熟。,《選佛譜》卷第二・下品畜生・L53,下品畜生
812,第3门,四種惡趣門,卷2,天脩羅,阿陀,阿,施善,陀,定善,行,北俱盧洲,第4门,升,,「阿」表施善、「陀」表定善。随宿善力而招异熟，故生北俱卢洲。,手工逐组（门1–14 手写）,承注,但有天福而無天德。仍名非天。所以升降亦略同也。,阿阿以下隨宿善力而招異熟。,《選佛譜》卷第二・下品畜生・L53,下品畜生
813,第3门,四種惡趣門,卷2,天脩羅,阿佛,阿,施善,佛,无漏善慧,行,夜摩天,第4门,升,,「阿」表施善、「佛」表无漏善慧。仗佛力与施善出修罗趣，故生夜摩天。,手工逐组（门1–14 手写）,承注,但有天福而無天德。仍名非天。所以升降亦略同也。,阿阿以下隨宿善力而招異熟。,《選佛譜》卷第二・下品畜生・L53,下品畜生
814,第3门,四種惡趣門,卷2,天脩羅,彌彌,彌,戒善,彌,戒善,行,北俱盧洲,第4门,升,,「彌彌」二字俱表戒善。随宿善力而招异熟，故生北俱卢洲。,手工逐组（门1–14 手写）,承注,但有天福而無天德。仍名非天。所以升降亦略同也。,阿阿以下隨宿善力而招異熟。,《選佛譜》卷第二・下品畜生・L53,下品畜生
815,第3门,四種惡趣門,卷2,天脩羅,彌陀,彌,戒善,陀,定善,行,南贍部洲,第4门,升,,「彌」表戒善、「陀」表定善。宿善又厚，故生南赡部洲。,手工逐组（门1–14 手写）,承注,但有天福而無天德。仍名非天。所以升降亦略同也。,阿阿以下隨宿善力而招異熟。,《選佛譜》卷第二・下品畜生・L53,下品畜生
816,第3门,四種惡趣門,卷2,天脩羅,彌佛,彌,戒善,佛,无漏善慧,行,兜率天,第4门,升,,「彌」表戒善、「佛」表无漏善慧。仗佛力与戒善出修罗趣，故生兜率天。,手工逐组（门1–14 手写）,承注,但有天福而無天德。仍名非天。所以升降亦略同也。,阿阿以下隨宿善力而招異熟。,《選佛譜》卷第二・下品畜生・L53,下品畜生
817,第3门,四種惡趣門,卷2,天脩羅,陀陀,陀,定善,陀,定善,行,鐵輪王,第4门,升,,「陀陀」二字俱表定善。宿善更厚，故为铁轮王。,手工逐组（门1–14 手写）,承注,但有天福而無天德。仍名非天。所以升降亦略同也。,阿阿以下隨宿善力而招異熟。,《選佛譜》卷第二・下品畜生・L53,下品畜生
818,第3门,四種惡趣門,卷2,天脩羅,陀佛,陀,定善,佛,无漏善慧,行,大梵天,第5门,升,,「陀」表定善、「佛」表无漏善慧。既仗佛力又得禅定，故命终满其所希之权，为大梵天。,手工逐组（门1–14 手写）,直說,陀佛為大梵者。既仗佛力。又得禪定。故命終後滿其所希望之權耳。而大梵慢心極重。亦與天脩羅臭味略同。,陀佛為大梵者。既仗佛力。又得禪定。故命終後滿其所希望之權耳。而大梵慢心極重。亦與天脩羅臭味略同。,《選佛譜》卷第二・天脩羅・L89,天脩羅
819,第3门,四種惡趣門,卷2,天脩羅,佛佛,佛,无漏善慧,佛,无漏善慧,行,護法八部,第6门,升,,「佛佛」二字俱表无漏善慧。此位力洞无畏、力能护法，故为护法八部。,手工逐组（门1–14 手写）,直說,但有天福而無天德。仍名非天。所以升降亦略同也。,大佛頂經云。……有脩羅王執持世界力洞無畏能與梵王及天帝釋爭權。此阿脩羅因變化有天趣所攝。……雖云天趣所攝。既喜鬬諍必多諂嫉。但有天福而無天德。仍名非天。所以升降亦略同也。,《選佛譜》卷第二・天脩羅・L89,天脩羅
820,第4门,欲界人天門,卷2,北俱盧洲,那那,那,见烦恼,那,见烦恼,不行·安住本位,,,安住,,「那那」二字俱表见烦恼。此洲之人不执我所、不造十恶，故不行。,手工逐组（门1–14 手写）,直說,故那那乃至陀陀皆不行也。問。既不修善何得生天。答。准經論說。要有第二世定得生天業者乃能生北洲耳。,既不造惡。亦不修善。故那那乃至陀陀皆不行也。,《選佛譜》卷第二・北俱盧洲・L99,北俱盧洲
821,第4门,欲界人天門,卷2,北俱盧洲,那謨,那,见烦恼,謨,爱烦恼,不行·安住本位,,,安住,,「那」表见烦恼、「謨」表爱烦恼。此洲之人不执我所、不造十恶，故不行。,手工逐组（门1–14 手写）,直說,故那那乃至陀陀皆不行也。問。既不修善何得生天。答。准經論說。要有第二世定得生天業者乃能生北洲耳。,既不造惡。亦不修善。故那那乃至陀陀皆不行也。,《選佛譜》卷第二・北俱盧洲・L99,北俱盧洲
822,第4门,欲界人天門,卷2,北俱盧洲,那阿,那,见烦恼,阿,施善,不行·安住本位,,,安住,,「那」表见烦恼、「阿」表施善。此洲既不造恶、亦不修善，故不行。,手工逐组（门1–14 手写）,通則,故那那乃至陀陀皆不行也。問。既不修善何得生天。答。准經論說。要有第二世定得生天業者乃能生北洲耳。,其餘位中。以阿彌陀善。與那謨惡相為對治。二俱無力。所以並不行也。,《選佛譜》卷第一・見取・L57,見取
823,第4门,欲界人天門,卷2,北俱盧洲,那彌,那,见烦恼,彌,戒善,不行·安住本位,,,安住,,「那」表见烦恼、「彌」表戒善。此洲既不造恶、亦不修善，故不行。,手工逐组（门1–14 手写）,通則,故那那乃至陀陀皆不行也。問。既不修善何得生天。答。准經論說。要有第二世定得生天業者乃能生北洲耳。,其餘位中。以阿彌陀善。與那謨惡相為對治。二俱無力。所以並不行也。,《選佛譜》卷第一・見取・L57,見取
824,第4门,欲界人天門,卷2,北俱盧洲,那陀,那,见烦恼,陀,定善,不行·安住本位,,,安住,,「那」表见烦恼、「陀」表定善。此洲既不造恶、亦不修善，故不行。,手工逐组（门1–14 手写）,通則,故那那乃至陀陀皆不行也。問。既不修善何得生天。答。准經論說。要有第二世定得生天業者乃能生北洲耳。,其餘位中。以阿彌陀善。與那謨惡相為對治。二俱無力。所以並不行也。,《選佛譜》卷第一・見取・L57,見取
825,第4门,欲界人天門,卷2,北俱盧洲,那佛,那,见烦恼,佛,无漏善慧,行,忉利天,第4门,升,,「那」表见烦恼、「佛」表无漏善慧。此洲不执我所、命终必生天上，故生忉利天。,手工逐组（门1–14 手写）,直說,命終必生天上。,壽滿千歲。無有中天。不執我所不造十惡。命終必生天上。,《選佛譜》卷第二・北俱盧洲・L99,北俱盧洲
826,第4门,欲界人天門,卷2,北俱盧洲,謨謨,謨,爱烦恼,謨,爱烦恼,不行·安住本位,,,安住,,「謨謨」二字俱表爱烦恼。此洲之人不执我所、不造十恶，故不行。,手工逐组（门1–14 手写）,直說,故那那乃至陀陀皆不行也。問。既不修善何得生天。答。准經論說。要有第二世定得生天業者乃能生北洲耳。,既不造惡。亦不修善。故那那乃至陀陀皆不行也。,《選佛譜》卷第二・北俱盧洲・L99,北俱盧洲
827,第4门,欲界人天門,卷2,北俱盧洲,謨阿,謨,爱烦恼,阿,施善,不行·安住本位,,,安住,,「謨」表爱烦恼、「阿」表施善。此洲既不造恶、亦不修善，故不行。,手工逐组（门1–14 手写）,通則,故那那乃至陀陀皆不行也。問。既不修善何得生天。答。准經論說。要有第二世定得生天業者乃能生北洲耳。,其餘位中。以阿彌陀善。與那謨惡相為對治。二俱無力。所以並不行也。,《選佛譜》卷第一・見取・L57,見取
828,第4门,欲界人天門,卷2,北俱盧洲,謨彌,謨,爱烦恼,彌,戒善,不行·安住本位,,,安住,,「謨」表爱烦恼、「彌」表戒善。此洲既不造恶、亦不修善，故不行。,手工逐组（门1–14 手写）,通則,故那那乃至陀陀皆不行也。問。既不修善何得生天。答。准經論說。要有第二世定得生天業者乃能生北洲耳。,其餘位中。以阿彌陀善。與那謨惡相為對治。二俱無力。所以並不行也。,《選佛譜》卷第一・見取・L57,見取
829,第4门,欲界人天門,卷2,北俱盧洲,謨陀,謨,爱烦恼,陀,定善,不行·安住本位,,,安住,,「謨」表爱烦恼、「陀」表定善。此洲既不造恶、亦不修善，故不行。,手工逐组（门1–14 手写）,通則,故那那乃至陀陀皆不行也。問。既不修善何得生天。答。准經論說。要有第二世定得生天業者乃能生北洲耳。,其餘位中。以阿彌陀善。與那謨惡相為對治。二俱無力。所以並不行也。,《選佛譜》卷第一・見取・L57,見取
830,第4门,欲界人天門,卷2,北俱盧洲,謨佛,謨,爱烦恼,佛,无漏善慧,行,夜摩天,第4门,升,,「謨」表爱烦恼、「佛」表无漏善慧。此洲不执我所、命终必生天上，故生夜摩天。,手工逐组（门1–14 手写）,直說,命終必生天上。,壽滿千歲。無有中天。不執我所不造十惡。命終必生天上。,《選佛譜》卷第二・北俱盧洲・L99,北俱盧洲
831,第4门,欲界人天門,卷2,北俱盧洲,阿阿,阿,施善,阿,施善,不行·安住本位,,,安住,,「阿阿」二字俱表施善。此洲既不造恶、亦不修善，故不行。,手工逐组（门1–14 手写）,直說,故那那乃至陀陀皆不行也。問。既不修善何得生天。答。准經論說。要有第二世定得生天業者乃能生北洲耳。,既不造惡。亦不修善。故那那乃至陀陀皆不行也。,《選佛譜》卷第二・北俱盧洲・L99,北俱盧洲
832,第4门,欲界人天門,卷2,北俱盧洲,阿彌,阿,施善,彌,戒善,不行·安住本位,,,安住,,「阿」表施善、「彌」表戒善。此洲既不造恶、亦不修善，故不行。,手工逐组（门1–14 手写）,直說,故那那乃至陀陀皆不行也。問。既不修善何得生天。答。准經論說。要有第二世定得生天業者乃能生北洲耳。,既不造惡。亦不修善。故那那乃至陀陀皆不行也。,《選佛譜》卷第二・北俱盧洲・L99,北俱盧洲
833,第4门,欲界人天門,卷2,北俱盧洲,阿陀,阿,施善,陀,定善,不行·安住本位,,,安住,,「阿」表施善、「陀」表定善。此洲既不造恶、亦不修善，故不行。,手工逐组（门1–14 手写）,直說,故那那乃至陀陀皆不行也。問。既不修善何得生天。答。准經論說。要有第二世定得生天業者乃能生北洲耳。,既不造惡。亦不修善。故那那乃至陀陀皆不行也。,《選佛譜》卷第二・北俱盧洲・L99,北俱盧洲
834,第4门,欲界人天門,卷2,北俱盧洲,阿佛,阿,施善,佛,无漏善慧,行,兜率天,第4门,升,,「阿」表施善、「佛」表无漏善慧。此洲福最胜，命终必生天上，故生兜率天。,手工逐组（门1–14 手写）,直說,命終必生天上。,壽滿千歲。無有中天。不執我所不造十惡。命終必生天上。,《選佛譜》卷第二・北俱盧洲・L99,北俱盧洲
835,第4门,欲界人天門,卷2,北俱盧洲,彌彌,彌,戒善,彌,戒善,不行·安住本位,,,安住,,「彌彌」二字俱表戒善。此洲既不造恶、亦不修善，故不行。,手工逐组（门1–14 手写）,直說,故那那乃至陀陀皆不行也。問。既不修善何得生天。答。准經論說。要有第二世定得生天業者乃能生北洲耳。,既不造惡。亦不修善。故那那乃至陀陀皆不行也。,《選佛譜》卷第二・北俱盧洲・L99,北俱盧洲
836,第4门,欲界人天門,卷2,北俱盧洲,彌陀,彌,戒善,陀,定善,不行·安住本位,,,安住,,「彌」表戒善、「陀」表定善。此洲既不造恶、亦不修善，故不行。,手工逐组（门1–14 手写）,直說,故那那乃至陀陀皆不行也。問。既不修善何得生天。答。准經論說。要有第二世定得生天業者乃能生北洲耳。,既不造惡。亦不修善。故那那乃至陀陀皆不行也。,《選佛譜》卷第二・北俱盧洲・L99,北俱盧洲
837,第4门,欲界人天門,卷2,北俱盧洲,彌佛,彌,戒善,佛,无漏善慧,行,化樂天,第4门,升,,「彌」表戒善、「佛」表无漏善慧。此洲福最胜，命终必生天上，故生化乐天。,手工逐组（门1–14 手写）,直說,命終必生天上。,壽滿千歲。無有中天。不執我所不造十惡。命終必生天上。,《選佛譜》卷第二・北俱盧洲・L99,北俱盧洲
838,第4门,欲界人天門,卷2,北俱盧洲,陀陀,陀,定善,陀,定善,不行·安住本位,,,安住,,「陀陀」二字俱表定善。此洲既不造恶、亦不修善，故不行。,手工逐组（门1–14 手写）,直說,故那那乃至陀陀皆不行也。問。既不修善何得生天。答。准經論說。要有第二世定得生天業者乃能生北洲耳。,既不造惡。亦不修善。故那那乃至陀陀皆不行也。,《選佛譜》卷第二・北俱盧洲・L99,北俱盧洲
839,第4门,欲界人天門,卷2,北俱盧洲,陀佛,陀,定善,佛,无漏善慧,行,他化自在天,第4门,升,,「陀」表定善、「佛」表无漏善慧。此洲福最胜，命终必生天上，故生他化自在天。,手工逐组（门1–14 手写）,直說,命終必生天上。,壽滿千歲。無有中天。不執我所不造十惡。命終必生天上。,《選佛譜》卷第二・北俱盧洲・L99,北俱盧洲
840,第4门,欲界人天門,卷2,北俱盧洲,佛佛,佛,无漏善慧,佛,无漏善慧,行,王三昧,第8门,升,,「佛佛」二字俱表无漏善慧。遇佛佛即入热焰三昧，烁破无我所之冰执，故入王三昧。,手工逐组（门1–14 手写）,直說,問。佛佛何得入王三昧。答大乘二十五王三昧能破二十五有。今遇佛佛即入熱燄三昧爍破無我所之冰執觀於八難實相圓具一切諸三昧也。,問。佛佛何得入王三昧。答大乘二十五王三昧能破二十五有。今遇佛佛即入熱燄三昧爍破無我所之冰執觀於八難實相圓具一切諸三昧也。,《選佛譜》卷第二・北俱盧洲・L99,北俱盧洲
841,第4门,欲界人天門,卷2,西牛貨洲,那那,那,见烦恼,那,见烦恼,行,上品十惡,第1门,降,,「那那」二字俱表见烦恼。此洲能起见思烦恼、造三品恶，故造上品十恶。,手工逐组（门1–14 手写）,直說,此洲能起見思煩惱。造三品惡。,此洲能起見思煩惱。造三品惡。,《選佛譜》卷第二・西牛貨洲・L103,西牛貨洲
842,第4门,欲界人天門,卷2,西牛貨洲,那謨,那,见烦恼,謨,爱烦恼,行,中品十惡,第1门,降,,「那」表见烦恼、「謨」表爱烦恼。此洲能起见思烦恼、造三品恶，故造中品十恶。,手工逐组（门1–14 手写）,直說,此洲能起見思煩惱。造三品惡。,此洲能起見思煩惱。造三品惡。,《選佛譜》卷第二・西牛貨洲・L103,西牛貨洲
843,第4门,欲界人天門,卷2,西牛貨洲,那阿,那,见烦恼,阿,施善,不行·安住本位,,,安住,,「那」表见烦恼、「阿」表施善。相为对治，二俱无力，故不行。,手工逐组（门1–14 手写）,通則,,其餘位中。以阿彌陀善。與那謨惡相為對治。二俱無力。所以並不行也。,《選佛譜》卷第一・見取・L57,見取
844,第4门,欲界人天門,卷2,西牛貨洲,那彌,那,见烦恼,彌,戒善,不行·安住本位,,,安住,,「那」表见烦恼、「彌」表戒善。相为对治，二俱无力，故不行。,手工逐组（门1–14 手写）,通則,,其餘位中。以阿彌陀善。與那謨惡相為對治。二俱無力。所以並不行也。,《選佛譜》卷第一・見取・L57,見取
845,第4门,欲界人天門,卷2,西牛貨洲,那陀,那,见烦恼,陀,定善,不行·安住本位,,,安住,,「那」表见烦恼、「陀」表定善。相为对治，二俱无力，故不行。,手工逐组（门1–14 手写）,通則,,其餘位中。以阿彌陀善。與那謨惡相為對治。二俱無力。所以並不行也。,《選佛譜》卷第一・見取・L57,見取
846,第4门,欲界人天門,卷2,西牛貨洲,那佛,那,见烦恼,佛,无漏善慧,行,化樂天,第4门,升,,「那」表见烦恼、「佛」表无漏善慧。此洲能起见思烦恼，而闻法之力转胜，故生化乐天。,手工逐组（门1–14 手写）,推演,,"就四洲中若論福報則北洲最勝南洲最劣。若論見佛聞法則南洲最勝北洲最劣。今依見佛聞法以為次第。
此洲能起見思煩惱。造三品惡。雖不見佛而有阿羅漢往彼說法教化故得遵修出世施戒禪慧。","《選佛譜》・L95
《選佛譜》卷第二・西牛貨洲・L103",西牛貨洲
847,第4门,欲界人天門,卷2,西牛貨洲,謨謨,謨,爱烦恼,謨,爱烦恼,行,下品十惡,第1门,降,,「謨謨」二字俱表爱烦恼。此洲能起见思烦恼、造三品恶，故造下品十恶。,手工逐组（门1–14 手写）,直說,此洲能起見思煩惱。造三品惡。,此洲能起見思煩惱。造三品惡。,《選佛譜》卷第二・西牛貨洲・L103,西牛貨洲
848,第4门,欲界人天門,卷2,西牛貨洲,謨阿,謨,爱烦恼,阿,施善,不行·安住本位,,,安住,,「謨」表爱烦恼、「阿」表施善。相为对治，二俱无力，故不行。,手工逐组（门1–14 手写）,通則,,其餘位中。以阿彌陀善。與那謨惡相為對治。二俱無力。所以並不行也。,《選佛譜》卷第一・見取・L57,見取
849,第4门,欲界人天門,卷2,西牛貨洲,謨彌,謨,爱烦恼,彌,戒善,不行·安住本位,,,安住,,「謨」表爱烦恼、「彌」表戒善。相为对治，二俱无力，故不行。,手工逐组（门1–14 手写）,通則,,其餘位中。以阿彌陀善。與那謨惡相為對治。二俱無力。所以並不行也。,《選佛譜》卷第一・見取・L57,見取
850,第4门,欲界人天門,卷2,西牛貨洲,謨陀,謨,爱烦恼,陀,定善,不行·安住本位,,,安住,,「謨」表爱烦恼、「陀」表定善。相为对治，二俱无力，故不行。,手工逐组（门1–14 手写）,通則,,其餘位中。以阿彌陀善。與那謨惡相為對治。二俱無力。所以並不行也。,《選佛譜》卷第一・見取・L57,見取
851,第4门,欲界人天門,卷2,西牛貨洲,謨佛,謨,爱烦恼,佛,无漏善慧,行,他化自在天,第4门,升,,「謨」表爱烦恼、「佛」表无漏善慧。此洲能起见思烦恼，而闻法之力转胜，故生他化自在天。,手工逐组（门1–14 手写）,推演,,"就四洲中若論福報則北洲最勝南洲最劣。若論見佛聞法則南洲最勝北洲最劣。今依見佛聞法以為次第。
此洲能起見思煩惱。造三品惡。雖不見佛而有阿羅漢往彼說法教化故得遵修出世施戒禪慧。","《選佛譜》・L95
《選佛譜》卷第二・西牛貨洲・L103",西牛貨洲
852,第4门,欲界人天門,卷2,西牛貨洲,阿阿,阿,施善,阿,施善,行,東勝神洲,第4门,升,,「阿阿」二字俱表施善。四洲今依见佛闻法为次第，故进生东胜神洲。,手工逐组（门1–14 手写）,推演,,"就四洲中若論福報則北洲最勝南洲最劣。若論見佛聞法則南洲最勝北洲最劣。今依見佛聞法以為次第。
此洲能起見思煩惱。造三品惡。雖不見佛而有阿羅漢往彼說法教化故得遵修出世施戒禪慧。","《選佛譜》・L95
《選佛譜》卷第二・西牛貨洲・L103",西牛貨洲
853,第4门,欲界人天門,卷2,西牛貨洲,阿彌,阿,施善,彌,戒善,行,南贍部洲,第4门,升,,「阿」表施善、「彌」表戒善。今依见佛闻法为次第，南洲最胜，故生南赡部洲。,手工逐组（门1–14 手写）,推演,,"就四洲中若論福報則北洲最勝南洲最劣。若論見佛聞法則南洲最勝北洲最劣。今依見佛聞法以為次第。
此洲能起見思煩惱。造三品惡。雖不見佛而有阿羅漢往彼說法教化故得遵修出世施戒禪慧。","《選佛譜》・L95
《選佛譜》卷第二・西牛貨洲・L103",西牛貨洲
854,第4门,欲界人天門,卷2,西牛貨洲,阿陀,阿,施善,陀,定善,行,忉利天,第4门,升,,「阿」表施善、「陀」表定善。今依见佛闻法为次第，二善转厚，故生忉利天。,手工逐组（门1–14 手写）,推演,,"就四洲中若論福報則北洲最勝南洲最劣。若論見佛聞法則南洲最勝北洲最劣。今依見佛聞法以為次第。
此洲能起見思煩惱。造三品惡。雖不見佛而有阿羅漢往彼說法教化故得遵修出世施戒禪慧。","《選佛譜》・L95
《選佛譜》卷第二・西牛貨洲・L103",西牛貨洲
855,第4门,欲界人天門,卷2,西牛貨洲,阿佛,阿,施善,佛,无漏善慧,行,出世福業,第1门,升,,「阿」表施善、「佛」表无漏善慧。虽不见佛而有阿罗汉往彼说法教化，故得遵修出世福业。,手工逐组（门1–14 手写）,直說,雖不見佛而有阿羅漢往彼說法教化故得遵修出世施戒禪慧。,雖不見佛而有阿羅漢往彼說法教化故得遵修出世施戒禪慧。,《選佛譜》卷第二・西牛貨洲・L103,西牛貨洲
856,第4门,欲界人天門,卷2,西牛貨洲,彌彌,彌,戒善,彌,戒善,行,四王天,第4门,升,,「彌彌」二字俱表戒善。今依见佛闻法为次第，戒善转厚，故生四王天。,手工逐组（门1–14 手写）,推演,,"就四洲中若論福報則北洲最勝南洲最劣。若論見佛聞法則南洲最勝北洲最劣。今依見佛聞法以為次第。
此洲能起見思煩惱。造三品惡。雖不見佛而有阿羅漢往彼說法教化故得遵修出世施戒禪慧。","《選佛譜》・L95
《選佛譜》卷第二・西牛貨洲・L103",西牛貨洲
857,第4门,欲界人天門,卷2,西牛貨洲,彌陀,彌,戒善,陀,定善,行,夜摩天,第4门,升,,「彌」表戒善、「陀」表定善。今依见佛闻法为次第，二善转厚，故生夜摩天。,手工逐组（门1–14 手写）,推演,,"就四洲中若論福報則北洲最勝南洲最劣。若論見佛聞法則南洲最勝北洲最劣。今依見佛聞法以為次第。
此洲能起見思煩惱。造三品惡。雖不見佛而有阿羅漢往彼說法教化故得遵修出世施戒禪慧。","《選佛譜》・L95
《選佛譜》卷第二・西牛貨洲・L103",西牛貨洲
858,第4门,欲界人天門,卷2,西牛貨洲,彌佛,彌,戒善,佛,无漏善慧,行,出世戒學,第1门,升,,「彌」表戒善、「佛」表无漏善慧。虽不见佛而有阿罗汉往彼说法教化，故得遵修出世戒学。,手工逐组（门1–14 手写）,直說,雖不見佛而有阿羅漢往彼說法教化故得遵修出世施戒禪慧。,雖不見佛而有阿羅漢往彼說法教化故得遵修出世施戒禪慧。,《選佛譜》卷第二・西牛貨洲・L103,西牛貨洲
859,第4门,欲界人天門,卷2,西牛貨洲,陀陀,陀,定善,陀,定善,行,兜率天,第4门,升,,「陀陀」二字俱表定善。今依见佛闻法为次第，定善最厚，故生兜率天。,手工逐组（门1–14 手写）,推演,,"就四洲中若論福報則北洲最勝南洲最劣。若論見佛聞法則南洲最勝北洲最劣。今依見佛聞法以為次第。
此洲能起見思煩惱。造三品惡。雖不見佛而有阿羅漢往彼說法教化故得遵修出世施戒禪慧。","《選佛譜》・L95
《選佛譜》卷第二・西牛貨洲・L103",西牛貨洲
860,第4门,欲界人天門,卷2,西牛貨洲,陀佛,陀,定善,佛,无漏善慧,行,出世定學,第1门,升,,「陀」表定善、「佛」表无漏善慧。虽不见佛而有阿罗汉往彼说法教化，故得遵修出世定学。,手工逐组（门1–14 手写）,直說,雖不見佛而有阿羅漢往彼說法教化故得遵修出世施戒禪慧。,雖不見佛而有阿羅漢往彼說法教化故得遵修出世施戒禪慧。,《選佛譜》卷第二・西牛貨洲・L103,西牛貨洲
861,第4门,欲界人天門,卷2,西牛貨洲,佛佛,佛,无漏善慧,佛,无漏善慧,行,出世慧學,第1门,升,,「佛佛」二字俱表无漏善慧。虽不见佛而有阿罗汉往彼说法教化，故得遵修出世慧学。,手工逐组（门1–14 手写）,直說,雖不見佛而有阿羅漢往彼說法教化故得遵修出世施戒禪慧。,雖不見佛而有阿羅漢往彼說法教化故得遵修出世施戒禪慧。,《選佛譜》卷第二・西牛貨洲・L103,西牛貨洲
862,第4门,欲界人天門,卷2,東勝神洲,那那,那,见烦恼,那,见烦恼,行,上品十惡,第1门,降,,「那那」二字俱表见烦恼。此洲余同西洲，能起见思烦恼、造三品恶，故造上品十恶。,手工逐组（门1–14 手写）,直說,餘同西洲。,梵語弗于逮。此翻為勝。勝南洲故。壽二百五十歲。亦有中夭。餘同西洲。,《選佛譜》卷第二・東勝神洲・L107,東勝神洲
863,第4门,欲界人天門,卷2,東勝神洲,那謨,那,见烦恼,謨,爱烦恼,行,中品十惡,第1门,降,,「那」表见烦恼、「謨」表爱烦恼。余同西洲，能起见思烦恼、造三品恶，故造中品十恶。,手工逐组（门1–14 手写）,直說,餘同西洲。,梵語弗于逮。此翻為勝。勝南洲故。壽二百五十歲。亦有中夭。餘同西洲。,《選佛譜》卷第二・東勝神洲・L107,東勝神洲
864,第4门,欲界人天門,卷2,東勝神洲,那阿,那,见烦恼,阿,施善,不行·安住本位,,,安住,,「那」表见烦恼、「阿」表施善。相为对治，二俱无力，故不行。,手工逐组（门1–14 手写）,通則,餘同西洲。,其餘位中。以阿彌陀善。與那謨惡相為對治。二俱無力。所以並不行也。,《選佛譜》卷第一・見取・L57,見取
865,第4门,欲界人天門,卷2,東勝神洲,那彌,那,见烦恼,彌,戒善,不行·安住本位,,,安住,,「那」表见烦恼、「彌」表戒善。相为对治，二俱无力，故不行。,手工逐组（门1–14 手写）,通則,餘同西洲。,其餘位中。以阿彌陀善。與那謨惡相為對治。二俱無力。所以並不行也。,《選佛譜》卷第一・見取・L57,見取
866,第4门,欲界人天門,卷2,東勝神洲,那陀,那,见烦恼,陀,定善,不行·安住本位,,,安住,,「那」表见烦恼、「陀」表定善。相为对治，二俱无力，故不行。,手工逐组（门1–14 手写）,通則,餘同西洲。,其餘位中。以阿彌陀善。與那謨惡相為對治。二俱無力。所以並不行也。,《選佛譜》卷第一・見取・L57,見取
867,第4门,欲界人天門,卷2,東勝神洲,那佛,那,见烦恼,佛,无漏善慧,行,化樂天,第4门,升,,「那」表见烦恼、「佛」表无漏善慧。此洲余同西洲，能起见思烦恼而闻法之力转胜，故生化乐天。,手工逐组（门1–14 手写）,推演,餘同西洲。,"就四洲中若論福報則北洲最勝南洲最劣。若論見佛聞法則南洲最勝北洲最劣。今依見佛聞法以為次第。
此洲能起見思煩惱。造三品惡。雖不見佛而有阿羅漢往彼說法教化故得遵修出世施戒禪慧。","《選佛譜》・L95
《選佛譜》卷第二・西牛貨洲・L103",西牛貨洲
868,第4门,欲界人天門,卷2,東勝神洲,謨謨,謨,爱烦恼,謨,爱烦恼,行,下品十惡,第1门,降,,「謨謨」二字俱表爱烦恼。余同西洲，能起见思烦恼、造三品恶，故造下品十恶。,手工逐组（门1–14 手写）,直說,餘同西洲。,梵語弗于逮。此翻為勝。勝南洲故。壽二百五十歲。亦有中夭。餘同西洲。,《選佛譜》卷第二・東勝神洲・L107,東勝神洲
869,第4门,欲界人天門,卷2,東勝神洲,謨阿,謨,爱烦恼,阿,施善,不行·安住本位,,,安住,,「謨」表爱烦恼、「阿」表施善。相为对治，二俱无力，故不行。,手工逐组（门1–14 手写）,通則,餘同西洲。,其餘位中。以阿彌陀善。與那謨惡相為對治。二俱無力。所以並不行也。,《選佛譜》卷第一・見取・L57,見取
870,第4门,欲界人天門,卷2,東勝神洲,謨彌,謨,爱烦恼,彌,戒善,不行·安住本位,,,安住,,「謨」表爱烦恼、「彌」表戒善。相为对治，二俱无力，故不行。,手工逐组（门1–14 手写）,通則,餘同西洲。,其餘位中。以阿彌陀善。與那謨惡相為對治。二俱無力。所以並不行也。,《選佛譜》卷第一・見取・L57,見取
871,第4门,欲界人天門,卷2,東勝神洲,謨陀,謨,爱烦恼,陀,定善,不行·安住本位,,,安住,,「謨」表爱烦恼、「陀」表定善。相为对治，二俱无力，故不行。,手工逐组（门1–14 手写）,通則,餘同西洲。,其餘位中。以阿彌陀善。與那謨惡相為對治。二俱無力。所以並不行也。,《選佛譜》卷第一・見取・L57,見取
872,第4门,欲界人天門,卷2,東勝神洲,謨佛,謨,爱烦恼,佛,无漏善慧,行,他化自在天,第4门,升,,「謨」表爱烦恼、「佛」表无漏善慧。此洲余同西洲，能起见思烦恼而闻法之力转胜，故生他化自在天。,手工逐组（门1–14 手写）,推演,餘同西洲。,"就四洲中若論福報則北洲最勝南洲最劣。若論見佛聞法則南洲最勝北洲最劣。今依見佛聞法以為次第。
此洲能起見思煩惱。造三品惡。雖不見佛而有阿羅漢往彼說法教化故得遵修出世施戒禪慧。","《選佛譜》・L95
《選佛譜》卷第二・西牛貨洲・L103",西牛貨洲
873,第4门,欲界人天門,卷2,東勝神洲,阿阿,阿,施善,阿,施善,行,南贍部洲,第4门,升,,「阿阿」二字俱表施善。余同西洲，今依见佛闻法为次第，故进生南赡部洲。,手工逐组（门1–14 手写）,推演,餘同西洲。,"就四洲中若論福報則北洲最勝南洲最劣。若論見佛聞法則南洲最勝北洲最劣。今依見佛聞法以為次第。
此洲能起見思煩惱。造三品惡。雖不見佛而有阿羅漢往彼說法教化故得遵修出世施戒禪慧。","《選佛譜》・L95
《選佛譜》卷第二・西牛貨洲・L103",西牛貨洲
874,第4门,欲界人天門,卷2,東勝神洲,阿彌,阿,施善,彌,戒善,行,四王天,第4门,升,,「阿」表施善、「彌」表戒善。余同西洲，今依见佛闻法为次第，故生四王天。,手工逐组（门1–14 手写）,推演,餘同西洲。,"就四洲中若論福報則北洲最勝南洲最劣。若論見佛聞法則南洲最勝北洲最劣。今依見佛聞法以為次第。
此洲能起見思煩惱。造三品惡。雖不見佛而有阿羅漢往彼說法教化故得遵修出世施戒禪慧。","《選佛譜》・L95
《選佛譜》卷第二・西牛貨洲・L103",西牛貨洲
875,第4门,欲界人天門,卷2,東勝神洲,阿陀,阿,施善,陀,定善,行,忉利天,第4门,升,,「阿」表施善、「陀」表定善。余同西洲，二善转厚，故生忉利天。,手工逐组（门1–14 手写）,推演,餘同西洲。,"就四洲中若論福報則北洲最勝南洲最劣。若論見佛聞法則南洲最勝北洲最劣。今依見佛聞法以為次第。
此洲能起見思煩惱。造三品惡。雖不見佛而有阿羅漢往彼說法教化故得遵修出世施戒禪慧。","《選佛譜》・L95
《選佛譜》卷第二・西牛貨洲・L103",西牛貨洲
876,第4门,欲界人天門,卷2,東勝神洲,阿佛,阿,施善,佛,无漏善慧,行,出世福業,第1门,升,,「阿」表施善、「佛」表无漏善慧。余同西洲，有阿罗汉往彼说法教化，故得遵修出世福业。,手工逐组（门1–14 手写）,承注,餘同西洲。,雖不見佛而有阿羅漢往彼說法教化故得遵修出世施戒禪慧。,《選佛譜》卷第二・西牛貨洲・L103,西牛貨洲
877,第4门,欲界人天門,卷2,東勝神洲,彌彌,彌,戒善,彌,戒善,行,忉利天,第4门,升,,「彌彌」二字俱表戒善。余同西洲，戒善转厚，故生忉利天。,手工逐组（门1–14 手写）,推演,餘同西洲。,"就四洲中若論福報則北洲最勝南洲最劣。若論見佛聞法則南洲最勝北洲最劣。今依見佛聞法以為次第。
此洲能起見思煩惱。造三品惡。雖不見佛而有阿羅漢往彼說法教化故得遵修出世施戒禪慧。","《選佛譜》・L95
《選佛譜》卷第二・西牛貨洲・L103",西牛貨洲
878,第4门,欲界人天門,卷2,東勝神洲,彌陀,彌,戒善,陀,定善,行,夜摩天,第4门,升,,「彌」表戒善、「陀」表定善。余同西洲，二善转厚，故生夜摩天。,手工逐组（门1–14 手写）,推演,餘同西洲。,"就四洲中若論福報則北洲最勝南洲最劣。若論見佛聞法則南洲最勝北洲最劣。今依見佛聞法以為次第。
此洲能起見思煩惱。造三品惡。雖不見佛而有阿羅漢往彼說法教化故得遵修出世施戒禪慧。","《選佛譜》・L95
《選佛譜》卷第二・西牛貨洲・L103",西牛貨洲
879,第4门,欲界人天門,卷2,東勝神洲,彌佛,彌,戒善,佛,无漏善慧,行,出世戒學,第1门,升,,「彌」表戒善、「佛」表无漏善慧。余同西洲，有阿罗汉往彼说法教化，故得遵修出世戒学。,手工逐组（门1–14 手写）,承注,餘同西洲。,雖不見佛而有阿羅漢往彼說法教化故得遵修出世施戒禪慧。,《選佛譜》卷第二・西牛貨洲・L103,西牛貨洲
880,第4门,欲界人天門,卷2,東勝神洲,陀陀,陀,定善,陀,定善,行,兜率天,第4门,升,,「陀陀」二字俱表定善。余同西洲，定善最厚，故生兜率天。,手工逐组（门1–14 手写）,推演,餘同西洲。,"就四洲中若論福報則北洲最勝南洲最劣。若論見佛聞法則南洲最勝北洲最劣。今依見佛聞法以為次第。
此洲能起見思煩惱。造三品惡。雖不見佛而有阿羅漢往彼說法教化故得遵修出世施戒禪慧。","《選佛譜》・L95
《選佛譜》卷第二・西牛貨洲・L103",西牛貨洲
881,第4门,欲界人天門,卷2,東勝神洲,陀佛,陀,定善,佛,无漏善慧,行,出世定學,第1门,升,,「陀」表定善、「佛」表无漏善慧。余同西洲，有阿罗汉往彼说法教化，故得遵修出世定学。,手工逐组（门1–14 手写）,承注,餘同西洲。,雖不見佛而有阿羅漢往彼說法教化故得遵修出世施戒禪慧。,《選佛譜》卷第二・西牛貨洲・L103,西牛貨洲
882,第4门,欲界人天門,卷2,東勝神洲,佛佛,佛,无漏善慧,佛,无漏善慧,行,出世慧學,第1门,升,,「佛佛」二字俱表无漏善慧。余同西洲，有阿罗汉往彼说法教化，故得遵修出世慧学。,手工逐组（门1–14 手写）,承注,餘同西洲。,雖不見佛而有阿羅漢往彼說法教化故得遵修出世施戒禪慧。,《選佛譜》卷第二・西牛貨洲・L103,西牛貨洲
883,第4门,欲界人天門,卷2,南贍部洲,那那,那,见烦恼,那,见烦恼,行,上品十惡,第1门,降,,「那那」二字俱表见烦恼。此洲根性猛利、易堕易升，如次起三品恶，故造上品十恶。,手工逐组（门1–14 手写）,直說,那那等三。如次起三品惡。,此洲之人。根性猛利。易墜易升。故隨擲所現。無不行者。那那等三。如次起三品惡。,《選佛譜》卷第二・南贍部洲・L111,南贍部洲
884,第4门,欲界人天門,卷2,南贍部洲,那謨,那,见烦恼,謨,爱烦恼,行,中品十惡,第1门,降,,「那」表见烦恼、「謨」表爱烦恼。此洲易堕易升，如次起三品恶，故造中品十恶。,手工逐组（门1–14 手写）,直說,那那等三。如次起三品惡。,此洲之人。根性猛利。易墜易升。故隨擲所現。無不行者。那那等三。如次起三品惡。,《選佛譜》卷第二・南贍部洲・L111,南贍部洲
885,第4门,欲界人天門,卷2,南贍部洲,那阿,那,见烦恼,阿,施善,行,畜脩羅,第3门,降,,「那」表见烦恼、「阿」表施善。烦恼重于施福，故为畜修罗。,手工逐组（门1–14 手写）,直說,那阿。則煩惱重於施福。故為畜脩。,那阿。則煩惱重於施福。故為畜脩。,《選佛譜》卷第二・南贍部洲・L111,南贍部洲
886,第4门,欲界人天門,卷2,南贍部洲,那彌,那,见烦恼,彌,戒善,行,人脩羅,第3门,降,,「那」表见烦恼、「彌」表戒善。烦恼杂其戒善，故为人修罗。,手工逐组（门1–14 手写）,直說,那彌。則煩惱雜其戒善。故為人脩。,那彌。則煩惱雜其戒善。故為人脩。,《選佛譜》卷第二・南贍部洲・L111,南贍部洲
887,第4门,欲界人天門,卷2,南贍部洲,那陀,那,见烦恼,陀,定善,行,十種仙,第4门,升,,「那」表见烦恼、「陀」表定善。邪见习坐，故为十种仙。,手工逐组（门1–14 手写）,直說,那陀。則邪見習坐。故為十仙。,那陀。則邪見習坐。故為十仙。,《選佛譜》卷第二・南贍部洲・L111,南贍部洲
888,第4门,欲界人天門,卷2,南贍部洲,那佛,那,见烦恼,佛,无漏善慧,行,發聲聞心,第9门,升,,「那」表见烦恼、「佛」表无漏善慧。虽求出世而分别偏真，故发声闻心。,手工逐组（门1–14 手写）,直說,那佛。則雖求出世。分別偏真。故為發聲聞心。,那佛。則雖求出世。分別偏真。故為發聲聞心。,《選佛譜》卷第二・南贍部洲・L111,南贍部洲
889,第4门,欲界人天門,卷2,南贍部洲,謨謨,謨,爱烦恼,謨,爱烦恼,行,下品十惡,第1门,降,,「謨謨」二字俱表爱烦恼。此洲易堕易升，如次起三品恶，故造下品十恶。,手工逐组（门1–14 手写）,直說,那那等三。如次起三品惡。,此洲之人。根性猛利。易墜易升。故隨擲所現。無不行者。那那等三。如次起三品惡。,《選佛譜》卷第二・南贍部洲・L111,南贍部洲
890,第4门,欲界人天門,卷2,南贍部洲,謨阿,謨,爱烦恼,阿,施善,行,鬼脩羅,第3门,降,,「謨」表爱烦恼、「阿」表施善。施福与烦恼相杂，故为鬼修罗。,手工逐组（门1–14 手写）,直說,謨阿。則施福與煩惱雜。故為鬼脩,謨阿。則施福與煩惱雜。故為鬼脩,《選佛譜》卷第二・南贍部洲・L111,南贍部洲
891,第4门,欲界人天門,卷2,南贍部洲,謨彌,謨,爱烦恼,彌,戒善,行,天脩羅,第3门,降,,「謨」表爱烦恼、「彌」表戒善。戒善未胜烦恼，故为天修罗。,手工逐组（门1–14 手写）,直說,謨彌。則戒善未勝煩惱。故為天脩。,謨彌。則戒善未勝煩惱。故為天脩。,《選佛譜》卷第二・南贍部洲・L111,南贍部洲
892,第4门,欲界人天門,卷2,南贍部洲,謨陀,謨,爱烦恼,陀,定善,行,魔羅天,第4门,升,,「謨」表爱烦恼、「陀」表定善。定资爱网，故为魔侣。,手工逐组（门1–14 手写）,直說,謨陀。則定資愛網。故為魔侶。,謨陀。則定資愛網。故為魔侶。,《選佛譜》卷第二・南贍部洲・L111,南贍部洲
893,第4门,欲界人天門,卷2,南贍部洲,謨佛,謨,爱烦恼,佛,无漏善慧,行,發辟支佛心,第9门,升,,「謨」表爱烦恼、「佛」表无漏善慧。虽觉苦空而乐独善寂，故发辟支佛心。,手工逐组（门1–14 手写）,直說,謨佛。則雖覺苦空。樂獨善寂。故發辟支佛心。,謨佛。則雖覺苦空。樂獨善寂。故發辟支佛心。,《選佛譜》卷第二・南贍部洲・L111,南贍部洲
894,第4门,欲界人天門,卷2,南贍部洲,阿阿,阿,施善,阿,施善,行,鐵輪王,第4门,升,,「阿阿」二字俱表施善。施福独盛，故为铁轮王。,手工逐组（门1–14 手写）,直說,阿阿。則施福獨盛。故為鐵輪。,阿阿。則施福獨盛。故為鐵輪。,《選佛譜》卷第二・南贍部洲・L111,南贍部洲
895,第4门,欲界人天門,卷2,南贍部洲,阿彌,阿,施善,彌,戒善,行,四王天,第4门,升,,「阿」表施善、「彌」表戒善。施福加以戒力，故为四王天。,手工逐组（门1–14 手写）,直說,阿彌。則施福加以戒力。故為四王。,阿彌。則施福加以戒力。故為四王。,《選佛譜》卷第二・南贍部洲・L111,南贍部洲
896,第4门,欲界人天門,卷2,南贍部洲,阿陀,阿,施善,陀,定善,行,梵眾天,第5门,升,,「阿」表施善、「陀」表定善。舍欲得禅，故生梵众天。,手工逐组（门1–14 手写）,直說,阿陀。則捨欲得禪。故為梵眾。,阿陀。則捨欲得禪。故為梵眾。,《選佛譜》卷第二・南贍部洲・L111,南贍部洲
897,第4门,欲界人天門,卷2,南贍部洲,阿佛,阿,施善,佛,无漏善慧,行,事六度心,第9门,升,,「阿」表施善、「佛」表无漏善慧。舍离烦恼、自觉觉他，故发生灭四弘，名事度心。,手工逐组（门1–14 手写）,直說,阿佛。則捨離煩惱自覺覺他。故發生滅四。弘名事度心。,阿佛。則捨離煩惱自覺覺他。故發生滅四。弘名事度心,《選佛譜》卷第二・南贍部洲・L111,南贍部洲
898,第4门,欲界人天門,卷2,南贍部洲,彌彌,彌,戒善,彌,戒善,行,忉利天,第4门,升,,「彌彌」二字俱表戒善。十善可以化他，故生忉利天。,手工逐组（门1–14 手写）,直說,彌彌。則十善可以化他。故為忉利。,彌彌。則十善可以化他。故為忉利。,《選佛譜》卷第二・南贍部洲・L111,南贍部洲
899,第4门,欲界人天門,卷2,南贍部洲,彌陀,彌,戒善,陀,定善,行,少淨天,第5门,升,,「彌」表戒善、「陀」表定善。净戒生定，故生少净天。,手工逐组（门1–14 手写）,直說,彌陀。則淨戒生定。故為少淨。,彌陀。則淨戒生定。故為少淨。,《選佛譜》卷第二・南贍部洲・L111,南贍部洲
900,第4门,欲界人天門,卷2,南贍部洲,彌佛,彌,戒善,佛,无漏善慧,行,體空觀,第9门,升,,「彌」表戒善、「佛」表无漏善慧。了诸法空、不舍一切，故发无生四弘，修体空观。,手工逐组（门1–14 手写）,直說,彌佛。則了諸法空。不捨一切。故發無生四弘。修體空觀。,彌佛。則了諸法空。不捨一切。故發無生四弘。修體空觀。,《選佛譜》卷第二・南贍部洲・L111,南贍部洲
901,第4门,欲界人天門,卷2,南贍部洲,陀陀,陀,定善,陀,定善,行,空無邊處天,第5门,升,,「陀陀」二字俱表定善。深入定窟，故生空无边处天。,手工逐组（门1–14 手写）,直說,陀陀。則深入定窟。故為空處。,陀陀。則深入定窟。故為空處。,《選佛譜》卷第二・南贍部洲・L111,南贍部洲
902,第4门,欲界人天門,卷2,南贍部洲,陀佛,陀,定善,佛,无漏善慧,行,次第三觀,第9门,升,,「陀」表定善、「佛」表无漏善慧。闻中道佛性、专志遵修，故发无量四弘，修次第观。,手工逐组（门1–14 手写）,直說,陀佛。則聞中道佛性。專志遵修。故發無量四弘。修次第觀。,陀佛。則聞中道佛性。專志遵修。故發無量四弘。修次第觀。,《選佛譜》卷第二・南贍部洲・L111,南贍部洲
903,第4门,欲界人天門,卷2,南贍部洲,佛佛,佛,无漏善慧,佛,无漏善慧,行,圓頓妙觀,第9门,升,,「佛佛」二字俱表无漏善慧。悟三无差别、深达实相，故发无作四弘，修圆顿观。,手工逐组（门1–14 手写）,直說,佛佛。則悟三無差別。深達實相。故發無作四弘。修圓頓觀也。,佛佛。則悟三無差別。深達實相。故發無作四弘。修圓頓觀也。,《選佛譜》卷第二・南贍部洲・L111,南贍部洲
904,第4门,欲界人天門,卷2,鐵輪王,那那,那,见烦恼,那,见烦恼,行,畜脩羅,第3门,降,,「那那」二字俱表见烦恼。见慢力强，则堕修罗，故为畜修罗。,手工逐组（门1–14 手写）,直說,或見慢力強。則墮脩羅。,十善化世。不起三品惡業。或見慢力強。則墮脩羅。或愛享福報。福力漸減。則為恆人耳。,《選佛譜》卷第二・鐵輪王・L115,鐵輪王
905,第4门,欲界人天門,卷2,鐵輪王,那謨,那,见烦恼,謨,爱烦恼,行,鬼脩羅,第3门,降,,「那」表见烦恼、「謨」表爱烦恼。见慢力强，则堕修罗，故为鬼修罗。,手工逐组（门1–14 手写）,直說,或見慢力強。則墮脩羅。,十善化世。不起三品惡業。或見慢力強。則墮脩羅。或愛享福報。福力漸減。則為恆人耳。,《選佛譜》卷第二・鐵輪王・L115,鐵輪王
906,第4门,欲界人天門,卷2,鐵輪王,那阿,那,见烦恼,阿,施善,不行·安住本位,,,安住,,「那」表见烦恼、「阿」表施善。相为对治，二俱无力，故不行。,手工逐组（门1–14 手写）,通則,十善化世。不起三品惡業。,其餘位中。以阿彌陀善。與那謨惡相為對治。二俱無力。所以並不行也。,《選佛譜》卷第一・見取・L57,見取
907,第4门,欲界人天門,卷2,鐵輪王,那彌,那,见烦恼,彌,戒善,不行·安住本位,,,安住,,「那」表见烦恼、「彌」表戒善。相为对治，二俱无力，故不行。,手工逐组（门1–14 手写）,通則,十善化世。不起三品惡業。,其餘位中。以阿彌陀善。與那謨惡相為對治。二俱無力。所以並不行也。,《選佛譜》卷第一・見取・L57,見取
908,第4门,欲界人天門,卷2,鐵輪王,那陀,那,见烦恼,陀,定善,不行·安住本位,,,安住,,「那」表见烦恼、「陀」表定善。相为对治，二俱无力，故不行。,手工逐组（门1–14 手写）,通則,王事宂沓。罕能專修定慧。故不同恆人之轉變多塗。,其餘位中。以阿彌陀善。與那謨惡相為對治。二俱無力。所以並不行也。,《選佛譜》卷第一・見取・L57,見取
909,第4门,欲界人天門,卷2,鐵輪王,那佛,那,见烦恼,佛,无漏善慧,行,兜率天,第4门,升,,「那」表见烦恼、「佛」表无漏善慧。不同恒人之转变多涂，仗十善化世之福，故生兜率天。,手工逐组（门1–14 手写）,推演,,"統御南贍部洲。奮戈始定。名鐵輪王。十善化世。不起三品惡業。
王事宂沓。罕能專修定慧。故不同恆人之轉變多塗。唯聞法發心則與恆人同也。","《選佛譜》卷第二・鐵輪王・L115
《選佛譜》卷第二・鐵輪王・L115",鐵輪王
910,第4门,欲界人天門,卷2,鐵輪王,謨謨,謨,爱烦恼,謨,爱烦恼,行,南贍部洲,第4门,降,,「謨謨」二字俱表爱烦恼。爱享福报、福力渐减，则为恒人，故生南赡部洲。,手工逐组（门1–14 手写）,直說,或愛享福報。福力漸減。則為恆人耳。,十善化世。不起三品惡業。或見慢力強。則墮脩羅。或愛享福報。福力漸減。則為恆人耳。,《選佛譜》卷第二・鐵輪王・L115,鐵輪王
911,第4门,欲界人天門,卷2,鐵輪王,謨阿,謨,爱烦恼,阿,施善,不行·安住本位,,,安住,,「謨」表爱烦恼、「阿」表施善。相为对治，二俱无力，故不行。,手工逐组（门1–14 手写）,通則,十善化世。不起三品惡業。,其餘位中。以阿彌陀善。與那謨惡相為對治。二俱無力。所以並不行也。,《選佛譜》卷第一・見取・L57,見取
912,第4门,欲界人天門,卷2,鐵輪王,謨彌,謨,爱烦恼,彌,戒善,不行·安住本位,,,安住,,「謨」表爱烦恼、「彌」表戒善。相为对治，二俱无力，故不行。,手工逐组（门1–14 手写）,通則,十善化世。不起三品惡業。,其餘位中。以阿彌陀善。與那謨惡相為對治。二俱無力。所以並不行也。,《選佛譜》卷第一・見取・L57,見取
913,第4门,欲界人天門,卷2,鐵輪王,謨陀,謨,爱烦恼,陀,定善,不行·安住本位,,,安住,,「謨」表爱烦恼、「陀」表定善。相为对治，二俱无力，故不行。,手工逐组（门1–14 手写）,通則,王事宂沓。罕能專修定慧。故不同恆人之轉變多塗。,其餘位中。以阿彌陀善。與那謨惡相為對治。二俱無力。所以並不行也。,《選佛譜》卷第一・見取・L57,見取
914,第4门,欲界人天門,卷2,鐵輪王,謨佛,謨,爱烦恼,佛,无漏善慧,行,化樂天,第4门,升,,「謨」表爱烦恼、「佛」表无漏善慧。不同恒人之转变多涂，仗十善化世之福，故生化乐天。,手工逐组（门1–14 手写）,推演,,"統御南贍部洲。奮戈始定。名鐵輪王。十善化世。不起三品惡業。
王事宂沓。罕能專修定慧。故不同恆人之轉變多塗。唯聞法發心則與恆人同也。","《選佛譜》卷第二・鐵輪王・L115
《選佛譜》卷第二・鐵輪王・L115",鐵輪王
915,第4门,欲界人天門,卷2,鐵輪王,阿阿,阿,施善,阿,施善,行,銅輪王,第4门,升,,「阿阿」二字俱表施善。十善化世而施福又盛，故进为铜轮王。,手工逐组（门1–14 手写）,推演,,"統御南贍部洲。奮戈始定。名鐵輪王。十善化世。不起三品惡業。
王事宂沓。罕能專修定慧。故不同恆人之轉變多塗。唯聞法發心則與恆人同也。","《選佛譜》卷第二・鐵輪王・L115
《選佛譜》卷第二・鐵輪王・L115",鐵輪王
916,第4门,欲界人天門,卷2,鐵輪王,阿彌,阿,施善,彌,戒善,行,銀輪王,第4门,升,,「阿」表施善、「彌」表戒善。施福加以戒力，故进为银轮王。,手工逐组（门1–14 手写）,推演,,"統御南贍部洲。奮戈始定。名鐵輪王。十善化世。不起三品惡業。
王事宂沓。罕能專修定慧。故不同恆人之轉變多塗。唯聞法發心則與恆人同也。","《選佛譜》卷第二・鐵輪王・L115
《選佛譜》卷第二・鐵輪王・L115",鐵輪王
917,第4门,欲界人天門,卷2,鐵輪王,阿陀,阿,施善,陀,定善,行,四王天,第4门,升,,「阿」表施善、「陀」表定善。王事宂沓、罕能专修定慧，仗十善化世之福，故生四王天。,手工逐组（门1–14 手写）,推演,,"統御南贍部洲。奮戈始定。名鐵輪王。十善化世。不起三品惡業。
王事宂沓。罕能專修定慧。故不同恆人之轉變多塗。唯聞法發心則與恆人同也。","《選佛譜》卷第二・鐵輪王・L115
《選佛譜》卷第二・鐵輪王・L115",鐵輪王
918,第4门,欲界人天門,卷2,鐵輪王,阿佛,阿,施善,佛,无漏善慧,行,事六度心,第9门,升,,「阿」表施善、「佛」表无漏善慧。闻法发心则与恒人同，舍离烦恼自觉觉他，故发事六度心。,手工逐组（门1–14 手写）,直說,唯聞法發心則與恆人同也。,唯聞法發心則與恆人同也。,《選佛譜》卷第二・鐵輪王・L115,鐵輪王
919,第4门,欲界人天門,卷2,鐵輪王,彌彌,彌,戒善,彌,戒善,行,金輪王,第4门,升,,「彌彌」二字俱表戒善。十善化世而戒善又盛，故进为金轮王。,手工逐组（门1–14 手写）,推演,,"統御南贍部洲。奮戈始定。名鐵輪王。十善化世。不起三品惡業。
王事宂沓。罕能專修定慧。故不同恆人之轉變多塗。唯聞法發心則與恆人同也。","《選佛譜》卷第二・鐵輪王・L115
《選佛譜》卷第二・鐵輪王・L115",鐵輪王
920,第4门,欲界人天門,卷2,鐵輪王,彌陀,彌,戒善,陀,定善,行,忉利天,第4门,升,,「彌」表戒善、「陀」表定善。王事宂沓、罕能专修定慧，戒善又盛，故生忉利天。,手工逐组（门1–14 手写）,推演,,"統御南贍部洲。奮戈始定。名鐵輪王。十善化世。不起三品惡業。
王事宂沓。罕能專修定慧。故不同恆人之轉變多塗。唯聞法發心則與恆人同也。","《選佛譜》卷第二・鐵輪王・L115
《選佛譜》卷第二・鐵輪王・L115",鐵輪王
921,第4门,欲界人天門,卷2,鐵輪王,彌佛,彌,戒善,佛,无漏善慧,行,體空觀,第9门,升,,「彌」表戒善、「佛」表无漏善慧。闻法发心则与恒人同，了诸法空，故修体空观。,手工逐组（门1–14 手写）,直說,唯聞法發心則與恆人同也。,唯聞法發心則與恆人同也。,《選佛譜》卷第二・鐵輪王・L115,鐵輪王
922,第4门,欲界人天門,卷2,鐵輪王,陀陀,陀,定善,陀,定善,行,夜摩天,第4门,升,,「陀陀」二字俱表定善。王事宂沓罕能专修定慧，而定善又进，故生夜摩天。,手工逐组（门1–14 手写）,推演,,"統御南贍部洲。奮戈始定。名鐵輪王。十善化世。不起三品惡業。
王事宂沓。罕能專修定慧。故不同恆人之轉變多塗。唯聞法發心則與恆人同也。","《選佛譜》卷第二・鐵輪王・L115
《選佛譜》卷第二・鐵輪王・L115",鐵輪王
923,第4门,欲界人天門,卷2,鐵輪王,陀佛,陀,定善,佛,无漏善慧,行,次第三觀,第9门,升,,「陀」表定善、「佛」表无漏善慧。闻法发心则与恒人同，闻中道佛性，故修次第三观。,手工逐组（门1–14 手写）,直說,唯聞法發心則與恆人同也。,唯聞法發心則與恆人同也。,《選佛譜》卷第二・鐵輪王・L115,鐵輪王
924,第4门,欲界人天門,卷2,鐵輪王,佛佛,佛,无漏善慧,佛,无漏善慧,行,圓頓妙觀,第9门,升,,「佛佛」二字俱表无漏善慧。闻法发心则与恒人同，深达实相，故修圆顿妙观。,手工逐组（门1–14 手写）,直說,唯聞法發心則與恆人同也。,唯聞法發心則與恆人同也。,《選佛譜》卷第二・鐵輪王・L115,鐵輪王
925,第4门,欲界人天門,卷2,銅輪王,那那,那,见烦恼,那,见烦恼,行,鬼脩羅,第3门,降,,「那那」二字俱表见烦恼。余准前知，见慢力强则堕修罗，故为鬼修罗。,手工逐组（门1–14 手写）,承注,餘准前知。,十善化世。不起三品惡業。或見慢力強。則墮脩羅。或愛享福報。福力漸減。則為恆人耳。,《選佛譜》卷第二・鐵輪王・L115,鐵輪王
926,第4门,欲界人天門,卷2,銅輪王,那謨,那,见烦恼,謨,爱烦恼,行,南贍部洲,第4门,降,,「那」表见烦恼、「謨」表爱烦恼。余准前知，爱享福报、福力渐减，则为恒人，故生南赡部洲。,手工逐组（门1–14 手写）,承注,餘准前知。,十善化世。不起三品惡業。或見慢力強。則墮脩羅。或愛享福報。福力漸減。則為恆人耳。,《選佛譜》卷第二・鐵輪王・L115,鐵輪王
927,第4门,欲界人天門,卷2,銅輪王,那阿,那,见烦恼,阿,施善,不行·安住本位,,,安住,,「那」表见烦恼、「阿」表施善。相为对治，二俱无力，故不行。,手工逐组（门1–14 手写）,通則,餘准前知。,其餘位中。以阿彌陀善。與那謨惡相為對治。二俱無力。所以並不行也。,《選佛譜》卷第一・見取・L57,見取
928,第4门,欲界人天門,卷2,銅輪王,那彌,那,见烦恼,彌,戒善,不行·安住本位,,,安住,,「那」表见烦恼、「彌」表戒善。相为对治，二俱无力，故不行。,手工逐组（门1–14 手写）,通則,餘准前知。,其餘位中。以阿彌陀善。與那謨惡相為對治。二俱無力。所以並不行也。,《選佛譜》卷第一・見取・L57,見取
929,第4门,欲界人天門,卷2,銅輪王,那陀,那,见烦恼,陀,定善,不行·安住本位,,,安住,,「那」表见烦恼、「陀」表定善。相为对治，二俱无力，故不行。,手工逐组（门1–14 手写）,通則,餘准前知。,其餘位中。以阿彌陀善。與那謨惡相為對治。二俱無力。所以並不行也。,《選佛譜》卷第一・見取・L57,見取
930,第4门,欲界人天門,卷2,銅輪王,那佛,那,见烦恼,佛,无漏善慧,行,化樂天,第4门,升,,「那」表见烦恼、「佛」表无漏善慧。不同恒人之转变多涂，仗十善化世之福，故生化乐天。,手工逐组（门1–14 手写）,推演,餘准前知。,"統御南贍部洲。奮戈始定。名鐵輪王。十善化世。不起三品惡業。
王事宂沓。罕能專修定慧。故不同恆人之轉變多塗。唯聞法發心則與恆人同也。","《選佛譜》卷第二・鐵輪王・L115
《選佛譜》卷第二・鐵輪王・L115",鐵輪王
931,第4门,欲界人天門,卷2,銅輪王,謨謨,謨,爱烦恼,謨,爱烦恼,行,鐵輪王,第4门,降,,「謨謨」二字俱表爱烦恼。余准前知，爱享福报、福力渐减，故降为铁轮王。,手工逐组（门1–14 手写）,承注,餘准前知。,十善化世。不起三品惡業。或見慢力強。則墮脩羅。或愛享福報。福力漸減。則為恆人耳。,《選佛譜》卷第二・鐵輪王・L115,鐵輪王
932,第4门,欲界人天門,卷2,銅輪王,謨阿,謨,爱烦恼,阿,施善,不行·安住本位,,,安住,,「謨」表爱烦恼、「阿」表施善。相为对治，二俱无力，故不行。,手工逐组（门1–14 手写）,通則,餘准前知。,其餘位中。以阿彌陀善。與那謨惡相為對治。二俱無力。所以並不行也。,《選佛譜》卷第一・見取・L57,見取
933,第4门,欲界人天門,卷2,銅輪王,謨彌,謨,爱烦恼,彌,戒善,不行·安住本位,,,安住,,「謨」表爱烦恼、「彌」表戒善。相为对治，二俱无力，故不行。,手工逐组（门1–14 手写）,通則,餘准前知。,其餘位中。以阿彌陀善。與那謨惡相為對治。二俱無力。所以並不行也。,《選佛譜》卷第一・見取・L57,見取
934,第4门,欲界人天門,卷2,銅輪王,謨陀,謨,爱烦恼,陀,定善,不行·安住本位,,,安住,,「謨」表爱烦恼、「陀」表定善。相为对治，二俱无力，故不行。,手工逐组（门1–14 手写）,通則,餘准前知。,其餘位中。以阿彌陀善。與那謨惡相為對治。二俱無力。所以並不行也。,《選佛譜》卷第一・見取・L57,見取
935,第4门,欲界人天門,卷2,銅輪王,謨佛,謨,爱烦恼,佛,无漏善慧,行,他化自在天,第4门,升,,「謨」表爱烦恼、「佛」表无漏善慧。不同恒人之转变多涂，功胜铁轮，故生他化自在天。,手工逐组（门1–14 手写）,推演,餘准前知。,"統御南贍部洲。奮戈始定。名鐵輪王。十善化世。不起三品惡業。
王事宂沓。罕能專修定慧。故不同恆人之轉變多塗。唯聞法發心則與恆人同也。","《選佛譜》卷第二・鐵輪王・L115
《選佛譜》卷第二・鐵輪王・L115",鐵輪王
936,第4门,欲界人天門,卷2,銅輪王,阿阿,阿,施善,阿,施善,行,銀輪王,第4门,升,,「阿阿」二字俱表施善。十善化世而施福又盛，故进为银轮王。,手工逐组（门1–14 手写）,推演,餘准前知。,"統御南贍部洲。奮戈始定。名鐵輪王。十善化世。不起三品惡業。
王事宂沓。罕能專修定慧。故不同恆人之轉變多塗。唯聞法發心則與恆人同也。","《選佛譜》卷第二・鐵輪王・L115
《選佛譜》卷第二・鐵輪王・L115",鐵輪王
937,第4门,欲界人天門,卷2,銅輪王,阿彌,阿,施善,彌,戒善,行,金輪王,第4门,升,,「阿」表施善、「彌」表戒善。施福加以戒力，故进为金轮王。,手工逐组（门1–14 手写）,推演,餘准前知。,"統御南贍部洲。奮戈始定。名鐵輪王。十善化世。不起三品惡業。
王事宂沓。罕能專修定慧。故不同恆人之轉變多塗。唯聞法發心則與恆人同也。","《選佛譜》卷第二・鐵輪王・L115
《選佛譜》卷第二・鐵輪王・L115",鐵輪王
938,第4门,欲界人天門,卷2,銅輪王,阿陀,阿,施善,陀,定善,行,忉利天,第4门,升,,「阿」表施善、「陀」表定善。功胜铁轮，故生忉利天。,手工逐组（门1–14 手写）,推演,餘准前知。,"統御南贍部洲。奮戈始定。名鐵輪王。十善化世。不起三品惡業。
王事宂沓。罕能專修定慧。故不同恆人之轉變多塗。唯聞法發心則與恆人同也。","《選佛譜》卷第二・鐵輪王・L115
《選佛譜》卷第二・鐵輪王・L115",鐵輪王
939,第4门,欲界人天門,卷2,銅輪王,阿佛,阿,施善,佛,无漏善慧,行,事六度心,第9门,升,,「阿」表施善、「佛」表无漏善慧。闻法发心则与恒人同，舍离烦恼自觉觉他，故发事六度心。,手工逐组（门1–14 手写）,承注,餘准前知。,唯聞法發心則與恆人同也。,《選佛譜》卷第二・鐵輪王・L115,鐵輪王
940,第4门,欲界人天門,卷2,銅輪王,彌彌,彌,戒善,彌,戒善,行,四王天,第4门,升,,「彌彌」二字俱表戒善。此位功胜铁轮，十善化世而戒善又盛，故生四王天。,手工逐组（门1–14 手写）,推演,餘准前知。,"統御南贍部洲。奮戈始定。名鐵輪王。十善化世。不起三品惡業。
王事宂沓。罕能專修定慧。故不同恆人之轉變多塗。唯聞法發心則與恆人同也。","《選佛譜》卷第二・鐵輪王・L115
《選佛譜》卷第二・鐵輪王・L115",鐵輪王
941,第4门,欲界人天門,卷2,銅輪王,彌陀,彌,戒善,陀,定善,行,夜摩天,第4门,升,,「彌」表戒善、「陀」表定善。王事宂沓、罕能专修定慧，功胜铁轮，故生夜摩天。,手工逐组（门1–14 手写）,推演,餘准前知。,"統御南贍部洲。奮戈始定。名鐵輪王。十善化世。不起三品惡業。
王事宂沓。罕能專修定慧。故不同恆人之轉變多塗。唯聞法發心則與恆人同也。","《選佛譜》卷第二・鐵輪王・L115
《選佛譜》卷第二・鐵輪王・L115",鐵輪王
942,第4门,欲界人天門,卷2,銅輪王,彌佛,彌,戒善,佛,无漏善慧,行,體空觀,第9门,升,,「彌」表戒善、「佛」表无漏善慧。闻法发心则与恒人同，了诸法空，故修体空观。,手工逐组（门1–14 手写）,承注,餘准前知。,唯聞法發心則與恆人同也。,《選佛譜》卷第二・鐵輪王・L115,鐵輪王
943,第4门,欲界人天門,卷2,銅輪王,陀陀,陀,定善,陀,定善,行,兜率天,第4门,升,,「陀陀」二字俱表定善。王事宂沓罕能专修定慧，而定善又进，故生兜率天。,手工逐组（门1–14 手写）,推演,餘准前知。,"統御南贍部洲。奮戈始定。名鐵輪王。十善化世。不起三品惡業。
王事宂沓。罕能專修定慧。故不同恆人之轉變多塗。唯聞法發心則與恆人同也。","《選佛譜》卷第二・鐵輪王・L115
《選佛譜》卷第二・鐵輪王・L115",鐵輪王
944,第4门,欲界人天門,卷2,銅輪王,陀佛,陀,定善,佛,无漏善慧,行,次第三觀,第9门,升,,「陀」表定善、「佛」表无漏善慧。闻法发心则与恒人同，闻中道佛性，故修次第三观。,手工逐组（门1–14 手写）,承注,餘准前知。,唯聞法發心則與恆人同也。,《選佛譜》卷第二・鐵輪王・L115,鐵輪王
945,第4门,欲界人天門,卷2,銅輪王,佛佛,佛,无漏善慧,佛,无漏善慧,行,圓頓妙觀,第9门,升,,「佛佛」二字俱表无漏善慧。闻法发心则与恒人同，深达实相，故修圆顿妙观。,手工逐组（门1–14 手写）,承注,餘准前知。,唯聞法發心則與恆人同也。,《選佛譜》卷第二・鐵輪王・L115,鐵輪王
946,第4门,欲界人天門,卷2,銀輪王,那那,那,见烦恼,那,见烦恼,行,南贍部洲,第4门,降,,「那那」二字俱表见烦恼。爱享福报、福力渐减，则为恒人，故生南赡部洲。,手工逐组（门1–14 手写）,承注,,十善化世。不起三品惡業。或見慢力強。則墮脩羅。或愛享福報。福力漸減。則為恆人耳。,《選佛譜》卷第二・鐵輪王・L115,鐵輪王
947,第4门,欲界人天門,卷2,銀輪王,那謨,那,见烦恼,謨,爱烦恼,行,鐵輪王,第4门,降,,「那」表见烦恼、「謨」表爱烦恼。爱享福报、福力渐减，故降为铁轮王。,手工逐组（门1–14 手写）,承注,,十善化世。不起三品惡業。或見慢力強。則墮脩羅。或愛享福報。福力漸減。則為恆人耳。,《選佛譜》卷第二・鐵輪王・L115,鐵輪王
948,第4门,欲界人天門,卷2,銀輪王,那阿,那,见烦恼,阿,施善,不行·安住本位,,,安住,,「那」表见烦恼、「阿」表施善。相为对治，二俱无力，故不行。,手工逐组（门1–14 手写）,通則,,其餘位中。以阿彌陀善。與那謨惡相為對治。二俱無力。所以並不行也。,《選佛譜》卷第一・見取・L57,見取
949,第4门,欲界人天門,卷2,銀輪王,那彌,那,见烦恼,彌,戒善,不行·安住本位,,,安住,,「那」表见烦恼、「彌」表戒善。相为对治，二俱无力，故不行。,手工逐组（门1–14 手写）,通則,,其餘位中。以阿彌陀善。與那謨惡相為對治。二俱無力。所以並不行也。,《選佛譜》卷第一・見取・L57,見取
950,第4门,欲界人天門,卷2,銀輪王,那陀,那,见烦恼,陀,定善,不行·安住本位,,,安住,,「那」表见烦恼、「陀」表定善。相为对治，二俱无力，故不行。,手工逐组（门1–14 手写）,通則,,其餘位中。以阿彌陀善。與那謨惡相為對治。二俱無力。所以並不行也。,《選佛譜》卷第一・見取・L57,見取
951,第4门,欲界人天門,卷2,銀輪王,那佛,那,见烦恼,佛,无漏善慧,行,他化自在天,第4门,升,,「那」表见烦恼、「佛」表无漏善慧。不同恒人之转变多涂，功胜铜轮，故生他化自在天。,手工逐组（门1–14 手写）,推演,,"統御南贍部洲。奮戈始定。名鐵輪王。十善化世。不起三品惡業。
王事宂沓。罕能專修定慧。故不同恆人之轉變多塗。唯聞法發心則與恆人同也。","《選佛譜》卷第二・鐵輪王・L115
《選佛譜》卷第二・鐵輪王・L115",鐵輪王
952,第4门,欲界人天門,卷2,銀輪王,謨謨,謨,爱烦恼,謨,爱烦恼,行,銅輪王,第4门,降,,「謨謨」二字俱表爱烦恼。爱享福报、福力渐减，故降为铜轮王。,手工逐组（门1–14 手写）,承注,,十善化世。不起三品惡業。或見慢力強。則墮脩羅。或愛享福報。福力漸減。則為恆人耳。,《選佛譜》卷第二・鐵輪王・L115,鐵輪王
953,第4门,欲界人天門,卷2,銀輪王,謨阿,謨,爱烦恼,阿,施善,不行·安住本位,,,安住,,「謨」表爱烦恼、「阿」表施善。相为对治，二俱无力，故不行。,手工逐组（门1–14 手写）,通則,,其餘位中。以阿彌陀善。與那謨惡相為對治。二俱無力。所以並不行也。,《選佛譜》卷第一・見取・L57,見取
954,第4门,欲界人天門,卷2,銀輪王,謨彌,謨,爱烦恼,彌,戒善,不行·安住本位,,,安住,,「謨」表爱烦恼、「彌」表戒善。相为对治，二俱无力，故不行。,手工逐组（门1–14 手写）,通則,,其餘位中。以阿彌陀善。與那謨惡相為對治。二俱無力。所以並不行也。,《選佛譜》卷第一・見取・L57,見取
955,第4门,欲界人天門,卷2,銀輪王,謨陀,謨,爱烦恼,陀,定善,不行·安住本位,,,安住,,「謨」表爱烦恼、「陀」表定善。相为对治，二俱无力，故不行。,手工逐组（门1–14 手写）,通則,,其餘位中。以阿彌陀善。與那謨惡相為對治。二俱無力。所以並不行也。,《選佛譜》卷第一・見取・L57,見取
956,第4门,欲界人天門,卷2,銀輪王,謨佛,謨,爱烦恼,佛,无漏善慧,行,中乘辟支佛果,第10门,升,,「謨」表爱烦恼、「佛」表无漏善慧。此位亦以十善化世、功胜铜轮，故成中乘辟支佛果。,手工逐组（门1–14 手写）,推演,行法原文「謨佛。辟支佛」——銀金二輪王謨佛皆直趣中乘辟支佛果；那佛柱階梯（兜率→化樂→他化→大梵）自足，大梵天是金輪王那佛去向。,"統御南贍部洲。奮戈始定。名鐵輪王。十善化世。不起三品惡業。
王事宂沓。罕能專修定慧。故不同恆人之轉變多塗。唯聞法發心則與恆人同也。","《選佛譜》卷第二・鐵輪王・L115
《選佛譜》卷第二・鐵輪王・L115",鐵輪王
957,第4门,欲界人天門,卷2,銀輪王,阿阿,阿,施善,阿,施善,行,金輪王,第4门,升,,「阿阿」二字俱表施善。十善化世而施福又盛，故进为金轮王。,手工逐组（门1–14 手写）,推演,,"統御南贍部洲。奮戈始定。名鐵輪王。十善化世。不起三品惡業。
王事宂沓。罕能專修定慧。故不同恆人之轉變多塗。唯聞法發心則與恆人同也。","《選佛譜》卷第二・鐵輪王・L115
《選佛譜》卷第二・鐵輪王・L115",鐵輪王
958,第4门,欲界人天門,卷2,銀輪王,阿彌,阿,施善,彌,戒善,行,四王天,第4门,升,,「阿」表施善、「彌」表戒善。施福加以戒力，故生四王天。,手工逐组（门1–14 手写）,推演,,"統御南贍部洲。奮戈始定。名鐵輪王。十善化世。不起三品惡業。
王事宂沓。罕能專修定慧。故不同恆人之轉變多塗。唯聞法發心則與恆人同也。","《選佛譜》卷第二・鐵輪王・L115
《選佛譜》卷第二・鐵輪王・L115",鐵輪王
959,第4门,欲界人天門,卷2,銀輪王,阿陀,阿,施善,陀,定善,行,夜摩天,第4门,升,,「阿」表施善、「陀」表定善。功胜铜轮，故生夜摩天。,手工逐组（门1–14 手写）,推演,,"統御南贍部洲。奮戈始定。名鐵輪王。十善化世。不起三品惡業。
王事宂沓。罕能專修定慧。故不同恆人之轉變多塗。唯聞法發心則與恆人同也。","《選佛譜》卷第二・鐵輪王・L115
《選佛譜》卷第二・鐵輪王・L115",鐵輪王
960,第4门,欲界人天門,卷2,銀輪王,阿佛,阿,施善,佛,无漏善慧,行,事六度心,第9门,升,,「阿」表施善、「佛」表无漏善慧。闻法发心则与恒人同，舍离烦恼自觉觉他，故发事六度心。,手工逐组（门1–14 手写）,承注,,唯聞法發心則與恆人同也。,《選佛譜》卷第二・鐵輪王・L115,鐵輪王
961,第4门,欲界人天門,卷2,銀輪王,彌彌,彌,戒善,彌,戒善,行,忉利天,第4门,升,,「彌彌」二字俱表戒善。十善化世而戒善又盛，故生忉利天。,手工逐组（门1–14 手写）,推演,,"統御南贍部洲。奮戈始定。名鐵輪王。十善化世。不起三品惡業。
王事宂沓。罕能專修定慧。故不同恆人之轉變多塗。唯聞法發心則與恆人同也。","《選佛譜》卷第二・鐵輪王・L115
《選佛譜》卷第二・鐵輪王・L115",鐵輪王
962,第4门,欲界人天門,卷2,銀輪王,彌陀,彌,戒善,陀,定善,行,兜率天,第4门,升,,「彌」表戒善、「陀」表定善。王事宂沓、罕能专修定慧，功胜铜轮，故生兜率天。,手工逐组（门1–14 手写）,推演,,"統御南贍部洲。奮戈始定。名鐵輪王。十善化世。不起三品惡業。
王事宂沓。罕能專修定慧。故不同恆人之轉變多塗。唯聞法發心則與恆人同也。","《選佛譜》卷第二・鐵輪王・L115
《選佛譜》卷第二・鐵輪王・L115",鐵輪王
963,第4门,欲界人天門,卷2,銀輪王,彌佛,彌,戒善,佛,无漏善慧,行,體空觀,第9门,升,,「彌」表戒善、「佛」表无漏善慧。闻法发心则与恒人同，了诸法空，故修体空观。,手工逐组（门1–14 手写）,承注,,唯聞法發心則與恆人同也。,《選佛譜》卷第二・鐵輪王・L115,鐵輪王
964,第4门,欲界人天門,卷2,銀輪王,陀陀,陀,定善,陀,定善,行,化樂天,第4门,升,,「陀陀」二字俱表定善。王事宂沓罕能专修定慧，而定善又进，故生化乐天。,手工逐组（门1–14 手写）,推演,,"統御南贍部洲。奮戈始定。名鐵輪王。十善化世。不起三品惡業。
王事宂沓。罕能專修定慧。故不同恆人之轉變多塗。唯聞法發心則與恆人同也。","《選佛譜》卷第二・鐵輪王・L115
《選佛譜》卷第二・鐵輪王・L115",鐵輪王
965,第4门,欲界人天門,卷2,銀輪王,陀佛,陀,定善,佛,无漏善慧,行,次第三觀,第9门,升,,「陀」表定善、「佛」表无漏善慧。闻法发心则与恒人同，闻中道佛性，故修次第三观。,手工逐组（门1–14 手写）,承注,,唯聞法發心則與恆人同也。,《選佛譜》卷第二・鐵輪王・L115,鐵輪王
966,第4门,欲界人天門,卷2,銀輪王,佛佛,佛,无漏善慧,佛,无漏善慧,行,圓頓妙觀,第9门,升,,「佛佛」二字俱表无漏善慧。闻法发心则与恒人同，深达实相，故修圆顿妙观。,手工逐组（门1–14 手写）,承注,,唯聞法發心則與恆人同也。,《選佛譜》卷第二・鐵輪王・L115,鐵輪王
967,第4门,欲界人天門,卷2,金輪王,那那,那,见烦恼,那,见烦恼,行,鐵輪王,第4门,降,,「那那」二字俱表见烦恼。爱享福报、福力渐减，故降为铁轮王。,手工逐组（门1–14 手写）,承注,,十善化世。不起三品惡業。或見慢力強。則墮脩羅。或愛享福報。福力漸減。則為恆人耳。,《選佛譜》卷第二・鐵輪王・L115,鐵輪王
968,第4门,欲界人天門,卷2,金輪王,那謨,那,见烦恼,謨,爱烦恼,行,銅輪王,第4门,降,,「那」表见烦恼、「謨」表爱烦恼。爱享福报、福力渐减，故降为铜轮王。,手工逐组（门1–14 手写）,承注,,十善化世。不起三品惡業。或見慢力強。則墮脩羅。或愛享福報。福力漸減。則為恆人耳。,《選佛譜》卷第二・鐵輪王・L115,鐵輪王
969,第4门,欲界人天門,卷2,金輪王,那阿,那,见烦恼,阿,施善,不行·安住本位,,,安住,,「那」表见烦恼、「阿」表施善。相为对治，二俱无力，故不行。,手工逐组（门1–14 手写）,通則,,其餘位中。以阿彌陀善。與那謨惡相為對治。二俱無力。所以並不行也。,《選佛譜》卷第一・見取・L57,見取
970,第4门,欲界人天門,卷2,金輪王,那彌,那,见烦恼,彌,戒善,不行·安住本位,,,安住,,「那」表见烦恼、「彌」表戒善。相为对治，二俱无力，故不行。,手工逐组（门1–14 手写）,通則,,其餘位中。以阿彌陀善。與那謨惡相為對治。二俱無力。所以並不行也。,《選佛譜》卷第一・見取・L57,見取
971,第4门,欲界人天門,卷2,金輪王,那陀,那,见烦恼,陀,定善,不行·安住本位,,,安住,,「那」表见烦恼、「陀」表定善。相为对治，二俱无力，故不行。,手工逐组（门1–14 手写）,通則,,其餘位中。以阿彌陀善。與那謨惡相為對治。二俱無力。所以並不行也。,《選佛譜》卷第一・見取・L57,見取
972,第4门,欲界人天門,卷2,金輪王,那佛,那,见烦恼,佛,无漏善慧,行,大梵天,第5门,升,,「那」表见烦恼、「佛」表无漏善慧。不同恒人之转变多涂，能使天下皆行十善，故生大梵天。,手工逐组（门1–14 手写）,推演,,"統御南贍部洲。奮戈始定。名鐵輪王。十善化世。不起三品惡業。
王事宂沓。罕能專修定慧。故不同恆人之轉變多塗。唯聞法發心則與恆人同也。","《選佛譜》卷第二・鐵輪王・L115
《選佛譜》卷第二・鐵輪王・L115",鐵輪王
973,第4门,欲界人天門,卷2,金輪王,謨謨,謨,爱烦恼,謨,爱烦恼,行,銀輪王,第4门,降,,「謨謨」二字俱表爱烦恼。爱享福报、福力渐减，故降为银轮王。,手工逐组（门1–14 手写）,承注,,十善化世。不起三品惡業。或見慢力強。則墮脩羅。或愛享福報。福力漸減。則為恆人耳。,《選佛譜》卷第二・鐵輪王・L115,鐵輪王
974,第4门,欲界人天門,卷2,金輪王,謨阿,謨,爱烦恼,阿,施善,不行·安住本位,,,安住,,「謨」表爱烦恼、「阿」表施善。相为对治，二俱无力，故不行。,手工逐组（门1–14 手写）,通則,,其餘位中。以阿彌陀善。與那謨惡相為對治。二俱無力。所以並不行也。,《選佛譜》卷第一・見取・L57,見取
975,第4门,欲界人天門,卷2,金輪王,謨彌,謨,爱烦恼,彌,戒善,不行·安住本位,,,安住,,「謨」表爱烦恼、「彌」表戒善。相为对治，二俱无力，故不行。,手工逐组（门1–14 手写）,通則,,其餘位中。以阿彌陀善。與那謨惡相為對治。二俱無力。所以並不行也。,《選佛譜》卷第一・見取・L57,見取
976,第4门,欲界人天門,卷2,金輪王,謨陀,謨,爱烦恼,陀,定善,不行·安住本位,,,安住,,「謨」表爱烦恼、「陀」表定善。相为对治，二俱无力，故不行。,手工逐组（门1–14 手写）,通則,,其餘位中。以阿彌陀善。與那謨惡相為對治。二俱無力。所以並不行也。,《選佛譜》卷第一・見取・L57,見取
977,第4门,欲界人天門,卷2,金輪王,謨佛,謨,爱烦恼,佛,无漏善慧,行,中乘辟支佛果,第10门,升,,「謨」表爱烦恼、「佛」表无漏善慧。昔有圣王暂时敛念、见花飞钏动便证独觉菩提，故成中乘辟支佛果。,手工逐组（门1–14 手写）,直說,謨佛成辟支果者昔有聖王。暫時斂念。見花飛釧動。便證獨覺菩提。良由十善之力。能資出世慧故。,謨佛成辟支果者昔有聖王。暫時斂念。見花飛釧動。便證獨覺菩提。良由十善之力。能資出世慧故。,《選佛譜》卷第二・金輪王・L127,金輪王
978,第4门,欲界人天門,卷2,金輪王,阿阿,阿,施善,阿,施善,行,四王天,第4门,升,,「阿阿」二字俱表施善。功德最大而施福又盛，故生四王天。,手工逐组（门1–14 手写）,推演,,"統御南贍部洲。奮戈始定。名鐵輪王。十善化世。不起三品惡業。
王事宂沓。罕能專修定慧。故不同恆人之轉變多塗。唯聞法發心則與恆人同也。","《選佛譜》卷第二・鐵輪王・L115
《選佛譜》卷第二・鐵輪王・L115",鐵輪王
979,第4门,欲界人天門,卷2,金輪王,阿彌,阿,施善,彌,戒善,行,忉利天,第4门,升,,「阿」表施善、「彌」表戒善。施福加以戒力，故生忉利天。,手工逐组（门1–14 手写）,推演,,"統御南贍部洲。奮戈始定。名鐵輪王。十善化世。不起三品惡業。
王事宂沓。罕能專修定慧。故不同恆人之轉變多塗。唯聞法發心則與恆人同也。","《選佛譜》卷第二・鐵輪王・L115
《選佛譜》卷第二・鐵輪王・L115",鐵輪王
980,第4门,欲界人天門,卷2,金輪王,阿陀,阿,施善,陀,定善,行,兜率天,第4门,升,,「阿」表施善、「陀」表定善。功德最大，故生兜率天。,手工逐组（门1–14 手写）,推演,,"統御南贍部洲。奮戈始定。名鐵輪王。十善化世。不起三品惡業。
王事宂沓。罕能專修定慧。故不同恆人之轉變多塗。唯聞法發心則與恆人同也。","《選佛譜》卷第二・鐵輪王・L115
《選佛譜》卷第二・鐵輪王・L115",鐵輪王
981,第4门,欲界人天門,卷2,金輪王,阿佛,阿,施善,佛,无漏善慧,行,大乘初阿僧祇滿,第10门,升,,「阿」表施善、「佛」表无漏善慧。此并资胜善、深入法门，故大乘初阿僧祇满。,手工逐组（门1–14 手写）,直說,阿佛。彌佛。並資勝善。深入法門。,阿佛。彌佛。並資勝善。深入法門。,《選佛譜》卷第二・金輪王・L127,金輪王
982,第4门,欲界人天門,卷2,金輪王,彌彌,彌,戒善,彌,戒善,行,夜摩天,第4门,升,,「彌彌」二字俱表戒善。十善化世而戒善又盛，故生夜摩天。,手工逐组（门1–14 手写）,推演,,"統御南贍部洲。奮戈始定。名鐵輪王。十善化世。不起三品惡業。
王事宂沓。罕能專修定慧。故不同恆人之轉變多塗。唯聞法發心則與恆人同也。","《選佛譜》卷第二・鐵輪王・L115
《選佛譜》卷第二・鐵輪王・L115",鐵輪王
983,第4门,欲界人天門,卷2,金輪王,彌陀,彌,戒善,陀,定善,行,化樂天,第4门,升,,「彌」表戒善、「陀」表定善。王事宂沓、罕能专修定慧，功德最大，故生化乐天。,手工逐组（门1–14 手写）,推演,,"統御南贍部洲。奮戈始定。名鐵輪王。十善化世。不起三品惡業。
王事宂沓。罕能專修定慧。故不同恆人之轉變多塗。唯聞法發心則與恆人同也。","《選佛譜》卷第二・鐵輪王・L115
《選佛譜》卷第二・鐵輪王・L115",鐵輪王
984,第4门,欲界人天門,卷2,金輪王,彌佛,彌,戒善,佛,无漏善慧,行,四見地,第11门,升,,「彌」表戒善、「佛」表无漏善慧。此并资胜善、深入法门，故入四见地。,手工逐组（门1–14 手写）,直說,阿佛。彌佛。並資勝善。深入法門。,阿佛。彌佛。並資勝善。深入法門。,《選佛譜》卷第二・金輪王・L127,金輪王
985,第4门,欲界人天門,卷2,金輪王,陀陀,陀,定善,陀,定善,行,他化自在天,第4门,升,,「陀陀」二字俱表定善。王事宂沓罕能专修定慧，而定善又进，故生他化自在天。,手工逐组（门1–14 手写）,推演,,"統御南贍部洲。奮戈始定。名鐵輪王。十善化世。不起三品惡業。
王事宂沓。罕能專修定慧。故不同恆人之轉變多塗。唯聞法發心則與恆人同也。","《選佛譜》卷第二・鐵輪王・L115
《選佛譜》卷第二・鐵輪王・L115",鐵輪王
986,第4门,欲界人天門,卷2,金輪王,陀佛,陀,定善,佛,无漏善慧,行,十灌頂住,第12门,升,,「陀」表定善、「佛」表无漏善慧。十善菩萨发大心，长别三界苦轮海，故入十灌顶住。,手工逐组（门1–14 手写）,直說,陀佛十住。,陀佛十住。佛佛圓信。則正所謂十善菩薩發大心。長別三界苦輪海也。,《選佛譜》卷第二・金輪王・L127,金輪王
987,第4门,欲界人天門,卷2,金輪王,佛佛,佛,无漏善慧,佛,无漏善慧,行,圓十信位,第13门,升,,「佛佛」二字俱表无漏善慧。正所谓十善菩萨发大心，长别三界苦轮海，故入圆十信位。,手工逐组（门1–14 手写）,直說,佛佛圓信。則正所謂十善菩薩發大心。長別三界苦輪海也。,陀佛十住。佛佛圓信。則正所謂十善菩薩發大心。長別三界苦輪海也。,《選佛譜》卷第二・金輪王・L127,金輪王
988,第4门,欲界人天門,卷2,十種仙,那那,那,见烦恼,那,见烦恼,行,有間地獄,第3门,降,,「那那」二字俱表见烦恼。见思所牵，必坠三涂，故堕有间地狱。,手工逐组（门1–14 手写）,直說,那那等三。則見思所牽。必墜三塗。,那那等三。則見思所牽。必墜三塗。,《選佛譜》卷第二・十種仙・L131,十種仙
989,第4门,欲界人天門,卷2,十種仙,那謨,那,见烦恼,謨,爱烦恼,行,中品畜生,第3门,降,,「那」表见烦恼、「謨」表爱烦恼。见思所牵，必坠三涂，故堕中品畜生。,手工逐组（门1–14 手写）,直說,那那等三。則見思所牽。必墜三塗。,那那等三。則見思所牽。必墜三塗。,《選佛譜》卷第二・十種仙・L131,十種仙
990,第4门,欲界人天門,卷2,十種仙,那阿,那,见烦恼,阿,施善,不行·安住本位,,,安住,,「那」表见烦恼、「阿」表施善。相为对治，二俱无力，故不行。,手工逐组（门1–14 手写）,通則,,其餘位中。以阿彌陀善。與那謨惡相為對治。二俱無力。所以並不行也。,《選佛譜》卷第一・見取・L57,見取
991,第4门,欲界人天門,卷2,十種仙,那彌,那,见烦恼,彌,戒善,不行·安住本位,,,安住,,「那」表见烦恼、「彌」表戒善。相为对治，二俱无力，故不行。,手工逐组（门1–14 手写）,通則,,其餘位中。以阿彌陀善。與那謨惡相為對治。二俱無力。所以並不行也。,《選佛譜》卷第一・見取・L57,見取
992,第4门,欲界人天門,卷2,十種仙,那陀,那,见烦恼,陀,定善,行,魔羅天,第4门,升,,「那」表见烦恼、「陀」表定善。虽有定力而见爱既重，必入魔天，故生魔罗天。,手工逐组（门1–14 手写）,直說,那陀。謨陀。雖有定力。見愛既重。必入魔天。,那陀。謨陀。雖有定力。見愛既重。必入魔天。,《選佛譜》卷第二・十種仙・L131,十種仙
993,第4门,欲界人天門,卷2,十種仙,那佛,那,见烦恼,佛,无漏善慧,行,大梵天,第5门,升,,「那」表见烦恼、「佛」表无漏善慧。虽具烦恼而仗佛神力，得为初禅天王，故生大梵天。,手工逐组（门1–14 手写）,直說,那佛。謨佛。雖具煩惱。仗佛神力。得為初禪二禪天王。,那佛。謨佛。雖具煩惱。仗佛神力。得為初禪二禪天王。,《選佛譜》卷第二・十種仙・L131,十種仙
994,第4门,欲界人天門,卷2,十種仙,謨謨,謨,爱烦恼,謨,爱烦恼,行,少財鬼,第3门,降,,「謨謨」二字俱表爱烦恼。见思所牵，必坠三涂，故堕少财鬼。,手工逐组（门1–14 手写）,直說,那那等三。則見思所牽。必墜三塗。,那那等三。則見思所牽。必墜三塗。,《選佛譜》卷第二・十種仙・L131,十種仙
995,第4门,欲界人天門,卷2,十種仙,謨阿,謨,爱烦恼,阿,施善,不行·安住本位,,,安住,,「謨」表爱烦恼、「阿」表施善。相为对治，二俱无力，故不行。,手工逐组（门1–14 手写）,通則,,其餘位中。以阿彌陀善。與那謨惡相為對治。二俱無力。所以並不行也。,《選佛譜》卷第一・見取・L57,見取
996,第4门,欲界人天門,卷2,十種仙,謨彌,謨,爱烦恼,彌,戒善,不行·安住本位,,,安住,,「謨」表爱烦恼、「彌」表戒善。相为对治，二俱无力，故不行。,手工逐组（门1–14 手写）,通則,,其餘位中。以阿彌陀善。與那謨惡相為對治。二俱無力。所以並不行也。,《選佛譜》卷第一・見取・L57,見取
997,第4门,欲界人天門,卷2,十種仙,謨陀,謨,爱烦恼,陀,定善,行,魔羅天,第4门,升,,「謨」表爱烦恼、「陀」表定善。虽有定力而见爱既重，必入魔天，故生魔罗天。,手工逐组（门1–14 手写）,直說,那陀。謨陀。雖有定力。見愛既重。必入魔天。,那陀。謨陀。雖有定力。見愛既重。必入魔天。,《選佛譜》卷第二・十種仙・L131,十種仙
998,第4门,欲界人天門,卷2,十種仙,謨佛,謨,爱烦恼,佛,无漏善慧,行,光音天,第5门,升,,「謨」表爱烦恼、「佛」表无漏善慧。虽具烦恼而仗佛神力，得为二禅天王，故生光音天。,手工逐组（门1–14 手写）,直說,那佛。謨佛。雖具煩惱。仗佛神力。得為初禪二禪天王。,那佛。謨佛。雖具煩惱。仗佛神力。得為初禪二禪天王。,《選佛譜》卷第二・十種仙・L131,十種仙
999,第4门,欲界人天門,卷2,十種仙,阿阿,阿,施善,阿,施善,行,鬼脩羅,第3门,降,,「阿阿」二字俱表施善。施福所引，不离神鬼，故成鬼修罗。,手工逐组（门1–14 手写）,直說,阿阿。則施福所引。不離神鬼。,阿阿。則施福所引。不離神鬼。,《選佛譜》卷第二・十種仙・L131,十種仙
1000,第4门,欲界人天門,卷2,十種仙,阿彌,阿,施善,彌,戒善,行,南贍部洲,第4门,降,,「阿」表施善、「彌」表戒善。施戒兼济，仅复人身，故生南赡部洲。,手工逐组（门1–14 手写）,直說,阿彌。則施戒兼濟。僅復人身。,阿彌。則施戒兼濟。僅復人身。,《選佛譜》卷第二・十種仙・L131,十種仙
1001,第4门,欲界人天門,卷2,十種仙,阿陀,阿,施善,陀,定善,行,梵眾天,第5门,升,,「阿」表施善、「陀」表定善。离欲乍入初禅，故生梵众天。,手工逐组（门1–14 手写）,直說,阿陀。則離欲乍入初禪。,阿陀。則離欲乍入初禪。,《選佛譜》卷第二・十種仙・L131,十種仙
1002,第4门,欲界人天門,卷2,十種仙,阿佛,阿,施善,佛,无漏善慧,行,煖位,第10门,升,,「阿」表施善、「佛」表无漏善慧。生灭门中始获道火前相，故入煖位。,手工逐组（门1–14 手写）,直說,阿佛。則生滅門中。始獲道火前相。,阿佛。則生滅門中。始獲道火前相。,《選佛譜》卷第二・十種仙・L131,十種仙
1003,第4门,欲界人天門,卷2,十種仙,彌彌,彌,戒善,彌,戒善,行,四王天,第4门,升,,「彌彌」二字俱表戒善。戒力坚强，升居天上，故生四王天。,手工逐组（门1–14 手写）,直說,彌彌。則戒力堅強。升居天上。,彌彌。則戒力堅強。升居天上。,《選佛譜》卷第二・十種仙・L131,十種仙
1004,第4门,欲界人天門,卷2,十種仙,彌陀,彌,戒善,陀,定善,行,少光天,第5门,升,,「彌」表戒善、「陀」表定善。渐进堪入二禅，故生少光天。,手工逐组（门1–14 手写）,直說,彌陀。則漸進堪入二禪。,彌陀。則漸進堪入二禪。,《選佛譜》卷第二・十種仙・L131,十種仙
1005,第4门,欲界人天門,卷2,十種仙,彌佛,彌,戒善,佛,无漏善慧,行,二性地,第11门,升,,「彌」表戒善、「佛」表无漏善慧。无生门内似沾理性法流，故入二性地。,手工逐组（门1–14 手写）,直說,彌佛。則無生門內。似沾理性法流。,彌佛。則無生門內。似沾理性法流。,《選佛譜》卷第二・十種仙・L131,十種仙
1006,第4门,欲界人天門,卷2,十種仙,陀陀,陀,定善,陀,定善,行,少淨天,第5门,升,,「陀陀」二字俱表定善。更进能得三禅，故生少净天。,手工逐组（门1–14 手写）,直說,陀陀。則更進能得三禪。,陀陀。則更進能得三禪。,《選佛譜》卷第二・十種仙・L131,十種仙
1007,第4门,欲界人天門,卷2,十種仙,陀佛,陀,定善,佛,无漏善慧,行,十願心,第12门,升,,「陀」表定善、「佛」表无漏善慧。仰信果头真如，永伏我法二执，故入十愿心。,手工逐组（门1–14 手写）,直說,陀佛。則仰信果頭真如。永伏我法二執。,陀佛。則仰信果頭真如。永伏我法二執。,《選佛譜》卷第二・十種仙・L131,十種仙
1008,第4门,欲界人天門,卷2,十種仙,佛佛,佛,无漏善慧,佛,无漏善慧,行,圓五品位,第13门,升,,「佛佛」二字俱表无漏善慧。能知秘密之藏，可名观行金仙，故入圆五品位。,手工逐组（门1–14 手写）,直說,佛佛。則能知祕密之藏。可名觀行金仙。,佛佛。則能知祕密之藏。可名觀行金仙。,《選佛譜》卷第二・十種仙・L131,十種仙
1009,第4门,欲界人天門,卷2,四王天,那那,那,见烦恼,那,见烦恼,行,有財鬼,第3门,降,,「那那」二字俱表见烦恼。见思所牵，故还堕鬼趣，为有财鬼。,手工逐组（门1–14 手写）,直說,那那等三。見思所牽。還墮鬼趣脩羅人道。,那那等三。見思所牽。還墮鬼趣脩羅人道。,《選佛譜》卷第二・四王天・L135,四王天
1010,第4门,欲界人天門,卷2,四王天,那謨,那,见烦恼,謨,爱烦恼,行,人脩羅,第3门,降,,「那」表见烦恼、「謨」表爱烦恼。见思所牵，故还堕修罗，为人修罗。,手工逐组（门1–14 手写）,直說,那那等三。見思所牽。還墮鬼趣脩羅人道。,那那等三。見思所牽。還墮鬼趣脩羅人道。,《選佛譜》卷第二・四王天・L135,四王天
1011,第4门,欲界人天門,卷2,四王天,那阿,那,见烦恼,阿,施善,不行·安住本位,,,安住,,「那」表见烦恼、「阿」表施善。相为对治，二俱无力，故不行。,手工逐组（门1–14 手写）,通則,,其餘位中。以阿彌陀善。與那謨惡相為對治。二俱無力。所以並不行也。,《選佛譜》卷第一・見取・L57,見取
1012,第4门,欲界人天門,卷2,四王天,那彌,那,见烦恼,彌,戒善,不行·安住本位,,,安住,,「那」表见烦恼、「彌」表戒善。相为对治，二俱无力，故不行。,手工逐组（门1–14 手写）,通則,,其餘位中。以阿彌陀善。與那謨惡相為對治。二俱無力。所以並不行也。,《選佛譜》卷第一・見取・L57,見取
1013,第4门,欲界人天門,卷2,四王天,那陀,那,见烦恼,陀,定善,不行·安住本位,,,安住,,「那」表见烦恼、「陀」表定善。相为对治，二俱无力，故不行。,手工逐组（门1–14 手写）,通則,,其餘位中。以阿彌陀善。與那謨惡相為對治。二俱無力。所以並不行也。,《選佛譜》卷第一・見取・L57,見取
1014,第4门,欲界人天門,卷2,四王天,那佛,那,见烦恼,佛,无漏善慧,行,梵眾天,第5门,升,,「那」表见烦恼、「佛」表无漏善慧。虽有见思而以觉悟力能超欲界，故生梵众天。,手工逐组（门1–14 手写）,直說,那佛。謨佛。雖有見思。以覺悟力。能超欲界。,那佛。謨佛。雖有見思。以覺悟力。能超欲界。,《選佛譜》卷第二・四王天・L135,四王天
1015,第4门,欲界人天門,卷2,四王天,謨謨,謨,爱烦恼,謨,爱烦恼,行,南贍部洲,第4门,降,,「謨謨」二字俱表爱烦恼。见思所牵，故还堕人道，生南赡部洲。,手工逐组（门1–14 手写）,直說,那那等三。見思所牽。還墮鬼趣脩羅人道。,那那等三。見思所牽。還墮鬼趣脩羅人道。,《選佛譜》卷第二・四王天・L135,四王天
1016,第4门,欲界人天門,卷2,四王天,謨阿,謨,爱烦恼,阿,施善,不行·安住本位,,,安住,,「謨」表爱烦恼、「阿」表施善。相为对治，二俱无力，故不行。,手工逐组（门1–14 手写）,通則,,其餘位中。以阿彌陀善。與那謨惡相為對治。二俱無力。所以並不行也。,《選佛譜》卷第一・見取・L57,見取
1017,第4门,欲界人天門,卷2,四王天,謨彌,謨,爱烦恼,彌,戒善,不行·安住本位,,,安住,,「謨」表爱烦恼、「彌」表戒善。相为对治，二俱无力，故不行。,手工逐组（门1–14 手写）,通則,,其餘位中。以阿彌陀善。與那謨惡相為對治。二俱無力。所以並不行也。,《選佛譜》卷第一・見取・L57,見取
1018,第4门,欲界人天門,卷2,四王天,謨陀,謨,爱烦恼,陀,定善,不行·安住本位,,,安住,,「謨」表爱烦恼、「陀」表定善。相为对治，二俱无力，故不行。,手工逐组（门1–14 手写）,通則,,其餘位中。以阿彌陀善。與那謨惡相為對治。二俱無力。所以並不行也。,《選佛譜》卷第一・見取・L57,見取
1019,第4门,欲界人天門,卷2,四王天,謨佛,謨,爱烦恼,佛,无漏善慧,行,梵輔天,第5门,升,,「謨」表爱烦恼、「佛」表无漏善慧。虽有见思而以觉悟力能超欲界，故生梵辅天。,手工逐组（门1–14 手写）,直說,那佛。謨佛。雖有見思。以覺悟力。能超欲界。,那佛。謨佛。雖有見思。以覺悟力。能超欲界。,《選佛譜》卷第二・四王天・L135,四王天
1020,第4门,欲界人天門,卷2,四王天,阿阿,阿,施善,阿,施善,行,忉利天,第4门,升,,「阿阿」二字俱表施善。福善所感，故渐升忉利天。,手工逐组（门1–14 手写）,直說,阿阿等六。福善所感。漸昇忉利及空居天。,阿阿等六。福善所感。漸昇忉利及空居天。,《選佛譜》卷第二・四王天・L135,四王天
1021,第4门,欲界人天門,卷2,四王天,阿彌,阿,施善,彌,戒善,行,夜摩天,第4门,升,,「阿」表施善、「彌」表戒善。福善所感，故渐升夜摩天。,手工逐组（门1–14 手写）,直說,阿阿等六。福善所感。漸昇忉利及空居天。,阿阿等六。福善所感。漸昇忉利及空居天。,《選佛譜》卷第二・四王天・L135,四王天
1022,第4门,欲界人天門,卷2,四王天,阿陀,阿,施善,陀,定善,行,兜率天,第4门,升,,「阿」表施善、「陀」表定善。福善所感，故渐升空居天，生兜率天。,手工逐组（门1–14 手写）,直說,阿阿等六。福善所感。漸昇忉利及空居天。,阿阿等六。福善所感。漸昇忉利及空居天。,《選佛譜》卷第二・四王天・L135,四王天
1023,第4门,欲界人天門,卷2,四王天,阿佛,阿,施善,佛,无漏善慧,行,在家五戒,第7门,升,,「阿」表施善、「佛」表无漏善慧。天乐迷醉、难入法门，故仅持在家五戒。,手工逐组（门1–14 手写）,直說,天樂迷醉。難入法門。故阿佛僅持五戒。,天樂迷醉。難入法門。故阿佛僅持五戒。彌佛僅能加受八關。,《選佛譜》卷第二・四王天・L135,四王天
1024,第4门,欲界人天門,卷2,四王天,彌彌,彌,戒善,彌,戒善,行,兜率天,第4门,升,,「彌彌」二字俱表戒善。福善所感，故渐升空居天，生兜率天。,手工逐组（门1–14 手写）,直說,阿阿等六。福善所感。漸昇忉利及空居天。,阿阿等六。福善所感。漸昇忉利及空居天。,《選佛譜》卷第二・四王天・L135,四王天
1025,第4门,欲界人天門,卷2,四王天,彌陀,彌,戒善,陀,定善,行,化樂天,第4门,升,,「彌」表戒善、「陀」表定善。福善所感，故渐升化乐天。,手工逐组（门1–14 手写）,直說,阿阿等六。福善所感。漸昇忉利及空居天。,阿阿等六。福善所感。漸昇忉利及空居天。,《選佛譜》卷第二・四王天・L135,四王天
1026,第4门,欲界人天門,卷2,四王天,彌佛,彌,戒善,佛,无漏善慧,行,八關齋戒,第7门,升,,「彌」表戒善、「佛」表无漏善慧。天乐迷醉、难入法门，故仅能加受八关斋戒。,手工逐组（门1–14 手写）,直說,彌佛僅能加受八關。,天樂迷醉。難入法門。故阿佛僅持五戒。彌佛僅能加受八關。,《選佛譜》卷第二・四王天・L135,四王天
1027,第4门,欲界人天門,卷2,四王天,陀陀,陀,定善,陀,定善,行,他化自在天,第4门,升,,「陀陀」二字俱表定善。福善所感，故渐升他化自在天。,手工逐组（门1–14 手写）,直說,阿阿等六。福善所感。漸昇忉利及空居天。,阿阿等六。福善所感。漸昇忉利及空居天。,《選佛譜》卷第二・四王天・L135,四王天
1028,第4门,欲界人天門,卷2,四王天,陀佛,陀,定善,佛,无漏善慧,行,護法八部,第6门,升,,「陀」表定善、「佛」表无漏善慧。竭力殚诚、护持正法，故为护法八部。,手工逐组（门1–14 手写）,直說,陀佛。則竭力殫誠。護持正法。,陀佛。則竭力殫誠。護持正法。,《選佛譜》卷第二・四王天・L135,四王天
1029,第4门,欲界人天門,卷2,四王天,佛佛,佛,无漏善慧,佛,无漏善慧,行,上品上生,第14门,横超,,「佛佛」二字俱表无漏善慧。上善具足、随佛往生，故得上品上生。,手工逐组（门1–14 手写）,直說,佛佛。則上善具足。隨佛往生。,佛佛。則上善具足。隨佛往生。,《選佛譜》卷第二・四王天・L135,四王天
1030,第4门,欲界人天門,卷2,忉利天,那那,那,见烦恼,那,见烦恼,行,人脩羅,第3门,降,,「那那」二字俱表见烦恼。降德贬坠，故为人修罗。,手工逐组（门1–14 手写）,直說,那那降德貶墜。故為人脩。,那那降德貶墜。故為人脩。,《選佛譜》卷第二・忉利天・L141,忉利天
1031,第4门,欲界人天門,卷2,忉利天,那謨,那,见烦恼,謨,爱烦恼,行,南贍部洲,第4门,降,,「那」表见烦恼、「謨」表爱烦恼。见爱所牵，还生人道，故生南赡部洲。,手工逐组（门1–14 手写）,直說,那謨見愛所牽。還生人道。,那謨見愛所牽。還生人道。,《選佛譜》卷第二・忉利天・L141,忉利天
1032,第4门,欲界人天門,卷2,忉利天,那阿,那,见烦恼,阿,施善,不行·安住本位,,,安住,,「那」表见烦恼、「阿」表施善。相为对治，二俱无力，故不行。,手工逐组（门1–14 手写）,通則,,其餘位中。以阿彌陀善。與那謨惡相為對治。二俱無力。所以並不行也。,《選佛譜》卷第一・見取・L57,見取
1033,第4门,欲界人天門,卷2,忉利天,那彌,那,见烦恼,彌,戒善,不行·安住本位,,,安住,,「那」表见烦恼、「彌」表戒善。相为对治，二俱无力，故不行。,手工逐组（门1–14 手写）,通則,,其餘位中。以阿彌陀善。與那謨惡相為對治。二俱無力。所以並不行也。,《選佛譜》卷第一・見取・L57,見取
1034,第4门,欲界人天門,卷2,忉利天,那陀,那,见烦恼,陀,定善,不行·安住本位,,,安住,,「那」表见烦恼、「陀」表定善。相为对治，二俱无力，故不行。,手工逐组（门1–14 手写）,通則,,其餘位中。以阿彌陀善。與那謨惡相為對治。二俱無力。所以並不行也。,《選佛譜》卷第一・見取・L57,見取
1035,第4门,欲界人天門,卷2,忉利天,那佛,那,见烦恼,佛,无漏善慧,行,梵輔天,第5门,升,,「那」表见烦恼、「佛」表无漏善慧。虽有见思而以觉悟力能超欲界，故生梵辅天。,手工逐组（门1–14 手写）,承注,,那佛。謨佛。雖有見思。以覺悟力。能超欲界。,《選佛譜》卷第二・四王天・L135,四王天
1036,第4门,欲界人天門,卷2,忉利天,謨謨,謨,爱烦恼,謨,爱烦恼,行,四王天,第4门,降,,「謨謨」二字俱表爱烦恼。享福渐退，故降为四王天。,手工逐组（门1–14 手写）,直說,謨謨享福漸退。故為四王。,謨謨享福漸退。故為四王。,《選佛譜》卷第二・忉利天・L141,忉利天
1037,第4门,欲界人天門,卷2,忉利天,謨阿,謨,爱烦恼,阿,施善,不行·安住本位,,,安住,,「謨」表爱烦恼、「阿」表施善。相为对治，二俱无力，故不行。,手工逐组（门1–14 手写）,通則,,其餘位中。以阿彌陀善。與那謨惡相為對治。二俱無力。所以並不行也。,《選佛譜》卷第一・見取・L57,見取
1038,第4门,欲界人天門,卷2,忉利天,謨彌,謨,爱烦恼,彌,戒善,不行·安住本位,,,安住,,「謨」表爱烦恼、「彌」表戒善。相为对治，二俱无力，故不行。,手工逐组（门1–14 手写）,通則,,其餘位中。以阿彌陀善。與那謨惡相為對治。二俱無力。所以並不行也。,《選佛譜》卷第一・見取・L57,見取
1039,第4门,欲界人天門,卷2,忉利天,謨陀,謨,爱烦恼,陀,定善,不行·安住本位,,,安住,,「謨」表爱烦恼、「陀」表定善。相为对治，二俱无力，故不行。,手工逐组（门1–14 手写）,通則,,其餘位中。以阿彌陀善。與那謨惡相為對治。二俱無力。所以並不行也。,《選佛譜》卷第一・見取・L57,見取
1040,第4门,欲界人天門,卷2,忉利天,謨佛,謨,爱烦恼,佛,无漏善慧,行,大梵天,第5门,升,,「謨」表爱烦恼、「佛」表无漏善慧。虽有见思而以觉悟力能超欲界，故生大梵天。,手工逐组（门1–14 手写）,承注,,那佛。謨佛。雖有見思。以覺悟力。能超欲界。,《選佛譜》卷第二・四王天・L135,四王天
1041,第4门,欲界人天門,卷2,忉利天,阿阿,阿,施善,阿,施善,行,夜摩天,第4门,升,,「阿阿」二字俱表施善。福善所感，故渐升夜摩天。,手工逐组（门1–14 手写）,承注,,阿阿等六。福善所感。漸昇忉利及空居天。,《選佛譜》卷第二・四王天・L135,四王天
1042,第4门,欲界人天門,卷2,忉利天,阿彌,阿,施善,彌,戒善,行,兜率天,第4门,升,,「阿」表施善、「彌」表戒善。福善所感，故渐升兜率天。,手工逐组（门1–14 手写）,承注,,阿阿等六。福善所感。漸昇忉利及空居天。,《選佛譜》卷第二・四王天・L135,四王天
1043,第4门,欲界人天門,卷2,忉利天,阿陀,阿,施善,陀,定善,行,化樂天,第4门,升,,「阿」表施善、「陀」表定善。福善所感，故渐升化乐天。,手工逐组（门1–14 手写）,承注,,阿阿等六。福善所感。漸昇忉利及空居天。,《選佛譜》卷第二・四王天・L135,四王天
1044,第4门,欲界人天門,卷2,忉利天,阿佛,阿,施善,佛,无漏善慧,行,在家五戒,第7门,升,,「阿」表施善、「佛」表无漏善慧。天乐迷醉、难入法门，故仅持在家五戒。,手工逐组（门1–14 手写）,承注,,天樂迷醉。難入法門。故阿佛僅持五戒。彌佛僅能加受八關。,《選佛譜》卷第二・四王天・L135,四王天
1045,第4门,欲界人天門,卷2,忉利天,彌彌,彌,戒善,彌,戒善,行,化樂天,第4门,升,,「彌彌」二字俱表戒善。福善所感，故渐升化乐天。,手工逐组（门1–14 手写）,承注,,阿阿等六。福善所感。漸昇忉利及空居天。,《選佛譜》卷第二・四王天・L135,四王天
1046,第4门,欲界人天門,卷2,忉利天,彌陀,彌,戒善,陀,定善,行,他化自在天,第4门,升,,「彌」表戒善、「陀」表定善。福善所感，故渐升他化自在天。,手工逐组（门1–14 手写）,承注,,阿阿等六。福善所感。漸昇忉利及空居天。,《選佛譜》卷第二・四王天・L135,四王天
1047,第4门,欲界人天門,卷2,忉利天,彌佛,彌,戒善,佛,无漏善慧,行,八關齋戒,第7门,升,,「彌」表戒善、「佛」表无漏善慧。天乐迷醉、难入法门，故仅能加受八关斋戒。,手工逐组（门1–14 手写）,承注,,天樂迷醉。難入法門。故阿佛僅持五戒。彌佛僅能加受八關。,《選佛譜》卷第二・四王天・L135,四王天
1048,第4门,欲界人天門,卷2,忉利天,陀陀,陀,定善,陀,定善,行,梵眾天,第5门,升,,「陀陀」二字俱表定善。定善能超欲界，故生梵众天。,手工逐组（门1–14 手写）,承注,,阿阿等六。福善所感。漸昇忉利及空居天。,《選佛譜》卷第二・四王天・L135,四王天
1049,第4门,欲界人天門,卷2,忉利天,陀佛,陀,定善,佛,无漏善慧,行,護法八部,第6门,升,,「陀」表定善、「佛」表无漏善慧。竭力殚诚、护持正法，故为护法八部。,手工逐组（门1–14 手写）,承注,,陀佛。則竭力殫誠。護持正法。,《選佛譜》卷第二・四王天・L135,四王天
1050,第4门,欲界人天門,卷2,忉利天,佛佛,佛,无漏善慧,佛,无漏善慧,行,上品上生,第14门,横超,,「佛佛」二字俱表无漏善慧。上善具足、随佛往生，故得上品上生。,手工逐组（门1–14 手写）,承注,,佛佛。則上善具足。隨佛往生。,《選佛譜》卷第二・四王天・L135,四王天
1051,第4门,欲界人天門,卷2,夜摩天,那那,那,见烦恼,那,见烦恼,行,南贍部洲,第4门,降,,「那那」二字俱表见烦恼。见思所牵，还生人道，故生南赡部洲。,手工逐组（门1–14 手写）,承注,,那那等三。見思所牽。還墮鬼趣脩羅人道。,《選佛譜》卷第二・四王天・L135,四王天
1052,第4门,欲界人天門,卷2,夜摩天,那謨,那,见烦恼,謨,爱烦恼,行,四王天,第4门,降,,「那」表见烦恼、「謨」表爱烦恼。见爱所牵，享福渐退，故降为四王天。,手工逐组（门1–14 手写）,承注,,那那等三。見思所牽。還墮鬼趣脩羅人道。,《選佛譜》卷第二・四王天・L135,四王天
1053,第4门,欲界人天門,卷2,夜摩天,那阿,那,见烦恼,阿,施善,不行·安住本位,,,安住,,「那」表见烦恼、「阿」表施善。相为对治，二俱无力，故不行。,手工逐组（门1–14 手写）,通則,,其餘位中。以阿彌陀善。與那謨惡相為對治。二俱無力。所以並不行也。,《選佛譜》卷第一・見取・L57,見取
1054,第4门,欲界人天門,卷2,夜摩天,那彌,那,见烦恼,彌,戒善,不行·安住本位,,,安住,,「那」表见烦恼、「彌」表戒善。相为对治，二俱无力，故不行。,手工逐组（门1–14 手写）,通則,,其餘位中。以阿彌陀善。與那謨惡相為對治。二俱無力。所以並不行也。,《選佛譜》卷第一・見取・L57,見取
1055,第4门,欲界人天門,卷2,夜摩天,那陀,那,见烦恼,陀,定善,不行·安住本位,,,安住,,「那」表见烦恼、「陀」表定善。相为对治，二俱无力，故不行。,手工逐组（门1–14 手写）,通則,,其餘位中。以阿彌陀善。與那謨惡相為對治。二俱無力。所以並不行也。,《選佛譜》卷第一・見取・L57,見取
1056,第4门,欲界人天門,卷2,夜摩天,那佛,那,见烦恼,佛,无漏善慧,行,大梵天,第5门,升,,「那」表见烦恼、「佛」表无漏善慧。虽有见思而以觉悟力能超欲界，故生大梵天。,手工逐组（门1–14 手写）,承注,,那佛。謨佛。雖有見思。以覺悟力。能超欲界。,《選佛譜》卷第二・四王天・L135,四王天
1057,第4门,欲界人天門,卷2,夜摩天,謨謨,謨,爱烦恼,謨,爱烦恼,行,忉利天,第4门,降,,「謨謨」二字俱表爱烦恼。享福渐退，故降为忉利天。,手工逐组（门1–14 手写）,承注,,那那等三。見思所牽。還墮鬼趣脩羅人道。,《選佛譜》卷第二・四王天・L135,四王天
1058,第4门,欲界人天門,卷2,夜摩天,謨阿,謨,爱烦恼,阿,施善,不行·安住本位,,,安住,,「謨」表爱烦恼、「阿」表施善。相为对治，二俱无力，故不行。,手工逐组（门1–14 手写）,通則,,其餘位中。以阿彌陀善。與那謨惡相為對治。二俱無力。所以並不行也。,《選佛譜》卷第一・見取・L57,見取
1059,第4门,欲界人天門,卷2,夜摩天,謨彌,謨,爱烦恼,彌,戒善,不行·安住本位,,,安住,,「謨」表爱烦恼、「彌」表戒善。相为对治，二俱无力，故不行。,手工逐组（门1–14 手写）,通則,,其餘位中。以阿彌陀善。與那謨惡相為對治。二俱無力。所以並不行也。,《選佛譜》卷第一・見取・L57,見取
1060,第4门,欲界人天門,卷2,夜摩天,謨陀,謨,爱烦恼,陀,定善,不行·安住本位,,,安住,,「謨」表爱烦恼、「陀」表定善。相为对治，二俱无力，故不行。,手工逐组（门1–14 手写）,通則,,其餘位中。以阿彌陀善。與那謨惡相為對治。二俱無力。所以並不行也。,《選佛譜》卷第一・見取・L57,見取
1061,第4门,欲界人天門,卷2,夜摩天,謨佛,謨,爱烦恼,佛,无漏善慧,行,少光天,第5门,升,,「謨」表爱烦恼、「佛」表无漏善慧。虽有见思而以觉悟力能超欲界，故生少光天。,手工逐组（门1–14 手写）,承注,,那佛。謨佛。雖有見思。以覺悟力。能超欲界。,《選佛譜》卷第二・四王天・L135,四王天
1062,第4门,欲界人天門,卷2,夜摩天,阿阿,阿,施善,阿,施善,行,兜率天,第4门,升,,「阿阿」二字俱表施善。福善所感，故渐升兜率天。,手工逐组（门1–14 手写）,承注,,阿阿等六。福善所感。漸昇忉利及空居天。,《選佛譜》卷第二・四王天・L135,四王天
1063,第4门,欲界人天門,卷2,夜摩天,阿彌,阿,施善,彌,戒善,行,化樂天,第4门,升,,「阿」表施善、「彌」表戒善。福善所感，故渐升化乐天。,手工逐组（门1–14 手写）,承注,,阿阿等六。福善所感。漸昇忉利及空居天。,《選佛譜》卷第二・四王天・L135,四王天
1064,第4门,欲界人天門,卷2,夜摩天,阿陀,阿,施善,陀,定善,行,他化自在天,第4门,升,,「阿」表施善、「陀」表定善。福善所感，故渐升他化自在天。,手工逐组（门1–14 手写）,承注,,阿阿等六。福善所感。漸昇忉利及空居天。,《選佛譜》卷第二・四王天・L135,四王天
1065,第4门,欲界人天門,卷2,夜摩天,阿佛,阿,施善,佛,无漏善慧,行,在家五戒,第7门,升,,「阿」表施善、「佛」表无漏善慧。天乐迷醉、难入法门，故仅持在家五戒。,手工逐组（门1–14 手写）,承注,,天樂迷醉。難入法門。故阿佛僅持五戒。彌佛僅能加受八關。,《選佛譜》卷第二・四王天・L135,四王天
1066,第4门,欲界人天門,卷2,夜摩天,彌彌,彌,戒善,彌,戒善,行,他化自在天,第4门,升,,「彌彌」二字俱表戒善。福善所感，故渐升他化自在天。,手工逐组（门1–14 手写）,承注,,阿阿等六。福善所感。漸昇忉利及空居天。,《選佛譜》卷第二・四王天・L135,四王天
1067,第4门,欲界人天門,卷2,夜摩天,彌陀,彌,戒善,陀,定善,行,梵眾天,第5门,升,,「彌」表戒善、「陀」表定善。净戒生定，能超欲界，故生梵众天。,手工逐组（门1–14 手写）,承注,,阿阿等六。福善所感。漸昇忉利及空居天。,《選佛譜》卷第二・四王天・L135,四王天
1068,第4门,欲界人天門,卷2,夜摩天,彌佛,彌,戒善,佛,无漏善慧,行,八關齋戒,第7门,升,,「彌」表戒善、「佛」表无漏善慧。天乐迷醉、难入法门，故仅能加受八关斋戒。,手工逐组（门1–14 手写）,承注,,天樂迷醉。難入法門。故阿佛僅持五戒。彌佛僅能加受八關。,《選佛譜》卷第二・四王天・L135,四王天
1069,第4门,欲界人天門,卷2,夜摩天,陀陀,陀,定善,陀,定善,行,梵輔天,第5门,升,,「陀陀」二字俱表定善。福善所感，定善又深，故生梵辅天。,手工逐组（门1–14 手写）,承注,,阿阿等六。福善所感。漸昇忉利及空居天。,《選佛譜》卷第二・四王天・L135,四王天
1070,第4门,欲界人天門,卷2,夜摩天,陀佛,陀,定善,佛,无漏善慧,行,護法八部,第6门,升,,「陀」表定善、「佛」表无漏善慧。竭力殚诚、护持正法，故为护法八部。,手工逐组（门1–14 手写）,承注,,陀佛。則竭力殫誠。護持正法。,《選佛譜》卷第二・四王天・L135,四王天
1071,第4门,欲界人天門,卷2,夜摩天,佛佛,佛,无漏善慧,佛,无漏善慧,行,上品上生,第14门,横超,,「佛佛」二字俱表无漏善慧。上善具足、随佛往生，故得上品上生。,手工逐组（门1–14 手写）,承注,,佛佛。則上善具足。隨佛往生。,《選佛譜》卷第二・四王天・L135,四王天
1072,第4门,欲界人天門,卷2,兜率天,那那,那,见烦恼,那,见烦恼,行,四王天,第4门,降,,「那那」二字俱表见烦恼。过失轻故，犹未即堕人鬼诸趣，故降为四王天。,手工逐组（门1–14 手写）,直說,過失輕故。雖那那等。猶未即墮人鬼諸趣。,過失輕故。雖那那等。猶未即墮人鬼諸趣。,《選佛譜》卷第二・兜率天・L149,兜率天
1073,第4门,欲界人天門,卷2,兜率天,那謨,那,见烦恼,謨,爱烦恼,行,忉利天,第4门,降,,「那」表见烦恼、「謨」表爱烦恼。过失轻故，犹未即堕人鬼诸趣，故降为忉利天。,手工逐组（门1–14 手写）,直說,過失輕故。雖那那等。猶未即墮人鬼諸趣。,過失輕故。雖那那等。猶未即墮人鬼諸趣。,《選佛譜》卷第二・兜率天・L149,兜率天
1074,第4门,欲界人天門,卷2,兜率天,那阿,那,见烦恼,阿,施善,不行·安住本位,,,安住,,「那」表见烦恼、「阿」表施善。相为对治，二俱无力，故不行。,手工逐组（门1–14 手写）,通則,,其餘位中。以阿彌陀善。與那謨惡相為對治。二俱無力。所以並不行也。,《選佛譜》卷第一・見取・L57,見取
1075,第4门,欲界人天門,卷2,兜率天,那彌,那,见烦恼,彌,戒善,不行·安住本位,,,安住,,「那」表见烦恼、「彌」表戒善。相为对治，二俱无力，故不行。,手工逐组（门1–14 手写）,通則,,其餘位中。以阿彌陀善。與那謨惡相為對治。二俱無力。所以並不行也。,《選佛譜》卷第一・見取・L57,見取
1076,第4门,欲界人天門,卷2,兜率天,那陀,那,见烦恼,陀,定善,不行·安住本位,,,安住,,「那」表见烦恼、「陀」表定善。相为对治，二俱无力，故不行。,手工逐组（门1–14 手写）,通則,,其餘位中。以阿彌陀善。與那謨惡相為對治。二俱無力。所以並不行也。,《選佛譜》卷第一・見取・L57,見取
1077,第4门,欲界人天門,卷2,兜率天,那佛,那,见烦恼,佛,无漏善慧,行,在家五戒,第7门,升,,「那」表见烦恼、「佛」表无漏善慧。近内院故，即秉在家五戒。,手工逐组（门1–14 手写）,直說,近內院故。那佛即秉五戒。,近內院故。那佛即秉五戒。謨佛即加八關。阿佛即能護法。彌佛即登大乘戒品。,《選佛譜》卷第二・兜率天・L149,兜率天
1078,第4门,欲界人天門,卷2,兜率天,謨謨,謨,爱烦恼,謨,爱烦恼,行,夜摩天,第4门,降,,「謨謨」二字俱表爱烦恼。过失轻故，犹未即堕人鬼诸趣，故降为夜摩天。,手工逐组（门1–14 手写）,直說,過失輕故。雖那那等。猶未即墮人鬼諸趣。,過失輕故。雖那那等。猶未即墮人鬼諸趣。,《選佛譜》卷第二・兜率天・L149,兜率天
1079,第4门,欲界人天門,卷2,兜率天,謨阿,謨,爱烦恼,阿,施善,不行·安住本位,,,安住,,「謨」表爱烦恼、「阿」表施善。相为对治，二俱无力，故不行。,手工逐组（门1–14 手写）,通則,,其餘位中。以阿彌陀善。與那謨惡相為對治。二俱無力。所以並不行也。,《選佛譜》卷第一・見取・L57,見取
1080,第4门,欲界人天門,卷2,兜率天,謨彌,謨,爱烦恼,彌,戒善,不行·安住本位,,,安住,,「謨」表爱烦恼、「彌」表戒善。相为对治，二俱无力，故不行。,手工逐组（门1–14 手写）,通則,,其餘位中。以阿彌陀善。與那謨惡相為對治。二俱無力。所以並不行也。,《選佛譜》卷第一・見取・L57,見取
1081,第4门,欲界人天門,卷2,兜率天,謨陀,謨,爱烦恼,陀,定善,不行·安住本位,,,安住,,「謨」表爱烦恼、「陀」表定善。相为对治，二俱无力，故不行。,手工逐组（门1–14 手写）,通則,,其餘位中。以阿彌陀善。與那謨惡相為對治。二俱無力。所以並不行也。,《選佛譜》卷第一・見取・L57,見取
1082,第4门,欲界人天門,卷2,兜率天,謨佛,謨,爱烦恼,佛,无漏善慧,行,八關齋戒,第7门,升,,「謨」表爱烦恼、「佛」表无漏善慧。近内院故，即加受八关斋戒。,手工逐组（门1–14 手写）,直說,謨佛即加八關。,近內院故。那佛即秉五戒。謨佛即加八關。阿佛即能護法。彌佛即登大乘戒品。,《選佛譜》卷第二・兜率天・L149,兜率天
1083,第4门,欲界人天門,卷2,兜率天,阿阿,阿,施善,阿,施善,行,化樂天,第4门,升,,「阿阿」二字俱表施善。福善所感，故渐升化乐天。,手工逐组（门1–14 手写）,承注,,阿阿等六。福善所感。漸昇忉利及空居天。,《選佛譜》卷第二・四王天・L135,四王天
1084,第4门,欲界人天門,卷2,兜率天,阿彌,阿,施善,彌,戒善,行,他化自在天,第4门,升,,「阿」表施善、「彌」表戒善。福善所感，故渐升他化自在天。,手工逐组（门1–14 手写）,承注,,阿阿等六。福善所感。漸昇忉利及空居天。,《選佛譜》卷第二・四王天・L135,四王天
1085,第4门,欲界人天門,卷2,兜率天,阿陀,阿,施善,陀,定善,行,梵眾天,第5门,升,,「阿」表施善、「陀」表定善。舍欲得禅，故生梵众天。,手工逐组（门1–14 手写）,承注,,阿阿等六。福善所感。漸昇忉利及空居天。,《選佛譜》卷第二・四王天・L135,四王天
1086,第4门,欲界人天門,卷2,兜率天,阿佛,阿,施善,佛,无漏善慧,行,護法八部,第6门,升,,「阿」表施善、「佛」表无漏善慧。近内院故，即能护法，为护法八部。,手工逐组（门1–14 手写）,直說,阿佛即能護法。,近內院故。那佛即秉五戒。謨佛即加八關。阿佛即能護法。彌佛即登大乘戒品。,《選佛譜》卷第二・兜率天・L149,兜率天
1087,第4门,欲界人天門,卷2,兜率天,彌彌,彌,戒善,彌,戒善,行,梵眾天,第5门,升,,「彌彌」二字俱表戒善。此天兼得细住，戒善能超欲界，故生梵众天。,手工逐组（门1–14 手写）,承注,,阿阿等六。福善所感。漸昇忉利及空居天。,《選佛譜》卷第二・四王天・L135,四王天
1088,第4门,欲界人天門,卷2,兜率天,彌陀,彌,戒善,陀,定善,行,梵輔天,第5门,升,,「彌」表戒善、「陀」表定善。净戒生定，故生梵辅天。,手工逐组（门1–14 手写）,承注,,阿阿等六。福善所感。漸昇忉利及空居天。,《選佛譜》卷第二・四王天・L135,四王天
1089,第4门,欲界人天門,卷2,兜率天,彌佛,彌,戒善,佛,无漏善慧,行,業清淨戒,第7门,升,,「彌」表戒善、「佛」表无漏善慧。即登大乘戒品，故入业清净戒。,手工逐组（门1–14 手写）,直說,彌佛即登大乘戒品。,近內院故。那佛即秉五戒。謨佛即加八關。阿佛即能護法。彌佛即登大乘戒品。,《選佛譜》卷第二・兜率天・L149,兜率天
1090,第4门,欲界人天門,卷2,兜率天,陀陀,陀,定善,陀,定善,行,大梵天,第5门,升,,「陀陀」二字俱表定善。福善所感，定善最深，故生大梵天。,手工逐组（门1–14 手写）,承注,,阿阿等六。福善所感。漸昇忉利及空居天。,《選佛譜》卷第二・四王天・L135,四王天
1091,第4门,欲界人天門,卷2,兜率天,陀佛,陀,定善,佛,无漏善慧,行,彌勒內院,第4门,升,,「陀」表定善、「佛」表无漏善慧。定慧力均，故能亲觐补处大士，入弥勒内院。,手工逐组（门1–14 手写）,直說,陀佛定慧力均。故能親覲補處大士。,陀佛定慧力均。故能親覲補處大士。,《選佛譜》卷第二・兜率天・L149,兜率天
1092,第4门,欲界人天門,卷2,兜率天,佛佛,佛,无漏善慧,佛,无漏善慧,行,上品上生,第14门,横超,,「佛佛」二字俱表无漏善慧。横超顿悟，故亦同得上品上生。,手工逐组（门1–14 手写）,直說,佛佛橫超頓悟。故亦同得上品上生。,佛佛橫超頓悟。故亦同得上品上生。,《選佛譜》卷第二・兜率天・L149,兜率天
1093,第4门,欲界人天門,卷2,蒙光天子,那那,那,见烦恼,那,见烦恼,不行·安住本位,,,安住,,「那那」二字俱表见烦恼。此中唯行佛乘善根，故不行。,手工逐组（门1–14 手写）,直說,故那那乃至謨佛皆不行。,此中唯行佛乘善根。故那那乃至謨佛皆不行。,《選佛譜》卷第二・蒙光天子・L153,蒙光天子
1094,第4门,欲界人天門,卷2,蒙光天子,那謨,那,见烦恼,謨,爱烦恼,不行·安住本位,,,安住,,「那」表见烦恼、「謨」表爱烦恼。此中唯行佛乘善根，故不行。,手工逐组（门1–14 手写）,直說,故那那乃至謨佛皆不行。,此中唯行佛乘善根。故那那乃至謨佛皆不行。,《選佛譜》卷第二・蒙光天子・L153,蒙光天子
1095,第4门,欲界人天門,卷2,蒙光天子,那阿,那,见烦恼,阿,施善,不行·安住本位,,,安住,,「那」表见烦恼、「阿」表施善。此中唯行佛乘善根，故不行。,手工逐组（门1–14 手写）,通則,故那那乃至謨佛皆不行。,其餘位中。以阿彌陀善。與那謨惡相為對治。二俱無力。所以並不行也。,《選佛譜》卷第一・見取・L57,見取
1096,第4门,欲界人天門,卷2,蒙光天子,那彌,那,见烦恼,彌,戒善,不行·安住本位,,,安住,,「那」表见烦恼、「彌」表戒善。此中唯行佛乘善根，故不行。,手工逐组（门1–14 手写）,通則,故那那乃至謨佛皆不行。,其餘位中。以阿彌陀善。與那謨惡相為對治。二俱無力。所以並不行也。,《選佛譜》卷第一・見取・L57,見取
1097,第4门,欲界人天門,卷2,蒙光天子,那陀,那,见烦恼,陀,定善,不行·安住本位,,,安住,,「那」表见烦恼、「陀」表定善。此中唯行佛乘善根，故不行。,手工逐组（门1–14 手写）,通則,故那那乃至謨佛皆不行。,其餘位中。以阿彌陀善。與那謨惡相為對治。二俱無力。所以並不行也。,《選佛譜》卷第一・見取・L57,見取
1098,第4门,欲界人天門,卷2,蒙光天子,那佛,那,见烦恼,佛,无漏善慧,不行·安住本位,,,安住,,「那」表见烦恼、「佛」表无漏善慧。此中唯行佛乘善根，故不行。,手工逐组（门1–14 手写）,直說,故那那乃至謨佛皆不行。,此中唯行佛乘善根。故那那乃至謨佛皆不行。,《選佛譜》卷第二・蒙光天子・L153,蒙光天子
1099,第4门,欲界人天門,卷2,蒙光天子,謨謨,謨,爱烦恼,謨,爱烦恼,不行·安住本位,,,安住,,「謨謨」二字俱表爱烦恼。此中唯行佛乘善根，故不行。,手工逐组（门1–14 手写）,直說,故那那乃至謨佛皆不行。,此中唯行佛乘善根。故那那乃至謨佛皆不行。,《選佛譜》卷第二・蒙光天子・L153,蒙光天子
1100,第4门,欲界人天門,卷2,蒙光天子,謨阿,謨,爱烦恼,阿,施善,不行·安住本位,,,安住,,「謨」表爱烦恼、「阿」表施善。此中唯行佛乘善根，故不行。,手工逐组（门1–14 手写）,通則,故那那乃至謨佛皆不行。,其餘位中。以阿彌陀善。與那謨惡相為對治。二俱無力。所以並不行也。,《選佛譜》卷第一・見取・L57,見取
1101,第4门,欲界人天門,卷2,蒙光天子,謨彌,謨,爱烦恼,彌,戒善,不行·安住本位,,,安住,,「謨」表爱烦恼、「彌」表戒善。此中唯行佛乘善根，故不行。,手工逐组（门1–14 手写）,通則,故那那乃至謨佛皆不行。,其餘位中。以阿彌陀善。與那謨惡相為對治。二俱無力。所以並不行也。,《選佛譜》卷第一・見取・L57,見取
1102,第4门,欲界人天門,卷2,蒙光天子,謨陀,謨,爱烦恼,陀,定善,不行·安住本位,,,安住,,「謨」表爱烦恼、「陀」表定善。此中唯行佛乘善根，故不行。,手工逐组（门1–14 手写）,通則,故那那乃至謨佛皆不行。,其餘位中。以阿彌陀善。與那謨惡相為對治。二俱無力。所以並不行也。,《選佛譜》卷第一・見取・L57,見取
1103,第4门,欲界人天門,卷2,蒙光天子,謨佛,謨,爱烦恼,佛,无漏善慧,不行·安住本位,,,安住,,「謨」表爱烦恼、「佛」表无漏善慧。此中唯行佛乘善根，故不行。,手工逐组（门1–14 手写）,直說,故那那乃至謨佛皆不行。,此中唯行佛乘善根。故那那乃至謨佛皆不行。,《選佛譜》卷第二・蒙光天子・L153,蒙光天子
1104,第4门,欲界人天門,卷2,蒙光天子,阿阿,阿,施善,阿,施善,不行·安住本位,,,安住,,「阿阿」二字俱表施善。此中唯行佛乘善根，故不行。,手工逐组（门1–14 手写）,直說,故那那乃至謨佛皆不行。,此中唯行佛乘善根。故那那乃至謨佛皆不行。,《選佛譜》卷第二・蒙光天子・L153,蒙光天子
1105,第4门,欲界人天門,卷2,蒙光天子,阿彌,阿,施善,彌,戒善,不行·安住本位,,,安住,,「阿」表施善、「彌」表戒善。此中唯行佛乘善根，故不行。,手工逐组（门1–14 手写）,直說,故那那乃至謨佛皆不行。,此中唯行佛乘善根。故那那乃至謨佛皆不行。,《選佛譜》卷第二・蒙光天子・L153,蒙光天子
1106,第4门,欲界人天門,卷2,蒙光天子,阿陀,阿,施善,陀,定善,不行·安住本位,,,安住,,「阿」表施善、「陀」表定善。此中唯行佛乘善根，故不行。,手工逐组（门1–14 手写）,直說,故那那乃至謨佛皆不行。,此中唯行佛乘善根。故那那乃至謨佛皆不行。,《選佛譜》卷第二・蒙光天子・L153,蒙光天子
1107,第4门,欲界人天門,卷2,蒙光天子,阿佛,阿,施善,佛,无漏善慧,贈掷·不移位,,,贈掷,贈一掷,「阿」表施善、「佛」表无漏善慧。表舍五欲、诣菩萨所，故赠一掷。,手工逐组（门1–14 手写）,直說,阿佛贈一者。表捨五欲。詣菩薩所故。,阿佛贈一者。表捨五欲。詣菩薩所故。,《選佛譜》卷第二・蒙光天子・L153,蒙光天子
1108,第4门,欲界人天門,卷2,蒙光天子,彌彌,彌,戒善,彌,戒善,不行·安住本位,,,安住,,「彌彌」二字俱表戒善。此中唯行佛乘善根，故不行。,手工逐组（门1–14 手写）,直說,故那那乃至謨佛皆不行。,此中唯行佛乘善根。故那那乃至謨佛皆不行。,《選佛譜》卷第二・蒙光天子・L153,蒙光天子
1109,第4门,欲界人天門,卷2,蒙光天子,彌陀,彌,戒善,陀,定善,不行·安住本位,,,安住,,「彌」表戒善、「陀」表定善。此中唯行佛乘善根，故不行。,手工逐组（门1–14 手写）,直說,故那那乃至謨佛皆不行。,此中唯行佛乘善根。故那那乃至謨佛皆不行。,《選佛譜》卷第二・蒙光天子・L153,蒙光天子
1110,第4门,欲界人天門,卷2,蒙光天子,彌佛,彌,戒善,佛,无漏善慧,贈掷·不移位,,,贈掷,贈二掷,「彌」表戒善、「佛」表无漏善慧。表净三业、悔除诸障，故赠二掷。,手工逐组（门1–14 手写）,直說,彌佛贈二者。表淨三業。悔除諸障故。,彌佛贈二者。表淨三業。悔除諸障故。,《選佛譜》卷第二・蒙光天子・L153,蒙光天子
1111,第4门,欲界人天門,卷2,蒙光天子,陀陀,陀,定善,陀,定善,不行·安住本位,,,安住,,「陀陀」二字俱表定善。此中唯行佛乘善根，故不行。,手工逐组（门1–14 手写）,直說,故那那乃至謨佛皆不行。,此中唯行佛乘善根。故那那乃至謨佛皆不行。,《選佛譜》卷第二・蒙光天子・L153,蒙光天子
1112,第4门,欲界人天門,卷2,蒙光天子,陀佛,陀,定善,佛,无漏善慧,行,十法雲地,第12门,升,,「陀」表定善、「佛」表无漏善慧。表兼别义，故入十法云地。,手工逐组（门1–14 手写）,直說,陀佛法雲地者。表兼別故。,陀佛法雲地者。表兼別故。,《選佛譜》卷第二・蒙光天子・L153,蒙光天子
1113,第4门,欲界人天門,卷2,蒙光天子,佛佛,佛,无漏善慧,佛,无漏善慧,行,圓十地位,第13门,升,,「佛佛」二字俱表无漏善慧。表极顿义，故入圆十地位。,手工逐组（门1–14 手写）,直說,佛佛圓十地者。表極頓故。,佛佛圓十地者。表極頓故。,《選佛譜》卷第二・蒙光天子・L153,蒙光天子
1114,第4门,欲界人天門,卷2,彌勒內院,那那,那,见烦恼,那,见烦恼,不行·安住本位,,,安住,,「那那」二字俱表见烦恼。修行十善、深习禅观方得上生，故不复行。,手工逐组（门1–14 手写）,直說,故那那等皆不復行。既見大士。隨根利鈍。必入別圓法門。,菩薩修行十善。深習禪觀。發心親近補處大士。乃得上生。故那那等皆不復行。,《選佛譜》卷第二・彌勒內院・L157,彌勒內院
1115,第4门,欲界人天門,卷2,彌勒內院,那謨,那,见烦恼,謨,爱烦恼,不行·安住本位,,,安住,,「那」表见烦恼、「謨」表爱烦恼。修行十善、深习禅观方得上生，故不复行。,手工逐组（门1–14 手写）,直說,故那那等皆不復行。既見大士。隨根利鈍。必入別圓法門。,菩薩修行十善。深習禪觀。發心親近補處大士。乃得上生。故那那等皆不復行。,《選佛譜》卷第二・彌勒內院・L157,彌勒內院
1116,第4门,欲界人天門,卷2,彌勒內院,那阿,那,见烦恼,阿,施善,不行·安住本位,,,安住,,「那」表见烦恼、「阿」表施善。修行十善、深习禅观方得上生，烦恼不复现起，故不行。,手工逐组（门1–14 手写）,通則,故那那等皆不復行。既見大士。隨根利鈍。必入別圓法門。,其餘位中。以阿彌陀善。與那謨惡相為對治。二俱無力。所以並不行也。,《選佛譜》卷第一・見取・L57,見取
1117,第4门,欲界人天門,卷2,彌勒內院,那彌,那,见烦恼,彌,戒善,不行·安住本位,,,安住,,「那」表见烦恼、「彌」表戒善。修行十善、深习禅观方得上生，烦恼不复现起，故不行。,手工逐组（门1–14 手写）,通則,故那那等皆不復行。既見大士。隨根利鈍。必入別圓法門。,其餘位中。以阿彌陀善。與那謨惡相為對治。二俱無力。所以並不行也。,《選佛譜》卷第一・見取・L57,見取
1118,第4门,欲界人天門,卷2,彌勒內院,那陀,那,见烦恼,陀,定善,不行·安住本位,,,安住,,「那」表见烦恼、「陀」表定善。修行十善、深习禅观方得上生，烦恼不复现起，故不行。,手工逐组（门1–14 手写）,通則,故那那等皆不復行。既見大士。隨根利鈍。必入別圓法門。,其餘位中。以阿彌陀善。與那謨惡相為對治。二俱無力。所以並不行也。,《選佛譜》卷第一・見取・L57,見取
1119,第4门,欲界人天門,卷2,彌勒內院,那佛,那,见烦恼,佛,无漏善慧,行,圓十信位,第13门,升,,「那」表见烦恼、「佛」表无漏善慧。已悟圆理而未破无明，故为圆十信位。,手工逐组（门1–14 手写）,直說,那佛。則已悟圓理。未破無明。故為圓信。,那佛。則已悟圓理。未破無明。故為圓信。,《選佛譜》卷第二・彌勒內院・L157,彌勒內院
1120,第4门,欲界人天門,卷2,彌勒內院,謨謨,謨,爱烦恼,謨,爱烦恼,不行·安住本位,,,安住,,「謨謨」二字俱表爱烦恼。修行十善、深习禅观方得上生，故不复行。,手工逐组（门1–14 手写）,直說,故那那等皆不復行。既見大士。隨根利鈍。必入別圓法門。,菩薩修行十善。深習禪觀。發心親近補處大士。乃得上生。故那那等皆不復行。,《選佛譜》卷第二・彌勒內院・L157,彌勒內院
1121,第4门,欲界人天門,卷2,彌勒內院,謨阿,謨,爱烦恼,阿,施善,不行·安住本位,,,安住,,「謨」表爱烦恼、「阿」表施善。修行十善、深习禅观方得上生，烦恼不复现起，故不行。,手工逐组（门1–14 手写）,通則,故那那等皆不復行。既見大士。隨根利鈍。必入別圓法門。,其餘位中。以阿彌陀善。與那謨惡相為對治。二俱無力。所以並不行也。,《選佛譜》卷第一・見取・L57,見取
1122,第4门,欲界人天門,卷2,彌勒內院,謨彌,謨,爱烦恼,彌,戒善,不行·安住本位,,,安住,,「謨」表爱烦恼、「彌」表戒善。修行十善、深习禅观方得上生，烦恼不复现起，故不行。,手工逐组（门1–14 手写）,通則,故那那等皆不復行。既見大士。隨根利鈍。必入別圓法門。,其餘位中。以阿彌陀善。與那謨惡相為對治。二俱無力。所以並不行也。,《選佛譜》卷第一・見取・L57,見取
1123,第4门,欲界人天門,卷2,彌勒內院,謨陀,謨,爱烦恼,陀,定善,不行·安住本位,,,安住,,「謨」表爱烦恼、「陀」表定善。修行十善、深习禅观方得上生，烦恼不复现起，故不行。,手工逐组（门1–14 手写）,通則,故那那等皆不復行。既見大士。隨根利鈍。必入別圓法門。,其餘位中。以阿彌陀善。與那謨惡相為對治。二俱無力。所以並不行也。,《選佛譜》卷第一・見取・L57,見取
1124,第4门,欲界人天門,卷2,彌勒內院,謨佛,謨,爱烦恼,佛,无漏善慧,行,初歡喜地,第12门,升,,「謨」表爱烦恼、「佛」表无漏善慧。已证中道而犹存细执，故为初欢喜地。,手工逐组（门1–14 手写）,直說,謨佛。則已證中道。猶存細執。故為初地。,謨佛。則已證中道。猶存細執。故為初地。,《選佛譜》卷第二・彌勒內院・L157,彌勒內院
1125,第4门,欲界人天門,卷2,彌勒內院,阿阿,阿,施善,阿,施善,行,七不退住,第12门,升,,「阿阿」二字俱表施善。既见大士，创舍凡心，故为七不退住。,手工逐组（门1–14 手写）,直說,但阿阿創捨凡心。故為七住。,但阿阿創捨凡心。故為七住。,《選佛譜》卷第二・彌勒內院・L157,彌勒內院
1126,第4门,欲界人天門,卷2,彌勒內院,阿彌,阿,施善,彌,戒善,行,十灌頂住,第12门,升,,「阿」表施善、「彌」表戒善。功力稍进，故为十灌顶住。,手工逐组（门1–14 手写）,直說,阿彌功力稍進。故為十住。,阿彌功力稍進。故為十住。,《選佛譜》卷第二・彌勒內院・L157,彌勒內院
1127,第4门,欲界人天門,卷2,彌勒內院,阿陀,阿,施善,陀,定善,行,初歡喜行,第12门,升,,「阿」表施善、「陀」表定善。功行略同，故为初欢喜行。,手工逐组（门1–14 手写）,直說,彌彌。阿陀。功行略同。故為初行。,彌彌。阿陀。功行略同。故為初行。,《選佛譜》卷第二・彌勒內院・L157,彌勒內院
1128,第4门,欲界人天門,卷2,彌勒內院,阿佛,阿,施善,佛,无漏善慧,行,圓十住位,第13门,升,,「阿」表施善、「佛」表无漏善慧。证悟无生法忍，故为圆十住位。,手工逐组（门1–14 手写）,直說,阿佛。則證悟無生法忍。故為圓住。,阿佛。則證悟無生法忍。故為圓住。,《選佛譜》卷第二・彌勒內院・L157,彌勒內院
1129,第4门,欲界人天門,卷2,彌勒內院,彌彌,彌,戒善,彌,戒善,行,初歡喜行,第12门,升,,「彌彌」二字俱表戒善。功行略同，故为初欢喜行。,手工逐组（门1–14 手写）,直說,彌彌。阿陀。功行略同。故為初行。,彌彌。阿陀。功行略同。故為初行。,《選佛譜》卷第二・彌勒內院・L157,彌勒內院
1130,第4门,欲界人天門,卷2,彌勒內院,彌陀,彌,戒善,陀,定善,行,十真實行,第12门,升,,「彌」表戒善、「陀」表定善。功行更进，故为十真实行。,手工逐组（门1–14 手写）,直說,彌陀。功行更進。故為十行。,彌陀。功行更進。故為十行。,《選佛譜》卷第二・彌勒內院・L157,彌勒內院
1131,第4门,欲界人天門,卷2,彌勒內院,彌佛,彌,戒善,佛,无漏善慧,行,圓十行位,第13门,升,,「彌」表戒善、「佛」表无漏善慧。遵修诸佛妙戒，故为圆十行位。,手工逐组（门1–14 手写）,直說,彌佛。則遵修諸佛妙戒。故為圓行。,彌佛。則遵修諸佛妙戒。故為圓行。,《選佛譜》卷第二・彌勒內院・L157,彌勒內院
1132,第4门,欲界人天門,卷2,彌勒內院,陀陀,陀,定善,陀,定善,行,十法界無量迴向,第12门,升,,「陀陀」二字俱表定善。有功用行已极，故为第十回向。,手工逐组（门1–14 手写）,直說,陀陀。則有功用行已極。故為第十迴向。,陀陀。則有功用行已極。故為第十囘向。,《選佛譜》卷第二・彌勒內院・L157,彌勒內院
1133,第4门,欲界人天門,卷2,彌勒內院,陀佛,陀,定善,佛,无漏善慧,行,等覺菩薩,第12门,升,,「陀」表定善、「佛」表无漏善慧。定慧平等，堪拟别教补处，故为等觉菩萨。,手工逐组（门1–14 手写）,直說,陀佛。則定慧平等。堪擬別教補處。,陀佛。則定慧平等。堪擬別教補處。,《選佛譜》卷第二・彌勒內院・L157,彌勒內院
1134,第4门,欲界人天門,卷2,彌勒內院,佛佛,佛,无漏善慧,佛,无漏善慧,行,圓等覺位,第13门,升,,「佛佛」二字俱表无漏善慧。纯是妙慧，堪拟圆教补处，故入圆等觉位。,手工逐组（门1–14 手写）,直說,佛佛。則純是妙慧。堪擬圓教補處也。,佛佛。則純是妙慧。堪擬圓教補處也。,《選佛譜》卷第二・彌勒內院・L157,彌勒內院
1135,第4门,欲界人天門,卷2,化樂天,那那,那,见烦恼,那,见烦恼,行,忉利天,第4门,降,,「那那」二字俱表见烦恼。见思所牵，享福渐退，故降为忉利天。,手工逐组（门1–14 手写）,承注,,那那等三。見思所牽。還墮鬼趣脩羅人道。,《選佛譜》卷第二・四王天・L135,四王天
1136,第4门,欲界人天門,卷2,化樂天,那謨,那,见烦恼,謨,爱烦恼,行,夜摩天,第4门,降,,「那」表见烦恼、「謨」表爱烦恼。见爱所牵，享福渐退，故降为夜摩天。,手工逐组（门1–14 手写）,承注,,那那等三。見思所牽。還墮鬼趣脩羅人道。,《選佛譜》卷第二・四王天・L135,四王天
1137,第4门,欲界人天門,卷2,化樂天,那阿,那,见烦恼,阿,施善,不行·安住本位,,,安住,,「那」表见烦恼、「阿」表施善。相为对治，二俱无力，故不行。,手工逐组（门1–14 手写）,通則,,其餘位中。以阿彌陀善。與那謨惡相為對治。二俱無力。所以並不行也。,《選佛譜》卷第一・見取・L57,見取
1138,第4门,欲界人天門,卷2,化樂天,那彌,那,见烦恼,彌,戒善,不行·安住本位,,,安住,,「那」表见烦恼、「彌」表戒善。相为对治，二俱无力，故不行。,手工逐组（门1–14 手写）,通則,,其餘位中。以阿彌陀善。與那謨惡相為對治。二俱無力。所以並不行也。,《選佛譜》卷第一・見取・L57,見取
1139,第4门,欲界人天門,卷2,化樂天,那陀,那,见烦恼,陀,定善,不行·安住本位,,,安住,,「那」表见烦恼、「陀」表定善。相为对治，二俱无力，故不行。,手工逐组（门1–14 手写）,通則,,其餘位中。以阿彌陀善。與那謨惡相為對治。二俱無力。所以並不行也。,《選佛譜》卷第一・見取・L57,見取
1140,第4门,欲界人天門,卷2,化樂天,那佛,那,见烦恼,佛,无漏善慧,行,無量光天,第5门,升,,「那」表见烦恼、「佛」表无漏善慧。虽有见思而以觉悟力能超欲界，故生无量光天。,手工逐组（门1–14 手写）,承注,,那佛。謨佛。雖有見思。以覺悟力。能超欲界。,《選佛譜》卷第二・四王天・L135,四王天
1141,第4门,欲界人天門,卷2,化樂天,謨謨,謨,爱烦恼,謨,爱烦恼,行,兜率天,第4门,降,,「謨謨」二字俱表爱烦恼。享福渐退，故降为兜率天。,手工逐组（门1–14 手写）,承注,,那那等三。見思所牽。還墮鬼趣脩羅人道。,《選佛譜》卷第二・四王天・L135,四王天
1142,第4门,欲界人天門,卷2,化樂天,謨阿,謨,爱烦恼,阿,施善,不行·安住本位,,,安住,,「謨」表爱烦恼、「阿」表施善。相为对治，二俱无力，故不行。,手工逐组（门1–14 手写）,通則,,其餘位中。以阿彌陀善。與那謨惡相為對治。二俱無力。所以並不行也。,《選佛譜》卷第一・見取・L57,見取
1143,第4门,欲界人天門,卷2,化樂天,謨彌,謨,爱烦恼,彌,戒善,不行·安住本位,,,安住,,「謨」表爱烦恼、「彌」表戒善。相为对治，二俱无力，故不行。,手工逐组（门1–14 手写）,通則,,其餘位中。以阿彌陀善。與那謨惡相為對治。二俱無力。所以並不行也。,《選佛譜》卷第一・見取・L57,見取
1144,第4门,欲界人天門,卷2,化樂天,謨陀,謨,爱烦恼,陀,定善,不行·安住本位,,,安住,,「謨」表爱烦恼、「陀」表定善。相为对治，二俱无力，故不行。,手工逐组（门1–14 手写）,通則,,其餘位中。以阿彌陀善。與那謨惡相為對治。二俱無力。所以並不行也。,《選佛譜》卷第一・見取・L57,見取
1145,第4门,欲界人天門,卷2,化樂天,謨佛,謨,爱烦恼,佛,无漏善慧,行,光音天,第5门,升,,「謨」表爱烦恼、「佛」表无漏善慧。虽有见思而以觉悟力能超欲界，故生光音天。,手工逐组（门1–14 手写）,承注,,那佛。謨佛。雖有見思。以覺悟力。能超欲界。,《選佛譜》卷第二・四王天・L135,四王天
1146,第4门,欲界人天門,卷2,化樂天,阿阿,阿,施善,阿,施善,行,他化自在天,第4门,升,,「阿阿」二字俱表施善。福善所感，故渐升他化自在天。,手工逐组（门1–14 手写）,承注,,阿阿等六。福善所感。漸昇忉利及空居天。,《選佛譜》卷第二・四王天・L135,四王天
1147,第4门,欲界人天門,卷2,化樂天,阿彌,阿,施善,彌,戒善,行,梵眾天,第5门,升,,「阿」表施善、「彌」表戒善。施福加以戒力，故生梵众天。,手工逐组（门1–14 手写）,承注,,阿阿等六。福善所感。漸昇忉利及空居天。,《選佛譜》卷第二・四王天・L135,四王天
1148,第4门,欲界人天門,卷2,化樂天,阿陀,阿,施善,陀,定善,行,梵輔天,第5门,升,,「阿」表施善、「陀」表定善。舍欲得禅，故生梵辅天。,手工逐组（门1–14 手写）,承注,,阿阿等六。福善所感。漸昇忉利及空居天。,《選佛譜》卷第二・四王天・L135,四王天
1149,第4门,欲界人天門,卷2,化樂天,阿佛,阿,施善,佛,无漏善慧,行,八關齋戒,第7门,升,,「阿」表施善、「佛」表无漏善慧。天乐迷醉、难入法门，故仅能加受八关斋戒。,手工逐组（门1–14 手写）,承注,,天樂迷醉。難入法門。故阿佛僅持五戒。彌佛僅能加受八關。,《選佛譜》卷第二・四王天・L135,四王天
1150,第4门,欲界人天門,卷2,化樂天,彌彌,彌,戒善,彌,戒善,行,梵輔天,第5门,升,,「彌彌」二字俱表戒善。福善所感，戒善又胜，故生梵辅天。,手工逐组（门1–14 手写）,承注,,阿阿等六。福善所感。漸昇忉利及空居天。,《選佛譜》卷第二・四王天・L135,四王天
1151,第4门,欲界人天門,卷2,化樂天,彌陀,彌,戒善,陀,定善,行,大梵天,第5门,升,,「彌」表戒善、「陀」表定善。净戒生定，故生大梵天。,手工逐组（门1–14 手写）,承注,,阿阿等六。福善所感。漸昇忉利及空居天。,《選佛譜》卷第二・四王天・L135,四王天
1152,第4门,欲界人天門,卷2,化樂天,彌佛,彌,戒善,佛,无漏善慧,行,護法八部,第6门,升,,「彌」表戒善、「佛」表无漏善慧。竭力殚诚、护持正法，故为护法八部。,手工逐组（门1–14 手写）,承注,,天樂迷醉。難入法門。故阿佛僅持五戒。彌佛僅能加受八關。,《選佛譜》卷第二・四王天・L135,四王天
1153,第4门,欲界人天門,卷2,化樂天,陀陀,陀,定善,陀,定善,行,少光天,第5门,升,,「陀陀」二字俱表定善。福善所感，定善最深，故生少光天。,手工逐组（门1–14 手写）,承注,,阿阿等六。福善所感。漸昇忉利及空居天。,《選佛譜》卷第二・四王天・L135,四王天
1154,第4门,欲界人天門,卷2,化樂天,陀佛,陀,定善,佛,无漏善慧,行,覺清淨戒,第7门,升,,「陀」表定善、「佛」表无漏善慧。先已成就欲界中定，今更证得大乘定共戒，故入觉清净戒。,手工逐组（门1–14 手写）,直說,陀佛覺清淨戒者。先已成就欲界中定。今更證得大乘定共戒故。,陀佛覺清淨戒者。先已成就欲界中定。今更證得大乘定共戒故。,《選佛譜》卷第二・化樂天・L161,化樂天
1155,第4门,欲界人天門,卷2,化樂天,佛佛,佛,无漏善慧,佛,无漏善慧,行,上品上生,第14门,横超,,「佛佛」二字俱表无漏善慧。上善具足、随佛往生，故得上品上生。,手工逐组（门1–14 手写）,承注,,佛佛。則上善具足。隨佛往生。,《選佛譜》卷第二・四王天・L135,四王天
1156,第4门,欲界人天門,卷2,他化自在天,那那,那,见烦恼,那,见烦恼,行,夜摩天,第4门,降,,「那那」二字俱表见烦恼。见思所牵，享福渐退，故降为夜摩天。,手工逐组（门1–14 手写）,承注,,那那等三。見思所牽。還墮鬼趣脩羅人道。,《選佛譜》卷第二・四王天・L135,四王天
1157,第4门,欲界人天門,卷2,他化自在天,那謨,那,见烦恼,謨,爱烦恼,行,兜率天,第4门,降,,「那」表见烦恼、「謨」表爱烦恼。见爱所牵，享福渐退，故降为兜率天。,手工逐组（门1–14 手写）,承注,,那那等三。見思所牽。還墮鬼趣脩羅人道。,《選佛譜》卷第二・四王天・L135,四王天
1158,第4门,欲界人天門,卷2,他化自在天,那阿,那,见烦恼,阿,施善,不行·安住本位,,,安住,,「那」表见烦恼、「阿」表施善。相为对治，二俱无力，故不行。,手工逐组（门1–14 手写）,通則,,其餘位中。以阿彌陀善。與那謨惡相為對治。二俱無力。所以並不行也。,《選佛譜》卷第一・見取・L57,見取
1159,第4门,欲界人天門,卷2,他化自在天,那彌,那,见烦恼,彌,戒善,不行·安住本位,,,安住,,「那」表见烦恼、「彌」表戒善。相为对治，二俱无力，故不行。,手工逐组（门1–14 手写）,通則,,其餘位中。以阿彌陀善。與那謨惡相為對治。二俱無力。所以並不行也。,《選佛譜》卷第一・見取・L57,見取
1160,第4门,欲界人天門,卷2,他化自在天,那陀,那,见烦恼,陀,定善,不行·安住本位,,,安住,,「那」表见烦恼、「陀」表定善。相为对治，二俱无力，故不行。,手工逐组（门1–14 手写）,通則,,其餘位中。以阿彌陀善。與那謨惡相為對治。二俱無力。所以並不行也。,《選佛譜》卷第一・見取・L57,見取
1161,第4门,欲界人天門,卷2,他化自在天,那佛,那,见烦恼,佛,无漏善慧,行,光音天,第5门,升,,「那」表见烦恼、「佛」表无漏善慧。虽有见思而以觉悟力能超欲界，故生光音天。,手工逐组（门1–14 手写）,承注,,那佛。謨佛。雖有見思。以覺悟力。能超欲界。,《選佛譜》卷第二・四王天・L135,四王天
1162,第4门,欲界人天門,卷2,他化自在天,謨謨,謨,爱烦恼,謨,爱烦恼,行,化樂天,第4门,降,,「謨謨」二字俱表爱烦恼。享福渐退，故降为化乐天。,手工逐组（门1–14 手写）,承注,,那那等三。見思所牽。還墮鬼趣脩羅人道。,《選佛譜》卷第二・四王天・L135,四王天
1163,第4门,欲界人天門,卷2,他化自在天,謨阿,謨,爱烦恼,阿,施善,不行·安住本位,,,安住,,「謨」表爱烦恼、「阿」表施善。相为对治，二俱无力，故不行。,手工逐组（门1–14 手写）,通則,,其餘位中。以阿彌陀善。與那謨惡相為對治。二俱無力。所以並不行也。,《選佛譜》卷第一・見取・L57,見取
1164,第4门,欲界人天門,卷2,他化自在天,謨彌,謨,爱烦恼,彌,戒善,不行·安住本位,,,安住,,「謨」表爱烦恼、「彌」表戒善。相为对治，二俱无力，故不行。,手工逐组（门1–14 手写）,通則,,其餘位中。以阿彌陀善。與那謨惡相為對治。二俱無力。所以並不行也。,《選佛譜》卷第一・見取・L57,見取
1165,第4门,欲界人天門,卷2,他化自在天,謨陀,謨,爱烦恼,陀,定善,不行·安住本位,,,安住,,「謨」表爱烦恼、「陀」表定善。相为对治，二俱无力，故不行。,手工逐组（门1–14 手写）,通則,,其餘位中。以阿彌陀善。與那謨惡相為對治。二俱無力。所以並不行也。,《選佛譜》卷第一・見取・L57,見取
1166,第4门,欲界人天門,卷2,他化自在天,謨佛,謨,爱烦恼,佛,无漏善慧,行,少淨天,第5门,升,,「謨」表爱烦恼、「佛」表无漏善慧。虽有见思而以觉悟力能超欲界，故生少净天。,手工逐组（门1–14 手写）,承注,,那佛。謨佛。雖有見思。以覺悟力。能超欲界。,《選佛譜》卷第二・四王天・L135,四王天
1167,第4门,欲界人天門,卷2,他化自在天,阿阿,阿,施善,阿,施善,行,梵眾天,第5门,升,,「阿阿」二字俱表施善。福善所感，故生梵众天。,手工逐组（门1–14 手写）,承注,,阿阿等六。福善所感。漸昇忉利及空居天。,《選佛譜》卷第二・四王天・L135,四王天
1168,第4门,欲界人天門,卷2,他化自在天,阿彌,阿,施善,彌,戒善,行,梵輔天,第5门,升,,「阿」表施善、「彌」表戒善。施福加以戒力，故生梵辅天。,手工逐组（门1–14 手写）,承注,,阿阿等六。福善所感。漸昇忉利及空居天。,《選佛譜》卷第二・四王天・L135,四王天
1169,第4门,欲界人天門,卷2,他化自在天,阿陀,阿,施善,陀,定善,行,大梵天,第5门,升,,「阿」表施善、「陀」表定善。舍欲得禅，故生大梵天。,手工逐组（门1–14 手写）,承注,,阿阿等六。福善所感。漸昇忉利及空居天。,《選佛譜》卷第二・四王天・L135,四王天
1170,第4门,欲界人天門,卷2,他化自在天,阿佛,阿,施善,佛,无漏善慧,行,八關齋戒,第7门,升,,「阿」表施善、「佛」表无漏善慧。天乐迷醉、难入法门，故仅能加受八关斋戒。,手工逐组（门1–14 手写）,承注,,天樂迷醉。難入法門。故阿佛僅持五戒。彌佛僅能加受八關。,《選佛譜》卷第二・四王天・L135,四王天
1171,第4门,欲界人天門,卷2,他化自在天,彌彌,彌,戒善,彌,戒善,行,大梵天,第5门,升,,「彌彌」二字俱表戒善。福善所感，戒善又胜，故生大梵天。,手工逐组（门1–14 手写）,承注,,阿阿等六。福善所感。漸昇忉利及空居天。,《選佛譜》卷第二・四王天・L135,四王天
1172,第4门,欲界人天門,卷2,他化自在天,彌陀,彌,戒善,陀,定善,行,少光天,第5门,升,,「彌」表戒善、「陀」表定善。净戒生定，故生少光天。,手工逐组（门1–14 手写）,承注,,阿阿等六。福善所感。漸昇忉利及空居天。,《選佛譜》卷第二・四王天・L135,四王天
1173,第4门,欲界人天門,卷2,他化自在天,彌佛,彌,戒善,佛,无漏善慧,行,護法八部,第6门,升,,「彌」表戒善、「佛」表无漏善慧。竭力殚诚、护持正法，故为护法八部。,手工逐组（门1–14 手写）,承注,,天樂迷醉。難入法門。故阿佛僅持五戒。彌佛僅能加受八關。,《選佛譜》卷第二・四王天・L135,四王天
1174,第4门,欲界人天門,卷2,他化自在天,陀陀,陀,定善,陀,定善,行,無量光天,第5门,升,,「陀陀」二字俱表定善。福善所感，定善最深，故生无量光天。,手工逐组（门1–14 手写）,承注,,阿阿等六。福善所感。漸昇忉利及空居天。,《選佛譜》卷第二・四王天・L135,四王天
1175,第4门,欲界人天門,卷2,他化自在天,陀佛,陀,定善,佛,无漏善慧,行,覺清淨戒,第7门,升,,「陀」表定善、「佛」表无漏善慧。先已成就未到地定，今更证得大乘定共戒，故入觉清净戒。,手工逐组（门1–14 手写）,承注,,陀佛。則竭力殫誠。護持正法。,《選佛譜》卷第二・四王天・L135,四王天
1176,第4门,欲界人天門,卷2,他化自在天,佛佛,佛,无漏善慧,佛,无漏善慧,行,上品上生,第14门,横超,,「佛佛」二字俱表无漏善慧。上善具足、随佛往生，故得上品上生。,手工逐组（门1–14 手写）,承注,,佛佛。則上善具足。隨佛往生。,《選佛譜》卷第二・四王天・L135,四王天
1177,第4门,欲界人天門,卷2,魔羅天,那那,那,见烦恼,那,见烦恼,行,無間地獄,第3门,降,,「那那」二字俱表见烦恼。既恋尘劳、必与出世净法为怨为障，故堕无间地狱。,手工逐组（门1–14 手写）,直說,故那那等三。必墮三塗。,既戀塵勞。必與出世淨法為怨為障。故那那等三。必墮三塗。,《選佛譜》卷第二・魔羅天・L169,魔羅天
1178,第4门,欲界人天門,卷2,魔羅天,那謨,那,见烦恼,謨,爱烦恼,行,中品畜生,第3门,降,,「那」表见烦恼、「謨」表爱烦恼。既恋尘劳、必与净法为障，故堕中品畜生。,手工逐组（门1–14 手写）,直說,故那那等三。必墮三塗。,既戀塵勞。必與出世淨法為怨為障。故那那等三。必墮三塗。,《選佛譜》卷第二・魔羅天・L169,魔羅天
1179,第4门,欲界人天門,卷2,魔羅天,那阿,那,见烦恼,阿,施善,不行·安住本位,,,安住,,「那」表见烦恼、「阿」表施善。相为对治，二俱无力，故不行。,手工逐组（门1–14 手写）,通則,,其餘位中。以阿彌陀善。與那謨惡相為對治。二俱無力。所以並不行也。,《選佛譜》卷第一・見取・L57,見取
1180,第4门,欲界人天門,卷2,魔羅天,那彌,那,见烦恼,彌,戒善,不行·安住本位,,,安住,,「那」表见烦恼、「彌」表戒善。相为对治，二俱无力，故不行。,手工逐组（门1–14 手写）,通則,,其餘位中。以阿彌陀善。與那謨惡相為對治。二俱無力。所以並不行也。,《選佛譜》卷第一・見取・L57,見取
1181,第4门,欲界人天門,卷2,魔羅天,那陀,那,见烦恼,陀,定善,不行·安住本位,,,安住,,「那」表见烦恼、「陀」表定善。相为对治，二俱无力，故不行。,手工逐组（门1–14 手写）,通則,,其餘位中。以阿彌陀善。與那謨惡相為對治。二俱無力。所以並不行也。,《選佛譜》卷第一・見取・L57,見取
1182,第4门,欲界人天門,卷2,魔羅天,那佛,那,见烦恼,佛,无漏善慧,行,西牛貨洲,第4门,降,,「那」表见烦恼、「佛」表无漏善慧。仗佛慈力不堕四趣，仅能生彼西洲，难得闻法。,手工逐组（门1–14 手写）,直說,那佛。謨佛。仗佛慈力。不墮四趣。僅能生彼西東兩洲。難得聞法。,那佛。謨佛。仗佛慈力。不墮四趣。僅能生彼西東兩洲。難得聞法。,《選佛譜》卷第二・魔羅天・L169,魔羅天
1183,第4门,欲界人天門,卷2,魔羅天,謨謨,謨,爱烦恼,謨,爱烦恼,行,少財鬼,第3门,降,,「謨謨」二字俱表爱烦恼。既恋尘劳、必与净法为障，故堕少财鬼。,手工逐组（门1–14 手写）,直說,故那那等三。必墮三塗。,既戀塵勞。必與出世淨法為怨為障。故那那等三。必墮三塗。,《選佛譜》卷第二・魔羅天・L169,魔羅天
1184,第4门,欲界人天門,卷2,魔羅天,謨阿,謨,爱烦恼,阿,施善,不行·安住本位,,,安住,,「謨」表爱烦恼、「阿」表施善。相为对治，二俱无力，故不行。,手工逐组（门1–14 手写）,通則,,其餘位中。以阿彌陀善。與那謨惡相為對治。二俱無力。所以並不行也。,《選佛譜》卷第一・見取・L57,見取
1185,第4门,欲界人天門,卷2,魔羅天,謨彌,謨,爱烦恼,彌,戒善,不行·安住本位,,,安住,,「謨」表爱烦恼、「彌」表戒善。相为对治，二俱无力，故不行。,手工逐组（门1–14 手写）,通則,,其餘位中。以阿彌陀善。與那謨惡相為對治。二俱無力。所以並不行也。,《選佛譜》卷第一・見取・L57,見取
1186,第4门,欲界人天門,卷2,魔羅天,謨陀,謨,爱烦恼,陀,定善,不行·安住本位,,,安住,,「謨」表爱烦恼、「陀」表定善。相为对治，二俱无力，故不行。,手工逐组（门1–14 手写）,通則,,其餘位中。以阿彌陀善。與那謨惡相為對治。二俱無力。所以並不行也。,《選佛譜》卷第一・見取・L57,見取
1187,第4门,欲界人天門,卷2,魔羅天,謨佛,謨,爱烦恼,佛,无漏善慧,行,東勝神洲,第4门,降,,「謨」表爱烦恼、「佛」表无漏善慧。仗佛慈力不堕四趣，仅能生彼东洲，难得闻法。,手工逐组（门1–14 手写）,直說,那佛。謨佛。仗佛慈力。不墮四趣。僅能生彼西東兩洲。難得聞法。,那佛。謨佛。仗佛慈力。不墮四趣。僅能生彼西東兩洲。難得聞法。,《選佛譜》卷第二・魔羅天・L169,魔羅天
1188,第4门,欲界人天門,卷2,魔羅天,阿阿,阿,施善,阿,施善,行,畜脩羅,第3门,降,,「阿阿」二字俱表施善。虽有福善，亦堕修罗，故成畜修罗。,手工逐组（门1–14 手写）,直說,阿阿等五。雖有福善。亦墮脩羅。,阿阿等五。雖有福善。亦墮脩羅。,《選佛譜》卷第二・魔羅天・L169,魔羅天
1189,第4门,欲界人天門,卷2,魔羅天,阿彌,阿,施善,彌,戒善,行,鬼脩羅,第3门,降,,「阿」表施善、「彌」表戒善。虽有福善，亦堕修罗，故成鬼修罗。,手工逐组（门1–14 手写）,直說,阿阿等五。雖有福善。亦墮脩羅。,阿阿等五。雖有福善。亦墮脩羅。,《選佛譜》卷第二・魔羅天・L169,魔羅天
1190,第4门,欲界人天門,卷2,魔羅天,阿陀,阿,施善,陀,定善,行,人脩羅,第3门,降,,「阿」表施善、「陀」表定善。虽有福善，亦堕修罗，故成人修罗。,手工逐组（门1–14 手写）,直說,阿阿等五。雖有福善。亦墮脩羅。,阿阿等五。雖有福善。亦墮脩羅。,《選佛譜》卷第二・魔羅天・L169,魔羅天
1191,第4门,欲界人天門,卷2,魔羅天,阿佛,阿,施善,佛,无漏善慧,行,大梵天,第5门,升,,「阿」表施善、「佛」表无漏善慧。舍离欲染，所以转身得为梵王，生大梵天。,手工逐组（门1–14 手写）,直說,阿佛。則捨離欲染。所以轉身得為梵王。,阿佛。則捨離欲染。所以轉身得為梵王。,《選佛譜》卷第二・魔羅天・L169,魔羅天
1192,第4门,欲界人天門,卷2,魔羅天,彌彌,彌,戒善,彌,戒善,行,人脩羅,第3门,降,,「彌彌」二字俱表戒善。虽有福善，亦堕修罗，故成人修罗。,手工逐组（门1–14 手写）,直說,阿阿等五。雖有福善。亦墮脩羅。,阿阿等五。雖有福善。亦墮脩羅。,《選佛譜》卷第二・魔羅天・L169,魔羅天
1193,第4门,欲界人天門,卷2,魔羅天,彌陀,彌,戒善,陀,定善,行,天脩羅,第3门,降,,「彌」表戒善、「陀」表定善。虽有福善，亦堕修罗，故成天修罗。,手工逐组（门1–14 手写）,直說,阿阿等五。雖有福善。亦墮脩羅。,阿阿等五。雖有福善。亦墮脩羅。,《選佛譜》卷第二・魔羅天・L169,魔羅天
1194,第4门,欲界人天門,卷2,魔羅天,彌佛,彌,戒善,佛,无漏善慧,行,八關齋戒,第7门,升,,「彌」表戒善、「佛」表无漏善慧。改过自新，所以现生受持八关斋戒。,手工逐组（门1–14 手写）,直說,彌佛。則改過自新。所以現生受持八戒。,彌佛。則改過自新。所以現生受持八戒。,《選佛譜》卷第二・魔羅天・L169,魔羅天
1195,第4门,欲界人天門,卷2,魔羅天,陀陀,陀,定善,陀,定善,行,十種仙,第4门,降,,「陀陀」二字俱表定善。虽借定力复得人身，而我爱习重，仍为十种仙。,手工逐组（门1–14 手写）,直說,陀陀。雖藉定力。復得人身。而我愛習重。仍為十仙。,陀陀。雖藉定力。復得人身。而我愛習重。仍為十仙。,《選佛譜》卷第二・魔羅天・L169,魔羅天
1196,第4门,欲界人天門,卷2,魔羅天,陀佛,陀,定善,佛,无漏善慧,行,護法八部,第6门,升,,「陀」表定善、「佛」表无漏善慧。专志护持佛法，从兹永离退缘，故为护法八部。,手工逐组（门1–14 手写）,直說,陀佛。則專志護持佛法。從茲永離退緣。,陀佛。則專志護持佛法。從茲永離退緣。,《選佛譜》卷第二・魔羅天・L169,魔羅天
1197,第4门,欲界人天門,卷2,魔羅天,佛佛,佛,无漏善慧,佛,无漏善慧,行,圓頓妙觀,第9门,升,,「佛佛」二字俱表无漏善慧。深观魔如佛如、一如无二如，故修圆顿妙观。,手工逐组（门1–14 手写）,直說,佛佛。則深觀魔如佛如。一如無二如也。,佛佛。則深觀魔如佛如。一如無二如也。,《選佛譜》卷第二・魔羅天・L169,魔羅天
1198,第5门,色無色天門,卷3,梵眾天,那那,那,见烦恼,那,见烦恼,行,南贍部洲,第4门,降,,「那那」二字俱表见烦恼。见思所牵，故退生欲界，还生南赡部洲。,手工逐组（门1–14 手写）,直說,那那等三。見思所牽。故退生欲界。,那那等三。見思所牽。故退生欲界。,《選佛譜》卷第三・梵眾天・L17,梵眾天
1199,第5门,色無色天門,卷3,梵眾天,那謨,那,见烦恼,謨,爱烦恼,行,四王天,第4门,降,,「那」表见烦恼、「謨」表爱烦恼。见思所牵，故退生欲界，降为四王天。,手工逐组（门1–14 手写）,直說,那那等三。見思所牽。故退生欲界。,那那等三。見思所牽。故退生欲界。,《選佛譜》卷第三・梵眾天・L17,梵眾天
1200,第5门,色無色天門,卷3,梵眾天,那阿,那,见烦恼,阿,施善,不行·安住本位,,,安住,,「那」表见烦恼、「阿」表施善。相为对治，二俱无力，故不行。,手工逐组（门1–14 手写）,通則,,其餘位中。以阿彌陀善。與那謨惡相為對治。二俱無力。所以並不行也。,《選佛譜》卷第一・見取・L57,見取
1201,第5门,色無色天門,卷3,梵眾天,那彌,那,见烦恼,彌,戒善,不行·安住本位,,,安住,,「那」表见烦恼、「彌」表戒善。相为对治，二俱无力，故不行。,手工逐组（门1–14 手写）,通則,,其餘位中。以阿彌陀善。與那謨惡相為對治。二俱無力。所以並不行也。,《選佛譜》卷第一・見取・L57,見取
1202,第5门,色無色天門,卷3,梵眾天,那陀,那,见烦恼,陀,定善,不行·安住本位,,,安住,,「那」表见烦恼、「陀」表定善。相为对治，二俱无力，故不行。,手工逐组（门1–14 手写）,通則,,其餘位中。以阿彌陀善。與那謨惡相為對治。二俱無力。所以並不行也。,《選佛譜》卷第一・見取・L57,見取
1203,第5门,色無色天門,卷3,梵眾天,那佛,那,见烦恼,佛,无漏善慧,行,少淨天,第5门,升,,「那」表见烦恼、「佛」表无漏善慧。虽杂烦恼而慧力较强，故亦从升进，生少净天。,手工逐组（门1–14 手写）,直說,那佛。謨佛。雖雜煩惱。而慧力較強。故亦從升進。,那佛。謨佛。雖雜煩惱。而慧力較強。故亦從升進。,《選佛譜》卷第三・梵眾天・L17,梵眾天
1204,第5门,色無色天門,卷3,梵眾天,謨謨,謨,爱烦恼,謨,爱烦恼,行,忉利天,第4门,降,,「謨謨」二字俱表爱烦恼。见思所牵，故退生欲界，降为忉利天。,手工逐组（门1–14 手写）,直說,那那等三。見思所牽。故退生欲界。,那那等三。見思所牽。故退生欲界。,《選佛譜》卷第三・梵眾天・L17,梵眾天
1205,第5门,色無色天門,卷3,梵眾天,謨阿,謨,爱烦恼,阿,施善,不行·安住本位,,,安住,,「謨」表爱烦恼、「阿」表施善。相为对治，二俱无力，故不行。,手工逐组（门1–14 手写）,通則,,其餘位中。以阿彌陀善。與那謨惡相為對治。二俱無力。所以並不行也。,《選佛譜》卷第一・見取・L57,見取
1206,第5门,色無色天門,卷3,梵眾天,謨彌,謨,爱烦恼,彌,戒善,不行·安住本位,,,安住,,「謨」表爱烦恼、「彌」表戒善。相为对治，二俱无力，故不行。,手工逐组（门1–14 手写）,通則,,其餘位中。以阿彌陀善。與那謨惡相為對治。二俱無力。所以並不行也。,《選佛譜》卷第一・見取・L57,見取
1207,第5门,色無色天門,卷3,梵眾天,謨陀,謨,爱烦恼,陀,定善,不行·安住本位,,,安住,,「謨」表爱烦恼、「陀」表定善。相为对治，二俱无力，故不行。,手工逐组（门1–14 手写）,通則,,其餘位中。以阿彌陀善。與那謨惡相為對治。二俱無力。所以並不行也。,《選佛譜》卷第一・見取・L57,見取
1208,第5门,色無色天門,卷3,梵眾天,謨佛,謨,爱烦恼,佛,无漏善慧,行,無量淨天,第5门,升,,「謨」表爱烦恼、「佛」表无漏善慧。虽杂烦恼而慧力较强，故亦从升进，生无量净天。,手工逐组（门1–14 手写）,直說,那佛。謨佛。雖雜煩惱。而慧力較強。故亦從升進。,那佛。謨佛。雖雜煩惱。而慧力較強。故亦從升進。,《選佛譜》卷第三・梵眾天・L17,梵眾天
1209,第5门,色無色天門,卷3,梵眾天,阿阿,阿,施善,阿,施善,行,梵輔天,第5门,升,,「阿阿」二字俱表施善。福善渐胜，故渐阶上天，生梵辅天。,手工逐组（门1–14 手写）,直說,阿阿等六。福善漸勝。故漸階上天。,阿阿等六。福善漸勝。故漸階上天。,《選佛譜》卷第三・梵眾天・L17,梵眾天
1210,第5门,色無色天門,卷3,梵眾天,阿彌,阿,施善,彌,戒善,行,大梵天,第5门,升,,「阿」表施善、「彌」表戒善。福善渐胜，故渐阶上天，生大梵天。,手工逐组（门1–14 手写）,直說,阿阿等六。福善漸勝。故漸階上天。,阿阿等六。福善漸勝。故漸階上天。,《選佛譜》卷第三・梵眾天・L17,梵眾天
1211,第5门,色無色天門,卷3,梵眾天,阿陀,阿,施善,陀,定善,行,少光天,第5门,升,,「阿」表施善、「陀」表定善。福善渐胜，故渐阶上天，生少光天。,手工逐组（门1–14 手写）,直說,阿阿等六。福善漸勝。故漸階上天。,阿阿等六。福善漸勝。故漸階上天。,《選佛譜》卷第三・梵眾天・L17,梵眾天
1212,第5门,色無色天門,卷3,梵眾天,阿佛,阿,施善,佛,无漏善慧,行,三果阿那含,第10门,升,,「阿」表施善、「佛」表无漏善慧。见生灭理，便得不还，成三果阿那含。,手工逐组（门1–14 手写）,直說,阿佛。則見生滅理。便得不還。,阿佛。則見生滅理。便得不還。,《選佛譜》卷第三・梵眾天・L17,梵眾天
1213,第5门,色無色天門,卷3,梵眾天,彌彌,彌,戒善,彌,戒善,行,少光天,第5门,升,,「彌彌」二字俱表戒善。福善渐胜，故渐阶上天，生少光天。,手工逐组（门1–14 手写）,直說,阿阿等六。福善漸勝。故漸階上天。,阿阿等六。福善漸勝。故漸階上天。,《選佛譜》卷第三・梵眾天・L17,梵眾天
1214,第5门,色無色天門,卷3,梵眾天,彌陀,彌,戒善,陀,定善,行,無量光天,第5门,升,,「彌」表戒善、「陀」表定善。福善渐胜，故渐阶上天，生无量光天。,手工逐组（门1–14 手写）,直說,阿阿等六。福善漸勝。故漸階上天。,阿阿等六。福善漸勝。故漸階上天。,《選佛譜》卷第三・梵眾天・L17,梵眾天
1215,第5门,色無色天門,卷3,梵眾天,彌佛,彌,戒善,佛,无漏善慧,行,六離欲地,第11门,升,,「彌」表戒善、「佛」表无漏善慧。悟无生门，故成六离欲地。,手工逐组（门1–14 手写）,直說,彌佛。則悟無生門。成離欲地。,彌佛。則悟無生門。成離欲地。,《選佛譜》卷第三・梵眾天・L17,梵眾天
1216,第5门,色無色天門,卷3,梵眾天,陀陀,陀,定善,陀,定善,行,光音天,第5门,升,,「陀陀」二字俱表定善。福善渐胜，故渐阶上天，生光音天。,手工逐组（门1–14 手写）,直說,阿阿等六。福善漸勝。故漸階上天。,阿阿等六。福善漸勝。故漸階上天。,《選佛譜》卷第三・梵眾天・L17,梵眾天
1217,第5门,色無色天門,卷3,梵眾天,陀佛,陀,定善,佛,无漏善慧,行,五方便具足住,第12门,升,,「陀」表定善、「佛」表无漏善慧。真谛先明，准位应同五方便具足住。,手工逐组（门1–14 手写）,直說,陀佛。則真諦先明准位應同五住。,陀佛。則真諦先明准位應同五住。,《選佛譜》卷第三・梵眾天・L17,梵眾天
1218,第5门,色無色天門,卷3,梵眾天,佛佛,佛,无漏善慧,佛,无漏善慧,行,上品上生,第14门,横超,,「佛佛」二字俱表无漏善慧。慈尊授手，刹那便悟佛乘，故得上品上生。,手工逐组（门1–14 手写）,直說,佛佛。則慈尊授手。剎那便悟佛乘。,佛佛。則慈尊授手。剎那便悟佛乘。,《選佛譜》卷第三・梵眾天・L17,梵眾天
1219,第5门,色無色天門,卷3,梵輔天,那那,那,见烦恼,那,见烦恼,行,南贍部洲,第4门,降,,「那那」二字俱表见烦恼。退则与梵众大同，见思所牵而退生欲界，还生南赡部洲。,手工逐组（门1–14 手写）,直說,退則與梵眾大同。進則較梵眾小勝。至於悟入法門。亦無異也。,蓋以在欲界中。既得初禪。數數修習。禪力漸深。故命終已。得為梵臣。……退則與梵眾大同。進則較梵眾小勝。至於悟入法門。亦無異也。,《選佛譜》卷第三・梵輔天・L21,梵輔天
1220,第5门,色無色天門,卷3,梵輔天,那謨,那,见烦恼,謨,爱烦恼,行,四王天,第4门,降,,「那」表见烦恼、「謨」表爱烦恼。退则与梵众大同，见思所牵而退生欲界，降为四王天。,手工逐组（门1–14 手写）,承注,退則與梵眾大同。進則較梵眾小勝。至於悟入法門。亦無異也。,那那等三。見思所牽。故退生欲界。,《選佛譜》卷第三・梵眾天・L17,梵眾天
1221,第5门,色無色天門,卷3,梵輔天,那阿,那,见烦恼,阿,施善,不行·安住本位,,,安住,,「那」表见烦恼、「阿」表施善。相为对治，二俱无力，故不行。,手工逐组（门1–14 手写）,通則,退則與梵眾大同。進則較梵眾小勝。至於悟入法門。亦無異也。,其餘位中。以阿彌陀善。與那謨惡相為對治。二俱無力。所以並不行也。,《選佛譜》卷第一・見取・L57,見取
1222,第5门,色無色天門,卷3,梵輔天,那彌,那,见烦恼,彌,戒善,不行·安住本位,,,安住,,「那」表见烦恼、「彌」表戒善。相为对治，二俱无力，故不行。,手工逐组（门1–14 手写）,通則,退則與梵眾大同。進則較梵眾小勝。至於悟入法門。亦無異也。,其餘位中。以阿彌陀善。與那謨惡相為對治。二俱無力。所以並不行也。,《選佛譜》卷第一・見取・L57,見取
1223,第5门,色無色天門,卷3,梵輔天,那陀,那,见烦恼,陀,定善,不行·安住本位,,,安住,,「那」表见烦恼、「陀」表定善。相为对治，二俱无力，故不行。,手工逐组（门1–14 手写）,通則,退則與梵眾大同。進則較梵眾小勝。至於悟入法門。亦無異也。,其餘位中。以阿彌陀善。與那謨惡相為對治。二俱無力。所以並不行也。,《選佛譜》卷第一・見取・L57,見取
1224,第5门,色無色天門,卷3,梵輔天,那佛,那,见烦恼,佛,无漏善慧,行,無量淨天,第5门,升,,「那」表见烦恼、「佛」表无漏善慧。虽杂烦恼而慧力较强，故亦从升进，生无量净天。,手工逐组（门1–14 手写）,承注,退則與梵眾大同。進則較梵眾小勝。至於悟入法門。亦無異也。,那佛。謨佛。雖雜煩惱。而慧力較強。故亦從升進。,《選佛譜》卷第三・梵眾天・L17,梵眾天
1225,第5门,色無色天門,卷3,梵輔天,謨謨,謨,爱烦恼,謨,爱烦恼,行,忉利天,第4门,降,,「謨謨」二字俱表爱烦恼。退则与梵众大同，见思所牵而退生欲界，降为忉利天。,手工逐组（门1–14 手写）,承注,退則與梵眾大同。進則較梵眾小勝。至於悟入法門。亦無異也。,那那等三。見思所牽。故退生欲界。,《選佛譜》卷第三・梵眾天・L17,梵眾天
1226,第5门,色無色天門,卷3,梵輔天,謨阿,謨,爱烦恼,阿,施善,不行·安住本位,,,安住,,「謨」表爱烦恼、「阿」表施善。相为对治，二俱无力，故不行。,手工逐组（门1–14 手写）,通則,退則與梵眾大同。進則較梵眾小勝。至於悟入法門。亦無異也。,其餘位中。以阿彌陀善。與那謨惡相為對治。二俱無力。所以並不行也。,《選佛譜》卷第一・見取・L57,見取
1227,第5门,色無色天門,卷3,梵輔天,謨彌,謨,爱烦恼,彌,戒善,不行·安住本位,,,安住,,「謨」表爱烦恼、「彌」表戒善。相为对治，二俱无力，故不行。,手工逐组（门1–14 手写）,通則,退則與梵眾大同。進則較梵眾小勝。至於悟入法門。亦無異也。,其餘位中。以阿彌陀善。與那謨惡相為對治。二俱無力。所以並不行也。,《選佛譜》卷第一・見取・L57,見取
1228,第5门,色無色天門,卷3,梵輔天,謨陀,謨,爱烦恼,陀,定善,不行·安住本位,,,安住,,「謨」表爱烦恼、「陀」表定善。相为对治，二俱无力，故不行。,手工逐组（门1–14 手写）,通則,退則與梵眾大同。進則較梵眾小勝。至於悟入法門。亦無異也。,其餘位中。以阿彌陀善。與那謨惡相為對治。二俱無力。所以並不行也。,《選佛譜》卷第一・見取・L57,見取
1229,第5门,色無色天門,卷3,梵輔天,謨佛,謨,爱烦恼,佛,无漏善慧,行,徧淨天,第5门,升,,「謨」表爱烦恼、「佛」表无漏善慧。虽杂烦恼而慧力较强，故亦从升进，生遍净天。,手工逐组（门1–14 手写）,承注,退則與梵眾大同。進則較梵眾小勝。至於悟入法門。亦無異也。,那佛。謨佛。雖雜煩惱。而慧力較強。故亦從升進。,《選佛譜》卷第三・梵眾天・L17,梵眾天
1230,第5门,色無色天門,卷3,梵輔天,阿阿,阿,施善,阿,施善,行,大梵天,第5门,升,,「阿阿」二字俱表施善。进则较梵众小胜，福善渐胜而生大梵天。,手工逐组（门1–14 手写）,承注,退則與梵眾大同。進則較梵眾小勝。至於悟入法門。亦無異也。,阿阿等六。福善漸勝。故漸階上天。,《選佛譜》卷第三・梵眾天・L17,梵眾天
1231,第5门,色無色天門,卷3,梵輔天,阿彌,阿,施善,彌,戒善,行,少光天,第5门,升,,「阿」表施善、「彌」表戒善。进则较梵众小胜，福善渐胜而生少光天。,手工逐组（门1–14 手写）,承注,退則與梵眾大同。進則較梵眾小勝。至於悟入法門。亦無異也。,阿阿等六。福善漸勝。故漸階上天。,《選佛譜》卷第三・梵眾天・L17,梵眾天
1232,第5门,色無色天門,卷3,梵輔天,阿陀,阿,施善,陀,定善,行,無量光天,第5门,升,,「阿」表施善、「陀」表定善。福善渐胜，故渐阶上天，生无量光天。,手工逐组（门1–14 手写）,承注,退則與梵眾大同。進則較梵眾小勝。至於悟入法門。亦無異也。,阿阿等六。福善漸勝。故漸階上天。,《選佛譜》卷第三・梵眾天・L17,梵眾天
1233,第5门,色無色天門,卷3,梵輔天,阿佛,阿,施善,佛,无漏善慧,行,三果阿那含,第10门,升,,「阿」表施善、「佛」表无漏善慧。悟入法门亦无异，见生灭理便得不还，成三果阿那含。,手工逐组（门1–14 手写）,承注,退則與梵眾大同。進則較梵眾小勝。至於悟入法門。亦無異也。,阿佛。則見生滅理。便得不還。,《選佛譜》卷第三・梵眾天・L17,梵眾天
1234,第5门,色無色天門,卷3,梵輔天,彌彌,彌,戒善,彌,戒善,行,無量光天,第5门,升,,「彌彌」二字俱表戒善。进则较梵众小胜，福善渐胜而生无量光天。,手工逐组（门1–14 手写）,承注,退則與梵眾大同。進則較梵眾小勝。至於悟入法門。亦無異也。,阿阿等六。福善漸勝。故漸階上天。,《選佛譜》卷第三・梵眾天・L17,梵眾天
1235,第5门,色無色天門,卷3,梵輔天,彌陀,彌,戒善,陀,定善,行,光音天,第5门,升,,「彌」表戒善、「陀」表定善。福善渐胜，故渐阶上天，生光音天。,手工逐组（门1–14 手写）,承注,退則與梵眾大同。進則較梵眾小勝。至於悟入法門。亦無異也。,阿阿等六。福善漸勝。故漸階上天。,《選佛譜》卷第三・梵眾天・L17,梵眾天
1236,第5门,色無色天門,卷3,梵輔天,彌佛,彌,戒善,佛,无漏善慧,行,六離欲地,第11门,升,,「彌」表戒善、「佛」表无漏善慧。悟无生门，故成六离欲地。,手工逐组（门1–14 手写）,承注,退則與梵眾大同。進則較梵眾小勝。至於悟入法門。亦無異也。,彌佛。則悟無生門。成離欲地。,《選佛譜》卷第三・梵眾天・L17,梵眾天
1237,第5门,色無色天門,卷3,梵輔天,陀陀,陀,定善,陀,定善,行,少淨天,第5门,升,,「陀陀」二字俱表定善。福善渐胜，故渐阶上天，生少净天。,手工逐组（门1–14 手写）,承注,退則與梵眾大同。進則較梵眾小勝。至於悟入法門。亦無異也。,阿阿等六。福善漸勝。故漸階上天。,《選佛譜》卷第三・梵眾天・L17,梵眾天
1238,第5门,色無色天門,卷3,梵輔天,陀佛,陀,定善,佛,无漏善慧,行,五方便具足住,第12门,升,,「陀」表定善、「佛」表无漏善慧。真谛先明，准位应同五方便具足住。,手工逐组（门1–14 手写）,承注,退則與梵眾大同。進則較梵眾小勝。至於悟入法門。亦無異也。,陀佛。則真諦先明准位應同五住。,《選佛譜》卷第三・梵眾天・L17,梵眾天
1239,第5门,色無色天門,卷3,梵輔天,佛佛,佛,无漏善慧,佛,无漏善慧,行,上品上生,第14门,横超,,「佛佛」二字俱表无漏善慧。慈尊授手，刹那便悟佛乘，故得上品上生。,手工逐组（门1–14 手写）,承注,退則與梵眾大同。進則較梵眾小勝。至於悟入法門。亦無異也。,佛佛。則慈尊授手。剎那便悟佛乘。,《選佛譜》卷第三・梵眾天・L17,梵眾天
1240,第5门,色無色天門,卷3,大梵天,那那,那,见烦恼,那,见烦恼,行,天脩羅,第3门,降,,「那那」二字俱表见烦恼。恒怀大慢，自谓是一切众生之父，故堕修罗，为天修罗。,手工逐组（门1–14 手写）,直說,由其恆懷大慢。自謂我是一切眾生之父。故那那等。便墮脩羅及人王類。,由其恆懷大慢。自謂我是一切眾生之父。故那那等。便墮脩羅及人王類。,《選佛譜》卷第三・大梵天・L25,大梵天
1241,第5门,色無色天門,卷3,大梵天,那謨,那,见烦恼,謨,爱烦恼,行,鐵輪王,第4门,降,,「那」表见烦恼、「謨」表爱烦恼。恒怀大慢，故堕人王之类，为铁轮王。,手工逐组（门1–14 手写）,直說,由其恆懷大慢。自謂我是一切眾生之父。故那那等。便墮脩羅及人王類。,由其恆懷大慢。自謂我是一切眾生之父。故那那等。便墮脩羅及人王類。,《選佛譜》卷第三・大梵天・L25,大梵天
1242,第5门,色無色天門,卷3,大梵天,那阿,那,见烦恼,阿,施善,不行·安住本位,,,安住,,「那」表见烦恼、「阿」表施善。相为对治，二俱无力，故不行。,手工逐组（门1–14 手写）,通則,餘如前說。,其餘位中。以阿彌陀善。與那謨惡相為對治。二俱無力。所以並不行也。,《選佛譜》卷第一・見取・L57,見取
1243,第5门,色無色天門,卷3,大梵天,那彌,那,见烦恼,彌,戒善,不行·安住本位,,,安住,,「那」表见烦恼、「彌」表戒善。相为对治，二俱无力，故不行。,手工逐组（门1–14 手写）,通則,餘如前說。,其餘位中。以阿彌陀善。與那謨惡相為對治。二俱無力。所以並不行也。,《選佛譜》卷第一・見取・L57,見取
1244,第5门,色無色天門,卷3,大梵天,那陀,那,见烦恼,陀,定善,不行·安住本位,,,安住,,「那」表见烦恼、「陀」表定善。相为对治，二俱无力，故不行。,手工逐组（门1–14 手写）,通則,餘如前說。,其餘位中。以阿彌陀善。與那謨惡相為對治。二俱無力。所以並不行也。,《選佛譜》卷第一・見取・L57,見取
1245,第5门,色無色天門,卷3,大梵天,那佛,那,见烦恼,佛,无漏善慧,行,請法梵王,第6门,升,,「那」表见烦恼、「佛」表无漏善慧。为世界主，凡遇佛出必先请转法轮，故为请法梵王。,手工逐组（门1–14 手写）,直說,由其為世界主。凡遇佛出。必先請轉法輪。故那佛。謨佛。皆為請法梵王。,由其為世界主。凡遇佛出。必先請轉法輪。故那佛。謨佛。皆為請法梵王。,《選佛譜》卷第三・大梵天・L25,大梵天
1246,第5门,色無色天門,卷3,大梵天,謨謨,謨,爱烦恼,謨,爱烦恼,行,金輪王,第4门,降,,「謨謨」二字俱表爱烦恼。恒怀大慢，故堕人王之类，为金轮王。,手工逐组（门1–14 手写）,直說,由其恆懷大慢。自謂我是一切眾生之父。故那那等。便墮脩羅及人王類。,由其恆懷大慢。自謂我是一切眾生之父。故那那等。便墮脩羅及人王類。,《選佛譜》卷第三・大梵天・L25,大梵天
1247,第5门,色無色天門,卷3,大梵天,謨阿,謨,爱烦恼,阿,施善,不行·安住本位,,,安住,,「謨」表爱烦恼、「阿」表施善。相为对治，二俱无力，故不行。,手工逐组（门1–14 手写）,通則,餘如前說。,其餘位中。以阿彌陀善。與那謨惡相為對治。二俱無力。所以並不行也。,《選佛譜》卷第一・見取・L57,見取
1248,第5门,色無色天門,卷3,大梵天,謨彌,謨,爱烦恼,彌,戒善,不行·安住本位,,,安住,,「謨」表爱烦恼、「彌」表戒善。相为对治，二俱无力，故不行。,手工逐组（门1–14 手写）,通則,餘如前說。,其餘位中。以阿彌陀善。與那謨惡相為對治。二俱無力。所以並不行也。,《選佛譜》卷第一・見取・L57,見取
1249,第5门,色無色天門,卷3,大梵天,謨陀,謨,爱烦恼,陀,定善,不行·安住本位,,,安住,,「謨」表爱烦恼、「陀」表定善。相为对治，二俱无力，故不行。,手工逐组（门1–14 手写）,通則,餘如前說。,其餘位中。以阿彌陀善。與那謨惡相為對治。二俱無力。所以並不行也。,《選佛譜》卷第一・見取・L57,見取
1250,第5门,色無色天門,卷3,大梵天,謨佛,謨,爱烦恼,佛,无漏善慧,行,請法梵王,第6门,升,,「謨」表爱烦恼、「佛」表无漏善慧。为世界主，凡遇佛出必先请转法轮，故为请法梵王。,手工逐组（门1–14 手写）,直說,由其為世界主。凡遇佛出。必先請轉法輪。故那佛。謨佛。皆為請法梵王。,由其為世界主。凡遇佛出。必先請轉法輪。故那佛。謨佛。皆為請法梵王。,《選佛譜》卷第三・大梵天・L25,大梵天
1251,第5门,色無色天門,卷3,大梵天,阿阿,阿,施善,阿,施善,行,少光天,第5门,升,,「阿阿」二字俱表施善。福善渐胜，故渐阶上天，生少光天。,手工逐组（门1–14 手写）,承注,餘如前說。,阿阿等六。福善漸勝。故漸階上天。,《選佛譜》卷第三・梵眾天・L17,梵眾天
1252,第5门,色無色天門,卷3,大梵天,阿彌,阿,施善,彌,戒善,行,無量光天,第5门,升,,「阿」表施善、「彌」表戒善。福善渐胜，故渐阶上天，生无量光天。,手工逐组（门1–14 手写）,承注,餘如前說。,阿阿等六。福善漸勝。故漸階上天。,《選佛譜》卷第三・梵眾天・L17,梵眾天
1253,第5门,色無色天門,卷3,大梵天,阿陀,阿,施善,陀,定善,行,光音天,第5门,升,,「阿」表施善、「陀」表定善。福善渐胜，故渐阶上天，生光音天。,手工逐组（门1–14 手写）,承注,餘如前說。,阿阿等六。福善漸勝。故漸階上天。,《選佛譜》卷第三・梵眾天・L17,梵眾天
1254,第5门,色無色天門,卷3,大梵天,阿佛,阿,施善,佛,无漏善慧,行,三果阿那含,第10门,升,,「阿」表施善、「佛」表无漏善慧。见生灭理，便得不还，成三果阿那含。,手工逐组（门1–14 手写）,承注,餘如前說。,阿佛。則見生滅理。便得不還。,《選佛譜》卷第三・梵眾天・L17,梵眾天
1255,第5门,色無色天門,卷3,大梵天,彌彌,彌,戒善,彌,戒善,行,光音天,第5门,升,,「彌彌」二字俱表戒善。福善渐胜，故渐阶上天，生光音天。,手工逐组（门1–14 手写）,承注,餘如前說。,阿阿等六。福善漸勝。故漸階上天。,《選佛譜》卷第三・梵眾天・L17,梵眾天
1256,第5门,色無色天門,卷3,大梵天,彌陀,彌,戒善,陀,定善,行,少淨天,第5门,升,,「彌」表戒善、「陀」表定善。福善渐胜，故渐阶上天，生少净天。,手工逐组（门1–14 手写）,承注,餘如前說。,阿阿等六。福善漸勝。故漸階上天。,《選佛譜》卷第三・梵眾天・L17,梵眾天
1257,第5门,色無色天門,卷3,大梵天,彌佛,彌,戒善,佛,无漏善慧,行,六離欲地,第11门,升,,「彌」表戒善、「佛」表无漏善慧。悟无生门，故成六离欲地。,手工逐组（门1–14 手写）,承注,餘如前說。,彌佛。則悟無生門。成離欲地。,《選佛譜》卷第三・梵眾天・L17,梵眾天
1258,第5门,色無色天門,卷3,大梵天,陀陀,陀,定善,陀,定善,行,無量淨天,第5门,升,,「陀陀」二字俱表定善。福善渐胜，故渐阶上天，生无量净天。,手工逐组（门1–14 手写）,承注,餘如前說。,阿阿等六。福善漸勝。故漸階上天。,《選佛譜》卷第三・梵眾天・L17,梵眾天
1259,第5门,色無色天門,卷3,大梵天,陀佛,陀,定善,佛,无漏善慧,行,五方便具足住,第12门,升,,「陀」表定善、「佛」表无漏善慧。真谛先明，准位应同五方便具足住。,手工逐组（门1–14 手写）,承注,餘如前說。,陀佛。則真諦先明准位應同五住。,《選佛譜》卷第三・梵眾天・L17,梵眾天
1260,第5门,色無色天門,卷3,大梵天,佛佛,佛,无漏善慧,佛,无漏善慧,行,上品上生,第14门,横超,,「佛佛」二字俱表无漏善慧。慈尊授手，刹那便悟佛乘，故得上品上生。,手工逐组（门1–14 手写）,承注,餘如前說。,佛佛。則慈尊授手。剎那便悟佛乘。,《選佛譜》卷第三・梵眾天・L17,梵眾天
1261,第5门,色無色天門,卷3,少光天,那那,那,见烦恼,那,见烦恼,行,南贍部洲,第4门,降,,「那那」二字俱表见烦恼。见思所牵，还生欲界，故生南赡部洲。,手工逐组（门1–14 手写）,直說,那那等二。見思所牽。還生欲界。,那那等二。見思所牽。還生欲界。,《選佛譜》卷第三・少光天・L29,少光天
1262,第5门,色無色天門,卷3,少光天,那謨,那,见烦恼,謨,爱烦恼,行,忉利天,第4门,降,,「那」表见烦恼、「謨」表爱烦恼。见思所牵，还生欲界，故降为忉利天。,手工逐组（门1–14 手写）,直說,那那等二。見思所牽。還生欲界。,那那等二。見思所牽。還生欲界。,《選佛譜》卷第三・少光天・L29,少光天
1263,第5门,色無色天門,卷3,少光天,那阿,那,见烦恼,阿,施善,不行·安住本位,,,安住,,「那」表见烦恼、「阿」表施善。相为对治，二俱无力，故不行。,手工逐组（门1–14 手写）,通則,餘如前。可例知。,其餘位中。以阿彌陀善。與那謨惡相為對治。二俱無力。所以並不行也。,《選佛譜》卷第一・見取・L57,見取
1264,第5门,色無色天門,卷3,少光天,那彌,那,见烦恼,彌,戒善,不行·安住本位,,,安住,,「那」表见烦恼、「彌」表戒善。相为对治，二俱无力，故不行。,手工逐组（门1–14 手写）,通則,餘如前。可例知。,其餘位中。以阿彌陀善。與那謨惡相為對治。二俱無力。所以並不行也。,《選佛譜》卷第一・見取・L57,見取
1265,第5门,色無色天門,卷3,少光天,那陀,那,见烦恼,陀,定善,不行·安住本位,,,安住,,「那」表见烦恼、「陀」表定善。相为对治，二俱无力，故不行。,手工逐组（门1–14 手写）,通則,餘如前。可例知。,其餘位中。以阿彌陀善。與那謨惡相為對治。二俱無力。所以並不行也。,《選佛譜》卷第一・見取・L57,見取
1266,第5门,色無色天門,卷3,少光天,那佛,那,见烦恼,佛,无漏善慧,行,福生天,第5门,升,,「那」表见烦恼、「佛」表无漏善慧。虽杂烦恼而慧力较强，故亦从升进，生福生天。,手工逐组（门1–14 手写）,承注,餘如前。可例知。,那佛。謨佛。雖雜煩惱。而慧力較強。故亦從升進。,《選佛譜》卷第三・梵眾天・L17,梵眾天
1267,第5门,色無色天門,卷3,少光天,謨謨,謨,爱烦恼,謨,爱烦恼,行,梵眾天,第5门,降,,「謨謨」二字俱表爱烦恼。染着禅味，故退生初禅，降为梵众天。,手工逐组（门1–14 手写）,直說,謨謨。染著禪味。退生初禪。,謨謨。染著禪味。退生初禪。,《選佛譜》卷第三・少光天・L29,少光天
1268,第5门,色無色天門,卷3,少光天,謨阿,謨,爱烦恼,阿,施善,不行·安住本位,,,安住,,「謨」表爱烦恼、「阿」表施善。相为对治，二俱无力，故不行。,手工逐组（门1–14 手写）,通則,餘如前。可例知。,其餘位中。以阿彌陀善。與那謨惡相為對治。二俱無力。所以並不行也。,《選佛譜》卷第一・見取・L57,見取
1269,第5门,色無色天門,卷3,少光天,謨彌,謨,爱烦恼,彌,戒善,不行·安住本位,,,安住,,「謨」表爱烦恼、「彌」表戒善。相为对治，二俱无力，故不行。,手工逐组（门1–14 手写）,通則,餘如前。可例知。,其餘位中。以阿彌陀善。與那謨惡相為對治。二俱無力。所以並不行也。,《選佛譜》卷第一・見取・L57,見取
1270,第5门,色無色天門,卷3,少光天,謨陀,謨,爱烦恼,陀,定善,不行·安住本位,,,安住,,「謨」表爱烦恼、「陀」表定善。相为对治，二俱无力，故不行。,手工逐组（门1–14 手写）,通則,餘如前。可例知。,其餘位中。以阿彌陀善。與那謨惡相為對治。二俱無力。所以並不行也。,《選佛譜》卷第一・見取・L57,見取
1271,第5门,色無色天門,卷3,少光天,謨佛,謨,爱烦恼,佛,无漏善慧,行,福愛天,第5门,升,,「謨」表爱烦恼、「佛」表无漏善慧。虽杂烦恼而慧力较强，故亦从升进，生福爱天。,手工逐组（门1–14 手写）,承注,餘如前。可例知。,那佛。謨佛。雖雜煩惱。而慧力較強。故亦從升進。,《選佛譜》卷第三・梵眾天・L17,梵眾天
1272,第5门,色無色天門,卷3,少光天,阿阿,阿,施善,阿,施善,行,無量光天,第5门,升,,「阿阿」二字俱表施善。福善渐胜，故渐阶上天，生无量光天。,手工逐组（门1–14 手写）,承注,餘如前。可例知。,阿阿等六。福善漸勝。故漸階上天。,《選佛譜》卷第三・梵眾天・L17,梵眾天
1273,第5门,色無色天門,卷3,少光天,阿彌,阿,施善,彌,戒善,行,光音天,第5门,升,,「阿」表施善、「彌」表戒善。福善渐胜，故渐阶上天，生光音天。,手工逐组（门1–14 手写）,承注,餘如前。可例知。,阿阿等六。福善漸勝。故漸階上天。,《選佛譜》卷第三・梵眾天・L17,梵眾天
1274,第5门,色無色天門,卷3,少光天,阿陀,阿,施善,陀,定善,行,少淨天,第5门,升,,「阿」表施善、「陀」表定善。福善渐胜，故渐阶上天，生少净天。,手工逐组（门1–14 手写）,承注,餘如前。可例知。,阿阿等六。福善漸勝。故漸階上天。,《選佛譜》卷第三・梵眾天・L17,梵眾天
1275,第5门,色無色天門,卷3,少光天,阿佛,阿,施善,佛,无漏善慧,行,三果阿那含,第10门,升,,「阿」表施善、「佛」表无漏善慧。见生灭理，便得不还，成三果阿那含。,手工逐组（门1–14 手写）,承注,餘如前。可例知。,阿佛。則見生滅理。便得不還。,《選佛譜》卷第三・梵眾天・L17,梵眾天
1276,第5门,色無色天門,卷3,少光天,彌彌,彌,戒善,彌,戒善,行,少淨天,第5门,升,,「彌彌」二字俱表戒善。福善渐胜，故渐阶上天，生少净天。,手工逐组（门1–14 手写）,承注,餘如前。可例知。,阿阿等六。福善漸勝。故漸階上天。,《選佛譜》卷第三・梵眾天・L17,梵眾天
1277,第5门,色無色天門,卷3,少光天,彌陀,彌,戒善,陀,定善,行,無量淨天,第5门,升,,「彌」表戒善、「陀」表定善。福善渐胜，故渐阶上天，生无量净天。,手工逐组（门1–14 手写）,承注,餘如前。可例知。,阿阿等六。福善漸勝。故漸階上天。,《選佛譜》卷第三・梵眾天・L17,梵眾天
1278,第5门,色無色天門,卷3,少光天,彌佛,彌,戒善,佛,无漏善慧,行,六離欲地,第11门,升,,「彌」表戒善、「佛」表无漏善慧。悟无生门，故成六离欲地。,手工逐组（门1–14 手写）,承注,餘如前。可例知。,彌佛。則悟無生門。成離欲地。,《選佛譜》卷第三・梵眾天・L17,梵眾天
1279,第5门,色無色天門,卷3,少光天,陀陀,陀,定善,陀,定善,行,徧淨天,第5门,升,,「陀陀」二字俱表定善。福善渐胜，故渐阶上天，生遍净天。,手工逐组（门1–14 手写）,承注,餘如前。可例知。,阿阿等六。福善漸勝。故漸階上天。,《選佛譜》卷第三・梵眾天・L17,梵眾天
1280,第5门,色無色天門,卷3,少光天,陀佛,陀,定善,佛,无漏善慧,行,五方便具足住,第12门,升,,「陀」表定善、「佛」表无漏善慧。真谛先明，准位应同五方便具足住。,手工逐组（门1–14 手写）,承注,餘如前。可例知。,陀佛。則真諦先明准位應同五住。,《選佛譜》卷第三・梵眾天・L17,梵眾天
1281,第5门,色無色天門,卷3,少光天,佛佛,佛,无漏善慧,佛,无漏善慧,行,上品上生,第14门,横超,,「佛佛」二字俱表无漏善慧。慈尊授手，刹那便悟佛乘，故得上品上生。,手工逐组（门1–14 手写）,承注,餘如前。可例知。,佛佛。則慈尊授手。剎那便悟佛乘。,《選佛譜》卷第三・梵眾天・L17,梵眾天
1282,第5门,色無色天門,卷3,無量光天,那那,那,见烦恼,那,见烦恼,行,南贍部洲,第4门,降,,「那那」二字俱表见烦恼。见思所牵，还生欲界，故生南赡部洲。,手工逐组（门1–14 手写）,承注,餘如前說。,那那等三。見思所牽。故退生欲界。,《選佛譜》卷第三・梵眾天・L17,梵眾天
1283,第5门,色無色天門,卷3,無量光天,那謨,那,见烦恼,謨,爱烦恼,行,忉利天,第4门,降,,「那」表见烦恼、「謨」表爱烦恼。见思所牵，还生欲界，故降为忉利天。,手工逐组（门1–14 手写）,承注,餘如前說。,那那等三。見思所牽。故退生欲界。,《選佛譜》卷第三・梵眾天・L17,梵眾天
1284,第5门,色無色天門,卷3,無量光天,那阿,那,见烦恼,阿,施善,不行·安住本位,,,安住,,「那」表见烦恼、「阿」表施善。相为对治，二俱无力，故不行。,手工逐组（门1–14 手写）,通則,餘如前說。,其餘位中。以阿彌陀善。與那謨惡相為對治。二俱無力。所以並不行也。,《選佛譜》卷第一・見取・L57,見取
1285,第5门,色無色天門,卷3,無量光天,那彌,那,见烦恼,彌,戒善,不行·安住本位,,,安住,,「那」表见烦恼、「彌」表戒善。相为对治，二俱无力，故不行。,手工逐组（门1–14 手写）,通則,餘如前說。,其餘位中。以阿彌陀善。與那謨惡相為對治。二俱無力。所以並不行也。,《選佛譜》卷第一・見取・L57,見取
1286,第5门,色無色天門,卷3,無量光天,那陀,那,见烦恼,陀,定善,不行·安住本位,,,安住,,「那」表见烦恼、「陀」表定善。相为对治，二俱无力，故不行。,手工逐组（门1–14 手写）,通則,餘如前說。,其餘位中。以阿彌陀善。與那謨惡相為對治。二俱無力。所以並不行也。,《選佛譜》卷第一・見取・L57,見取
1287,第5门,色無色天門,卷3,無量光天,那佛,那,见烦恼,佛,无漏善慧,行,福愛天,第5门,升,,「那」表见烦恼、「佛」表无漏善慧。虽杂烦恼而慧力较强，故亦从升进，生福爱天。,手工逐组（门1–14 手写）,承注,餘如前說。,那佛。謨佛。雖雜煩惱。而慧力較強。故亦從升進。,《選佛譜》卷第三・梵眾天・L17,梵眾天
1288,第5门,色無色天門,卷3,無量光天,謨謨,謨,爱烦恼,謨,爱烦恼,行,梵輔天,第5门,降,,「謨謨」二字俱表爱烦恼。染着禅味，故退生初禅，降为梵辅天。,手工逐组（门1–14 手写）,承注,餘如前說。,那那等三。見思所牽。故退生欲界。,《選佛譜》卷第三・梵眾天・L17,梵眾天
1289,第5门,色無色天門,卷3,無量光天,謨阿,謨,爱烦恼,阿,施善,不行·安住本位,,,安住,,「謨」表爱烦恼、「阿」表施善。相为对治，二俱无力，故不行。,手工逐组（门1–14 手写）,通則,餘如前說。,其餘位中。以阿彌陀善。與那謨惡相為對治。二俱無力。所以並不行也。,《選佛譜》卷第一・見取・L57,見取
1290,第5门,色無色天門,卷3,無量光天,謨彌,謨,爱烦恼,彌,戒善,不行·安住本位,,,安住,,「謨」表爱烦恼、「彌」表戒善。相为对治，二俱无力，故不行。,手工逐组（门1–14 手写）,通則,餘如前說。,其餘位中。以阿彌陀善。與那謨惡相為對治。二俱無力。所以並不行也。,《選佛譜》卷第一・見取・L57,見取
1291,第5门,色無色天門,卷3,無量光天,謨陀,謨,爱烦恼,陀,定善,不行·安住本位,,,安住,,「謨」表爱烦恼、「陀」表定善。相为对治，二俱无力，故不行。,手工逐组（门1–14 手写）,通則,餘如前說。,其餘位中。以阿彌陀善。與那謨惡相為對治。二俱無力。所以並不行也。,《選佛譜》卷第一・見取・L57,見取
1292,第5门,色無色天門,卷3,無量光天,謨佛,謨,爱烦恼,佛,无漏善慧,行,廣果天,第5门,升,,「謨」表爱烦恼、「佛」表无漏善慧。虽杂烦恼而慧力较强，故亦从升进，生广果天。,手工逐组（门1–14 手写）,承注,餘如前說。,那佛。謨佛。雖雜煩惱。而慧力較強。故亦從升進。,《選佛譜》卷第三・梵眾天・L17,梵眾天
1293,第5门,色無色天門,卷3,無量光天,阿阿,阿,施善,阿,施善,行,光音天,第5门,升,,「阿阿」二字俱表施善。福善渐胜，故渐阶上天，生光音天。,手工逐组（门1–14 手写）,承注,餘如前說。,阿阿等六。福善漸勝。故漸階上天。,《選佛譜》卷第三・梵眾天・L17,梵眾天
1294,第5门,色無色天門,卷3,無量光天,阿彌,阿,施善,彌,戒善,行,少淨天,第5门,升,,「阿」表施善、「彌」表戒善。福善渐胜，故渐阶上天，生少净天。,手工逐组（门1–14 手写）,承注,餘如前說。,阿阿等六。福善漸勝。故漸階上天。,《選佛譜》卷第三・梵眾天・L17,梵眾天
1295,第5门,色無色天門,卷3,無量光天,阿陀,阿,施善,陀,定善,行,無量淨天,第5门,升,,「阿」表施善、「陀」表定善。福善渐胜，故渐阶上天，生无量净天。,手工逐组（门1–14 手写）,承注,餘如前說。,阿阿等六。福善漸勝。故漸階上天。,《選佛譜》卷第三・梵眾天・L17,梵眾天
1296,第5门,色無色天門,卷3,無量光天,阿佛,阿,施善,佛,无漏善慧,行,三果阿那含,第10门,升,,「阿」表施善、「佛」表无漏善慧。见生灭理，便得不还，成三果阿那含。,手工逐组（门1–14 手写）,承注,餘如前說。,阿佛。則見生滅理。便得不還。,《選佛譜》卷第三・梵眾天・L17,梵眾天
1297,第5门,色無色天門,卷3,無量光天,彌彌,彌,戒善,彌,戒善,行,無量淨天,第5门,升,,「彌彌」二字俱表戒善。福善渐胜，故渐阶上天，生无量净天。,手工逐组（门1–14 手写）,承注,餘如前說。,阿阿等六。福善漸勝。故漸階上天。,《選佛譜》卷第三・梵眾天・L17,梵眾天
1298,第5门,色無色天門,卷3,無量光天,彌陀,彌,戒善,陀,定善,行,徧淨天,第5门,升,,「彌」表戒善、「陀」表定善。福善渐胜，故渐阶上天，生遍净天。,手工逐组（门1–14 手写）,承注,餘如前說。,阿阿等六。福善漸勝。故漸階上天。,《選佛譜》卷第三・梵眾天・L17,梵眾天
1299,第5门,色無色天門,卷3,無量光天,彌佛,彌,戒善,佛,无漏善慧,行,六離欲地,第11门,升,,「彌」表戒善、「佛」表无漏善慧。悟无生门，故成六离欲地。,手工逐组（门1–14 手写）,承注,餘如前說。,彌佛。則悟無生門。成離欲地。,《選佛譜》卷第三・梵眾天・L17,梵眾天
1300,第5门,色無色天門,卷3,無量光天,陀陀,陀,定善,陀,定善,行,福生天,第5门,升,,「陀陀」二字俱表定善。福善渐胜，故渐阶上天，生福生天。,手工逐组（门1–14 手写）,承注,餘如前說。,阿阿等六。福善漸勝。故漸階上天。,《選佛譜》卷第三・梵眾天・L17,梵眾天
1301,第5门,色無色天門,卷3,無量光天,陀佛,陀,定善,佛,无漏善慧,行,五方便具足住,第12门,升,,「陀」表定善、「佛」表无漏善慧。真谛先明，准位应同五方便具足住。,手工逐组（门1–14 手写）,承注,餘如前說。,陀佛。則真諦先明准位應同五住。,《選佛譜》卷第三・梵眾天・L17,梵眾天
1302,第5门,色無色天門,卷3,無量光天,佛佛,佛,无漏善慧,佛,无漏善慧,行,上品上生,第14门,横超,,「佛佛」二字俱表无漏善慧。慈尊授手，刹那便悟佛乘，故得上品上生。,手工逐组（门1–14 手写）,承注,餘如前說。,佛佛。則慈尊授手。剎那便悟佛乘。,《選佛譜》卷第三・梵眾天・L17,梵眾天
1303,第5门,色無色天門,卷3,光音天,那那,那,见烦恼,那,见烦恼,行,銀輪王,第4门,降,,「那那」二字俱表见烦恼。在天既为天王，退生人道，余福亦应作人王，故为银轮王。,手工逐组（门1–14 手写）,直說,問。那那何故作銀輪耶。答。在天既為天王。退生人道。餘福亦應作人王也。,問。那那何故作銀輪耶。答。在天既為天王。退生人道。餘福亦應作人王也。,《選佛譜》卷第三・光音天・L37,光音天
1304,第5门,色無色天門,卷3,光音天,那謨,那,见烦恼,謨,爱烦恼,行,忉利天,第4门,降,,「那」表见烦恼、「謨」表爱烦恼。见思所牵，还生欲界，故降为忉利天。,手工逐组（门1–14 手写）,承注,問。何故欲界人天。其退以漸。色界天退。直至下地。答。世間禪法。從來難進易退。故退初禪。必起欲界煩惱。若退二禪。必起或初禪或欲界煩惱。乃至若退四禪。必起下四地中隨一煩惱。所起煩惱。亦多增上。如石壓草。如冰夾魚。如蛇啟蟄。如水潰防。故也。,那那等三。見思所牽。故退生欲界。,《選佛譜》卷第三・梵眾天・L17,梵眾天
1305,第5门,色無色天門,卷3,光音天,那阿,那,见烦恼,阿,施善,不行·安住本位,,,安住,,「那」表见烦恼、「阿」表施善。相为对治，二俱无力，故不行。,手工逐组（门1–14 手写）,通則,,其餘位中。以阿彌陀善。與那謨惡相為對治。二俱無力。所以並不行也。,《選佛譜》卷第一・見取・L57,見取
1306,第5门,色無色天門,卷3,光音天,那彌,那,见烦恼,彌,戒善,不行·安住本位,,,安住,,「那」表见烦恼、「彌」表戒善。相为对治，二俱无力，故不行。,手工逐组（门1–14 手写）,通則,,其餘位中。以阿彌陀善。與那謨惡相為對治。二俱無力。所以並不行也。,《選佛譜》卷第一・見取・L57,見取
1307,第5门,色無色天門,卷3,光音天,那陀,那,见烦恼,陀,定善,不行·安住本位,,,安住,,「那」表见烦恼、「陀」表定善。相为对治，二俱无力，故不行。,手工逐组（门1–14 手写）,通則,,其餘位中。以阿彌陀善。與那謨惡相為對治。二俱無力。所以並不行也。,《選佛譜》卷第一・見取・L57,見取
1308,第5门,色無色天門,卷3,光音天,那佛,那,见烦恼,佛,无漏善慧,行,廣果天,第5门,升,,「那」表见烦恼、「佛」表无漏善慧。佛表觉慧，不应反生四空暗昧之处，此外无余可进，故同在广果天。,手工逐组（门1–14 手写）,直說,問。那佛。謨佛。何故皆廣果耶。答。佛表覺慧。不應反生四空暗昧八難之處。此外無餘可進。故同在廣果耳。,問。那佛。謨佛。何故皆廣果耶。答。佛表覺慧。不應反生四空暗昧八難之處。此外無餘可進。故同在廣果耳。,《選佛譜》卷第三・光音天・L37,光音天
1309,第5门,色無色天門,卷3,光音天,謨謨,謨,爱烦恼,謨,爱烦恼,行,大梵天,第5门,降,,「謨謨」二字俱表爱烦恼。染着禅味，故退生初禅，降为大梵天。,手工逐组（门1–14 手写）,承注,問。何故欲界人天。其退以漸。色界天退。直至下地。答。世間禪法。從來難進易退。故退初禪。必起欲界煩惱。若退二禪。必起或初禪或欲界煩惱。乃至若退四禪。必起下四地中隨一煩惱。所起煩惱。亦多增上。如石壓草。如冰夾魚。如蛇啟蟄。如水潰防。故也。,那那等三。見思所牽。故退生欲界。,《選佛譜》卷第三・梵眾天・L17,梵眾天
1310,第5门,色無色天門,卷3,光音天,謨阿,謨,爱烦恼,阿,施善,不行·安住本位,,,安住,,「謨」表爱烦恼、「阿」表施善。相为对治，二俱无力，故不行。,手工逐组（门1–14 手写）,通則,,其餘位中。以阿彌陀善。與那謨惡相為對治。二俱無力。所以並不行也。,《選佛譜》卷第一・見取・L57,見取
1311,第5门,色無色天門,卷3,光音天,謨彌,謨,爱烦恼,彌,戒善,不行·安住本位,,,安住,,「謨」表爱烦恼、「彌」表戒善。相为对治，二俱无力，故不行。,手工逐组（门1–14 手写）,通則,,其餘位中。以阿彌陀善。與那謨惡相為對治。二俱無力。所以並不行也。,《選佛譜》卷第一・見取・L57,見取
1312,第5门,色無色天門,卷3,光音天,謨陀,謨,爱烦恼,陀,定善,不行·安住本位,,,安住,,「謨」表爱烦恼、「陀」表定善。相为对治，二俱无力，故不行。,手工逐组（门1–14 手写）,通則,,其餘位中。以阿彌陀善。與那謨惡相為對治。二俱無力。所以並不行也。,《選佛譜》卷第一・見取・L57,見取
1313,第5门,色無色天門,卷3,光音天,謨佛,謨,爱烦恼,佛,无漏善慧,行,廣果天,第5门,升,,「謨」表爱烦恼、「佛」表无漏善慧。佛表觉慧，不应反生四空暗昧之处，此外无余可进，故同在广果天。,手工逐组（门1–14 手写）,直說,問。那佛。謨佛。何故皆廣果耶。答。佛表覺慧。不應反生四空暗昧八難之處。此外無餘可進。故同在廣果耳。,問。那佛。謨佛。何故皆廣果耶。答。佛表覺慧。不應反生四空暗昧八難之處。此外無餘可進。故同在廣果耳。,《選佛譜》卷第三・光音天・L37,光音天
1314,第5门,色無色天門,卷3,光音天,阿阿,阿,施善,阿,施善,行,少淨天,第5门,升,,「阿阿」二字俱表施善。福善渐胜，故渐阶上天，生少净天。,手工逐组（门1–14 手写）,承注,,阿阿等六。福善漸勝。故漸階上天。,《選佛譜》卷第三・梵眾天・L17,梵眾天
1315,第5门,色無色天門,卷3,光音天,阿彌,阿,施善,彌,戒善,行,無量淨天,第5门,升,,「阿」表施善、「彌」表戒善。福善渐胜，故渐阶上天，生无量净天。,手工逐组（门1–14 手写）,承注,,阿阿等六。福善漸勝。故漸階上天。,《選佛譜》卷第三・梵眾天・L17,梵眾天
1316,第5门,色無色天門,卷3,光音天,阿陀,阿,施善,陀,定善,行,徧淨天,第5门,升,,「阿」表施善、「陀」表定善。福善渐胜，故渐阶上天，生遍净天。,手工逐组（门1–14 手写）,承注,,阿阿等六。福善漸勝。故漸階上天。,《選佛譜》卷第三・梵眾天・L17,梵眾天
1317,第5门,色無色天門,卷3,光音天,阿佛,阿,施善,佛,无漏善慧,行,三果阿那含,第10门,升,,「阿」表施善、「佛」表无漏善慧。见生灭理，便得不还，成三果阿那含。,手工逐组（门1–14 手写）,承注,,阿佛。則見生滅理。便得不還。,《選佛譜》卷第三・梵眾天・L17,梵眾天
1318,第5门,色無色天門,卷3,光音天,彌彌,彌,戒善,彌,戒善,行,徧淨天,第5门,升,,「彌彌」二字俱表戒善。福善渐胜，故渐阶上天，生遍净天。,手工逐组（门1–14 手写）,承注,,阿阿等六。福善漸勝。故漸階上天。,《選佛譜》卷第三・梵眾天・L17,梵眾天
1319,第5门,色無色天門,卷3,光音天,彌陀,彌,戒善,陀,定善,行,福生天,第5门,升,,「彌」表戒善、「陀」表定善。福善渐胜，故渐阶上天，生福生天。,手工逐组（门1–14 手写）,承注,,阿阿等六。福善漸勝。故漸階上天。,《選佛譜》卷第三・梵眾天・L17,梵眾天
1320,第5门,色無色天門,卷3,光音天,彌佛,彌,戒善,佛,无漏善慧,行,六離欲地,第11门,升,,「彌」表戒善、「佛」表无漏善慧。悟无生门，故成六离欲地。,手工逐组（门1–14 手写）,承注,,彌佛。則悟無生門。成離欲地。,《選佛譜》卷第三・梵眾天・L17,梵眾天
1321,第5门,色無色天門,卷3,光音天,陀陀,陀,定善,陀,定善,行,福愛天,第5门,升,,「陀陀」二字俱表定善。福善渐胜，故渐阶上天，生福爱天。,手工逐组（门1–14 手写）,承注,,阿阿等六。福善漸勝。故漸階上天。,《選佛譜》卷第三・梵眾天・L17,梵眾天
1322,第5门,色無色天門,卷3,光音天,陀佛,陀,定善,佛,无漏善慧,行,五方便具足住,第12门,升,,「陀」表定善、「佛」表无漏善慧。真谛先明，准位应同五方便具足住。,手工逐组（门1–14 手写）,承注,,陀佛。則真諦先明准位應同五住。,《選佛譜》卷第三・梵眾天・L17,梵眾天
1323,第5门,色無色天門,卷3,光音天,佛佛,佛,无漏善慧,佛,无漏善慧,行,上品上生,第14门,横超,,「佛佛」二字俱表无漏善慧。慈尊授手，刹那便悟佛乘，故得上品上生。,手工逐组（门1–14 手写）,承注,,佛佛。則慈尊授手。剎那便悟佛乘。,《選佛譜》卷第三・梵眾天・L17,梵眾天
1324,第5门,色無色天門,卷3,少淨天,那那,那,见烦恼,那,见烦恼,行,忉利天,第4门,降,,「那那」二字俱表见烦恼。表起欲界惑染而犹有余福，故生忉利天。,手工逐组（门1–14 手写）,直說,那那。表起欲界惑染猶有餘福。故生忉利。,那那。表起欲界惑染猶有餘福。故生忉利。,《選佛譜》卷第三・少淨天・L41,少淨天
1325,第5门,色無色天門,卷3,少淨天,那謨,那,见烦恼,謨,爱烦恼,行,梵眾天,第5门,降,,「那」表见烦恼、「謨」表爱烦恼。表起初禅惑染，故降为梵众天。,手工逐组（门1–14 手写）,直說,那謨。表起初禪惑染。故生梵眾。,那謨。表起初禪惑染。故生梵眾。,《選佛譜》卷第三・少淨天・L41,少淨天
1326,第5门,色無色天門,卷3,少淨天,那阿,那,见烦恼,阿,施善,不行·安住本位,,,安住,,「那」表见烦恼、「阿」表施善。相为对治，二俱无力，故不行。,手工逐组（门1–14 手写）,通則,餘並如前。,其餘位中。以阿彌陀善。與那謨惡相為對治。二俱無力。所以並不行也。,《選佛譜》卷第一・見取・L57,見取
1327,第5门,色無色天門,卷3,少淨天,那彌,那,见烦恼,彌,戒善,不行·安住本位,,,安住,,「那」表见烦恼、「彌」表戒善。相为对治，二俱无力，故不行。,手工逐组（门1–14 手写）,通則,餘並如前。,其餘位中。以阿彌陀善。與那謨惡相為對治。二俱無力。所以並不行也。,《選佛譜》卷第一・見取・L57,見取
1328,第5门,色無色天門,卷3,少淨天,那陀,那,见烦恼,陀,定善,不行·安住本位,,,安住,,「那」表见烦恼、「陀」表定善。相为对治，二俱无力，故不行。,手工逐组（门1–14 手写）,通則,餘並如前。,其餘位中。以阿彌陀善。與那謨惡相為對治。二俱無力。所以並不行也。,《選佛譜》卷第一・見取・L57,見取
1329,第5门,色無色天門,卷3,少淨天,那佛,那,见烦恼,佛,无漏善慧,行,忍位,第10门,升,,「那」表见烦恼、「佛」表无漏善慧。未断惑种，依于三禅而修出世行观，故拟忍位。,手工逐组（门1–14 手写）,直說,那佛謨佛。未斷惑種。依於三禪而修出世行觀。故擬忍位。,那佛謨佛。未斷惑種。依於三禪而修出世行觀。故擬忍位。,《選佛譜》卷第三・少淨天・L41,少淨天
1330,第5门,色無色天門,卷3,少淨天,謨謨,謨,爱烦恼,謨,爱烦恼,行,少光天,第5门,降,,「謨謨」二字俱表爱烦恼。表起二禅惑染，故降为少光天。,手工逐组（门1–14 手写）,直說,謨謨。表起二禪惑染。故生少光。,謨謨。表起二禪惑染。故生少光。,《選佛譜》卷第三・少淨天・L41,少淨天
1331,第5门,色無色天門,卷3,少淨天,謨阿,謨,爱烦恼,阿,施善,不行·安住本位,,,安住,,「謨」表爱烦恼、「阿」表施善。相为对治，二俱无力，故不行。,手工逐组（门1–14 手写）,通則,餘並如前。,其餘位中。以阿彌陀善。與那謨惡相為對治。二俱無力。所以並不行也。,《選佛譜》卷第一・見取・L57,見取
1332,第5门,色無色天門,卷3,少淨天,謨彌,謨,爱烦恼,彌,戒善,不行·安住本位,,,安住,,「謨」表爱烦恼、「彌」表戒善。相为对治，二俱无力，故不行。,手工逐组（门1–14 手写）,通則,餘並如前。,其餘位中。以阿彌陀善。與那謨惡相為對治。二俱無力。所以並不行也。,《選佛譜》卷第一・見取・L57,見取
1333,第5门,色無色天門,卷3,少淨天,謨陀,謨,爱烦恼,陀,定善,不行·安住本位,,,安住,,「謨」表爱烦恼、「陀」表定善。相为对治，二俱无力，故不行。,手工逐组（门1–14 手写）,通則,餘並如前。,其餘位中。以阿彌陀善。與那謨惡相為對治。二俱無力。所以並不行也。,《選佛譜》卷第一・見取・L57,見取
1334,第5门,色無色天門,卷3,少淨天,謨佛,謨,爱烦恼,佛,无漏善慧,行,忍位,第10门,升,,「謨」表爱烦恼、「佛」表无漏善慧。未断惑种，依于三禅而修出世行观，故拟忍位。,手工逐组（门1–14 手写）,直說,那佛謨佛。未斷惑種。依於三禪而修出世行觀。故擬忍位。,那佛謨佛。未斷惑種。依於三禪而修出世行觀。故擬忍位。,《選佛譜》卷第三・少淨天・L41,少淨天
1335,第5门,色無色天門,卷3,少淨天,阿阿,阿,施善,阿,施善,行,無量淨天,第5门,升,,「阿阿」二字俱表施善。福善渐胜，故渐阶上天，生无量净天。,手工逐组（门1–14 手写）,承注,餘並如前。,阿阿等六。福善漸勝。故漸階上天。,《選佛譜》卷第三・梵眾天・L17,梵眾天
1336,第5门,色無色天門,卷3,少淨天,阿彌,阿,施善,彌,戒善,行,徧淨天,第5门,升,,「阿」表施善、「彌」表戒善。福善渐胜，故渐阶上天，生遍净天。,手工逐组（门1–14 手写）,承注,餘並如前。,阿阿等六。福善漸勝。故漸階上天。,《選佛譜》卷第三・梵眾天・L17,梵眾天
1337,第5门,色無色天門,卷3,少淨天,阿陀,阿,施善,陀,定善,行,福生天,第5门,升,,「阿」表施善、「陀」表定善。福善渐胜，故渐阶上天，生福生天。,手工逐组（门1–14 手写）,承注,餘並如前。,阿阿等六。福善漸勝。故漸階上天。,《選佛譜》卷第三・梵眾天・L17,梵眾天
1338,第5门,色無色天門,卷3,少淨天,阿佛,阿,施善,佛,无漏善慧,行,三果阿那含,第10门,升,,「阿」表施善、「佛」表无漏善慧。见生灭理，便得不还，成三果阿那含。,手工逐组（门1–14 手写）,承注,餘並如前。,阿佛。則見生滅理。便得不還。,《選佛譜》卷第三・梵眾天・L17,梵眾天
1339,第5门,色無色天門,卷3,少淨天,彌彌,彌,戒善,彌,戒善,行,福生天,第5门,升,,「彌彌」二字俱表戒善。福善渐胜，故渐阶上天，生福生天。,手工逐组（门1–14 手写）,承注,餘並如前。,阿阿等六。福善漸勝。故漸階上天。,《選佛譜》卷第三・梵眾天・L17,梵眾天
1340,第5门,色無色天門,卷3,少淨天,彌陀,彌,戒善,陀,定善,行,福愛天,第5门,升,,「彌」表戒善、「陀」表定善。福善渐胜，故渐阶上天，生福爱天。,手工逐组（门1–14 手写）,承注,餘並如前。,阿阿等六。福善漸勝。故漸階上天。,《選佛譜》卷第三・梵眾天・L17,梵眾天
1341,第5门,色無色天門,卷3,少淨天,彌佛,彌,戒善,佛,无漏善慧,行,六離欲地,第11门,升,,「彌」表戒善、「佛」表无漏善慧。悟无生门，故成六离欲地。,手工逐组（门1–14 手写）,承注,餘並如前。,彌佛。則悟無生門。成離欲地。,《選佛譜》卷第三・梵眾天・L17,梵眾天
1342,第5门,色無色天門,卷3,少淨天,陀陀,陀,定善,陀,定善,行,廣果天,第5门,升,,「陀陀」二字俱表定善。福善渐胜，故渐阶上天，生广果天。,手工逐组（门1–14 手写）,承注,餘並如前。,阿阿等六。福善漸勝。故漸階上天。,《選佛譜》卷第三・梵眾天・L17,梵眾天
1343,第5门,色無色天門,卷3,少淨天,陀佛,陀,定善,佛,无漏善慧,行,六正心住,第12门,升,,「陀」表定善、「佛」表无漏善慧。残思将尽，故成六正心住。,手工逐组（门1–14 手写）,直說,陀佛。殘思將盡。故成六住。,陀佛。殘思將盡。故成六住。,《選佛譜》卷第三・少淨天・L41,少淨天
1344,第5门,色無色天門,卷3,少淨天,佛佛,佛,无漏善慧,佛,无漏善慧,行,上品上生,第14门,横超,,「佛佛」二字俱表无漏善慧。慈尊授手，刹那便悟佛乘，故得上品上生。,手工逐组（门1–14 手写）,承注,餘並如前。,佛佛。則慈尊授手。剎那便悟佛乘。,《選佛譜》卷第三・梵眾天・L17,梵眾天
1345,第5门,色無色天門,卷3,無量淨天,那那,那,见烦恼,那,见烦恼,行,忉利天,第4门,降,,「那那」二字俱表见烦恼。表起欲界惑染而犹有余福，故生忉利天。,手工逐组（门1–14 手写）,承注,,那那等三。見思所牽。故退生欲界。,《選佛譜》卷第三・梵眾天・L17,梵眾天
1346,第5门,色無色天門,卷3,無量淨天,那謨,那,见烦恼,謨,爱烦恼,行,梵輔天,第5门,降,,「那」表见烦恼、「謨」表爱烦恼。表起初禅惑染，故降为梵辅天。,手工逐组（门1–14 手写）,承注,,那那等三。見思所牽。故退生欲界。,《選佛譜》卷第三・梵眾天・L17,梵眾天
1347,第5门,色無色天門,卷3,無量淨天,那阿,那,见烦恼,阿,施善,不行·安住本位,,,安住,,「那」表见烦恼、「阿」表施善。相为对治，二俱无力，故不行。,手工逐组（门1–14 手写）,通則,,其餘位中。以阿彌陀善。與那謨惡相為對治。二俱無力。所以並不行也。,《選佛譜》卷第一・見取・L57,見取
1348,第5门,色無色天門,卷3,無量淨天,那彌,那,见烦恼,彌,戒善,不行·安住本位,,,安住,,「那」表见烦恼、「彌」表戒善。相为对治，二俱无力，故不行。,手工逐组（门1–14 手写）,通則,,其餘位中。以阿彌陀善。與那謨惡相為對治。二俱無力。所以並不行也。,《選佛譜》卷第一・見取・L57,見取
1349,第5门,色無色天門,卷3,無量淨天,那陀,那,见烦恼,陀,定善,不行·安住本位,,,安住,,「那」表见烦恼、「陀」表定善。相为对治，二俱无力，故不行。,手工逐组（门1–14 手写）,通則,,其餘位中。以阿彌陀善。與那謨惡相為對治。二俱無力。所以並不行也。,《選佛譜》卷第一・見取・L57,見取
1350,第5门,色無色天門,卷3,無量淨天,那佛,那,见烦恼,佛,无漏善慧,行,忍位,第10门,升,,「那」表见烦恼、「佛」表无漏善慧。未断惑种，依于三禅而修出世行观，故拟忍位。,手工逐组（门1–14 手写）,承注,,那佛。謨佛。雖雜煩惱。而慧力較強。故亦從升進。,《選佛譜》卷第三・梵眾天・L17,梵眾天
1351,第5门,色無色天門,卷3,無量淨天,謨謨,謨,爱烦恼,謨,爱烦恼,行,無量光天,第5门,降,,「謨謨」二字俱表爱烦恼。表起二禅惑染，故降为无量光天。,手工逐组（门1–14 手写）,承注,,那那等三。見思所牽。故退生欲界。,《選佛譜》卷第三・梵眾天・L17,梵眾天
1352,第5门,色無色天門,卷3,無量淨天,謨阿,謨,爱烦恼,阿,施善,不行·安住本位,,,安住,,「謨」表爱烦恼、「阿」表施善。相为对治，二俱无力，故不行。,手工逐组（门1–14 手写）,通則,,其餘位中。以阿彌陀善。與那謨惡相為對治。二俱無力。所以並不行也。,《選佛譜》卷第一・見取・L57,見取
1353,第5门,色無色天門,卷3,無量淨天,謨彌,謨,爱烦恼,彌,戒善,不行·安住本位,,,安住,,「謨」表爱烦恼、「彌」表戒善。相为对治，二俱无力，故不行。,手工逐组（门1–14 手写）,通則,,其餘位中。以阿彌陀善。與那謨惡相為對治。二俱無力。所以並不行也。,《選佛譜》卷第一・見取・L57,見取
1354,第5门,色無色天門,卷3,無量淨天,謨陀,謨,爱烦恼,陀,定善,不行·安住本位,,,安住,,「謨」表爱烦恼、「陀」表定善。相为对治，二俱无力，故不行。,手工逐组（门1–14 手写）,通則,,其餘位中。以阿彌陀善。與那謨惡相為對治。二俱無力。所以並不行也。,《選佛譜》卷第一・見取・L57,見取
1355,第5门,色無色天門,卷3,無量淨天,謨佛,謨,爱烦恼,佛,无漏善慧,行,忍位,第10门,升,,「謨」表爱烦恼、「佛」表无漏善慧。未断惑种，依于三禅而修出世行观，故拟忍位。,手工逐组（门1–14 手写）,承注,,那佛。謨佛。雖雜煩惱。而慧力較強。故亦從升進。,《選佛譜》卷第三・梵眾天・L17,梵眾天
1356,第5门,色無色天門,卷3,無量淨天,阿阿,阿,施善,阿,施善,行,徧淨天,第5门,升,,「阿阿」二字俱表施善。福善渐胜，故渐阶上天，生遍净天。,手工逐组（门1–14 手写）,承注,,阿阿等六。福善漸勝。故漸階上天。,《選佛譜》卷第三・梵眾天・L17,梵眾天
1357,第5门,色無色天門,卷3,無量淨天,阿彌,阿,施善,彌,戒善,行,福生天,第5门,升,,「阿」表施善、「彌」表戒善。福善渐胜，故渐阶上天，生福生天。,手工逐组（门1–14 手写）,承注,,阿阿等六。福善漸勝。故漸階上天。,《選佛譜》卷第三・梵眾天・L17,梵眾天
1358,第5门,色無色天門,卷3,無量淨天,阿陀,阿,施善,陀,定善,行,福愛天,第5门,升,,「阿」表施善、「陀」表定善。福善渐胜，故渐阶上天，生福爱天。,手工逐组（门1–14 手写）,承注,,阿阿等六。福善漸勝。故漸階上天。,《選佛譜》卷第三・梵眾天・L17,梵眾天
1359,第5门,色無色天門,卷3,無量淨天,阿佛,阿,施善,佛,无漏善慧,行,三果阿那含,第10门,升,,「阿」表施善、「佛」表无漏善慧。见生灭理，便得不还，成三果阿那含。,手工逐组（门1–14 手写）,承注,,阿佛。則見生滅理。便得不還。,《選佛譜》卷第三・梵眾天・L17,梵眾天
1360,第5门,色無色天門,卷3,無量淨天,彌彌,彌,戒善,彌,戒善,行,福愛天,第5门,升,,「彌彌」二字俱表戒善。福善渐胜，故渐阶上天，生福爱天。,手工逐组（门1–14 手写）,承注,,阿阿等六。福善漸勝。故漸階上天。,《選佛譜》卷第三・梵眾天・L17,梵眾天
1361,第5门,色無色天門,卷3,無量淨天,彌陀,彌,戒善,陀,定善,行,廣果天,第5门,升,,「彌」表戒善、「陀」表定善。福善渐胜，故渐阶上天，生广果天。,手工逐组（门1–14 手写）,承注,,阿阿等六。福善漸勝。故漸階上天。,《選佛譜》卷第三・梵眾天・L17,梵眾天
1362,第5门,色無色天門,卷3,無量淨天,彌佛,彌,戒善,佛,无漏善慧,行,六離欲地,第11门,升,,「彌」表戒善、「佛」表无漏善慧。悟无生门，故成六离欲地。,手工逐组（门1–14 手写）,承注,,彌佛。則悟無生門。成離欲地。,《選佛譜》卷第三・梵眾天・L17,梵眾天
1363,第5门,色無色天門,卷3,無量淨天,陀陀,陀,定善,陀,定善,行,空無邊處天,第5门,升,,「陀陀」二字俱表定善。数修第三禅力而定善转深，故生空无边处天。,手工逐组（门1–14 手写）,承注,,阿阿等六。福善漸勝。故漸階上天。,《選佛譜》卷第三・梵眾天・L17,梵眾天
1364,第5门,色無色天門,卷3,無量淨天,陀佛,陀,定善,佛,无漏善慧,行,六正心住,第12门,升,,「陀」表定善、「佛」表无漏善慧。残思将尽，故成六正心住。,手工逐组（门1–14 手写）,承注,,陀佛。則真諦先明准位應同五住。,《選佛譜》卷第三・梵眾天・L17,梵眾天
1365,第5门,色無色天門,卷3,無量淨天,佛佛,佛,无漏善慧,佛,无漏善慧,行,上品上生,第14门,横超,,「佛佛」二字俱表无漏善慧。慈尊授手，刹那便悟佛乘，故得上品上生。,手工逐组（门1–14 手写）,承注,,佛佛。則慈尊授手。剎那便悟佛乘。,《選佛譜》卷第三・梵眾天・L17,梵眾天
1366,第5门,色無色天門,卷3,徧淨天,那那,那,见烦恼,那,见烦恼,行,金輪王,第4门,降,,「那那」二字俱表见烦恼。亦以天王余福仍为人王，十善与乐，故为金轮王。,手工逐组（门1–14 手写）,直說,那那為金輪者。亦以天王餘福。仍為人王。十善與樂也。,那那為金輪者。亦以天王餘福。仍為人王。十善與樂也。,《選佛譜》卷第三・徧淨天・L49,徧淨天
1367,第5门,色無色天門,卷3,徧淨天,那謨,那,见烦恼,謨,爱烦恼,行,大梵天,第5门,降,,「那」表见烦恼、「謨」表爱烦恼。表起初禅惑染，故降为大梵天。,手工逐组（门1–14 手写）,承注,,那那等三。見思所牽。故退生欲界。,《選佛譜》卷第三・梵眾天・L17,梵眾天
1368,第5门,色無色天門,卷3,徧淨天,那阿,那,见烦恼,阿,施善,不行·安住本位,,,安住,,「那」表见烦恼、「阿」表施善。相为对治，二俱无力，故不行。,手工逐组（门1–14 手写）,通則,,其餘位中。以阿彌陀善。與那謨惡相為對治。二俱無力。所以並不行也。,《選佛譜》卷第一・見取・L57,見取
1369,第5门,色無色天門,卷3,徧淨天,那彌,那,见烦恼,彌,戒善,不行·安住本位,,,安住,,「那」表见烦恼、「彌」表戒善。相为对治，二俱无力，故不行。,手工逐组（门1–14 手写）,通則,,其餘位中。以阿彌陀善。與那謨惡相為對治。二俱無力。所以並不行也。,《選佛譜》卷第一・見取・L57,見取
1370,第5门,色無色天門,卷3,徧淨天,那陀,那,见烦恼,陀,定善,不行·安住本位,,,安住,,「那」表见烦恼、「陀」表定善。相为对治，二俱无力，故不行。,手工逐组（门1–14 手写）,通則,,其餘位中。以阿彌陀善。與那謨惡相為對治。二俱無力。所以並不行也。,《選佛譜》卷第一・見取・L57,見取
1371,第5门,色無色天門,卷3,徧淨天,那佛,那,见烦恼,佛,无漏善慧,行,忍位,第10门,升,,「那」表见烦恼、「佛」表无漏善慧。未断惑种，依于三禅而修出世行观，故拟忍位。,手工逐组（门1–14 手写）,承注,,那佛。謨佛。雖雜煩惱。而慧力較強。故亦從升進。,《選佛譜》卷第三・梵眾天・L17,梵眾天
1372,第5门,色無色天門,卷3,徧淨天,謨謨,謨,爱烦恼,謨,爱烦恼,行,光音天,第5门,降,,「謨謨」二字俱表爱烦恼。表起二禅惑染，故降为光音天。,手工逐组（门1–14 手写）,承注,,那那等三。見思所牽。故退生欲界。,《選佛譜》卷第三・梵眾天・L17,梵眾天
1373,第5门,色無色天門,卷3,徧淨天,謨阿,謨,爱烦恼,阿,施善,不行·安住本位,,,安住,,「謨」表爱烦恼、「阿」表施善。相为对治，二俱无力，故不行。,手工逐组（门1–14 手写）,通則,,其餘位中。以阿彌陀善。與那謨惡相為對治。二俱無力。所以並不行也。,《選佛譜》卷第一・見取・L57,見取
1374,第5门,色無色天門,卷3,徧淨天,謨彌,謨,爱烦恼,彌,戒善,不行·安住本位,,,安住,,「謨」表爱烦恼、「彌」表戒善。相为对治，二俱无力，故不行。,手工逐组（门1–14 手写）,通則,,其餘位中。以阿彌陀善。與那謨惡相為對治。二俱無力。所以並不行也。,《選佛譜》卷第一・見取・L57,見取
1375,第5门,色無色天門,卷3,徧淨天,謨陀,謨,爱烦恼,陀,定善,不行·安住本位,,,安住,,「謨」表爱烦恼、「陀」表定善。相为对治，二俱无力，故不行。,手工逐组（门1–14 手写）,通則,,其餘位中。以阿彌陀善。與那謨惡相為對治。二俱無力。所以並不行也。,《選佛譜》卷第一・見取・L57,見取
1376,第5门,色無色天門,卷3,徧淨天,謨佛,謨,爱烦恼,佛,无漏善慧,行,忍位,第10门,升,,「謨」表爱烦恼、「佛」表无漏善慧。未断惑种，依于三禅而修出世行观，故拟忍位。,手工逐组（门1–14 手写）,承注,,那佛。謨佛。雖雜煩惱。而慧力較強。故亦從升進。,《選佛譜》卷第三・梵眾天・L17,梵眾天
1377,第5门,色無色天門,卷3,徧淨天,阿阿,阿,施善,阿,施善,行,福生天,第5门,升,,「阿阿」二字俱表施善。福善渐胜，故渐阶上天，生福生天。,手工逐组（门1–14 手写）,承注,,阿阿等六。福善漸勝。故漸階上天。,《選佛譜》卷第三・梵眾天・L17,梵眾天
1378,第5门,色無色天門,卷3,徧淨天,阿彌,阿,施善,彌,戒善,行,福愛天,第5门,升,,「阿」表施善、「彌」表戒善。福善渐胜，故渐阶上天，生福爱天。,手工逐组（门1–14 手写）,承注,,阿阿等六。福善漸勝。故漸階上天。,《選佛譜》卷第三・梵眾天・L17,梵眾天
1379,第5门,色無色天門,卷3,徧淨天,阿陀,阿,施善,陀,定善,行,廣果天,第5门,升,,「阿」表施善、「陀」表定善。福善渐胜，故渐阶上天，生广果天。,手工逐组（门1–14 手写）,承注,,阿阿等六。福善漸勝。故漸階上天。,《選佛譜》卷第三・梵眾天・L17,梵眾天
1380,第5门,色無色天門,卷3,徧淨天,阿佛,阿,施善,佛,无漏善慧,行,三果阿那含,第10门,升,,「阿」表施善、「佛」表无漏善慧。见生灭理，便得不还，成三果阿那含。,手工逐组（门1–14 手写）,承注,,阿佛。則見生滅理。便得不還。,《選佛譜》卷第三・梵眾天・L17,梵眾天
1381,第5门,色無色天門,卷3,徧淨天,彌彌,彌,戒善,彌,戒善,行,廣果天,第5门,升,,「彌彌」二字俱表戒善。福善渐胜，故渐阶上天，生广果天。,手工逐组（门1–14 手写）,承注,,阿阿等六。福善漸勝。故漸階上天。,《選佛譜》卷第三・梵眾天・L17,梵眾天
1382,第5门,色無色天門,卷3,徧淨天,彌陀,彌,戒善,陀,定善,行,空無邊處天,第5门,升,,「彌」表戒善、「陀」表定善。深入第三禅力，故生空无边处天。,手工逐组（门1–14 手写）,承注,,阿阿等六。福善漸勝。故漸階上天。,《選佛譜》卷第三・梵眾天・L17,梵眾天
1383,第5门,色無色天門,卷3,徧淨天,彌佛,彌,戒善,佛,无漏善慧,行,六離欲地,第11门,升,,「彌」表戒善、「佛」表无漏善慧。悟无生门，故成六离欲地。,手工逐组（门1–14 手写）,承注,,彌佛。則悟無生門。成離欲地。,《選佛譜》卷第三・梵眾天・L17,梵眾天
1384,第5门,色無色天門,卷3,徧淨天,陀陀,陀,定善,陀,定善,行,識無邊處天,第5门,升,,「陀陀」二字俱表定善。深入第三禅力而定善转深，故生识无边处天。,手工逐组（门1–14 手写）,承注,,阿阿等六。福善漸勝。故漸階上天。,《選佛譜》卷第三・梵眾天・L17,梵眾天
1385,第5门,色無色天門,卷3,徧淨天,陀佛,陀,定善,佛,无漏善慧,行,六正心住,第12门,升,,「陀」表定善、「佛」表无漏善慧。残思将尽，故成六正心住。,手工逐组（门1–14 手写）,承注,,陀佛。則真諦先明准位應同五住。,《選佛譜》卷第三・梵眾天・L17,梵眾天
1386,第5门,色無色天門,卷3,徧淨天,佛佛,佛,无漏善慧,佛,无漏善慧,行,上品上生,第14门,横超,,「佛佛」二字俱表无漏善慧。慈尊授手，刹那便悟佛乘，故得上品上生。,手工逐组（门1–14 手写）,承注,,佛佛。則慈尊授手。剎那便悟佛乘。,《選佛譜》卷第三・梵眾天・L17,梵眾天
1387,第5门,色無色天門,卷3,福生天,那那,那,见烦恼,那,见烦恼,行,梵眾天,第5门,降,,「那那」二字俱表见烦恼。退起初禅染，四禅力胜其退亦以渐，故降为梵众天。,手工逐组（门1–14 手写）,直說,那那生梵眾者。退起初禪染故。問。何不起欲染耶。答。四禪力勝。其退亦當以漸故。,那那生梵眾者。退起初禪染故。問。何不起欲染耶。答。四禪力勝。其退亦當以漸故。,《選佛譜》卷第三・福生天・L53,福生天
1388,第5门,色無色天門,卷3,福生天,那謨,那,见烦恼,謨,爱烦恼,行,少光天,第5门,降,,「那」表见烦恼、「謨」表爱烦恼。退起二禅染，故降为少光天。,手工逐组（门1–14 手写）,直說,那謨生少光者。退起二禪染故。,那謨生少光者。退起二禪染故。,《選佛譜》卷第三・福生天・L53,福生天
1389,第5门,色無色天門,卷3,福生天,那阿,那,见烦恼,阿,施善,不行·安住本位,,,安住,,「那」表见烦恼、「阿」表施善。相为对治，二俱无力，故不行。,手工逐组（门1–14 手写）,通則,,其餘位中。以阿彌陀善。與那謨惡相為對治。二俱無力。所以並不行也。,《選佛譜》卷第一・見取・L57,見取
1390,第5门,色無色天門,卷3,福生天,那彌,那,见烦恼,彌,戒善,不行·安住本位,,,安住,,「那」表见烦恼、「彌」表戒善。相为对治，二俱无力，故不行。,手工逐组（门1–14 手写）,通則,,其餘位中。以阿彌陀善。與那謨惡相為對治。二俱無力。所以並不行也。,《選佛譜》卷第一・見取・L57,見取
1391,第5门,色無色天門,卷3,福生天,那陀,那,见烦恼,陀,定善,行,無想天,第5门,升,,「那」表见烦恼、「陀」表定善。见有心识之患而不知破色，直用邪智灭心，故入无想天。,手工逐组（门1–14 手写）,直說,那陀生無想者禪波羅密云。外道行人。雖得四禪。而見有心識之患欲求涅槃無想寂滅。不知破色。直用邪智滅心入無想定也。,那陀生無想者禪波羅密云。外道行人。雖得四禪。而見有心識之患欲求涅槃無想寂滅。不知破色。直用邪智滅心入無想定也。,《選佛譜》卷第三・福生天・L53,福生天
1392,第5门,色無色天門,卷3,福生天,那佛,那,见烦恼,佛,无漏善慧,行,世第一位,第10门,升,,「那」表见烦恼、「佛」表无漏善慧。见种未断，依于四禅修出世慧，无间必发真，故入世第一位。,手工逐组（门1–14 手写）,直說,那佛世第一者。見種未斷依於四禪修出世慧。無間必發真故。,那佛世第一者。見種未斷依於四禪修出世慧。無間必發真故。,《選佛譜》卷第三・福生天・L53,福生天
1393,第5门,色無色天門,卷3,福生天,謨謨,謨,爱烦恼,謨,爱烦恼,行,少淨天,第5门,降,,「謨謨」二字俱表爱烦恼。退起三禅染，故降为少净天。,手工逐组（门1–14 手写）,直說,謨謨生少淨者。退起三禪染故。,謨謨生少淨者。退起三禪染故。,《選佛譜》卷第三・福生天・L53,福生天
1394,第5门,色無色天門,卷3,福生天,謨阿,謨,爱烦恼,阿,施善,不行·安住本位,,,安住,,「謨」表爱烦恼、「阿」表施善。相为对治，二俱无力，故不行。,手工逐组（门1–14 手写）,通則,,其餘位中。以阿彌陀善。與那謨惡相為對治。二俱無力。所以並不行也。,《選佛譜》卷第一・見取・L57,見取
1395,第5门,色無色天門,卷3,福生天,謨彌,謨,爱烦恼,彌,戒善,不行·安住本位,,,安住,,「謨」表爱烦恼、「彌」表戒善。相为对治，二俱无力，故不行。,手工逐组（门1–14 手写）,通則,,其餘位中。以阿彌陀善。與那謨惡相為對治。二俱無力。所以並不行也。,《選佛譜》卷第一・見取・L57,見取
1396,第5门,色無色天門,卷3,福生天,謨陀,謨,爱烦恼,陀,定善,行,空無邊處天,第5门,升,,「謨」表爱烦恼、「陀」表定善。已得空定，故生空无边处天。,手工逐组（门1–14 手写）,直說,謨陀生空處者。已得空定故。,謨陀生空處者。已得空定故。,《選佛譜》卷第三・福生天・L53,福生天
1397,第5门,色無色天門,卷3,福生天,謨佛,謨,爱烦恼,佛,无漏善慧,行,無煩天,第5门,升,,「謨」表爱烦恼、「佛」表无漏善慧。余思未断而得出世慧，于同分地入不还圣位，故生无烦天。,手工逐组（门1–14 手写）,直說,謨佛生無煩者。餘思未斷得出世慧。於同分地。人不還聖位故。,謨佛生無煩者。餘思未斷得出世慧。於同分地。人不還聖位故。,《選佛譜》卷第三・福生天・L53,福生天
1398,第5门,色無色天門,卷3,福生天,阿阿,阿,施善,阿,施善,行,福愛天,第5门,升,,「阿阿」二字俱表施善。福善渐胜，故渐阶上天，生福爱天。,手工逐组（门1–14 手写）,直說,,彌彌亦廣果者。未得上地定力。不能越色界故。,《選佛譜》卷第三・福生天・L53,福生天
1399,第5门,色無色天門,卷3,福生天,阿彌,阿,施善,彌,戒善,行,廣果天,第5门,升,,「阿」表施善、「彌」表戒善。福善渐胜，故渐阶上天，生广果天。,手工逐组（门1–14 手写）,直說,,彌彌亦廣果者。未得上地定力。不能越色界故。,《選佛譜》卷第三・福生天・L53,福生天
1400,第5门,色無色天門,卷3,福生天,阿陀,阿,施善,陀,定善,行,識無邊處天,第5门,升,,「阿」表施善、「陀」表定善。四禅力胜而定善益深，故生识无边处天。,手工逐组（门1–14 手写）,推演,,"彌彌亦廣果者。未得上地定力。不能越色界故。
謨陀生空處者。已得空定故。","《選佛譜》卷第三・福生天・L53
《選佛譜》卷第三・福生天・L53",福生天
1401,第5门,色無色天門,卷3,福生天,阿佛,阿,施善,佛,无漏善慧,行,四果阿羅漢,第10门,升,,「阿」表施善、「佛」表无漏善慧。依舍俱禅断见思，故成四果阿罗汉。,手工逐组（门1–14 手写）,直說,阿佛四果者。依捨俱禪斷見思故。第四禪已上皆名捨俱禪。而第四禪斷惑力勝。,阿佛四果者。依捨俱禪斷見思故。,《選佛譜》卷第三・福生天・L53,福生天
1402,第5门,色無色天門,卷3,福生天,彌彌,彌,戒善,彌,戒善,行,廣果天,第5门,升,,「彌彌」二字俱表戒善。未得上地定力，不能越色界，故亦生广果天。,手工逐组（门1–14 手写）,直說,彌彌亦廣果者。未得上地定力。不能越色界故。,彌彌亦廣果者。未得上地定力。不能越色界故。,《選佛譜》卷第三・福生天・L53,福生天
1403,第5门,色無色天門,卷3,福生天,彌陀,彌,戒善,陀,定善,行,無所有處天,第5门,升,,「彌」表戒善、「陀」表定善。四禅力胜而定善益深，故生无所有处天。,手工逐组（门1–14 手写）,推演,,"彌彌亦廣果者。未得上地定力。不能越色界故。
謨陀生空處者。已得空定故。","《選佛譜》卷第三・福生天・L53
《選佛譜》卷第三・福生天・L53",福生天
1404,第5门,色無色天門,卷3,福生天,彌佛,彌,戒善,佛,无漏善慧,行,七已辦地,第11门,升,,「彌」表戒善、「佛」表无漏善慧。于无生门出三界，故入七已办地。,手工逐组（门1–14 手写）,直說,彌佛已辦地者。於無生門出三界故。,彌佛已辦地者。於無生門出三界故。,《選佛譜》卷第三・福生天・L53,福生天
1405,第5门,色無色天門,卷3,福生天,陀陀,陀,定善,陀,定善,行,非想非非想處天,第5门,升,,「陀陀」二字俱表定善。四禅力胜而定善最深，故生非想非非想处天。,手工逐组（门1–14 手写）,推演,,"彌彌亦廣果者。未得上地定力。不能越色界故。
謨陀生空處者。已得空定故。","《選佛譜》卷第三・福生天・L53
《選佛譜》卷第三・福生天・L53",福生天
1406,第5门,色無色天門,卷3,福生天,陀佛,陀,定善,佛,无漏善慧,行,七不退住,第12门,升,,「陀」表定善、「佛」表无漏善慧。次第门中见思先尽，故入七不退住。,手工逐组（门1–14 手写）,直說,陀佛七住者。次第門中見思先盡故。,陀佛七住者。次第門中見思先盡故。,《選佛譜》卷第三・福生天・L53,福生天
1407,第5门,色無色天門,卷3,福生天,佛佛,佛,无漏善慧,佛,无漏善慧,行,方便有餘淨土,第14门,横超,,「佛佛」二字俱表无漏善慧。仗他佛力，不滞空寂，故生方便有余净土。,手工逐组（门1–14 手写）,直說,佛佛方便淨土者。仗他佛力。不滯空寂故。,佛佛方便淨土者。仗他佛力。不滯空寂故。,《選佛譜》卷第三・福生天・L53,福生天
1408,第5门,色無色天門,卷3,福愛天,那那,那,见烦恼,那,见烦恼,行,梵輔天,第5门,降,,「那那」二字俱表见烦恼。退起初禅染，四禅力胜其退亦以渐，故降为梵辅天。,手工逐组（门1–14 手写）,承注,餘如上說。,那那生梵眾者。退起初禪染故。問。何不起欲染耶。答。四禪力勝。其退亦當以漸故。,《選佛譜》卷第三・福生天・L53,福生天
1409,第5门,色無色天門,卷3,福愛天,那謨,那,见烦恼,謨,爱烦恼,行,無量光天,第5门,降,,「那」表见烦恼、「謨」表爱烦恼。退起二禅染，故降为无量光天。,手工逐组（门1–14 手写）,承注,餘如上說。,那謨生少光者。退起二禪染故。,《選佛譜》卷第三・福生天・L53,福生天
1410,第5门,色無色天門,卷3,福愛天,那阿,那,见烦恼,阿,施善,不行·安住本位,,,安住,,「那」表见烦恼、「阿」表施善。相为对治，二俱无力，故不行。,手工逐组（门1–14 手写）,通則,餘如上說。,其餘位中。以阿彌陀善。與那謨惡相為對治。二俱無力。所以並不行也。,《選佛譜》卷第一・見取・L57,見取
1411,第5门,色無色天門,卷3,福愛天,那彌,那,见烦恼,彌,戒善,不行·安住本位,,,安住,,「那」表见烦恼、「彌」表戒善。相为对治，二俱无力，故不行。,手工逐组（门1–14 手写）,通則,餘如上說。,其餘位中。以阿彌陀善。與那謨惡相為對治。二俱無力。所以並不行也。,《選佛譜》卷第一・見取・L57,見取
1412,第5门,色無色天門,卷3,福愛天,那陀,那,见烦恼,陀,定善,行,無想天,第5门,升,,「那」表见烦恼、「陀」表定善。见有心识之患而不知破色，直用邪智灭心，故入无想天。,手工逐组（门1–14 手写）,承注,餘如上說。,那陀生無想者禪波羅密云。外道行人。雖得四禪。而見有心識之患欲求涅槃無想寂滅。不知破色。直用邪智滅心入無想定也。,《選佛譜》卷第三・福生天・L53,福生天
1413,第5门,色無色天門,卷3,福愛天,那佛,那,见烦恼,佛,无漏善慧,行,世第一位,第10门,升,,「那」表见烦恼、「佛」表无漏善慧。见种未断，依于四禅修出世慧，无间必发真，故入世第一位。,手工逐组（门1–14 手写）,承注,餘如上說。,那佛世第一者。見種未斷依於四禪修出世慧。無間必發真故。,《選佛譜》卷第三・福生天・L53,福生天
1414,第5门,色無色天門,卷3,福愛天,謨謨,謨,爱烦恼,謨,爱烦恼,行,無量淨天,第5门,降,,「謨謨」二字俱表爱烦恼。退起三禅染，故降为无量净天。,手工逐组（门1–14 手写）,承注,餘如上說。,謨謨生少淨者。退起三禪染故。,《選佛譜》卷第三・福生天・L53,福生天
1415,第5门,色無色天門,卷3,福愛天,謨阿,謨,爱烦恼,阿,施善,不行·安住本位,,,安住,,「謨」表爱烦恼、「阿」表施善。相为对治，二俱无力，故不行。,手工逐组（门1–14 手写）,通則,餘如上說。,其餘位中。以阿彌陀善。與那謨惡相為對治。二俱無力。所以並不行也。,《選佛譜》卷第一・見取・L57,見取
1416,第5门,色無色天門,卷3,福愛天,謨彌,謨,爱烦恼,彌,戒善,不行·安住本位,,,安住,,「謨」表爱烦恼、「彌」表戒善。相为对治，二俱无力，故不行。,手工逐组（门1–14 手写）,通則,餘如上說。,其餘位中。以阿彌陀善。與那謨惡相為對治。二俱無力。所以並不行也。,《選佛譜》卷第一・見取・L57,見取
1417,第5门,色無色天門,卷3,福愛天,謨陀,謨,爱烦恼,陀,定善,行,空無邊處天,第5门,升,,「謨」表爱烦恼、「陀」表定善。已得空定，故生空无边处天。,手工逐组（门1–14 手写）,承注,餘如上說。,謨陀生空處者。已得空定故。,《選佛譜》卷第三・福生天・L53,福生天
1418,第5门,色無色天門,卷3,福愛天,謨佛,謨,爱烦恼,佛,无漏善慧,行,無煩天,第5门,升,,「謨」表爱烦恼、「佛」表无漏善慧。余思未断而得出世慧，于同分地入不还圣位，故生无烦天。,手工逐组（门1–14 手写）,承注,餘如上說。,謨佛生無煩者。餘思未斷得出世慧。於同分地。人不還聖位故。,《選佛譜》卷第三・福生天・L53,福生天
1419,第5门,色無色天門,卷3,福愛天,阿阿,阿,施善,阿,施善,行,廣果天,第5门,升,,「阿阿」二字俱表施善。未得上地定力，不能越色界，故生广果天。,手工逐组（门1–14 手写）,承注,餘如上說。,彌彌亦廣果者。未得上地定力。不能越色界故。,《選佛譜》卷第三・福生天・L53,福生天
1420,第5门,色無色天門,卷3,福愛天,阿彌,阿,施善,彌,戒善,行,廣果天,第5门,升,,「阿」表施善、「彌」表戒善。未得上地定力，不能越色界，故生广果天。,手工逐组（门1–14 手写）,承注,餘如上說。,彌彌亦廣果者。未得上地定力。不能越色界故。,《選佛譜》卷第三・福生天・L53,福生天
1421,第5门,色無色天門,卷3,福愛天,阿陀,阿,施善,陀,定善,行,識無邊處天,第5门,升,,「阿」表施善、「陀」表定善。四禅力胜而定善益深，故生识无边处天。,手工逐组（门1–14 手写）,推演,餘如上說。,"彌彌亦廣果者。未得上地定力。不能越色界故。
謨陀生空處者。已得空定故。","《選佛譜》卷第三・福生天・L53
《選佛譜》卷第三・福生天・L53",福生天
1422,第5门,色無色天門,卷3,福愛天,阿佛,阿,施善,佛,无漏善慧,行,四果阿羅漢,第10门,升,,「阿」表施善、「佛」表无漏善慧。依舍俱禅断见思，故成四果阿罗汉。,手工逐组（门1–14 手写）,承注,餘如上說。,阿佛四果者。依捨俱禪斷見思故。,《選佛譜》卷第三・福生天・L53,福生天
1423,第5门,色無色天門,卷3,福愛天,彌彌,彌,戒善,彌,戒善,行,廣果天,第5门,升,,「彌彌」二字俱表戒善。未得上地定力，不能越色界，故生广果天。,手工逐组（门1–14 手写）,承注,餘如上說。,彌彌亦廣果者。未得上地定力。不能越色界故。,《選佛譜》卷第三・福生天・L53,福生天
1424,第5门,色無色天門,卷3,福愛天,彌陀,彌,戒善,陀,定善,行,無所有處天,第5门,升,,「彌」表戒善、「陀」表定善。四禅力胜而定善益深，故生无所有处天。,手工逐组（门1–14 手写）,推演,餘如上說。,"彌彌亦廣果者。未得上地定力。不能越色界故。
謨陀生空處者。已得空定故。","《選佛譜》卷第三・福生天・L53
《選佛譜》卷第三・福生天・L53",福生天
1425,第5门,色無色天門,卷3,福愛天,彌佛,彌,戒善,佛,无漏善慧,行,七已辦地,第11门,升,,「彌」表戒善、「佛」表无漏善慧。于无生门出三界，故入七已办地。,手工逐组（门1–14 手写）,承注,餘如上說。,彌佛已辦地者。於無生門出三界故。,《選佛譜》卷第三・福生天・L53,福生天
1426,第5门,色無色天門,卷3,福愛天,陀陀,陀,定善,陀,定善,行,非想非非想處天,第5门,升,,「陀陀」二字俱表定善。四禅力胜而定善最深，故生非想非非想处天。,手工逐组（门1–14 手写）,推演,餘如上說。,"彌彌亦廣果者。未得上地定力。不能越色界故。
謨陀生空處者。已得空定故。","《選佛譜》卷第三・福生天・L53
《選佛譜》卷第三・福生天・L53",福生天
1427,第5门,色無色天門,卷3,福愛天,陀佛,陀,定善,佛,无漏善慧,行,七不退住,第12门,升,,「陀」表定善、「佛」表无漏善慧。次第门中见思先尽，故入七不退住。,手工逐组（门1–14 手写）,承注,餘如上說。,陀佛七住者。次第門中見思先盡故。,《選佛譜》卷第三・福生天・L53,福生天
1428,第5门,色無色天門,卷3,福愛天,佛佛,佛,无漏善慧,佛,无漏善慧,行,方便有餘淨土,第14门,横超,,「佛佛」二字俱表无漏善慧。仗他佛力，不滞空寂，故生方便有余净土。,手工逐组（门1–14 手写）,承注,餘如上說。,佛佛方便淨土者。仗他佛力。不滯空寂故。,《選佛譜》卷第三・福生天・L53,福生天
1429,第5门,色無色天門,卷3,廣果天,那那,那,见烦恼,那,见烦恼,行,大梵天,第5门,降,,「那那」二字俱表见烦恼。有福慧故，纵退四禅起初禅染，还为梵王统御世界，故生大梵天。,手工逐组（门1–14 手写）,承注,那那大梵者。有福慧故。縱退四禪。起初禪染。還為梵王。統御世界也。,那那生梵眾者。退起初禪染故。問。何不起欲染耶。答。四禪力勝。其退亦當以漸故。,《選佛譜》卷第三・福生天・L53,福生天
1430,第5门,色無色天門,卷3,廣果天,那謨,那,见烦恼,謨,爱烦恼,行,光音天,第5门,降,,「那」表见烦恼、「謨」表爱烦恼。退起二禅染，故降为光音天。,手工逐组（门1–14 手写）,承注,,那謨生少光者。退起二禪染故。,《選佛譜》卷第三・福生天・L53,福生天
1431,第5门,色無色天門,卷3,廣果天,那阿,那,见烦恼,阿,施善,不行·安住本位,,,安住,,「那」表见烦恼、「阿」表施善。相为对治，二俱无力，故不行。,手工逐组（门1–14 手写）,通則,,其餘位中。以阿彌陀善。與那謨惡相為對治。二俱無力。所以並不行也。,《選佛譜》卷第一・見取・L57,見取
1432,第5门,色無色天門,卷3,廣果天,那彌,那,见烦恼,彌,戒善,不行·安住本位,,,安住,,「那」表见烦恼、「彌」表戒善。相为对治，二俱无力，故不行。,手工逐组（门1–14 手写）,通則,,其餘位中。以阿彌陀善。與那謨惡相為對治。二俱無力。所以並不行也。,《選佛譜》卷第一・見取・L57,見取
1433,第5门,色無色天門,卷3,廣果天,那陀,那,见烦恼,陀,定善,行,空無邊處天,第5门,升,,「那」表见烦恼、「陀」表定善。有福慧故，纵取深定但当销碍入空，不堕外道邪径，故生空无边处天。,手工逐组（门1–14 手写）,直說,那陀亦空處者。有福慧故。縱取深定。但當銷礙入空。不墮外道邪徑也。,那陀亦空處者。有福慧故。縱取深定。但當銷礙入空。不墮外道邪徑也。,《選佛譜》卷第三・廣果天・L61,廣果天
1434,第5门,色無色天門,卷3,廣果天,那佛,那,见烦恼,佛,无漏善慧,行,世第一位,第10门,升,,「那」表见烦恼、「佛」表无漏善慧。见种未断，依于四禅修出世慧，无间必发真，故入世第一位。,手工逐组（门1–14 手写）,承注,,那佛世第一者。見種未斷依於四禪修出世慧。無間必發真故。,《選佛譜》卷第三・福生天・L53,福生天
1435,第5门,色無色天門,卷3,廣果天,謨謨,謨,爱烦恼,謨,爱烦恼,行,徧淨天,第5门,降,,「謨謨」二字俱表爱烦恼。退起三禅染，故降为遍净天。,手工逐组（门1–14 手写）,承注,,謨謨生少淨者。退起三禪染故。,《選佛譜》卷第三・福生天・L53,福生天
1436,第5门,色無色天門,卷3,廣果天,謨阿,謨,爱烦恼,阿,施善,不行·安住本位,,,安住,,「謨」表爱烦恼、「阿」表施善。相为对治，二俱无力，故不行。,手工逐组（门1–14 手写）,通則,,其餘位中。以阿彌陀善。與那謨惡相為對治。二俱無力。所以並不行也。,《選佛譜》卷第一・見取・L57,見取
1437,第5门,色無色天門,卷3,廣果天,謨彌,謨,爱烦恼,彌,戒善,不行·安住本位,,,安住,,「謨」表爱烦恼、「彌」表戒善。相为对治，二俱无力，故不行。,手工逐组（门1–14 手写）,通則,,其餘位中。以阿彌陀善。與那謨惡相為對治。二俱無力。所以並不行也。,《選佛譜》卷第一・見取・L57,見取
1438,第5门,色無色天門,卷3,廣果天,謨陀,謨,爱烦恼,陀,定善,行,空無邊處天,第5门,升,,「謨」表爱烦恼、「陀」表定善。已得空定，故生空无边处天。,手工逐组（门1–14 手写）,承注,,謨陀生空處者。已得空定故。,《選佛譜》卷第三・福生天・L53,福生天
1439,第5门,色無色天門,卷3,廣果天,謨佛,謨,爱烦恼,佛,无漏善慧,行,無煩天,第5门,升,,「謨」表爱烦恼、「佛」表无漏善慧。余思未断而得出世慧，于同分地入不还圣位，故生无烦天。,手工逐组（门1–14 手写）,承注,,謨佛生無煩者。餘思未斷得出世慧。於同分地。人不還聖位故。,《選佛譜》卷第三・福生天・L53,福生天
1440,第5门,色無色天門,卷3,廣果天,阿阿,阿,施善,阿,施善,不行·安住本位,,,安住,,「阿阿」二字俱表施善。此天已深入第四禅，此外无余可进，故不行。,手工逐组（门1–14 手写）,推演,,"彌彌亦廣果者。未得上地定力。不能越色界故。
深入第四禪力。兼修四無量心。命終得生此天。壽五百大劫。身五百由旬。","《選佛譜》卷第三・福生天・L53
《選佛譜》卷第三・廣果天・L61",福生天、廣果天
1441,第5门,色無色天門,卷3,廣果天,阿彌,阿,施善,彌,戒善,不行·安住本位,,,安住,,「阿」表施善、「彌」表戒善。此天已深入第四禅，此外无余可进，故不行。,手工逐组（门1–14 手写）,推演,,"彌彌亦廣果者。未得上地定力。不能越色界故。
深入第四禪力。兼修四無量心。命終得生此天。壽五百大劫。身五百由旬。","《選佛譜》卷第三・福生天・L53
《選佛譜》卷第三・廣果天・L61",福生天、廣果天
1442,第5门,色無色天門,卷3,廣果天,阿陀,阿,施善,陀,定善,行,識無邊處天,第5门,升,,「阿」表施善、「陀」表定善。四禅力胜而定善益深，故生识无边处天。,手工逐组（门1–14 手写）,推演,,"彌彌亦廣果者。未得上地定力。不能越色界故。
謨陀生空處者。已得空定故。","《選佛譜》卷第三・福生天・L53
《選佛譜》卷第三・福生天・L53",福生天
1443,第5门,色無色天門,卷3,廣果天,阿佛,阿,施善,佛,无漏善慧,行,四果阿羅漢,第10门,升,,「阿」表施善、「佛」表无漏善慧。依舍俱禅断见思，故成四果阿罗汉。,手工逐组（门1–14 手写）,承注,,阿佛四果者。依捨俱禪斷見思故。,《選佛譜》卷第三・福生天・L53,福生天
1444,第5门,色無色天門,卷3,廣果天,彌彌,彌,戒善,彌,戒善,不行·安住本位,,,安住,,「彌彌」二字俱表戒善。此天已深入第四禅，此外无余可进，故不行。,手工逐组（门1–14 手写）,推演,,"彌彌亦廣果者。未得上地定力。不能越色界故。
深入第四禪力。兼修四無量心。命終得生此天。壽五百大劫。身五百由旬。","《選佛譜》卷第三・福生天・L53
《選佛譜》卷第三・廣果天・L61",福生天、廣果天
1445,第5门,色無色天門,卷3,廣果天,彌陀,彌,戒善,陀,定善,行,無所有處天,第5门,升,,「彌」表戒善、「陀」表定善。四禅力胜而定善益深，故生无所有处天。,手工逐组（门1–14 手写）,推演,,"彌彌亦廣果者。未得上地定力。不能越色界故。
謨陀生空處者。已得空定故。","《選佛譜》卷第三・福生天・L53
《選佛譜》卷第三・福生天・L53",福生天
1446,第5门,色無色天門,卷3,廣果天,彌佛,彌,戒善,佛,无漏善慧,行,七已辦地,第11门,升,,「彌」表戒善、「佛」表无漏善慧。于无生门出三界，故入七已办地。,手工逐组（门1–14 手写）,承注,,彌佛已辦地者。於無生門出三界故。,《選佛譜》卷第三・福生天・L53,福生天
1447,第5门,色無色天門,卷3,廣果天,陀陀,陀,定善,陀,定善,行,非想非非想處天,第5门,升,,「陀陀」二字俱表定善。四禅力胜而定善最深，故生非想非非想处天。,手工逐组（门1–14 手写）,推演,,"彌彌亦廣果者。未得上地定力。不能越色界故。
謨陀生空處者。已得空定故。","《選佛譜》卷第三・福生天・L53
《選佛譜》卷第三・福生天・L53",福生天
1448,第5门,色無色天門,卷3,廣果天,陀佛,陀,定善,佛,无漏善慧,行,七不退住,第12门,升,,「陀」表定善、「佛」表无漏善慧。次第门中见思先尽，故入七不退住。,手工逐组（门1–14 手写）,承注,,陀佛七住者。次第門中見思先盡故。,《選佛譜》卷第三・福生天・L53,福生天
1449,第5门,色無色天門,卷3,廣果天,佛佛,佛,无漏善慧,佛,无漏善慧,行,方便有餘淨土,第14门,横超,,「佛佛」二字俱表无漏善慧。仗他佛力，不滞空寂，故生方便有余净土。,手工逐组（门1–14 手写）,承注,,佛佛方便淨土者。仗他佛力。不滯空寂故。,《選佛譜》卷第三・福生天・L53,福生天
1450,第5门,色無色天門,卷3,無想天,那那,那,见烦恼,那,见烦恼,行,阿鼻地獄,第3门,降,,「那那」二字俱表见烦恼。不知实未证涅槃，妄谓罗汉身遭后有，以谤法故堕阿鼻地狱。,手工逐组（门1–14 手写）,直說,那那。則不知自實未證涅槃。妄謂羅漢身遭後有。以謗法故。墮阿鼻獄。,那那。則不知自實未證涅槃。妄謂羅漢身遭後有。以謗法故。墮阿鼻獄。,《選佛譜》卷第三・無想天・L65,無想天
1451,第5门,色無色天門,卷3,無想天,那謨,那,见烦恼,謨,爱烦恼,行,下品畜生,第3门,降,,「那」表见烦恼、「謨」表爱烦恼。见思并重又无宿福，修定之福已享尽，故为下品畜生。,手工逐组（门1–14 手写）,直說,那謨。則見思並重。又無㝛福。故為下畜。修定之福在無想天已享盡故。闇鈍愚迷。,那謨。……則見思並重。又無㝛福。故為下畜。……闇鈍愚迷。,《選佛譜》卷第三・無想天・L65,無想天
1452,第5门,色無色天門,卷3,無想天,那阿,那,见烦恼,阿,施善,不行·安住本位,,,安住,,「那」表见烦恼、「阿」表施善。此天总不能修施善，又彼寿长，故不行。,手工逐组（门1–14 手写）,通則,阿阿等施戒禪定。彼天總不能修。又彼壽長。故皆不行。,其餘位中。以阿彌陀善。與那謨惡相為對治。二俱無力。所以並不行也。,《選佛譜》卷第一・見取・L57,見取
1453,第5门,色無色天門,卷3,無想天,那彌,那,见烦恼,彌,戒善,不行·安住本位,,,安住,,「那」表见烦恼、「彌」表戒善。此天总不能修戒善，又彼寿长，故不行。,手工逐组（门1–14 手写）,通則,阿阿等施戒禪定。彼天總不能修。又彼壽長。故皆不行。,其餘位中。以阿彌陀善。與那謨惡相為對治。二俱無力。所以並不行也。,《選佛譜》卷第一・見取・L57,見取
1454,第5门,色無色天門,卷3,無想天,那陀,那,见烦恼,陀,定善,不行·安住本位,,,安住,,「那」表见烦恼、「陀」表定善。此天总不能修定善，又彼寿长，故不行。,手工逐组（门1–14 手写）,通則,阿阿等施戒禪定。彼天總不能修。又彼壽長。故皆不行。,其餘位中。以阿彌陀善。與那謨惡相為對治。二俱無力。所以並不行也。,《選佛譜》卷第一・見取・L57,見取
1455,第5门,色無色天門,卷3,無想天,那佛,那,见烦恼,佛,无漏善慧,行,畜脩羅,第3门,降,,「那」表见烦恼、「佛」表无漏善慧。虽仗佛免堕三涂，而杂见故为下劣，成畜修罗。,手工逐组（门1–14 手写）,直說,那佛。謨佛。雖仗佛免墮三塗。一則雜見而為下劣脩羅。一則貪命而為十仙邪趣。,那佛。謨佛。雖仗佛免墮三塗。一則雜見而為下劣脩羅。一則貪命而為十仙邪趣。,《選佛譜》卷第三・無想天・L65,無想天
1456,第5门,色無色天門,卷3,無想天,謨謨,謨,爱烦恼,謨,爱烦恼,行,無財鬼,第3门,降,,「謨謨」二字俱表爱烦恼。爱网牢密又无片善，修定之善已酬毕，故为无财鬼。,手工逐组（门1–14 手写）,直說,謨謨。則愛網牢密。又無片善。故為無財。修定之善。在無想天亦酬畢故。純苦無樂。,謨謨。……則愛網牢密。又無片善。……故為無財。……純苦無樂。,《選佛譜》卷第三・無想天・L65,無想天
1457,第5门,色無色天門,卷3,無想天,謨阿,謨,爱烦恼,阿,施善,不行·安住本位,,,安住,,「謨」表爱烦恼、「阿」表施善。此天总不能修施善，又彼寿长，故不行。,手工逐组（门1–14 手写）,通則,阿阿等施戒禪定。彼天總不能修。又彼壽長。故皆不行。,其餘位中。以阿彌陀善。與那謨惡相為對治。二俱無力。所以並不行也。,《選佛譜》卷第一・見取・L57,見取
1458,第5门,色無色天門,卷3,無想天,謨彌,謨,爱烦恼,彌,戒善,不行·安住本位,,,安住,,「謨」表爱烦恼、「彌」表戒善。此天总不能修戒善，又彼寿长，故不行。,手工逐组（门1–14 手写）,通則,阿阿等施戒禪定。彼天總不能修。又彼壽長。故皆不行。,其餘位中。以阿彌陀善。與那謨惡相為對治。二俱無力。所以並不行也。,《選佛譜》卷第一・見取・L57,見取
1459,第5门,色無色天門,卷3,無想天,謨陀,謨,爱烦恼,陀,定善,不行·安住本位,,,安住,,「謨」表爱烦恼、「陀」表定善。此天总不能修定善，又彼寿长，故不行。,手工逐组（门1–14 手写）,通則,阿阿等施戒禪定。彼天總不能修。又彼壽長。故皆不行。,其餘位中。以阿彌陀善。與那謨惡相為對治。二俱無力。所以並不行也。,《選佛譜》卷第一・見取・L57,見取
1460,第5门,色無色天門,卷3,無想天,謨佛,謨,爱烦恼,佛,无漏善慧,行,十種仙,第4门,降,,「謨」表爱烦恼、「佛」表无漏善慧。虽仗佛免堕三涂，而贪命故为十仙邪趣。,手工逐组（门1–14 手写）,直說,那佛。謨佛。雖仗佛免墮三塗。一則雜見而為下劣脩羅。一則貪命而為十仙邪趣。,那佛。謨佛。雖仗佛免墮三塗。一則雜見而為下劣脩羅。一則貪命而為十仙邪趣。,《選佛譜》卷第三・無想天・L65,無想天
1461,第5门,色無色天門,卷3,無想天,阿阿,阿,施善,阿,施善,不行·安住本位,,,安住,,「阿阿」二字俱表施善。施戒禅定彼天总不能修，又彼寿长，故不行。,手工逐组（门1–14 手写）,直說,阿阿等施戒禪定。彼天總不能修。又彼壽長。故皆不行。,阿阿等施戒禪定。彼天總不能修。又彼壽長。故皆不行。,《選佛譜》卷第三・無想天・L65,無想天
1462,第5门,色無色天門,卷3,無想天,阿彌,阿,施善,彌,戒善,不行·安住本位,,,安住,,「阿」表施善、「彌」表戒善。施戒禅定彼天总不能修，又彼寿长，故不行。,手工逐组（门1–14 手写）,直說,阿阿等施戒禪定。彼天總不能修。又彼壽長。故皆不行。,阿阿等施戒禪定。彼天總不能修。又彼壽長。故皆不行。,《選佛譜》卷第三・無想天・L65,無想天
1463,第5门,色無色天門,卷3,無想天,阿陀,阿,施善,陀,定善,不行·安住本位,,,安住,,「阿」表施善、「陀」表定善。施戒禅定彼天总不能修，又彼寿长，故不行。,手工逐组（门1–14 手写）,直說,阿阿等施戒禪定。彼天總不能修。又彼壽長。故皆不行。,阿阿等施戒禪定。彼天總不能修。又彼壽長。故皆不行。,《選佛譜》卷第三・無想天・L65,無想天
1464,第5门,色無色天門,卷3,無想天,阿佛,阿,施善,佛,无漏善慧,行,西牛貨洲,第4门,降,,「阿」表施善、「佛」表无漏善慧。福慧相资，所以得生善道，生西牛货洲。,手工逐组（门1–14 手写）,直說,阿佛。彌佛。陀佛。福慧相資。所以得生三洲善道。,阿佛。彌佛。陀佛。福慧相資。所以得生三洲善道。,《選佛譜》卷第三・無想天・L65,無想天
1465,第5门,色無色天門,卷3,無想天,彌彌,彌,戒善,彌,戒善,不行·安住本位,,,安住,,「彌彌」二字俱表戒善。施戒禅定彼天总不能修，又彼寿长，故不行。,手工逐组（门1–14 手写）,直說,阿阿等施戒禪定。彼天總不能修。又彼壽長。故皆不行。,阿阿等施戒禪定。彼天總不能修。又彼壽長。故皆不行。,《選佛譜》卷第三・無想天・L65,無想天
1466,第5门,色無色天門,卷3,無想天,彌陀,彌,戒善,陀,定善,不行·安住本位,,,安住,,「彌」表戒善、「陀」表定善。施戒禅定彼天总不能修，又彼寿长，故不行。,手工逐组（门1–14 手写）,直說,阿阿等施戒禪定。彼天總不能修。又彼壽長。故皆不行。,阿阿等施戒禪定。彼天總不能修。又彼壽長。故皆不行。,《選佛譜》卷第三・無想天・L65,無想天
1467,第5门,色無色天門,卷3,無想天,彌佛,彌,戒善,佛,无漏善慧,行,東勝神洲,第4门,降,,「彌」表戒善、「佛」表无漏善慧。福慧相资，所以得生善道，生东胜神洲。,手工逐组（门1–14 手写）,直說,阿佛。彌佛。陀佛。福慧相資。所以得生三洲善道。,阿佛。彌佛。陀佛。福慧相資。所以得生三洲善道。,《選佛譜》卷第三・無想天・L65,無想天
1468,第5门,色無色天門,卷3,無想天,陀陀,陀,定善,陀,定善,不行·安住本位,,,安住,,「陀陀」二字俱表定善。施戒禅定彼天总不能修，又彼寿长，故不行。,手工逐组（门1–14 手写）,直說,阿阿等施戒禪定。彼天總不能修。又彼壽長。故皆不行。,阿阿等施戒禪定。彼天總不能修。又彼壽長。故皆不行。,《選佛譜》卷第三・無想天・L65,無想天
1469,第5门,色無色天門,卷3,無想天,陀佛,陀,定善,佛,无漏善慧,行,南贍部洲,第4门,降,,「陀」表定善、「佛」表无漏善慧。福慧相资，所以得生善道，生南赡部洲。,手工逐组（门1–14 手写）,直說,阿佛。彌佛。陀佛。福慧相資。所以得生三洲善道。,阿佛。彌佛。陀佛。福慧相資。所以得生三洲善道。,《選佛譜》卷第三・無想天・L65,無想天
1470,第5门,色無色天門,卷3,無想天,佛佛,佛,无漏善慧,佛,无漏善慧,行,王三昧,第8门,升,,「佛佛」二字俱表无漏善慧。入虚空三昧以破无想之有，圆具一切诸三昧，故入王三昧。,手工逐组（门1–14 手写）,直說,佛佛。則入虛空三昧。以破無想之有。便能圓具一切諸三昧也。,佛佛。則入虛空三昧。以破無想之有。便能圓具一切諸三昧也。,《選佛譜》卷第三・無想天・L65,無想天
1471,第5门,色無色天門,卷3,無煩天,那那,那,见烦恼,那,见烦恼,不行·安住本位,,,安住,,「那那」二字俱表见烦恼。此天但有升进、永不退转，故不行。,手工逐组（门1–14 手写）,直說,但有升進。永不退轉也。,此於第四禪捨念清淨眾同分中。復有此五不還天。乃三果聖人已斷下四地染未斷上地染者所寄居也。……但有升進。永不退轉也。,《選佛譜》卷第三・無煩天・L69,無煩天
1472,第5门,色無色天門,卷3,無煩天,那謨,那,见烦恼,謨,爱烦恼,不行·安住本位,,,安住,,「那」表见烦恼、「謨」表爱烦恼。此天但有升进、永不退转，故不行。,手工逐组（门1–14 手写）,直說,但有升進。永不退轉也。,此於第四禪捨念清淨眾同分中。復有此五不還天。乃三果聖人已斷下四地染未斷上地染者所寄居也。……但有升進。永不退轉也。,《選佛譜》卷第三・無煩天・L69,無煩天
1473,第5门,色無色天門,卷3,無煩天,那阿,那,见烦恼,阿,施善,不行·安住本位,,,安住,,「那」表见烦恼、「阿」表施善。此天但有升进、永不退转，故不行。,手工逐组（门1–14 手写）,通則,但有升進。永不退轉也。,其餘位中。以阿彌陀善。與那謨惡相為對治。二俱無力。所以並不行也。,《選佛譜》卷第一・見取・L57,見取
1474,第5门,色無色天門,卷3,無煩天,那彌,那,见烦恼,彌,戒善,不行·安住本位,,,安住,,「那」表见烦恼、「彌」表戒善。此天但有升进、永不退转，故不行。,手工逐组（门1–14 手写）,通則,但有升進。永不退轉也。,其餘位中。以阿彌陀善。與那謨惡相為對治。二俱無力。所以並不行也。,《選佛譜》卷第一・見取・L57,見取
1475,第5门,色無色天門,卷3,無煩天,那陀,那,见烦恼,陀,定善,不行·安住本位,,,安住,,「那」表见烦恼、「陀」表定善。此天但有升进、永不退转，故不行。,手工逐组（门1–14 手写）,通則,但有升進。永不退轉也。,其餘位中。以阿彌陀善。與那謨惡相為對治。二俱無力。所以並不行也。,《選佛譜》卷第一・見取・L57,見取
1476,第5门,色無色天門,卷3,無煩天,那佛,那,见烦恼,佛,无漏善慧,行,四果阿羅漢,第10门,升,,「那」表见烦恼、「佛」表无漏善慧。一遇佛字便出尘界，故成四果阿罗汉。,手工逐组（门1–14 手写）,直說,一遇佛字。便出塵界。成阿羅漢。,一遇佛字。便出塵界。成阿羅漢。,《選佛譜》卷第三・無煩天・L69,無煩天
1477,第5门,色無色天門,卷3,無煩天,謨謨,謨,爱烦恼,謨,爱烦恼,不行·安住本位,,,安住,,「謨謨」二字俱表爱烦恼。此天但有升进、永不退转，故不行。,手工逐组（门1–14 手写）,直說,但有升進。永不退轉也。,此於第四禪捨念清淨眾同分中。復有此五不還天。乃三果聖人已斷下四地染未斷上地染者所寄居也。……但有升進。永不退轉也。,《選佛譜》卷第三・無煩天・L69,無煩天
1478,第5门,色無色天門,卷3,無煩天,謨阿,謨,爱烦恼,阿,施善,不行·安住本位,,,安住,,「謨」表爱烦恼、「阿」表施善。此天但有升进、永不退转，故不行。,手工逐组（门1–14 手写）,通則,但有升進。永不退轉也。,其餘位中。以阿彌陀善。與那謨惡相為對治。二俱無力。所以並不行也。,《選佛譜》卷第一・見取・L57,見取
1479,第5门,色無色天門,卷3,無煩天,謨彌,謨,爱烦恼,彌,戒善,不行·安住本位,,,安住,,「謨」表爱烦恼、「彌」表戒善。此天但有升进、永不退转，故不行。,手工逐组（门1–14 手写）,通則,但有升進。永不退轉也。,其餘位中。以阿彌陀善。與那謨惡相為對治。二俱無力。所以並不行也。,《選佛譜》卷第一・見取・L57,見取
1480,第5门,色無色天門,卷3,無煩天,謨陀,謨,爱烦恼,陀,定善,不行·安住本位,,,安住,,「謨」表爱烦恼、「陀」表定善。此天但有升进、永不退转，故不行。,手工逐组（门1–14 手写）,通則,但有升進。永不退轉也。,其餘位中。以阿彌陀善。與那謨惡相為對治。二俱無力。所以並不行也。,《選佛譜》卷第一・見取・L57,見取
1481,第5门,色無色天門,卷3,無煩天,謨佛,謨,爱烦恼,佛,无漏善慧,行,四果阿羅漢,第10门,升,,「謨」表爱烦恼、「佛」表无漏善慧。一遇佛字便出尘界，故成四果阿罗汉。,手工逐组（门1–14 手写）,直說,一遇佛字。便出塵界。成阿羅漢。,一遇佛字。便出塵界。成阿羅漢。,《選佛譜》卷第三・無煩天・L69,無煩天
1482,第5门,色無色天門,卷3,無煩天,阿阿,阿,施善,阿,施善,行,無熱天,第5门,升,,「阿阿」二字俱表施善。无漏夹熏有漏，色定转明、果报转胜，故升无热天。,手工逐组（门1–14 手写）,直說,但有升進。永不退轉也。,以用無漏夾熏有漏。色定轉明。果報轉勝。由此資於故業。故命終後得生此天。……但有升進。永不退轉也。,《選佛譜》卷第三・無煩天・L69,無煩天
1483,第5门,色無色天門,卷3,無煩天,阿彌,阿,施善,彌,戒善,行,善見天,第5门,升,,「阿」表施善、「彌」表戒善。无漏夹熏有漏，色定转明、果报转胜，故升善见天。,手工逐组（门1–14 手写）,直說,但有升進。永不退轉也。,以用無漏夾熏有漏。色定轉明。果報轉勝。由此資於故業。故命終後得生此天。……但有升進。永不退轉也。,《選佛譜》卷第三・無煩天・L69,無煩天
1484,第5门,色無色天門,卷3,無煩天,阿陀,阿,施善,陀,定善,行,善現天,第5门,升,,「阿」表施善、「陀」表定善。无漏夹熏有漏，色定转明、果报转胜，故升善现天。,手工逐组（门1–14 手写）,直說,但有升進。永不退轉也。,以用無漏夾熏有漏。色定轉明。果報轉勝。由此資於故業。故命終後得生此天。……但有升進。永不退轉也。,《選佛譜》卷第三・無煩天・L69,無煩天
1485,第5门,色無色天門,卷3,無煩天,阿佛,阿,施善,佛,无漏善慧,行,師子奮迅三昧,第8门,升,,「阿」表施善、「佛」表无漏善慧。兼入熏禅修禅、增长功德，故入师子奋迅三昧。,手工逐组（门1–14 手写）,直說,阿佛。彌佛。則兼入熏禪修禪。增長功德。,阿佛。彌佛。則兼入熏禪修禪。增長功德。,《選佛譜》卷第三・無煩天・L69,無煩天
1486,第5门,色無色天門,卷3,無煩天,彌彌,彌,戒善,彌,戒善,行,善現天,第5门,升,,「彌彌」二字俱表戒善。无漏夹熏有漏，色定转明、果报转胜，故升善现天。,手工逐组（门1–14 手写）,直說,但有升進。永不退轉也。,以用無漏夾熏有漏。色定轉明。果報轉勝。由此資於故業。故命終後得生此天。……但有升進。永不退轉也。,《選佛譜》卷第三・無煩天・L69,無煩天
1487,第5门,色無色天門,卷3,無煩天,彌陀,彌,戒善,陀,定善,行,色究竟天,第5门,升,,「彌」表戒善、「陀」表定善。无漏夹熏有漏，色定转明、果报转胜，故升色究竟天。,手工逐组（门1–14 手写）,直說,但有升進。永不退轉也。,以用無漏夾熏有漏。色定轉明。果報轉勝。由此資於故業。故命終後得生此天。……但有升進。永不退轉也。,《選佛譜》卷第三・無煩天・L69,無煩天
1488,第5门,色無色天門,卷3,無煩天,彌佛,彌,戒善,佛,无漏善慧,行,超越三昧,第8门,升,,「彌」表戒善、「佛」表无漏善慧。兼入熏禅修禅、增长功德，故入超越三昧。,手工逐组（门1–14 手写）,直說,阿佛。彌佛。則兼入熏禪修禪。增長功德。,阿佛。彌佛。則兼入熏禪修禪。增長功德。,《選佛譜》卷第三・無煩天・L69,無煩天
1489,第5门,色無色天門,卷3,無煩天,陀陀,陀,定善,陀,定善,行,色究竟天,第5门,升,,「陀陀」二字俱表定善。无漏夹熏有漏，色定转明、果报转胜，故升色究竟天。,手工逐组（门1–14 手写）,直說,但有升進。永不退轉也。,以用無漏夾熏有漏。色定轉明。果報轉勝。由此資於故業。故命終後得生此天。……但有升進。永不退轉也。,《選佛譜》卷第三・無煩天・L69,無煩天
1490,第5门,色無色天門,卷3,無煩天,陀佛,陀,定善,佛,无漏善慧,行,圓十信位,第13门,升,,「陀」表定善、「佛」表无漏善慧。按位入圆，赖开显之力，故入圆十信位。,手工逐组（门1–14 手写）,直說,陀佛。則按位入圓。,陀佛。則按位入圓。,《選佛譜》卷第三・無煩天・L69,無煩天
1491,第5门,色無色天門,卷3,無煩天,佛佛,佛,无漏善慧,佛,无漏善慧,行,圓十住位,第13门,升,,「佛佛」二字俱表无漏善慧。胜进入圆，赖开显之力，故入圆十住位。,手工逐组（门1–14 手写）,直說,佛佛。則勝進入圓。並賴開顯之力。,佛佛。則勝進入圓。並賴開顯之力。,《選佛譜》卷第三・無煩天・L69,無煩天
1492,第5门,色無色天門,卷3,無熱天,那那,那,见烦恼,那,见烦恼,不行·安住本位,,,安住,,「那那」二字俱表见烦恼。此天但有升进、永不退转，故不行。,手工逐组（门1–14 手写）,直說,餘如上說。,二無熱者。乃雜修禪中品所感。用前下品根本三心為加行。更引一念無漏一念有漏一念無漏三心為根本。資其故業。……即生此天。……餘如上說。,《選佛譜》卷第三・無熱天・L73,無熱天
1493,第5门,色無色天門,卷3,無熱天,那謨,那,见烦恼,謨,爱烦恼,不行·安住本位,,,安住,,「那」表见烦恼、「謨」表爱烦恼。此天但有升进、永不退转，故不行。,手工逐组（门1–14 手写）,承注,餘如上說。,此於第四禪捨念清淨眾同分中。復有此五不還天。乃三果聖人已斷下四地染未斷上地染者所寄居也。……但有升進。永不退轉也。,《選佛譜》卷第三・無煩天・L69,無煩天
1494,第5门,色無色天門,卷3,無熱天,那阿,那,见烦恼,阿,施善,不行·安住本位,,,安住,,「那」表见烦恼、「阿」表施善。此天但有升进、永不退转，故不行。,手工逐组（门1–14 手写）,通則,餘如上說。,其餘位中。以阿彌陀善。與那謨惡相為對治。二俱無力。所以並不行也。,《選佛譜》卷第一・見取・L57,見取
1495,第5门,色無色天門,卷3,無熱天,那彌,那,见烦恼,彌,戒善,不行·安住本位,,,安住,,「那」表见烦恼、「彌」表戒善。此天但有升进、永不退转，故不行。,手工逐组（门1–14 手写）,通則,餘如上說。,其餘位中。以阿彌陀善。與那謨惡相為對治。二俱無力。所以並不行也。,《選佛譜》卷第一・見取・L57,見取
1496,第5门,色無色天門,卷3,無熱天,那陀,那,见烦恼,陀,定善,不行·安住本位,,,安住,,「那」表见烦恼、「陀」表定善。此天但有升进、永不退转，故不行。,手工逐组（门1–14 手写）,通則,餘如上說。,其餘位中。以阿彌陀善。與那謨惡相為對治。二俱無力。所以並不行也。,《選佛譜》卷第一・見取・L57,見取
1497,第5门,色無色天門,卷3,無熱天,那佛,那,见烦恼,佛,无漏善慧,行,四果阿羅漢,第10门,升,,「那」表见烦恼、「佛」表无漏善慧。一遇佛字便出尘界，故成四果阿罗汉。,手工逐组（门1–14 手写）,承注,餘如上說。,一遇佛字。便出塵界。成阿羅漢。,《選佛譜》卷第三・無煩天・L69,無煩天
1498,第5门,色無色天門,卷3,無熱天,謨謨,謨,爱烦恼,謨,爱烦恼,不行·安住本位,,,安住,,「謨謨」二字俱表爱烦恼。此天但有升进、永不退转，故不行。,手工逐组（门1–14 手写）,承注,餘如上說。,此於第四禪捨念清淨眾同分中。復有此五不還天。乃三果聖人已斷下四地染未斷上地染者所寄居也。……但有升進。永不退轉也。,《選佛譜》卷第三・無煩天・L69,無煩天
1499,第5门,色無色天門,卷3,無熱天,謨阿,謨,爱烦恼,阿,施善,不行·安住本位,,,安住,,「謨」表爱烦恼、「阿」表施善。此天但有升进、永不退转，故不行。,手工逐组（门1–14 手写）,通則,餘如上說。,其餘位中。以阿彌陀善。與那謨惡相為對治。二俱無力。所以並不行也。,《選佛譜》卷第一・見取・L57,見取
1500,第5门,色無色天門,卷3,無熱天,謨彌,謨,爱烦恼,彌,戒善,不行·安住本位,,,安住,,「謨」表爱烦恼、「彌」表戒善。此天但有升进、永不退转，故不行。,手工逐组（门1–14 手写）,通則,餘如上說。,其餘位中。以阿彌陀善。與那謨惡相為對治。二俱無力。所以並不行也。,《選佛譜》卷第一・見取・L57,見取
1501,第5门,色無色天門,卷3,無熱天,謨陀,謨,爱烦恼,陀,定善,不行·安住本位,,,安住,,「謨」表爱烦恼、「陀」表定善。此天但有升进、永不退转，故不行。,手工逐组（门1–14 手写）,通則,餘如上說。,其餘位中。以阿彌陀善。與那謨惡相為對治。二俱無力。所以並不行也。,《選佛譜》卷第一・見取・L57,見取
1502,第5门,色無色天門,卷3,無熱天,謨佛,謨,爱烦恼,佛,无漏善慧,行,四果阿羅漢,第10门,升,,「謨」表爱烦恼、「佛」表无漏善慧。一遇佛字便出尘界，故成四果阿罗汉。,手工逐组（门1–14 手写）,承注,餘如上說。,一遇佛字。便出塵界。成阿羅漢。,《選佛譜》卷第三・無煩天・L69,無煩天
1503,第5门,色無色天門,卷3,無熱天,阿阿,阿,施善,阿,施善,行,善見天,第5门,升,,「阿阿」二字俱表施善。杂修中品之上更资故业，故升善见天。,手工逐组（门1–14 手写）,承注,餘如上說。,以用無漏夾熏有漏。色定轉明。果報轉勝。由此資於故業。故命終後得生此天。……但有升進。永不退轉也。,《選佛譜》卷第三・無煩天・L69,無煩天
1504,第5门,色無色天門,卷3,無熱天,阿彌,阿,施善,彌,戒善,行,善現天,第5门,升,,「阿」表施善、「彌」表戒善。杂修中品之上更资故业，故升善现天。,手工逐组（门1–14 手写）,承注,餘如上說。,以用無漏夾熏有漏。色定轉明。果報轉勝。由此資於故業。故命終後得生此天。……但有升進。永不退轉也。,《選佛譜》卷第三・無煩天・L69,無煩天
1505,第5门,色無色天門,卷3,無熱天,阿陀,阿,施善,陀,定善,行,色究竟天,第5门,升,,「阿」表施善、「陀」表定善。杂修中品之上更资故业，故升色究竟天。,手工逐组（门1–14 手写）,承注,餘如上說。,以用無漏夾熏有漏。色定轉明。果報轉勝。由此資於故業。故命終後得生此天。……但有升進。永不退轉也。,《選佛譜》卷第三・無煩天・L69,無煩天
1506,第5门,色無色天門,卷3,無熱天,阿佛,阿,施善,佛,无漏善慧,行,師子奮迅三昧,第8门,升,,「阿」表施善、「佛」表无漏善慧。兼入熏禅修禅、增长功德，故入师子奋迅三昧。,手工逐组（门1–14 手写）,承注,餘如上說。,阿佛。彌佛。則兼入熏禪修禪。增長功德。,《選佛譜》卷第三・無煩天・L69,無煩天
1507,第5门,色無色天門,卷3,無熱天,彌彌,彌,戒善,彌,戒善,行,色究竟天,第5门,升,,「彌彌」二字俱表戒善。杂修中品之上更资故业，故升色究竟天。,手工逐组（门1–14 手写）,承注,餘如上說。,以用無漏夾熏有漏。色定轉明。果報轉勝。由此資於故業。故命終後得生此天。……但有升進。永不退轉也。,《選佛譜》卷第三・無煩天・L69,無煩天
1508,第5门,色無色天門,卷3,無熱天,彌陀,彌,戒善,陀,定善,行,色究竟天,第5门,升,,「彌」表戒善、「陀」表定善。杂修中品之上更资故业，故升色究竟天。,手工逐组（门1–14 手写）,承注,餘如上說。,以用無漏夾熏有漏。色定轉明。果報轉勝。由此資於故業。故命終後得生此天。……但有升進。永不退轉也。,《選佛譜》卷第三・無煩天・L69,無煩天
1509,第5门,色無色天門,卷3,無熱天,彌佛,彌,戒善,佛,无漏善慧,行,超越三昧,第8门,升,,「彌」表戒善、「佛」表无漏善慧。兼入熏禅修禅、增长功德，故入超越三昧。,手工逐组（门1–14 手写）,承注,餘如上說。,阿佛。彌佛。則兼入熏禪修禪。增長功德。,《選佛譜》卷第三・無煩天・L69,無煩天
1510,第5门,色無色天門,卷3,無熱天,陀陀,陀,定善,陀,定善,行,色究竟天,第5门,升,,「陀陀」二字俱表定善。杂修中品之上更资故业，故升色究竟天。,手工逐组（门1–14 手写）,承注,餘如上說。,以用無漏夾熏有漏。色定轉明。果報轉勝。由此資於故業。故命終後得生此天。……但有升進。永不退轉也。,《選佛譜》卷第三・無煩天・L69,無煩天
1511,第5门,色無色天門,卷3,無熱天,陀佛,陀,定善,佛,无漏善慧,行,圓十信位,第13门,升,,「陀」表定善、「佛」表无漏善慧。按位入圆，赖开显之力，故入圆十信位。,手工逐组（门1–14 手写）,承注,餘如上說。,陀佛。則按位入圓。,《選佛譜》卷第三・無煩天・L69,無煩天
1512,第5门,色無色天門,卷3,無熱天,佛佛,佛,无漏善慧,佛,无漏善慧,行,圓十住位,第13门,升,,「佛佛」二字俱表无漏善慧。胜进入圆，赖开显之力，故入圆十住位。,手工逐组（门1–14 手写）,承注,餘如上說。,佛佛。則勝進入圓。並賴開顯之力。,《選佛譜》卷第三・無煩天・L69,無煩天
1513,第5门,色無色天門,卷3,善見天,那那,那,见烦恼,那,见烦恼,不行·安住本位,,,安住,,「那那」二字俱表见烦恼。此天但有升进、永不退转，故不行。,手工逐组（门1–14 手写）,直說,餘亦如前。,三善見者。乃雜修上品所感。用前六心皆為加行。更引三心為根本。……資其故業。……得生此天。……餘亦如前。,《選佛譜》卷第三・善見天・L77,善見天
1514,第5门,色無色天門,卷3,善見天,那謨,那,见烦恼,謨,爱烦恼,不行·安住本位,,,安住,,「那」表见烦恼、「謨」表爱烦恼。此天但有升进、永不退转，故不行。,手工逐组（门1–14 手写）,承注,餘亦如前。,此於第四禪捨念清淨眾同分中。復有此五不還天。乃三果聖人已斷下四地染未斷上地染者所寄居也。……但有升進。永不退轉也。,《選佛譜》卷第三・無煩天・L69,無煩天
1515,第5门,色無色天門,卷3,善見天,那阿,那,见烦恼,阿,施善,不行·安住本位,,,安住,,「那」表见烦恼、「阿」表施善。此天但有升进、永不退转，故不行。,手工逐组（门1–14 手写）,通則,餘亦如前。,其餘位中。以阿彌陀善。與那謨惡相為對治。二俱無力。所以並不行也。,《選佛譜》卷第一・見取・L57,見取
1516,第5门,色無色天門,卷3,善見天,那彌,那,见烦恼,彌,戒善,不行·安住本位,,,安住,,「那」表见烦恼、「彌」表戒善。此天但有升进、永不退转，故不行。,手工逐组（门1–14 手写）,通則,餘亦如前。,其餘位中。以阿彌陀善。與那謨惡相為對治。二俱無力。所以並不行也。,《選佛譜》卷第一・見取・L57,見取
1517,第5门,色無色天門,卷3,善見天,那陀,那,见烦恼,陀,定善,不行·安住本位,,,安住,,「那」表见烦恼、「陀」表定善。此天但有升进、永不退转，故不行。,手工逐组（门1–14 手写）,通則,餘亦如前。,其餘位中。以阿彌陀善。與那謨惡相為對治。二俱無力。所以並不行也。,《選佛譜》卷第一・見取・L57,見取
1518,第5门,色無色天門,卷3,善見天,那佛,那,见烦恼,佛,无漏善慧,行,四果阿羅漢,第10门,升,,「那」表见烦恼、「佛」表无漏善慧。一遇佛字便出尘界，故成四果阿罗汉。,手工逐组（门1–14 手写）,承注,餘亦如前。,一遇佛字。便出塵界。成阿羅漢。,《選佛譜》卷第三・無煩天・L69,無煩天
1519,第5门,色無色天門,卷3,善見天,謨謨,謨,爱烦恼,謨,爱烦恼,不行·安住本位,,,安住,,「謨謨」二字俱表爱烦恼。此天但有升进、永不退转，故不行。,手工逐组（门1–14 手写）,承注,餘亦如前。,此於第四禪捨念清淨眾同分中。復有此五不還天。乃三果聖人已斷下四地染未斷上地染者所寄居也。……但有升進。永不退轉也。,《選佛譜》卷第三・無煩天・L69,無煩天
1520,第5门,色無色天門,卷3,善見天,謨阿,謨,爱烦恼,阿,施善,不行·安住本位,,,安住,,「謨」表爱烦恼、「阿」表施善。此天但有升进、永不退转，故不行。,手工逐组（门1–14 手写）,通則,餘亦如前。,其餘位中。以阿彌陀善。與那謨惡相為對治。二俱無力。所以並不行也。,《選佛譜》卷第一・見取・L57,見取
1521,第5门,色無色天門,卷3,善見天,謨彌,謨,爱烦恼,彌,戒善,不行·安住本位,,,安住,,「謨」表爱烦恼、「彌」表戒善。此天但有升进、永不退转，故不行。,手工逐组（门1–14 手写）,通則,餘亦如前。,其餘位中。以阿彌陀善。與那謨惡相為對治。二俱無力。所以並不行也。,《選佛譜》卷第一・見取・L57,見取
1522,第5门,色無色天門,卷3,善見天,謨陀,謨,爱烦恼,陀,定善,不行·安住本位,,,安住,,「謨」表爱烦恼、「陀」表定善。此天但有升进、永不退转，故不行。,手工逐组（门1–14 手写）,通則,餘亦如前。,其餘位中。以阿彌陀善。與那謨惡相為對治。二俱無力。所以並不行也。,《選佛譜》卷第一・見取・L57,見取
1523,第5门,色無色天門,卷3,善見天,謨佛,謨,爱烦恼,佛,无漏善慧,行,四果阿羅漢,第10门,升,,「謨」表爱烦恼、「佛」表无漏善慧。一遇佛字便出尘界，故成四果阿罗汉。,手工逐组（门1–14 手写）,承注,餘亦如前。,一遇佛字。便出塵界。成阿羅漢。,《選佛譜》卷第三・無煩天・L69,無煩天
1524,第5门,色無色天門,卷3,善見天,阿阿,阿,施善,阿,施善,行,善現天,第5门,升,,「阿阿」二字俱表施善。杂修上品之上更资故业，故升善现天。,手工逐组（门1–14 手写）,承注,餘亦如前。,以用無漏夾熏有漏。色定轉明。果報轉勝。由此資於故業。故命終後得生此天。……但有升進。永不退轉也。,《選佛譜》卷第三・無煩天・L69,無煩天
1525,第5门,色無色天門,卷3,善見天,阿彌,阿,施善,彌,戒善,行,色究竟天,第5门,升,,「阿」表施善、「彌」表戒善。杂修上品之上更资故业，故升色究竟天。,手工逐组（门1–14 手写）,承注,餘亦如前。,以用無漏夾熏有漏。色定轉明。果報轉勝。由此資於故業。故命終後得生此天。……但有升進。永不退轉也。,《選佛譜》卷第三・無煩天・L69,無煩天
1526,第5门,色無色天門,卷3,善見天,阿陀,阿,施善,陀,定善,行,色究竟天,第5门,升,,「阿」表施善、「陀」表定善。杂修上品之上更资故业，故升色究竟天。,手工逐组（门1–14 手写）,承注,餘亦如前。,以用無漏夾熏有漏。色定轉明。果報轉勝。由此資於故業。故命終後得生此天。……但有升進。永不退轉也。,《選佛譜》卷第三・無煩天・L69,無煩天
1527,第5门,色無色天門,卷3,善見天,阿佛,阿,施善,佛,无漏善慧,行,師子奮迅三昧,第8门,升,,「阿」表施善、「佛」表无漏善慧。兼入熏禅修禅、增长功德，故入师子奋迅三昧。,手工逐组（门1–14 手写）,承注,餘亦如前。,阿佛。彌佛。則兼入熏禪修禪。增長功德。,《選佛譜》卷第三・無煩天・L69,無煩天
1528,第5门,色無色天門,卷3,善見天,彌彌,彌,戒善,彌,戒善,行,色究竟天,第5门,升,,「彌彌」二字俱表戒善。杂修上品之上更资故业，故升色究竟天。,手工逐组（门1–14 手写）,承注,餘亦如前。,以用無漏夾熏有漏。色定轉明。果報轉勝。由此資於故業。故命終後得生此天。……但有升進。永不退轉也。,《選佛譜》卷第三・無煩天・L69,無煩天
1529,第5门,色無色天門,卷3,善見天,彌陀,彌,戒善,陀,定善,行,色究竟天,第5门,升,,「彌」表戒善、「陀」表定善。杂修上品之上更资故业，故升色究竟天。,手工逐组（门1–14 手写）,承注,餘亦如前。,以用無漏夾熏有漏。色定轉明。果報轉勝。由此資於故業。故命終後得生此天。……但有升進。永不退轉也。,《選佛譜》卷第三・無煩天・L69,無煩天
1530,第5门,色無色天門,卷3,善見天,彌佛,彌,戒善,佛,无漏善慧,行,超越三昧,第8门,升,,「彌」表戒善、「佛」表无漏善慧。兼入熏禅修禅、增长功德，故入超越三昧。,手工逐组（门1–14 手写）,承注,餘亦如前。,阿佛。彌佛。則兼入熏禪修禪。增長功德。,《選佛譜》卷第三・無煩天・L69,無煩天
1531,第5门,色無色天門,卷3,善見天,陀陀,陀,定善,陀,定善,行,色究竟天,第5门,升,,「陀陀」二字俱表定善。杂修上品之上更资故业，故升色究竟天。,手工逐组（门1–14 手写）,承注,餘亦如前。,以用無漏夾熏有漏。色定轉明。果報轉勝。由此資於故業。故命終後得生此天。……但有升進。永不退轉也。,《選佛譜》卷第三・無煩天・L69,無煩天
1532,第5门,色無色天門,卷3,善見天,陀佛,陀,定善,佛,无漏善慧,行,圓十信位,第13门,升,,「陀」表定善、「佛」表无漏善慧。按位入圆，赖开显之力，故入圆十信位。,手工逐组（门1–14 手写）,承注,餘亦如前。,陀佛。則按位入圓。,《選佛譜》卷第三・無煩天・L69,無煩天
1533,第5门,色無色天門,卷3,善見天,佛佛,佛,无漏善慧,佛,无漏善慧,行,圓十住位,第13门,升,,「佛佛」二字俱表无漏善慧。胜进入圆，赖开显之力，故入圆十住位。,手工逐组（门1–14 手写）,承注,餘亦如前。,佛佛。則勝進入圓。並賴開顯之力。,《選佛譜》卷第三・無煩天・L69,無煩天
1534,第5门,色無色天門,卷3,善現天,那那,那,见烦恼,那,见烦恼,不行·安住本位,,,安住,,「那那」二字俱表见烦恼。此天但有升进、永不退转，故不行。,手工逐组（门1–14 手写）,直說,餘並如前。,四善現者。乃雜修上勝品所感。用前九心皆為加行。……更引三心為根本。……資其故業。……得生此天。……餘並如前。,《選佛譜》卷第三・善現天・L81,善現天
1535,第5门,色無色天門,卷3,善現天,那謨,那,见烦恼,謨,爱烦恼,不行·安住本位,,,安住,,「那」表见烦恼、「謨」表爱烦恼。此天但有升进、永不退转，故不行。,手工逐组（门1–14 手写）,承注,餘並如前。,此於第四禪捨念清淨眾同分中。復有此五不還天。乃三果聖人已斷下四地染未斷上地染者所寄居也。……但有升進。永不退轉也。,《選佛譜》卷第三・無煩天・L69,無煩天
1536,第5门,色無色天門,卷3,善現天,那阿,那,见烦恼,阿,施善,不行·安住本位,,,安住,,「那」表见烦恼、「阿」表施善。此天但有升进、永不退转，故不行。,手工逐组（门1–14 手写）,通則,餘並如前。,其餘位中。以阿彌陀善。與那謨惡相為對治。二俱無力。所以並不行也。,《選佛譜》卷第一・見取・L57,見取
1537,第5门,色無色天門,卷3,善現天,那彌,那,见烦恼,彌,戒善,不行·安住本位,,,安住,,「那」表见烦恼、「彌」表戒善。此天但有升进、永不退转，故不行。,手工逐组（门1–14 手写）,通則,餘並如前。,其餘位中。以阿彌陀善。與那謨惡相為對治。二俱無力。所以並不行也。,《選佛譜》卷第一・見取・L57,見取
1538,第5门,色無色天門,卷3,善現天,那陀,那,见烦恼,陀,定善,不行·安住本位,,,安住,,「那」表见烦恼、「陀」表定善。此天但有升进、永不退转，故不行。,手工逐组（门1–14 手写）,通則,餘並如前。,其餘位中。以阿彌陀善。與那謨惡相為對治。二俱無力。所以並不行也。,《選佛譜》卷第一・見取・L57,見取
1539,第5门,色無色天門,卷3,善現天,那佛,那,见烦恼,佛,无漏善慧,行,四果阿羅漢,第10门,升,,「那」表见烦恼、「佛」表无漏善慧。一遇佛字便出尘界，故成四果阿罗汉。,手工逐组（门1–14 手写）,承注,餘並如前。,一遇佛字。便出塵界。成阿羅漢。,《選佛譜》卷第三・無煩天・L69,無煩天
1540,第5门,色無色天門,卷3,善現天,謨謨,謨,爱烦恼,謨,爱烦恼,不行·安住本位,,,安住,,「謨謨」二字俱表爱烦恼。此天但有升进、永不退转，故不行。,手工逐组（门1–14 手写）,承注,餘並如前。,此於第四禪捨念清淨眾同分中。復有此五不還天。乃三果聖人已斷下四地染未斷上地染者所寄居也。……但有升進。永不退轉也。,《選佛譜》卷第三・無煩天・L69,無煩天
1541,第5门,色無色天門,卷3,善現天,謨阿,謨,爱烦恼,阿,施善,不行·安住本位,,,安住,,「謨」表爱烦恼、「阿」表施善。此天但有升进、永不退转，故不行。,手工逐组（门1–14 手写）,通則,餘並如前。,其餘位中。以阿彌陀善。與那謨惡相為對治。二俱無力。所以並不行也。,《選佛譜》卷第一・見取・L57,見取
1542,第5门,色無色天門,卷3,善現天,謨彌,謨,爱烦恼,彌,戒善,不行·安住本位,,,安住,,「謨」表爱烦恼、「彌」表戒善。此天但有升进、永不退转，故不行。,手工逐组（门1–14 手写）,通則,餘並如前。,其餘位中。以阿彌陀善。與那謨惡相為對治。二俱無力。所以並不行也。,《選佛譜》卷第一・見取・L57,見取
1543,第5门,色無色天門,卷3,善現天,謨陀,謨,爱烦恼,陀,定善,不行·安住本位,,,安住,,「謨」表爱烦恼、「陀」表定善。此天但有升进、永不退转，故不行。,手工逐组（门1–14 手写）,通則,餘並如前。,其餘位中。以阿彌陀善。與那謨惡相為對治。二俱無力。所以並不行也。,《選佛譜》卷第一・見取・L57,見取
1544,第5门,色無色天門,卷3,善現天,謨佛,謨,爱烦恼,佛,无漏善慧,行,四果阿羅漢,第10门,升,,「謨」表爱烦恼、「佛」表无漏善慧。一遇佛字便出尘界，故成四果阿罗汉。,手工逐组（门1–14 手写）,承注,餘並如前。,一遇佛字。便出塵界。成阿羅漢。,《選佛譜》卷第三・無煩天・L69,無煩天
1545,第5门,色無色天門,卷3,善現天,阿阿,阿,施善,阿,施善,行,色究竟天,第5门,升,,「阿阿」二字俱表施善。杂修上胜品之上更资故业，故升色究竟天。,手工逐组（门1–14 手写）,承注,餘並如前。,以用無漏夾熏有漏。色定轉明。果報轉勝。由此資於故業。故命終後得生此天。……但有升進。永不退轉也。,《選佛譜》卷第三・無煩天・L69,無煩天
1546,第5门,色無色天門,卷3,善現天,阿彌,阿,施善,彌,戒善,行,色究竟天,第5门,升,,「阿」表施善、「彌」表戒善。杂修上胜品之上更资故业，故升色究竟天。,手工逐组（门1–14 手写）,承注,餘並如前。,以用無漏夾熏有漏。色定轉明。果報轉勝。由此資於故業。故命終後得生此天。……但有升進。永不退轉也。,《選佛譜》卷第三・無煩天・L69,無煩天
1547,第5门,色無色天門,卷3,善現天,阿陀,阿,施善,陀,定善,行,色究竟天,第5门,升,,「阿」表施善、「陀」表定善。杂修上胜品之上更资故业，故升色究竟天。,手工逐组（门1–14 手写）,承注,餘並如前。,以用無漏夾熏有漏。色定轉明。果報轉勝。由此資於故業。故命終後得生此天。……但有升進。永不退轉也。,《選佛譜》卷第三・無煩天・L69,無煩天
1548,第5门,色無色天門,卷3,善現天,阿佛,阿,施善,佛,无漏善慧,行,師子奮迅三昧,第8门,升,,「阿」表施善、「佛」表无漏善慧。兼入熏禅修禅、增长功德，故入师子奋迅三昧。,手工逐组（门1–14 手写）,承注,餘並如前。,阿佛。彌佛。則兼入熏禪修禪。增長功德。,《選佛譜》卷第三・無煩天・L69,無煩天
1549,第5门,色無色天門,卷3,善現天,彌彌,彌,戒善,彌,戒善,行,色究竟天,第5门,升,,「彌彌」二字俱表戒善。杂修上胜品之上更资故业，故升色究竟天。,手工逐组（门1–14 手写）,承注,餘並如前。,以用無漏夾熏有漏。色定轉明。果報轉勝。由此資於故業。故命終後得生此天。……但有升進。永不退轉也。,《選佛譜》卷第三・無煩天・L69,無煩天
1550,第5门,色無色天門,卷3,善現天,彌陀,彌,戒善,陀,定善,行,色究竟天,第5门,升,,「彌」表戒善、「陀」表定善。杂修上胜品之上更资故业，故升色究竟天。,手工逐组（门1–14 手写）,承注,餘並如前。,以用無漏夾熏有漏。色定轉明。果報轉勝。由此資於故業。故命終後得生此天。……但有升進。永不退轉也。,《選佛譜》卷第三・無煩天・L69,無煩天
1551,第5门,色無色天門,卷3,善現天,彌佛,彌,戒善,佛,无漏善慧,行,超越三昧,第8门,升,,「彌」表戒善、「佛」表无漏善慧。兼入熏禅修禅、增长功德，故入超越三昧。,手工逐组（门1–14 手写）,承注,餘並如前。,阿佛。彌佛。則兼入熏禪修禪。增長功德。,《選佛譜》卷第三・無煩天・L69,無煩天
1552,第5门,色無色天門,卷3,善現天,陀陀,陀,定善,陀,定善,行,色究竟天,第5门,升,,「陀陀」二字俱表定善。杂修上胜品之上更资故业，故升色究竟天。,手工逐组（门1–14 手写）,承注,餘並如前。,以用無漏夾熏有漏。色定轉明。果報轉勝。由此資於故業。故命終後得生此天。……但有升進。永不退轉也。,《選佛譜》卷第三・無煩天・L69,無煩天
1553,第5门,色無色天門,卷3,善現天,陀佛,陀,定善,佛,无漏善慧,行,圓十信位,第13门,升,,「陀」表定善、「佛」表无漏善慧。按位入圆，赖开显之力，故入圆十信位。,手工逐组（门1–14 手写）,承注,餘並如前。,陀佛。則按位入圓。,《選佛譜》卷第三・無煩天・L69,無煩天
1554,第5门,色無色天門,卷3,善現天,佛佛,佛,无漏善慧,佛,无漏善慧,行,圓十住位,第13门,升,,「佛佛」二字俱表无漏善慧。胜进入圆，赖开显之力，故入圆十住位。,手工逐组（门1–14 手写）,承注,餘並如前。,佛佛。則勝進入圓。並賴開顯之力。,《選佛譜》卷第三・無煩天・L69,無煩天
1555,第5门,色無色天門,卷3,色究竟天,那那,那,见烦恼,那,见烦恼,不行·安住本位,,,安住,,「那那」二字俱表见烦恼。此天但有升进、永不退转，故不行。,手工逐组（门1–14 手写）,直說,,"此於第四禪捨念清淨眾同分中。復有此五不還天。乃三果聖人已斷下四地染未斷上地染者所寄居也。
但有升進。永不退轉也。","《選佛譜》卷第三・無煩天・L69
《選佛譜》卷第三・無煩天・L69",無煩天
1556,第5门,色無色天門,卷3,色究竟天,那謨,那,见烦恼,謨,爱烦恼,不行·安住本位,,,安住,,「那」表见烦恼、「謨」表爱烦恼。此天但有升进、永不退转，故不行。,手工逐组（门1–14 手写）,直說,,"此於第四禪捨念清淨眾同分中。復有此五不還天。乃三果聖人已斷下四地染未斷上地染者所寄居也。
但有升進。永不退轉也。","《選佛譜》卷第三・無煩天・L69
《選佛譜》卷第三・無煩天・L69",無煩天
1557,第5门,色無色天門,卷3,色究竟天,那阿,那,见烦恼,阿,施善,不行·安住本位,,,安住,,「那」表见烦恼、「阿」表施善。此天但有升进、永不退转，故不行。,手工逐组（门1–14 手写）,通則,,其餘位中。以阿彌陀善。與那謨惡相為對治。二俱無力。所以並不行也。,《選佛譜》卷第一・見取・L57,見取
1558,第5门,色無色天門,卷3,色究竟天,那彌,那,见烦恼,彌,戒善,不行·安住本位,,,安住,,「那」表见烦恼、「彌」表戒善。此天但有升进、永不退转，故不行。,手工逐组（门1–14 手写）,通則,,其餘位中。以阿彌陀善。與那謨惡相為對治。二俱無力。所以並不行也。,《選佛譜》卷第一・見取・L57,見取
1559,第5门,色無色天門,卷3,色究竟天,那陀,那,见烦恼,陀,定善,不行·安住本位,,,安住,,「那」表见烦恼、「陀」表定善。此天但有升进、永不退转，故不行。,手工逐组（门1–14 手写）,通則,,其餘位中。以阿彌陀善。與那謨惡相為對治。二俱無力。所以並不行也。,《選佛譜》卷第一・見取・L57,見取
1560,第5门,色無色天門,卷3,色究竟天,那佛,那,见烦恼,佛,无漏善慧,行,師子奮迅三昧,第8门,升,,「那」表见烦恼、「佛」表无漏善慧。增益胜定功德，故入师子奋迅三昧。,手工逐组（门1–14 手写）,直說,那佛師子奮迅三昧。謨佛超越三昧者。增益勝定功德故。,那佛師子奮迅三昧。謨佛超越三昧者。增益勝定功德故。,《選佛譜》卷第三・色究竟天・L85,色究竟天
1561,第5门,色無色天門,卷3,色究竟天,謨謨,謨,爱烦恼,謨,爱烦恼,不行·安住本位,,,安住,,「謨謨」二字俱表爱烦恼。此天但有升进、永不退转，故不行。,手工逐组（门1–14 手写）,直說,,"此於第四禪捨念清淨眾同分中。復有此五不還天。乃三果聖人已斷下四地染未斷上地染者所寄居也。
但有升進。永不退轉也。","《選佛譜》卷第三・無煩天・L69
《選佛譜》卷第三・無煩天・L69",無煩天
1562,第5门,色無色天門,卷3,色究竟天,謨阿,謨,爱烦恼,阿,施善,不行·安住本位,,,安住,,「謨」表爱烦恼、「阿」表施善。此天但有升进、永不退转，故不行。,手工逐组（门1–14 手写）,通則,,其餘位中。以阿彌陀善。與那謨惡相為對治。二俱無力。所以並不行也。,《選佛譜》卷第一・見取・L57,見取
1563,第5门,色無色天門,卷3,色究竟天,謨彌,謨,爱烦恼,彌,戒善,不行·安住本位,,,安住,,「謨」表爱烦恼、「彌」表戒善。此天但有升进、永不退转，故不行。,手工逐组（门1–14 手写）,通則,,其餘位中。以阿彌陀善。與那謨惡相為對治。二俱無力。所以並不行也。,《選佛譜》卷第一・見取・L57,見取
1564,第5门,色無色天門,卷3,色究竟天,謨陀,謨,爱烦恼,陀,定善,不行·安住本位,,,安住,,「謨」表爱烦恼、「陀」表定善。此天但有升进、永不退转，故不行。,手工逐组（门1–14 手写）,通則,,其餘位中。以阿彌陀善。與那謨惡相為對治。二俱無力。所以並不行也。,《選佛譜》卷第一・見取・L57,見取
1565,第5门,色無色天門,卷3,色究竟天,謨佛,謨,爱烦恼,佛,无漏善慧,行,超越三昧,第8门,升,,「謨」表爱烦恼、「佛」表无漏善慧。增益胜定功德，故入超越三昧。,手工逐组（门1–14 手写）,直說,那佛師子奮迅三昧。謨佛超越三昧者。增益勝定功德故。,那佛師子奮迅三昧。謨佛超越三昧者。增益勝定功德故。,《選佛譜》卷第三・色究竟天・L85,色究竟天
1566,第5门,色無色天門,卷3,色究竟天,阿阿,阿,施善,阿,施善,行,四果阿羅漢,第10门,升,,「阿阿」二字俱表施善。边际定力稍加功行，便出尘界，故成四果阿罗汉。,手工逐组（门1–14 手写）,直說,阿阿等六皆四果者。邊際定力。稍加功行。便出塵界故也。,阿阿等六皆四果者。邊際定力。稍加功行。便出塵界故也。,《選佛譜》卷第三・色究竟天・L85,色究竟天
1567,第5门,色無色天門,卷3,色究竟天,阿彌,阿,施善,彌,戒善,行,四果阿羅漢,第10门,升,,「阿」表施善、「彌」表戒善。边际定力稍加功行，便出尘界，故成四果阿罗汉。,手工逐组（门1–14 手写）,直說,阿阿等六皆四果者。邊際定力。稍加功行。便出塵界故也。,阿阿等六皆四果者。邊際定力。稍加功行。便出塵界故也。,《選佛譜》卷第三・色究竟天・L85,色究竟天
1568,第5门,色無色天門,卷3,色究竟天,阿陀,阿,施善,陀,定善,行,四果阿羅漢,第10门,升,,「阿」表施善、「陀」表定善。边际定力稍加功行，便出尘界，故成四果阿罗汉。,手工逐组（门1–14 手写）,直說,阿阿等六皆四果者。邊際定力。稍加功行。便出塵界故也。,阿阿等六皆四果者。邊際定力。稍加功行。便出塵界故也。,《選佛譜》卷第三・色究竟天・L85,色究竟天
1569,第5门,色無色天門,卷3,色究竟天,阿佛,阿,施善,佛,无漏善慧,行,八辟支佛地,第11门,升,,「阿」表施善、「佛」表无漏善慧。即便回心入大乘，故入八辟支佛地。,手工逐组（门1–14 手写）,直說,阿佛辟支佛地。彌佛菩薩地者。即便迴心入大乘故。,阿佛辟支佛地。彌佛菩薩地者。即便迴心入大乘故。,《選佛譜》卷第三・色究竟天・L85,色究竟天
1570,第5门,色無色天門,卷3,色究竟天,彌彌,彌,戒善,彌,戒善,行,四果阿羅漢,第10门,升,,「彌彌」二字俱表戒善。边际定力稍加功行，便出尘界，故成四果阿罗汉。,手工逐组（门1–14 手写）,直說,阿阿等六皆四果者。邊際定力。稍加功行。便出塵界故也。,阿阿等六皆四果者。邊際定力。稍加功行。便出塵界故也。,《選佛譜》卷第三・色究竟天・L85,色究竟天
1571,第5门,色無色天門,卷3,色究竟天,彌陀,彌,戒善,陀,定善,行,四果阿羅漢,第10门,升,,「彌」表戒善、「陀」表定善。边际定力稍加功行，便出尘界，故成四果阿罗汉。,手工逐组（门1–14 手写）,直說,阿阿等六皆四果者。邊際定力。稍加功行。便出塵界故也。,阿阿等六皆四果者。邊際定力。稍加功行。便出塵界故也。,《選佛譜》卷第三・色究竟天・L85,色究竟天
1572,第5门,色無色天門,卷3,色究竟天,彌佛,彌,戒善,佛,无漏善慧,行,九菩薩地,第11门,升,,「彌」表戒善、「佛」表无漏善慧。即便回心入大乘，故入九菩萨地。,手工逐组（门1–14 手写）,直說,阿佛辟支佛地。彌佛菩薩地者。即便迴心入大乘故。,阿佛辟支佛地。彌佛菩薩地者。即便迴心入大乘故。,《選佛譜》卷第三・色究竟天・L85,色究竟天
1573,第5门,色無色天門,卷3,色究竟天,陀陀,陀,定善,陀,定善,行,四果阿羅漢,第10门,升,,「陀陀」二字俱表定善。边际定力稍加功行，便出尘界，故成四果阿罗汉。,手工逐组（门1–14 手写）,直說,阿阿等六皆四果者。邊際定力。稍加功行。便出塵界故也。,阿阿等六皆四果者。邊際定力。稍加功行。便出塵界故也。,《選佛譜》卷第三・色究竟天・L85,色究竟天
1574,第5门,色無色天門,卷3,色究竟天,陀佛,陀,定善,佛,无漏善慧,行,圓十信位,第13门,升,,「陀」表定善、「佛」表无漏善慧。按位入圆，故入圆十信位。,手工逐组（门1–14 手写）,推演,,阿佛辟支佛地。彌佛菩薩地者。即便迴心入大乘故。,《選佛譜》卷第三・色究竟天・L85,色究竟天
1575,第5门,色無色天門,卷3,色究竟天,佛佛,佛,无漏善慧,佛,无漏善慧,行,十佛地,第11门,升,,「佛佛」二字俱表无漏善慧。即于此天示现世间最高大身、成等正觉，故入十佛地。,手工逐组（门1–14 手写）,直說,佛佛通教佛地者。即於此天示現世間最高大身。成等正覺。乃是界內利根所見之相。實是圓住已上所示現故。,佛佛通教佛地者。即於此天示現世間最高大身。成等正覺。乃是界內利根所見之相。實是圓住已上所示現故。,《選佛譜》卷第三・色究竟天・L85,色究竟天
1576,第5门,色無色天門,卷3,空無邊處天,那那,那,见烦恼,那,见烦恼,行,無間地獄,第3门,降,,「那那」二字俱表见烦恼。穷空不归、迷漏无闻，故堕无间地狱。,手工逐组（门1–14 手写）,直說,窮空不歸。迷漏無聞。故那那等墮三惡趣。,窮空不歸。迷漏無聞。故那那等墮三惡趣。,《選佛譜》卷第三・空無邊處天・L89,空無邊處天
1577,第5门,色無色天門,卷3,空無邊處天,那謨,那,见烦恼,謨,爱烦恼,行,中品畜生,第3门,降,,「那」表见烦恼、「謨」表爱烦恼。穷空不归、迷漏无闻，故堕中品畜生。,手工逐组（门1–14 手写）,直說,窮空不歸。迷漏無聞。故那那等墮三惡趣。,窮空不歸。迷漏無聞。故那那等墮三惡趣。,《選佛譜》卷第三・空無邊處天・L89,空無邊處天
1578,第5门,色無色天門,卷3,空無邊處天,那阿,那,见烦恼,阿,施善,不行·安住本位,,,安住,,「那」表见烦恼、「阿」表施善。此天唯耽暗定，故不行。,手工逐组（门1–14 手写）,通則,,其餘位中。以阿彌陀善。與那謨惡相為對治。二俱無力。所以並不行也。,《選佛譜》卷第一・見取・L57,見取
1579,第5门,色無色天門,卷3,空無邊處天,那彌,那,见烦恼,彌,戒善,不行·安住本位,,,安住,,「那」表见烦恼、「彌」表戒善。此天唯耽暗定，故不行。,手工逐组（门1–14 手写）,通則,,其餘位中。以阿彌陀善。與那謨惡相為對治。二俱無力。所以並不行也。,《選佛譜》卷第一・見取・L57,見取
1580,第5门,色無色天門,卷3,空無邊處天,那陀,那,见烦恼,陀,定善,不行·安住本位,,,安住,,「那」表见烦恼、「陀」表定善。此天唯耽暗定，故不行。,手工逐组（门1–14 手写）,通則,,其餘位中。以阿彌陀善。與那謨惡相為對治。二俱無力。所以並不行也。,《選佛譜》卷第一・見取・L57,見取
1581,第5门,色無色天門,卷3,空無邊處天,那佛,那,见烦恼,佛,无漏善慧,行,十種仙,第4门,降,,「那」表见烦恼、「佛」表无漏善慧。虽仗佛力不堕三涂，而身见重故还为十种仙。,手工逐组（门1–14 手写）,直說,那佛。謨佛。雖仗佛力。不墮三塗。一則身見重故。還為十仙。一則起欲染故。仍生此地。,那佛。謨佛。雖仗佛力。不墮三塗。一則身見重故。還為十仙。一則起欲染故。仍生此地。,《選佛譜》卷第三・空無邊處天・L89,空無邊處天
1582,第5门,色無色天門,卷3,空無邊處天,謨謨,謨,爱烦恼,謨,爱烦恼,行,少財鬼,第3门,降,,「謨謨」二字俱表爱烦恼。穷空不归、迷漏无闻，故堕少财鬼。,手工逐组（门1–14 手写）,直說,窮空不歸。迷漏無聞。故那那等墮三惡趣。,窮空不歸。迷漏無聞。故那那等墮三惡趣。,《選佛譜》卷第三・空無邊處天・L89,空無邊處天
1583,第5门,色無色天門,卷3,空無邊處天,謨阿,謨,爱烦恼,阿,施善,不行·安住本位,,,安住,,「謨」表爱烦恼、「阿」表施善。此天唯耽暗定，故不行。,手工逐组（门1–14 手写）,通則,,其餘位中。以阿彌陀善。與那謨惡相為對治。二俱無力。所以並不行也。,《選佛譜》卷第一・見取・L57,見取
1584,第5门,色無色天門,卷3,空無邊處天,謨彌,謨,爱烦恼,彌,戒善,不行·安住本位,,,安住,,「謨」表爱烦恼、「彌」表戒善。此天唯耽暗定，故不行。,手工逐组（门1–14 手写）,通則,,其餘位中。以阿彌陀善。與那謨惡相為對治。二俱無力。所以並不行也。,《選佛譜》卷第一・見取・L57,見取
1585,第5门,色無色天門,卷3,空無邊處天,謨陀,謨,爱烦恼,陀,定善,不行·安住本位,,,安住,,「謨」表爱烦恼、「陀」表定善。此天唯耽暗定，故不行。,手工逐组（门1–14 手写）,通則,,其餘位中。以阿彌陀善。與那謨惡相為對治。二俱無力。所以並不行也。,《選佛譜》卷第一・見取・L57,見取
1586,第5门,色無色天門,卷3,空無邊處天,謨佛,謨,爱烦恼,佛,无漏善慧,行,南贍部洲,第4门,降,,「謨」表爱烦恼、「佛」表无漏善慧。虽仗佛力不堕三涂，而起欲染故还生南赡部洲。,手工逐组（门1–14 手写）,直說,那佛。謨佛。雖仗佛力。不墮三塗。一則身見重故。還為十仙。一則起欲染故。仍生此地。,那佛。謨佛。雖仗佛力。不墮三塗。一則身見重故。還為十仙。一則起欲染故。仍生此地。,《選佛譜》卷第三・空無邊處天・L89,空無邊處天
1587,第5门,色無色天門,卷3,空無邊處天,阿阿,阿,施善,阿,施善,不行·安住本位,,,安住,,「阿阿」二字俱表施善。此天唯耽暗定，故不行。,手工逐组（门1–14 手写）,直說,唯耽暗定。故阿阿等三不行。,唯耽暗定。故阿阿等三不行。,《選佛譜》卷第三・空無邊處天・L89,空無邊處天
1588,第5门,色無色天門,卷3,空無邊處天,阿彌,阿,施善,彌,戒善,不行·安住本位,,,安住,,「阿」表施善、「彌」表戒善。此天唯耽暗定，故不行。,手工逐组（门1–14 手写）,直說,唯耽暗定。故阿阿等三不行。,唯耽暗定。故阿阿等三不行。,《選佛譜》卷第三・空無邊處天・L89,空無邊處天
1589,第5门,色無色天門,卷3,空無邊處天,阿陀,阿,施善,陀,定善,行,識無邊處天,第5门,升,,「阿」表施善、「陀」表定善。定力渐深，故上进生识无边处天。,手工逐组（门1–14 手写）,直說,定力漸深。故阿陀等三上進。,定力漸深。故阿陀等三上進。,《選佛譜》卷第三・空無邊處天・L89,空無邊處天
1590,第5门,色無色天門,卷3,空無邊處天,阿佛,阿,施善,佛,无漏善慧,行,鈍根阿那含,第5门,升,,「阿」表施善、「佛」表无漏善慧。创达无漏，故同乐定那含，成钝根阿那含。,手工逐组（门1–14 手写）,直說,阿佛創達無漏。故同樂定那含。,阿佛創達無漏。故同樂定那含。,《選佛譜》卷第三・空無邊處天・L89,空無邊處天
1591,第5门,色無色天門,卷3,空無邊處天,彌彌,彌,戒善,彌,戒善,不行·安住本位,,,安住,,「彌彌」二字俱表戒善。此天唯耽暗定，故不行。,手工逐组（门1–14 手写）,直說,唯耽暗定。故阿阿等三不行。,唯耽暗定。故阿阿等三不行。,《選佛譜》卷第三・空無邊處天・L89,空無邊處天
1592,第5门,色無色天門,卷3,空無邊處天,彌陀,彌,戒善,陀,定善,行,無所有處天,第5门,升,,「彌」表戒善、「陀」表定善。定力渐深，故上进生无所有处天。,手工逐组（门1–14 手写）,直說,定力漸深。故阿陀等三上進。,定力漸深。故阿陀等三上進。,《選佛譜》卷第三・空無邊處天・L89,空無邊處天
1593,第5门,色無色天門,卷3,空無邊處天,彌佛,彌,戒善,佛,无漏善慧,行,六離欲地,第11门,升,,「彌」表戒善、「佛」表无漏善慧。忽悟即空，故成六离欲地。,手工逐组（门1–14 手写）,直說,彌佛忽悟即空。故成衍門離欲。,彌佛忽悟即空。故成衍門離欲。,《選佛譜》卷第三・空無邊處天・L89,空無邊處天
1594,第5门,色無色天門,卷3,空無邊處天,陀陀,陀,定善,陀,定善,行,非想非非想處天,第5门,升,,「陀陀」二字俱表定善。定力渐深，故上进生非想非非想处天。,手工逐组（门1–14 手写）,直說,定力漸深。故阿陀等三上進。,定力漸深。故阿陀等三上進。,《選佛譜》卷第三・空無邊處天・L89,空無邊處天
1595,第5门,色無色天門,卷3,空無邊處天,陀佛,陀,定善,佛,无漏善慧,行,六正心住,第12门,升,,「陀」表定善、「佛」表无漏善慧。于次第门准位应同六正心住。,手工逐组（门1–14 手写）,直說,陀佛。於次第門。准位應同六住。名為正心。,陀佛。於次第門。准位應同六住。名為正心。,《選佛譜》卷第三・空無邊處天・L89,空無邊處天
1596,第5门,色無色天門,卷3,空無邊處天,佛佛,佛,无漏善慧,佛,无漏善慧,行,王三昧,第8门,升,,「佛佛」二字俱表无漏善慧。观空实相，能入三昧中王，名为无碍，故入王三昧。,手工逐组（门1–14 手写）,直說,佛佛觀空實相能入三昧中王。名為無礙,佛佛觀空實相能入三昧中王。名為無礙,《選佛譜》卷第三・空無邊處天・L89,空無邊處天
1597,第5门,色無色天門,卷3,識無邊處天,那那,那,见烦恼,那,见烦恼,行,無間地獄,第3门,降,,「那那」二字俱表见烦恼。穷空不归、迷漏无闻，故堕无间地狱。,手工逐组（门1–14 手写）,承注,餘同前說。,窮空不歸。迷漏無聞。故那那等墮三惡趣。,《選佛譜》卷第三・空無邊處天・L89,空無邊處天
1598,第5门,色無色天門,卷3,識無邊處天,那謨,那,见烦恼,謨,爱烦恼,行,中品畜生,第3门,降,,「那」表见烦恼、「謨」表爱烦恼。穷空不归、迷漏无闻，故堕中品畜生。,手工逐组（门1–14 手写）,承注,餘同前說。,窮空不歸。迷漏無聞。故那那等墮三惡趣。,《選佛譜》卷第三・空無邊處天・L89,空無邊處天
1599,第5门,色無色天門,卷3,識無邊處天,那阿,那,见烦恼,阿,施善,不行·安住本位,,,安住,,「那」表见烦恼、「阿」表施善。此天唯耽暗定，故不行。,手工逐组（门1–14 手写）,通則,餘同前說。,其餘位中。以阿彌陀善。與那謨惡相為對治。二俱無力。所以並不行也。,《選佛譜》卷第一・見取・L57,見取
1600,第5门,色無色天門,卷3,識無邊處天,那彌,那,见烦恼,彌,戒善,不行·安住本位,,,安住,,「那」表见烦恼、「彌」表戒善。此天唯耽暗定，故不行。,手工逐组（门1–14 手写）,通則,餘同前說。,其餘位中。以阿彌陀善。與那謨惡相為對治。二俱無力。所以並不行也。,《選佛譜》卷第一・見取・L57,見取
1601,第5门,色無色天門,卷3,識無邊處天,那陀,那,见烦恼,陀,定善,不行·安住本位,,,安住,,「那」表见烦恼、「陀」表定善。此天唯耽暗定，故不行。,手工逐组（门1–14 手写）,通則,餘同前說。,其餘位中。以阿彌陀善。與那謨惡相為對治。二俱無力。所以並不行也。,《選佛譜》卷第一・見取・L57,見取
1602,第5门,色無色天門,卷3,識無邊處天,那佛,那,见烦恼,佛,无漏善慧,行,十種仙,第4门,降,,「那」表见烦恼、「佛」表无漏善慧。虽仗佛力不堕三涂，而身见重故还为十种仙。,手工逐组（门1–14 手写）,承注,餘同前說。,那佛。謨佛。雖仗佛力。不墮三塗。一則身見重故。還為十仙。一則起欲染故。仍生此地。,《選佛譜》卷第三・空無邊處天・L89,空無邊處天
1603,第5门,色無色天門,卷3,識無邊處天,謨謨,謨,爱烦恼,謨,爱烦恼,行,少財鬼,第3门,降,,「謨謨」二字俱表爱烦恼。穷空不归、迷漏无闻，故堕少财鬼。,手工逐组（门1–14 手写）,承注,餘同前說。,窮空不歸。迷漏無聞。故那那等墮三惡趣。,《選佛譜》卷第三・空無邊處天・L89,空無邊處天
1604,第5门,色無色天門,卷3,識無邊處天,謨阿,謨,爱烦恼,阿,施善,不行·安住本位,,,安住,,「謨」表爱烦恼、「阿」表施善。此天唯耽暗定，故不行。,手工逐组（门1–14 手写）,通則,餘同前說。,其餘位中。以阿彌陀善。與那謨惡相為對治。二俱無力。所以並不行也。,《選佛譜》卷第一・見取・L57,見取
1605,第5门,色無色天門,卷3,識無邊處天,謨彌,謨,爱烦恼,彌,戒善,不行·安住本位,,,安住,,「謨」表爱烦恼、「彌」表戒善。此天唯耽暗定，故不行。,手工逐组（门1–14 手写）,通則,餘同前說。,其餘位中。以阿彌陀善。與那謨惡相為對治。二俱無力。所以並不行也。,《選佛譜》卷第一・見取・L57,見取
1606,第5门,色無色天門,卷3,識無邊處天,謨陀,謨,爱烦恼,陀,定善,不行·安住本位,,,安住,,「謨」表爱烦恼、「陀」表定善。此天唯耽暗定，故不行。,手工逐组（门1–14 手写）,通則,餘同前說。,其餘位中。以阿彌陀善。與那謨惡相為對治。二俱無力。所以並不行也。,《選佛譜》卷第一・見取・L57,見取
1607,第5门,色無色天門,卷3,識無邊處天,謨佛,謨,爱烦恼,佛,无漏善慧,行,南贍部洲,第4门,降,,「謨」表爱烦恼、「佛」表无漏善慧。虽仗佛力不堕三涂，而起欲染故还生南赡部洲。,手工逐组（门1–14 手写）,承注,餘同前說。,那佛。謨佛。雖仗佛力。不墮三塗。一則身見重故。還為十仙。一則起欲染故。仍生此地。,《選佛譜》卷第三・空無邊處天・L89,空無邊處天
1608,第5门,色無色天門,卷3,識無邊處天,阿阿,阿,施善,阿,施善,不行·安住本位,,,安住,,「阿阿」二字俱表施善。此天唯耽暗定，故不行。,手工逐组（门1–14 手写）,承注,餘同前說。,唯耽暗定。故阿阿等三不行。,《選佛譜》卷第三・空無邊處天・L89,空無邊處天
1609,第5门,色無色天門,卷3,識無邊處天,阿彌,阿,施善,彌,戒善,不行·安住本位,,,安住,,「阿」表施善、「彌」表戒善。此天唯耽暗定，故不行。,手工逐组（门1–14 手写）,承注,餘同前說。,唯耽暗定。故阿阿等三不行。,《選佛譜》卷第三・空無邊處天・L89,空無邊處天
1610,第5门,色無色天門,卷3,識無邊處天,阿陀,阿,施善,陀,定善,行,無所有處天,第5门,升,,「阿」表施善、「陀」表定善。定力渐深，故上进生无所有处天。,手工逐组（门1–14 手写）,承注,餘同前說。,定力漸深。故阿陀等三上進。,《選佛譜》卷第三・空無邊處天・L89,空無邊處天
1611,第5门,色無色天門,卷3,識無邊處天,阿佛,阿,施善,佛,无漏善慧,行,鈍根阿那含,第5门,升,,「阿」表施善、「佛」表无漏善慧。创达无漏，故同乐定那含，成钝根阿那含。,手工逐组（门1–14 手写）,承注,餘同前說。,阿佛創達無漏。故同樂定那含。,《選佛譜》卷第三・空無邊處天・L89,空無邊處天
1612,第5门,色無色天門,卷3,識無邊處天,彌彌,彌,戒善,彌,戒善,不行·安住本位,,,安住,,「彌彌」二字俱表戒善。此天唯耽暗定，故不行。,手工逐组（门1–14 手写）,承注,餘同前說。,唯耽暗定。故阿阿等三不行。,《選佛譜》卷第三・空無邊處天・L89,空無邊處天
1613,第5门,色無色天門,卷3,識無邊處天,彌陀,彌,戒善,陀,定善,行,非想非非想處天,第5门,升,,「彌」表戒善、「陀」表定善。定力渐深，故上进生非想非非想处天。,手工逐组（门1–14 手写）,承注,餘同前說。,定力漸深。故阿陀等三上進。,《選佛譜》卷第三・空無邊處天・L89,空無邊處天
1614,第5门,色無色天門,卷3,識無邊處天,彌佛,彌,戒善,佛,无漏善慧,行,六離欲地,第11门,升,,「彌」表戒善、「佛」表无漏善慧。忽悟即空，故成六离欲地。,手工逐组（门1–14 手写）,承注,餘同前說。,彌佛忽悟即空。故成衍門離欲。,《選佛譜》卷第三・空無邊處天・L89,空無邊處天
1615,第5门,色無色天門,卷3,識無邊處天,陀陀,陀,定善,陀,定善,行,非想非非想處天,第5门,升,,「陀陀」二字俱表定善。定力渐深，故上进生非想非非想处天。,手工逐组（门1–14 手写）,承注,餘同前說。,定力漸深。故阿陀等三上進。,《選佛譜》卷第三・空無邊處天・L89,空無邊處天
1616,第5门,色無色天門,卷3,識無邊處天,陀佛,陀,定善,佛,无漏善慧,行,六正心住,第12门,升,,「陀」表定善、「佛」表无漏善慧。于次第门准位应同六正心住。,手工逐组（门1–14 手写）,承注,餘同前說。,陀佛。於次第門。准位應同六住。名為正心。,《選佛譜》卷第三・空無邊處天・L89,空無邊處天
1617,第5门,色無色天門,卷3,識無邊處天,佛佛,佛,无漏善慧,佛,无漏善慧,行,王三昧,第8门,升,,「佛佛」二字俱表无漏善慧。观空实相，能入三昧中王，名之为常，故入王三昧。,手工逐组（门1–14 手写）,承注,其王三昧。名之為常。,佛佛觀空實相能入三昧中王。名為無礙,《選佛譜》卷第三・空無邊處天・L89,空無邊處天
1618,第5门,色無色天門,卷3,無所有處天,那那,那,见烦恼,那,见烦恼,行,無間地獄,第3门,降,,「那那」二字俱表见烦恼。穷空不归、迷漏无闻，故堕无间地狱。,手工逐组（门1–14 手写）,承注,餘如前說。,窮空不歸。迷漏無聞。故那那等墮三惡趣。,《選佛譜》卷第三・空無邊處天・L89,空無邊處天
1619,第5门,色無色天門,卷3,無所有處天,那謨,那,见烦恼,謨,爱烦恼,行,中品畜生,第3门,降,,「那」表见烦恼、「謨」表爱烦恼。穷空不归、迷漏无闻，故堕中品畜生。,手工逐组（门1–14 手写）,承注,餘如前說。,窮空不歸。迷漏無聞。故那那等墮三惡趣。,《選佛譜》卷第三・空無邊處天・L89,空無邊處天
1620,第5门,色無色天門,卷3,無所有處天,那阿,那,见烦恼,阿,施善,不行·安住本位,,,安住,,「那」表见烦恼、「阿」表施善。此天唯耽暗定，故不行。,手工逐组（门1–14 手写）,通則,餘如前說。,其餘位中。以阿彌陀善。與那謨惡相為對治。二俱無力。所以並不行也。,《選佛譜》卷第一・見取・L57,見取
1621,第5门,色無色天門,卷3,無所有處天,那彌,那,见烦恼,彌,戒善,不行·安住本位,,,安住,,「那」表见烦恼、「彌」表戒善。此天唯耽暗定，故不行。,手工逐组（门1–14 手写）,通則,餘如前說。,其餘位中。以阿彌陀善。與那謨惡相為對治。二俱無力。所以並不行也。,《選佛譜》卷第一・見取・L57,見取
1622,第5门,色無色天門,卷3,無所有處天,那陀,那,见烦恼,陀,定善,不行·安住本位,,,安住,,「那」表见烦恼、「陀」表定善。此天唯耽暗定，故不行。,手工逐组（门1–14 手写）,通則,餘如前說。,其餘位中。以阿彌陀善。與那謨惡相為對治。二俱無力。所以並不行也。,《選佛譜》卷第一・見取・L57,見取
1623,第5门,色無色天門,卷3,無所有處天,那佛,那,见烦恼,佛,无漏善慧,行,十種仙,第4门,降,,「那」表见烦恼、「佛」表无漏善慧。虽仗佛力不堕三涂，而身见重故还为十种仙。,手工逐组（门1–14 手写）,承注,餘如前說。,那佛。謨佛。雖仗佛力。不墮三塗。一則身見重故。還為十仙。一則起欲染故。仍生此地。,《選佛譜》卷第三・空無邊處天・L89,空無邊處天
1624,第5门,色無色天門,卷3,無所有處天,謨謨,謨,爱烦恼,謨,爱烦恼,行,少財鬼,第3门,降,,「謨謨」二字俱表爱烦恼。穷空不归、迷漏无闻，故堕少财鬼。,手工逐组（门1–14 手写）,承注,餘如前說。,窮空不歸。迷漏無聞。故那那等墮三惡趣。,《選佛譜》卷第三・空無邊處天・L89,空無邊處天
1625,第5门,色無色天門,卷3,無所有處天,謨阿,謨,爱烦恼,阿,施善,不行·安住本位,,,安住,,「謨」表爱烦恼、「阿」表施善。此天唯耽暗定，故不行。,手工逐组（门1–14 手写）,通則,餘如前說。,其餘位中。以阿彌陀善。與那謨惡相為對治。二俱無力。所以並不行也。,《選佛譜》卷第一・見取・L57,見取
1626,第5门,色無色天門,卷3,無所有處天,謨彌,謨,爱烦恼,彌,戒善,不行·安住本位,,,安住,,「謨」表爱烦恼、「彌」表戒善。此天唯耽暗定，故不行。,手工逐组（门1–14 手写）,通則,餘如前說。,其餘位中。以阿彌陀善。與那謨惡相為對治。二俱無力。所以並不行也。,《選佛譜》卷第一・見取・L57,見取
1627,第5门,色無色天門,卷3,無所有處天,謨陀,謨,爱烦恼,陀,定善,不行·安住本位,,,安住,,「謨」表爱烦恼、「陀」表定善。此天唯耽暗定，故不行。,手工逐组（门1–14 手写）,通則,餘如前說。,其餘位中。以阿彌陀善。與那謨惡相為對治。二俱無力。所以並不行也。,《選佛譜》卷第一・見取・L57,見取
1628,第5门,色無色天門,卷3,無所有處天,謨佛,謨,爱烦恼,佛,无漏善慧,行,南贍部洲,第4门,降,,「謨」表爱烦恼、「佛」表无漏善慧。虽仗佛力不堕三涂，而起欲染故还生南赡部洲。,手工逐组（门1–14 手写）,承注,餘如前說。,那佛。謨佛。雖仗佛力。不墮三塗。一則身見重故。還為十仙。一則起欲染故。仍生此地。,《選佛譜》卷第三・空無邊處天・L89,空無邊處天
1629,第5门,色無色天門,卷3,無所有處天,阿阿,阿,施善,阿,施善,不行·安住本位,,,安住,,「阿阿」二字俱表施善。此天唯耽暗定，故不行。,手工逐组（门1–14 手写）,承注,餘如前說。,唯耽暗定。故阿阿等三不行。,《選佛譜》卷第三・空無邊處天・L89,空無邊處天
1630,第5门,色無色天門,卷3,無所有處天,阿彌,阿,施善,彌,戒善,不行·安住本位,,,安住,,「阿」表施善、「彌」表戒善。此天唯耽暗定，故不行。,手工逐组（门1–14 手写）,承注,餘如前說。,唯耽暗定。故阿阿等三不行。,《選佛譜》卷第三・空無邊處天・L89,空無邊處天
1631,第5门,色無色天門,卷3,無所有處天,阿陀,阿,施善,陀,定善,行,非想非非想處天,第5门,升,,「阿」表施善、「陀」表定善。定力渐深，故上进生非想非非想处天。,手工逐组（门1–14 手写）,承注,餘如前說。,定力漸深。故阿陀等三上進。,《選佛譜》卷第三・空無邊處天・L89,空無邊處天
1632,第5门,色無色天門,卷3,無所有處天,阿佛,阿,施善,佛,无漏善慧,行,鈍根阿那含,第5门,升,,「阿」表施善、「佛」表无漏善慧。创达无漏，故同乐定那含，成钝根阿那含。,手工逐组（门1–14 手写）,承注,餘如前說。,阿佛創達無漏。故同樂定那含。,《選佛譜》卷第三・空無邊處天・L89,空無邊處天
1633,第5门,色無色天門,卷3,無所有處天,彌彌,彌,戒善,彌,戒善,不行·安住本位,,,安住,,「彌彌」二字俱表戒善。此天唯耽暗定，故不行。,手工逐组（门1–14 手写）,承注,餘如前說。,唯耽暗定。故阿阿等三不行。,《選佛譜》卷第三・空無邊處天・L89,空無邊處天
1634,第5门,色無色天門,卷3,無所有處天,彌陀,彌,戒善,陀,定善,行,非想非非想處天,第5门,升,,「彌」表戒善、「陀」表定善。定力渐深，故上进生非想非非想处天。,手工逐组（门1–14 手写）,承注,餘如前說。,定力漸深。故阿陀等三上進。,《選佛譜》卷第三・空無邊處天・L89,空無邊處天
1635,第5门,色無色天門,卷3,無所有處天,彌佛,彌,戒善,佛,无漏善慧,行,六離欲地,第11门,升,,「彌」表戒善、「佛」表无漏善慧。忽悟即空，故成六离欲地。,手工逐组（门1–14 手写）,承注,餘如前說。,彌佛忽悟即空。故成衍門離欲。,《選佛譜》卷第三・空無邊處天・L89,空無邊處天
1636,第5门,色無色天門,卷3,無所有處天,陀陀,陀,定善,陀,定善,行,非想非非想處天,第5门,升,,「陀陀」二字俱表定善。定力渐深，故上进生非想非非想处天。,手工逐组（门1–14 手写）,承注,餘如前說。,定力漸深。故阿陀等三上進。,《選佛譜》卷第三・空無邊處天・L89,空無邊處天
1637,第5门,色無色天門,卷3,無所有處天,陀佛,陀,定善,佛,无漏善慧,行,六正心住,第12门,升,,「陀」表定善、「佛」表无漏善慧。于次第门准位应同六正心住。,手工逐组（门1–14 手写）,承注,餘如前說。,陀佛。於次第門。准位應同六住。名為正心。,《選佛譜》卷第三・空無邊處天・L89,空無邊處天
1638,第5门,色無色天門,卷3,無所有處天,佛佛,佛,无漏善慧,佛,无漏善慧,行,王三昧,第8门,升,,「佛佛」二字俱表无漏善慧。观空实相，能入三昧中王，名之为乐，故入王三昧。,手工逐组（门1–14 手写）,承注,其王三昧。名之為樂,佛佛觀空實相能入三昧中王。名為無礙,《選佛譜》卷第三・空無邊處天・L89,空無邊處天
1639,第5门,色無色天門,卷3,非想非非想處天,那那,那,见烦恼,那,见烦恼,行,無間地獄,第3门,降,,「那那」二字俱表见烦恼。穷空不归、迷漏无闻，故堕无间地狱。,手工逐组（门1–14 手写）,承注,,窮空不歸。迷漏無聞。故那那等墮三惡趣。,《選佛譜》卷第三・空無邊處天・L89,空無邊處天
1640,第5门,色無色天門,卷3,非想非非想處天,那謨,那,见烦恼,謨,爱烦恼,行,中品畜生,第3门,降,,「那」表见烦恼、「謨」表爱烦恼。穷空不归、迷漏无闻，故堕中品畜生。,手工逐组（门1–14 手写）,承注,,窮空不歸。迷漏無聞。故那那等墮三惡趣。,《選佛譜》卷第三・空無邊處天・L89,空無邊處天
1641,第5门,色無色天門,卷3,非想非非想處天,那阿,那,见烦恼,阿,施善,不行·安住本位,,,安住,,「那」表见烦恼、「阿」表施善。此天唯耽暗定，故不行。,手工逐组（门1–14 手写）,通則,,其餘位中。以阿彌陀善。與那謨惡相為對治。二俱無力。所以並不行也。,《選佛譜》卷第一・見取・L57,見取
1642,第5门,色無色天門,卷3,非想非非想處天,那彌,那,见烦恼,彌,戒善,不行·安住本位,,,安住,,「那」表见烦恼、「彌」表戒善。此天唯耽暗定，故不行。,手工逐组（门1–14 手写）,通則,,其餘位中。以阿彌陀善。與那謨惡相為對治。二俱無力。所以並不行也。,《選佛譜》卷第一・見取・L57,見取
1643,第5门,色無色天門,卷3,非想非非想處天,那陀,那,见烦恼,陀,定善,不行·安住本位,,,安住,,「那」表见烦恼、「陀」表定善。此天唯耽暗定，故不行。,手工逐组（门1–14 手写）,通則,,其餘位中。以阿彌陀善。與那謨惡相為對治。二俱無力。所以並不行也。,《選佛譜》卷第一・見取・L57,見取
1644,第5门,色無色天門,卷3,非想非非想處天,那佛,那,见烦恼,佛,无漏善慧,行,十種仙,第4门,降,,「那」表见烦恼、「佛」表无漏善慧。虽仗佛力不堕三涂，而身见重故还为十种仙。,手工逐组（门1–14 手写）,承注,,那佛。謨佛。雖仗佛力。不墮三塗。一則身見重故。還為十仙。一則起欲染故。仍生此地。,《選佛譜》卷第三・空無邊處天・L89,空無邊處天
1645,第5门,色無色天門,卷3,非想非非想處天,謨謨,謨,爱烦恼,謨,爱烦恼,行,少財鬼,第3门,降,,「謨謨」二字俱表爱烦恼。穷空不归、迷漏无闻，故堕少财鬼。,手工逐组（门1–14 手写）,承注,,窮空不歸。迷漏無聞。故那那等墮三惡趣。,《選佛譜》卷第三・空無邊處天・L89,空無邊處天
1646,第5门,色無色天門,卷3,非想非非想處天,謨阿,謨,爱烦恼,阿,施善,不行·安住本位,,,安住,,「謨」表爱烦恼、「阿」表施善。此天唯耽暗定，故不行。,手工逐组（门1–14 手写）,通則,,其餘位中。以阿彌陀善。與那謨惡相為對治。二俱無力。所以並不行也。,《選佛譜》卷第一・見取・L57,見取
1647,第5门,色無色天門,卷3,非想非非想處天,謨彌,謨,爱烦恼,彌,戒善,不行·安住本位,,,安住,,「謨」表爱烦恼、「彌」表戒善。此天唯耽暗定，故不行。,手工逐组（门1–14 手写）,通則,,其餘位中。以阿彌陀善。與那謨惡相為對治。二俱無力。所以並不行也。,《選佛譜》卷第一・見取・L57,見取
1648,第5门,色無色天門,卷3,非想非非想處天,謨陀,謨,爱烦恼,陀,定善,不行·安住本位,,,安住,,「謨」表爱烦恼、「陀」表定善。此天唯耽暗定，故不行。,手工逐组（门1–14 手写）,通則,,其餘位中。以阿彌陀善。與那謨惡相為對治。二俱無力。所以並不行也。,《選佛譜》卷第一・見取・L57,見取
1649,第5门,色無色天門,卷3,非想非非想處天,謨佛,謨,爱烦恼,佛,无漏善慧,行,南贍部洲,第4门,降,,「謨」表爱烦恼、「佛」表无漏善慧。虽仗佛力不堕三涂，而起欲染故还生南赡部洲。,手工逐组（门1–14 手写）,承注,,那佛。謨佛。雖仗佛力。不墮三塗。一則身見重故。還為十仙。一則起欲染故。仍生此地。,《選佛譜》卷第三・空無邊處天・L89,空無邊處天
1650,第5门,色無色天門,卷3,非想非非想處天,阿阿,阿,施善,阿,施善,不行·安住本位,,,安住,,「阿阿」二字俱表施善。此天唯耽暗定，故不行。,手工逐组（门1–14 手写）,承注,,唯耽暗定。故阿阿等三不行。,《選佛譜》卷第三・空無邊處天・L89,空無邊處天
1651,第5门,色無色天門,卷3,非想非非想處天,阿彌,阿,施善,彌,戒善,不行·安住本位,,,安住,,「阿」表施善、「彌」表戒善。此天唯耽暗定，故不行。,手工逐组（门1–14 手写）,承注,,唯耽暗定。故阿阿等三不行。,《選佛譜》卷第三・空無邊處天・L89,空無邊處天
1652,第5门,色無色天門,卷3,非想非非想處天,阿陀,阿,施善,陀,定善,不行·安住本位,,,安住,,「阿」表施善、「陀」表定善。此天居三有极顶，更无可进，故不行。,手工逐组（门1–14 手写）,直說,居三有極頂。更無可進。故阿陀等不行。,居三有極頂。更無可進。故阿陀等不行。,《選佛譜》卷第三・非想非非想處天・L101,非想非非想處天
1653,第5门,色無色天門,卷3,非想非非想處天,阿佛,阿,施善,佛,无漏善慧,行,四果阿羅漢,第10门,升,,「阿」表施善、「佛」表无漏善慧。无漏善根成熟，退借无所有定发真，顿断见惑及余残思，成四果阿罗汉。,手工逐组（门1–14 手写）,直說,問。毗婆沙論。明有頂不發無漏。如何阿佛得證四果。答。若遇阿佛。表其無漏善根成熟即退借無所有定發真。頓斷見惑及餘殘思。出三界也。,問。毗婆沙論。明有頂不發無漏。如何阿佛得證四果。答。若遇阿佛。表其無漏善根成熟即退借無所有定發真。頓斷見惑及餘殘思。出三界也。,《選佛譜》卷第三・非想非非想處天・L101,非想非非想處天
1654,第5门,色無色天門,卷3,非想非非想處天,彌彌,彌,戒善,彌,戒善,不行·安住本位,,,安住,,「彌彌」二字俱表戒善。此天唯耽暗定，故不行。,手工逐组（门1–14 手写）,承注,,唯耽暗定。故阿阿等三不行。,《選佛譜》卷第三・空無邊處天・L89,空無邊處天
1655,第5门,色無色天門,卷3,非想非非想處天,彌陀,彌,戒善,陀,定善,不行·安住本位,,,安住,,「彌」表戒善、「陀」表定善。此天居三有极顶，更无可进，故不行。,手工逐组（门1–14 手写）,直說,居三有極頂。更無可進。故阿陀等不行。,居三有極頂。更無可進。故阿陀等不行。,《選佛譜》卷第三・非想非非想處天・L101,非想非非想處天
1656,第5门,色無色天門,卷3,非想非非想處天,彌佛,彌,戒善,佛,无漏善慧,行,七已辦地,第11门,升,,「彌」表戒善、「佛」表无漏善慧。于无生门出三界，故入七已办地。,手工逐组（门1–14 手写）,承注,,彌佛忽悟即空。故成衍門離欲。,《選佛譜》卷第三・空無邊處天・L89,空無邊處天
1657,第5门,色無色天門,卷3,非想非非想處天,陀陀,陀,定善,陀,定善,不行·安住本位,,,安住,,「陀陀」二字俱表定善。此天居三有极顶，更无可进，故不行。,手工逐组（门1–14 手写）,直說,居三有極頂。更無可進。故阿陀等不行。,居三有極頂。更無可進。故阿陀等不行。,《選佛譜》卷第三・非想非非想處天・L101,非想非非想處天
1658,第5门,色無色天門,卷3,非想非非想處天,陀佛,陀,定善,佛,无漏善慧,行,七不退住,第12门,升,,「陀」表定善、「佛」表无漏善慧。次第门中见思先尽，故入七不退住。,手工逐组（门1–14 手写）,承注,,陀佛。於次第門。准位應同六住。名為正心。,《選佛譜》卷第三・空無邊處天・L89,空無邊處天
1659,第5门,色無色天門,卷3,非想非非想處天,佛佛,佛,无漏善慧,佛,无漏善慧,行,王三昧,第8门,升,,「佛佛」二字俱表无漏善慧。观空实相，能入三昧中王，名之为我，故入王三昧。,手工逐组（门1–14 手写）,承注,其王三昧。名之為我。,佛佛觀空實相能入三昧中王。名為無礙,《選佛譜》卷第三・空無邊處天・L89,空無邊處天
1660,第5门,色無色天門,卷3,鈍根阿那含,那那,那,界外见惑,那,界外见惑,不行·安住本位,,,安住,,「那那」二字俱表界外见惑。阿那含只是不再受生欲界，尚未断尽上界思惑；这种无明又使他沉空滞寂，本掷没有佛慧断有顶微细俱生惑，故不行、安住本位。他在无色界迟出生死，不同于凡夫外道由见思惑所发的有漏不动业而受生。,手工逐组（门1–14 手写）,推演,,"三果聖人。斷下四地思盡得第四禪。於中有二根性。……二者樂定。則修四空定。生無色界。……樂定根鈍。故於無色界遲出生死也。
生死因者。由見思惑所發善惡不動諸有漏業。皆是三界受生因也。
此即四空界攝。無別處所。不同淨居。別為一有。然雖在無色界。不同凡夫外道。仍受輪迴。是故須別明之。
那佛謨佛皆四果者。一遇佛字。便是金剛喻定。能斷有頂微細俱生惑也。……此那謨字。正表界外見愛。所謂無明別惑。由此無明。沈空滯寂。故為定性聲聞。","《選佛譜》卷第三・鈍根阿那含・L105
《選佛譜》卷第五・發聲聞心・L17
《選佛譜》卷第三・鈍根阿那含・L105
《選佛譜》卷第三・鈍根阿那含・L105",鈍根阿那含、發聲聞心
1661,第5门,色無色天門,卷3,鈍根阿那含,那謨,那,界外见惑,謨,界外爱惑,不行·安住本位,,,安住,,「那」表界外见惑、「謨」表界外爱惑。阿那含只是不再受生欲界，尚未断尽上界思惑；这种无明又使他沉空滞寂，本掷没有佛慧断有顶微细俱生惑，故不行、安住本位。他在无色界迟出生死，不同于凡夫外道由见思惑所发的有漏不动业而受生。,手工逐组（门1–14 手写）,推演,,"三果聖人。斷下四地思盡得第四禪。於中有二根性。……二者樂定。則修四空定。生無色界。……樂定根鈍。故於無色界遲出生死也。
生死因者。由見思惑所發善惡不動諸有漏業。皆是三界受生因也。
此即四空界攝。無別處所。不同淨居。別為一有。然雖在無色界。不同凡夫外道。仍受輪迴。是故須別明之。
那佛謨佛皆四果者。一遇佛字。便是金剛喻定。能斷有頂微細俱生惑也。……此那謨字。正表界外見愛。所謂無明別惑。由此無明。沈空滯寂。故為定性聲聞。","《選佛譜》卷第三・鈍根阿那含・L105
《選佛譜》卷第五・發聲聞心・L17
《選佛譜》卷第三・鈍根阿那含・L105
《選佛譜》卷第三・鈍根阿那含・L105",鈍根阿那含、發聲聞心
1662,第5门,色無色天門,卷3,鈍根阿那含,那阿,那,界外见惑,阿,施善,不行·安住本位,,,安住,,「那」表界外见惑、「阿」表施善。界外见惑与施善相为对治，二者都无力胜出；本掷又没有佛慧断有顶微细俱生惑，故不行、安住本位。,手工逐组（门1–14 手写）,通則,,其餘位中。以阿彌陀善。與那謨惡相為對治。二俱無力。所以並不行也。,《選佛譜》卷第一・見取・L57,見取
1663,第5门,色無色天門,卷3,鈍根阿那含,那彌,那,界外见惑,彌,戒善,不行·安住本位,,,安住,,「那」表界外见惑、「彌」表戒善。界外见惑与戒善相为对治，二者都无力胜出；本掷又没有佛慧断有顶微细俱生惑，故不行、安住本位。,手工逐组（门1–14 手写）,通則,,其餘位中。以阿彌陀善。與那謨惡相為對治。二俱無力。所以並不行也。,《選佛譜》卷第一・見取・L57,見取
1664,第5门,色無色天門,卷3,鈍根阿那含,那陀,那,界外见惑,陀,定善,不行·安住本位,,,安住,,「那」表界外见惑、「陀」表定善。界外见惑与定善相为对治，二者都无力胜出；本掷又没有佛慧断有顶微细俱生惑，故不行、安住本位。,手工逐组（门1–14 手写）,通則,,其餘位中。以阿彌陀善。與那謨惡相為對治。二俱無力。所以並不行也。,《選佛譜》卷第一・見取・L57,見取
1665,第5门,色無色天門,卷3,鈍根阿那含,那佛,那,界外见惑,佛,无漏善慧,行,四果阿羅漢,第10门,升,,「那」表界外见惑、「佛」表无漏善慧。此表界外无明别惑，一遇佛字便是金刚喻定，故成四果阿罗汉。,手工逐组（门1–14 手写）,直說,那佛謨佛皆四果者。一遇佛字。便是金剛喻定。能斷有頂微細俱生惑也。問。那謨二字既表見愛。若有見愛。何成四果。答。界內見惑。初果先已斷盡。界內愛染。四空之所存者無幾。今遇佛字。安得不斷。此那謨字。正表界外見愛。所謂無明別惑。由此無明。沈空滯寂。故為定性聲聞。設非無明所障。何不入摩訶衍。,那佛謨佛皆四果者。一遇佛字。便是金剛喻定。能斷有頂微細俱生惑也。問。那謨二字既表見愛。若有見愛。何成四果。答。界內見惑。初果先已斷盡。界內愛染。四空之所存者無幾。今遇佛字。安得不斷。此那謨字。正表界外見愛。所謂無明別惑。由此無明。沈空滯寂。故為定性聲聞。設非無明所障。何不入摩訶衍。,《選佛譜》卷第三・鈍根阿那含・L105,鈍根阿那含
1666,第5门,色無色天門,卷3,鈍根阿那含,謨謨,謨,界外爱惑,謨,界外爱惑,不行·安住本位,,,安住,,「謨謨」二字俱表界外爱惑。阿那含只是不再受生欲界，尚未断尽上界思惑；这种无明又使他沉空滞寂，本掷没有佛慧断有顶微细俱生惑，故不行、安住本位。他在无色界迟出生死，不同于凡夫外道由见思惑所发的有漏不动业而受生。,手工逐组（门1–14 手写）,推演,,"三果聖人。斷下四地思盡得第四禪。於中有二根性。……二者樂定。則修四空定。生無色界。……樂定根鈍。故於無色界遲出生死也。
生死因者。由見思惑所發善惡不動諸有漏業。皆是三界受生因也。
此即四空界攝。無別處所。不同淨居。別為一有。然雖在無色界。不同凡夫外道。仍受輪迴。是故須別明之。
那佛謨佛皆四果者。一遇佛字。便是金剛喻定。能斷有頂微細俱生惑也。……此那謨字。正表界外見愛。所謂無明別惑。由此無明。沈空滯寂。故為定性聲聞。","《選佛譜》卷第三・鈍根阿那含・L105
《選佛譜》卷第五・發聲聞心・L17
《選佛譜》卷第三・鈍根阿那含・L105
《選佛譜》卷第三・鈍根阿那含・L105",鈍根阿那含、發聲聞心
1667,第5门,色無色天門,卷3,鈍根阿那含,謨阿,謨,界外爱惑,阿,施善,不行·安住本位,,,安住,,「謨」表界外爱惑、「阿」表施善。界外爱惑与施善相为对治，二者都无力胜出；本掷又没有佛慧断有顶微细俱生惑，故不行、安住本位。,手工逐组（门1–14 手写）,通則,,其餘位中。以阿彌陀善。與那謨惡相為對治。二俱無力。所以並不行也。,《選佛譜》卷第一・見取・L57,見取
1668,第5门,色無色天門,卷3,鈍根阿那含,謨彌,謨,界外爱惑,彌,戒善,不行·安住本位,,,安住,,「謨」表界外爱惑、「彌」表戒善。界外爱惑与戒善相为对治，二者都无力胜出；本掷又没有佛慧断有顶微细俱生惑，故不行、安住本位。,手工逐组（门1–14 手写）,通則,,其餘位中。以阿彌陀善。與那謨惡相為對治。二俱無力。所以並不行也。,《選佛譜》卷第一・見取・L57,見取
1669,第5门,色無色天門,卷3,鈍根阿那含,謨陀,謨,界外爱惑,陀,定善,不行·安住本位,,,安住,,「謨」表界外爱惑、「陀」表定善。界外爱惑与定善相为对治，二者都无力胜出；本掷又没有佛慧断有顶微细俱生惑，故不行、安住本位。,手工逐组（门1–14 手写）,通則,,其餘位中。以阿彌陀善。與那謨惡相為對治。二俱無力。所以並不行也。,《選佛譜》卷第一・見取・L57,見取
1670,第5门,色無色天門,卷3,鈍根阿那含,謨佛,謨,界外爱惑,佛,无漏善慧,行,四果阿羅漢,第10门,升,,「謨」表界外爱惑、「佛」表无漏善慧。此表界外无明别惑，一遇佛字便断有顶微细俱生惑，成四果阿罗汉。,手工逐组（门1–14 手写）,直說,那佛謨佛皆四果者。一遇佛字。便是金剛喻定。能斷有頂微細俱生惑也。問。那謨二字既表見愛。若有見愛。何成四果。答。界內見惑。初果先已斷盡。界內愛染。四空之所存者無幾。今遇佛字。安得不斷。此那謨字。正表界外見愛。所謂無明別惑。由此無明。沈空滯寂。故為定性聲聞。設非無明所障。何不入摩訶衍。,那佛謨佛皆四果者。一遇佛字。便是金剛喻定。能斷有頂微細俱生惑也。問。那謨二字既表見愛。若有見愛。何成四果。答。界內見惑。初果先已斷盡。界內愛染。四空之所存者無幾。今遇佛字。安得不斷。此那謨字。正表界外見愛。所謂無明別惑。由此無明。沈空滯寂。故為定性聲聞。設非無明所障。何不入摩訶衍。,《選佛譜》卷第三・鈍根阿那含・L105,鈍根阿那含
1671,第5门,色無色天門,卷3,鈍根阿那含,阿阿,阿,施善,阿,施善,不行·安住本位,,,安住,,「阿阿」二字俱表施善。此位唯以四空定寄居无色界，散善不复能进，故不行。,手工逐组（门1–14 手写）,直說,,三果聖人。……斷下四地思盡得第四禪。……二者樂定。則修四空定。生無色界。……樂定根鈍。故於無色界遲出生死也。,《選佛譜》卷第三・鈍根阿那含・L105,鈍根阿那含
1672,第5门,色無色天門,卷3,鈍根阿那含,阿彌,阿,施善,彌,戒善,不行·安住本位,,,安住,,「阿」表施善、「彌」表戒善。此位唯以四空定寄居无色界，散善不复能进，故不行。,手工逐组（门1–14 手写）,直說,,三果聖人。……斷下四地思盡得第四禪。……二者樂定。則修四空定。生無色界。……樂定根鈍。故於無色界遲出生死也。,《選佛譜》卷第三・鈍根阿那含・L105,鈍根阿那含
1673,第5门,色無色天門,卷3,鈍根阿那含,阿陀,阿,施善,陀,定善,不行·安住本位,,,安住,,「阿」表施善、「陀」表定善。此位唯以四空定寄居无色界，散善不复能进，故不行。,手工逐组（门1–14 手写）,直說,,三果聖人。……斷下四地思盡得第四禪。……二者樂定。則修四空定。生無色界。……樂定根鈍。故於無色界遲出生死也。,《選佛譜》卷第三・鈍根阿那含・L105,鈍根阿那含
1674,第5门,色無色天門,卷3,鈍根阿那含,阿佛,阿,施善,佛,无漏善慧,行,師子奮迅三昧,第8门,升,,「阿」表施善、「佛」表无漏善慧。顺其乐定之习，故入熏禅，增长出世功德，得师子奋迅三昧。,手工逐组（门1–14 手写）,直說,阿佛。彌佛。順其樂定之習。故入熏修兩禪。增長出世功德。,阿佛。彌佛。順其樂定之習。故入熏修兩禪。增長出世功德。,《選佛譜》卷第三・鈍根阿那含・L105,鈍根阿那含
1675,第5门,色無色天門,卷3,鈍根阿那含,彌彌,彌,戒善,彌,戒善,不行·安住本位,,,安住,,「彌彌」二字俱表戒善。此位唯以四空定寄居无色界，散善不复能进，故不行。,手工逐组（门1–14 手写）,直說,,三果聖人。……斷下四地思盡得第四禪。……二者樂定。則修四空定。生無色界。……樂定根鈍。故於無色界遲出生死也。,《選佛譜》卷第三・鈍根阿那含・L105,鈍根阿那含
1676,第5门,色無色天門,卷3,鈍根阿那含,彌陀,彌,戒善,陀,定善,不行·安住本位,,,安住,,「彌」表戒善、「陀」表定善。此位唯以四空定寄居无色界，散善不复能进，故不行。,手工逐组（门1–14 手写）,直說,,三果聖人。……斷下四地思盡得第四禪。……二者樂定。則修四空定。生無色界。……樂定根鈍。故於無色界遲出生死也。,《選佛譜》卷第三・鈍根阿那含・L105,鈍根阿那含
1677,第5门,色無色天門,卷3,鈍根阿那含,彌佛,彌,戒善,佛,无漏善慧,行,超越三昧,第8门,升,,「彌」表戒善、「佛」表无漏善慧。顺其乐定之习，故入修禅，增长出世功德，得超越三昧。,手工逐组（门1–14 手写）,直說,阿佛。彌佛。順其樂定之習。故入熏修兩禪。增長出世功德。,阿佛。彌佛。順其樂定之習。故入熏修兩禪。增長出世功德。,《選佛譜》卷第三・鈍根阿那含・L105,鈍根阿那含
1678,第5门,色無色天門,卷3,鈍根阿那含,陀陀,陀,定善,陀,定善,不行·安住本位,,,安住,,「陀陀」二字俱表定善。此位唯以四空定寄居无色界，散善不复能进，故不行。,手工逐组（门1–14 手写）,直說,,三果聖人。……斷下四地思盡得第四禪。……二者樂定。則修四空定。生無色界。……樂定根鈍。故於無色界遲出生死也。,《選佛譜》卷第三・鈍根阿那含・L105,鈍根阿那含
1679,第5门,色無色天門,卷3,鈍根阿那含,陀佛,陀,定善,佛,无漏善慧,行,圓十信位,第13门,升,,「陀」表定善、「佛」表无漏善慧。定慧均平，故按位入圆，入圆十信位。,手工逐组（门1–14 手写）,直說,陀佛定慧均平。故按位入圓。,陀佛定慧均平。故按位入圓。,《選佛譜》卷第三・鈍根阿那含・L105,鈍根阿那含
1680,第5门,色無色天門,卷3,鈍根阿那含,佛佛,佛,无漏善慧,佛,无漏善慧,行,圓十住位,第13门,升,,「佛佛」二字俱表无漏善慧。纯是佛慧，故胜进入圆，入圆十住位。,手工逐组（门1–14 手写）,直說,佛佛純是佛慧。故勝進入圓。,佛佛純是佛慧。故勝進入圓。,《選佛譜》卷第三・鈍根阿那含・L105,鈍根阿那含
1681,第6门,生善滅惡門,卷3,聽法雜眾,那那,那,见烦恼,那,见烦恼,不行·安住本位,,,安住,,「那那」二字俱表见烦恼。正听法时对治见思，令不现起，故不行。,手工逐组（门1–14 手写）,直說,正聽法時。對治見思。令不現起。故那那等不行。,正聽法時。對治見思。令不現起。故那那等不行。,《選佛譜》卷第三・聽法雜眾・L115,聽法雜眾
1682,第6门,生善滅惡門,卷3,聽法雜眾,那謨,那,见烦恼,謨,爱烦恼,不行·安住本位,,,安住,,「那」表见烦恼、「謨」表爱烦恼。正听法时对治见思，令不现起，故不行。,手工逐组（门1–14 手写）,直說,正聽法時。對治見思。令不現起。故那那等不行。,正聽法時。對治見思。令不現起。故那那等不行。,《選佛譜》卷第三・聽法雜眾・L115,聽法雜眾
1683,第6门,生善滅惡門,卷3,聽法雜眾,那阿,那,见烦恼,阿,施善,不行·安住本位,,,安住,,「那」表见烦恼、「阿」表施善。正听法时对治见思，令不现起，故不行。,手工逐组（门1–14 手写）,通則,正聽法時。對治見思。令不現起。故那那等不行。,其餘位中。以阿彌陀善。與那謨惡相為對治。二俱無力。所以並不行也。,《選佛譜》卷第一・見取・L57,見取
1684,第6门,生善滅惡門,卷3,聽法雜眾,那彌,那,见烦恼,彌,戒善,不行·安住本位,,,安住,,「那」表见烦恼、「彌」表戒善。正听法时对治见思，令不现起，故不行。,手工逐组（门1–14 手写）,通則,正聽法時。對治見思。令不現起。故那那等不行。,其餘位中。以阿彌陀善。與那謨惡相為對治。二俱無力。所以並不行也。,《選佛譜》卷第一・見取・L57,見取
1685,第6门,生善滅惡門,卷3,聽法雜眾,那陀,那,见烦恼,陀,定善,不行·安住本位,,,安住,,「那」表见烦恼、「陀」表定善。正听法时对治见思，令不现起，故不行。,手工逐组（门1–14 手写）,通則,正聽法時。對治見思。令不現起。故那那等不行。,其餘位中。以阿彌陀善。與那謨惡相為對治。二俱無力。所以並不行也。,《選佛譜》卷第一・見取・L57,見取
1686,第6门,生善滅惡門,卷3,聽法雜眾,那佛,那,见烦恼,佛,无漏善慧,行,發聲聞心,第9门,升,,「那」表见烦恼、「佛」表无漏善慧。生出世无漏善根，即解三乘四教，故发声闻心。,手工逐组（门1–14 手写）,直說,若生出世無漏善根。即解三乘四教。如那佛至佛佛等。,若生出世無漏善根。即解三乘四教。如那佛至佛佛等。,《選佛譜》卷第三・聽法雜眾・L115,聽法雜眾
1687,第6门,生善滅惡門,卷3,聽法雜眾,謨謨,謨,爱烦恼,謨,爱烦恼,不行·安住本位,,,安住,,「謨謨」二字俱表爱烦恼。正听法时对治见思，令不现起，故不行。,手工逐组（门1–14 手写）,直說,正聽法時。對治見思。令不現起。故那那等不行。,正聽法時。對治見思。令不現起。故那那等不行。,《選佛譜》卷第三・聽法雜眾・L115,聽法雜眾
1688,第6门,生善滅惡門,卷3,聽法雜眾,謨阿,謨,爱烦恼,阿,施善,不行·安住本位,,,安住,,「謨」表爱烦恼、「阿」表施善。正听法时对治见思，令不现起，故不行。,手工逐组（门1–14 手写）,通則,正聽法時。對治見思。令不現起。故那那等不行。,其餘位中。以阿彌陀善。與那謨惡相為對治。二俱無力。所以並不行也。,《選佛譜》卷第一・見取・L57,見取
1689,第6门,生善滅惡門,卷3,聽法雜眾,謨彌,謨,爱烦恼,彌,戒善,不行·安住本位,,,安住,,「謨」表爱烦恼、「彌」表戒善。正听法时对治见思，令不现起，故不行。,手工逐组（门1–14 手写）,通則,正聽法時。對治見思。令不現起。故那那等不行。,其餘位中。以阿彌陀善。與那謨惡相為對治。二俱無力。所以並不行也。,《選佛譜》卷第一・見取・L57,見取
1690,第6门,生善滅惡門,卷3,聽法雜眾,謨陀,謨,爱烦恼,陀,定善,不行·安住本位,,,安住,,「謨」表爱烦恼、「陀」表定善。正听法时对治见思，令不现起，故不行。,手工逐组（门1–14 手写）,通則,正聽法時。對治見思。令不現起。故那那等不行。,其餘位中。以阿彌陀善。與那謨惡相為對治。二俱無力。所以並不行也。,《選佛譜》卷第一・見取・L57,見取
1691,第6门,生善滅惡門,卷3,聽法雜眾,謨佛,謨,爱烦恼,佛,无漏善慧,行,發辟支佛心,第9门,升,,「謨」表爱烦恼、「佛」表无漏善慧。生出世无漏善根，即解三乘四教，故发辟支佛心。,手工逐组（门1–14 手写）,直說,若生出世無漏善根。即解三乘四教。如那佛至佛佛等。,若生出世無漏善根。即解三乘四教。如那佛至佛佛等。,《選佛譜》卷第三・聽法雜眾・L115,聽法雜眾
1692,第6门,生善滅惡門,卷3,聽法雜眾,阿阿,阿,施善,阿,施善,行,南贍部洲,第4门,升,,「阿阿」二字俱表施善。生世间有漏善根，即感人天乐报，故生南赡部洲。,手工逐组（门1–14 手写）,直說,若生世間有漏善根。即感人天樂報。如阿阿至陀陀等。,若生世間有漏善根。即感人天樂報。如阿阿至陀陀等。,《選佛譜》卷第三・聽法雜眾・L115,聽法雜眾
1693,第6门,生善滅惡門,卷3,聽法雜眾,阿彌,阿,施善,彌,戒善,行,四王天,第4门,升,,「阿」表施善、「彌」表戒善。生世间有漏善根，即感人天乐报，故生四王天。,手工逐组（门1–14 手写）,直說,若生世間有漏善根。即感人天樂報。如阿阿至陀陀等。,若生世間有漏善根。即感人天樂報。如阿阿至陀陀等。,《選佛譜》卷第三・聽法雜眾・L115,聽法雜眾
1694,第6门,生善滅惡門,卷3,聽法雜眾,阿陀,阿,施善,陀,定善,行,忉利天,第4门,升,,「阿」表施善、「陀」表定善。生世间有漏善根，即感人天乐报，故生忉利天。,手工逐组（门1–14 手写）,直說,若生世間有漏善根。即感人天樂報。如阿阿至陀陀等。,若生世間有漏善根。即感人天樂報。如阿阿至陀陀等。,《選佛譜》卷第三・聽法雜眾・L115,聽法雜眾
1695,第6门,生善滅惡門,卷3,聽法雜眾,阿佛,阿,施善,佛,无漏善慧,行,事六度心,第9门,升,,「阿」表施善、「佛」表无漏善慧。生出世无漏善根，即解三乘四教，故发事六度心。,手工逐组（门1–14 手写）,直說,若生出世無漏善根。即解三乘四教。如那佛至佛佛等。,若生出世無漏善根。即解三乘四教。如那佛至佛佛等。,《選佛譜》卷第三・聽法雜眾・L115,聽法雜眾
1696,第6门,生善滅惡門,卷3,聽法雜眾,彌彌,彌,戒善,彌,戒善,行,忉利天,第4门,升,,「彌彌」二字俱表戒善。生世间有漏善根，即感人天乐报，故生忉利天。,手工逐组（门1–14 手写）,直說,若生世間有漏善根。即感人天樂報。如阿阿至陀陀等。,若生世間有漏善根。即感人天樂報。如阿阿至陀陀等。,《選佛譜》卷第三・聽法雜眾・L115,聽法雜眾
1697,第6门,生善滅惡門,卷3,聽法雜眾,彌陀,彌,戒善,陀,定善,行,夜摩天,第4门,升,,「彌」表戒善、「陀」表定善。生世间有漏善根，即感人天乐报，故生夜摩天。,手工逐组（门1–14 手写）,直說,若生世間有漏善根。即感人天樂報。如阿阿至陀陀等。,若生世間有漏善根。即感人天樂報。如阿阿至陀陀等。,《選佛譜》卷第三・聽法雜眾・L115,聽法雜眾
1698,第6门,生善滅惡門,卷3,聽法雜眾,彌佛,彌,戒善,佛,无漏善慧,行,體空觀,第9门,升,,「彌」表戒善、「佛」表无漏善慧。生出世无漏善根，即解三乘四教，故入体空观。,手工逐组（门1–14 手写）,直說,若生出世無漏善根。即解三乘四教。如那佛至佛佛等。,若生出世無漏善根。即解三乘四教。如那佛至佛佛等。,《選佛譜》卷第三・聽法雜眾・L115,聽法雜眾
1699,第6门,生善滅惡門,卷3,聽法雜眾,陀陀,陀,定善,陀,定善,行,兜率天,第4门,升,,「陀陀」二字俱表定善。生世间有漏善根，即感人天乐报，故生兜率天。,手工逐组（门1–14 手写）,直說,若生世間有漏善根。即感人天樂報。如阿阿至陀陀等。,若生世間有漏善根。即感人天樂報。如阿阿至陀陀等。,《選佛譜》卷第三・聽法雜眾・L115,聽法雜眾
1700,第6门,生善滅惡門,卷3,聽法雜眾,陀佛,陀,定善,佛,无漏善慧,行,次第三觀,第9门,升,,「陀」表定善、「佛」表无漏善慧。生出世无漏善根，即解三乘四教，故入次第三观。,手工逐组（门1–14 手写）,直說,若生出世無漏善根。即解三乘四教。如那佛至佛佛等。,若生出世無漏善根。即解三乘四教。如那佛至佛佛等。,《選佛譜》卷第三・聽法雜眾・L115,聽法雜眾
1701,第6门,生善滅惡門,卷3,聽法雜眾,佛佛,佛,无漏善慧,佛,无漏善慧,行,圓頓妙觀,第9门,升,,「佛佛」二字俱表无漏善慧。生出世无漏善根，即解三乘四教，故入圆顿妙观。,手工逐组（门1–14 手写）,直說,若生出世無漏善根。即解三乘四教。如那佛至佛佛等。,若生出世無漏善根。即解三乘四教。如那佛至佛佛等。,《選佛譜》卷第三・聽法雜眾・L115,聽法雜眾
1702,第6门,生善滅惡門,卷3,護法八部,那那,那,见烦恼,那,见烦恼,不行·安住本位,,,安住,,「那那」二字俱表见烦恼。既护正法，能伏见思现行，故不行。,手工逐组（门1–14 手写）,直說,既護正法。能伏見思現行。故那那等不行。,既護正法。能伏見思現行。故那那等不行。,《選佛譜》卷第三・護法八部・L119,護法八部
1703,第6门,生善滅惡門,卷3,護法八部,那謨,那,见烦恼,謨,爱烦恼,不行·安住本位,,,安住,,「那」表见烦恼、「謨」表爱烦恼。既护正法，能伏见思现行，故不行。,手工逐组（门1–14 手写）,直說,既護正法。能伏見思現行。故那那等不行。,既護正法。能伏見思現行。故那那等不行。,《選佛譜》卷第三・護法八部・L119,護法八部
1704,第6门,生善滅惡門,卷3,護法八部,那阿,那,见烦恼,阿,施善,不行·安住本位,,,安住,,「那」表见烦恼、「阿」表施善。既护正法，能伏见思现行，故不行。,手工逐组（门1–14 手写）,通則,既護正法。能伏見思現行。故那那等不行。,其餘位中。以阿彌陀善。與那謨惡相為對治。二俱無力。所以並不行也。,《選佛譜》卷第一・見取・L57,見取
1705,第6门,生善滅惡門,卷3,護法八部,那彌,那,见烦恼,彌,戒善,不行·安住本位,,,安住,,「那」表见烦恼、「彌」表戒善。既护正法，能伏见思现行，故不行。,手工逐组（门1–14 手写）,通則,既護正法。能伏見思現行。故那那等不行。,其餘位中。以阿彌陀善。與那謨惡相為對治。二俱無力。所以並不行也。,《選佛譜》卷第一・見取・L57,見取
1706,第6门,生善滅惡門,卷3,護法八部,那陀,那,见烦恼,陀,定善,不行·安住本位,,,安住,,「那」表见烦恼、「陀」表定善。既护正法，能伏见思现行，故不行。,手工逐组（门1–14 手写）,通則,既護正法。能伏見思現行。故那那等不行。,其餘位中。以阿彌陀善。與那謨惡相為對治。二俱無力。所以並不行也。,《選佛譜》卷第一・見取・L57,見取
1707,第6门,生善滅惡門,卷3,護法八部,那佛,那,见烦恼,佛,无漏善慧,行,圓五品位,第13门,升,,「那」表见烦恼、「佛」表无漏善慧。虽有烦恼，如无烦恼，故为圆五品位。,手工逐组（门1–14 手写）,直說,那佛。謨佛。則雖有煩惱。如無煩惱。故為圓五品位。,那佛。謨佛。則雖有煩惱。如無煩惱。故為圓五品位。,《選佛譜》卷第三・護法八部・L119,護法八部
1708,第6门,生善滅惡門,卷3,護法八部,謨謨,謨,爱烦恼,謨,爱烦恼,不行·安住本位,,,安住,,「謨謨」二字俱表爱烦恼。既护正法，能伏见思现行，故不行。,手工逐组（门1–14 手写）,直說,既護正法。能伏見思現行。故那那等不行。,既護正法。能伏見思現行。故那那等不行。,《選佛譜》卷第三・護法八部・L119,護法八部
1709,第6门,生善滅惡門,卷3,護法八部,謨阿,謨,爱烦恼,阿,施善,不行·安住本位,,,安住,,「謨」表爱烦恼、「阿」表施善。既护正法，能伏见思现行，故不行。,手工逐组（门1–14 手写）,通則,既護正法。能伏見思現行。故那那等不行。,其餘位中。以阿彌陀善。與那謨惡相為對治。二俱無力。所以並不行也。,《選佛譜》卷第一・見取・L57,見取
1710,第6门,生善滅惡門,卷3,護法八部,謨彌,謨,爱烦恼,彌,戒善,不行·安住本位,,,安住,,「謨」表爱烦恼、「彌」表戒善。既护正法，能伏见思现行，故不行。,手工逐组（门1–14 手写）,通則,既護正法。能伏見思現行。故那那等不行。,其餘位中。以阿彌陀善。與那謨惡相為對治。二俱無力。所以並不行也。,《選佛譜》卷第一・見取・L57,見取
1711,第6门,生善滅惡門,卷3,護法八部,謨陀,謨,爱烦恼,陀,定善,不行·安住本位,,,安住,,「謨」表爱烦恼、「陀」表定善。既护正法，能伏见思现行，故不行。,手工逐组（门1–14 手写）,通則,既護正法。能伏見思現行。故那那等不行。,其餘位中。以阿彌陀善。與那謨惡相為對治。二俱無力。所以並不行也。,《選佛譜》卷第一・見取・L57,見取
1712,第6门,生善滅惡門,卷3,護法八部,謨佛,謨,爱烦恼,佛,无漏善慧,行,圓五品位,第13门,升,,「謨」表爱烦恼、「佛」表无漏善慧。虽有烦恼，如无烦恼，故为圆五品位。,手工逐组（门1–14 手写）,直說,那佛。謨佛。則雖有煩惱。如無煩惱。故為圓五品位。,那佛。謨佛。則雖有煩惱。如無煩惱。故為圓五品位。,《選佛譜》卷第三・護法八部・L119,護法八部
1713,第6门,生善滅惡門,卷3,護法八部,阿阿,阿,施善,阿,施善,行,初果須陀洹,第10门,升,,「阿阿」二字俱表施善。创悟生灭四谛，故成初果须陀洹。,手工逐组（门1–14 手写）,直說,阿阿。則創悟生滅四諦。故成初果,阿阿。則創悟生滅四諦。故成初果,《選佛譜》卷第三・護法八部・L119,護法八部
1714,第6门,生善滅惡門,卷3,護法八部,阿彌,阿,施善,彌,戒善,行,四見地,第11门,升,,「阿」表施善、「彌」表戒善。创观生即无生，故成四见地。,手工逐组（门1–14 手写）,直說,阿彌。則創觀生即無生。故成見地。,阿彌。則創觀生即無生。故成見地。,《選佛譜》卷第三・護法八部・L119,護法八部
1715,第6门,生善滅惡門,卷3,護法八部,阿陀,阿,施善,陀,定善,行,初發心住,第12门,升,,「阿」表施善、「陀」表定善。次第门中创见真谛，故为初发心住。,手工逐组（门1–14 手写）,直說,阿陀。則次第門中。創見真諦。故為初住。,阿陀。則次第門中。創見真諦。故為初住。,《選佛譜》卷第三・護法八部・L119,護法八部
1716,第6门,生善滅惡門,卷3,護法八部,阿佛,阿,施善,佛,无漏善慧,行,圓十信位,第13门,升,,「阿」表施善、「佛」表无漏善慧。粗垢任运先落，故成圆十信位。,手工逐组（门1–14 手写）,直說,阿佛。則麤垢任運先落。故為圓信。,阿佛。則麤垢任運先落。故為圓信。,《選佛譜》卷第三・護法八部・L119,護法八部
1717,第6门,生善滅惡門,卷3,護法八部,彌彌,彌,戒善,彌,戒善,行,五薄地,第11门,升,,「彌彌」二字俱表戒善。重虑无生，故成五薄地。,手工逐组（门1–14 手写）,直說,彌彌。則重慮無生。故成薄地。,彌彌。則重慮無生。故成薄地。,《選佛譜》卷第三・護法八部・L119,護法八部
1718,第6门,生善滅惡門,卷3,護法八部,彌陀,彌,戒善,陀,定善,行,七不退住,第12门,升,,「彌」表戒善、「陀」表定善。纯善定力，能别苦轮，故为七不退住。,手工逐组（门1–14 手写）,直說,彌陀。則純善定力。能別苦輪。故為七住。,彌陀。則純善定力。能別苦輪。故為七住。,《選佛譜》卷第三・護法八部・L119,護法八部
1719,第6门,生善滅惡門,卷3,護法八部,彌佛,彌,戒善,佛,无漏善慧,行,上品中生,第14门,横超,,「彌」表戒善、「佛」表无漏善慧。以戒定功德回向如来大愿海中，故得上品中生。,手工逐组（门1–14 手写）,直說,彌佛。陀佛。則以戒定功德。迴向如來大願海中。故生淨土。,彌佛。陀佛。則以戒定功德。迴向如來大願海中。故生淨土。,《選佛譜》卷第三・護法八部・L119,護法八部
1720,第6门,生善滅惡門,卷3,護法八部,陀陀,陀,定善,陀,定善,行,十灌頂住,第12门,升,,「陀陀」二字俱表定善。诸禅三昧，能达界内种种法门，故为十灌顶住。,手工逐组（门1–14 手写）,直說,陀陀。則諸禪三昧。能達界內種種法門。故為十住。,陀陀。則諸禪三昧。能達界內種種法門。故為十住。,《選佛譜》卷第三・護法八部・L119,護法八部
1721,第6门,生善滅惡門,卷3,護法八部,陀佛,陀,定善,佛,无漏善慧,行,上品上生,第14门,横超,,「陀」表定善、「佛」表无漏善慧。以戒定功德回向如来大愿海中，故得上品上生。,手工逐组（门1–14 手写）,直說,彌佛。陀佛。則以戒定功德。迴向如來大願海中。故生淨土。,彌佛。陀佛。則以戒定功德。迴向如來大願海中。故生淨土。,《選佛譜》卷第三・護法八部・L119,護法八部
1722,第6门,生善滅惡門,卷3,護法八部,佛佛,佛,无漏善慧,佛,无漏善慧,行,圓十住位,第13门,升,,「佛佛」二字俱表无漏善慧。开佛知见，为佛之所护念，故成圆十住位。,手工逐组（门1–14 手写）,直說,佛佛。則開佛知見。為佛之所護念。故成圓十住也。,佛佛。則開佛知見。為佛之所護念。故成圓十住也。,《選佛譜》卷第三・護法八部・L119,護法八部
1723,第6门,生善滅惡門,卷3,請法梵王,那那,那,见烦恼,那,见烦恼,不行·安住本位,,,安住,,「那那」二字俱表见烦恼。既已请转法轮，即便能伏烦恼，故不行。,手工逐组（门1–14 手写）,直說,既已請轉法輪。即便能伏煩惱。故那那等不行。,既已請轉法輪。即便能伏煩惱。故那那等不行。,《選佛譜》卷第三・請法梵王・L123,請法梵王
1724,第6门,生善滅惡門,卷3,請法梵王,那謨,那,见烦恼,謨,爱烦恼,不行·安住本位,,,安住,,「那」表见烦恼、「謨」表爱烦恼。既已请转法轮，即便能伏烦恼，故不行。,手工逐组（门1–14 手写）,直說,既已請轉法輪。即便能伏煩惱。故那那等不行。,既已請轉法輪。即便能伏煩惱。故那那等不行。,《選佛譜》卷第三・請法梵王・L123,請法梵王
1725,第6门,生善滅惡門,卷3,請法梵王,那阿,那,见烦恼,阿,施善,不行·安住本位,,,安住,,「那」表见烦恼、「阿」表施善。既已请转法轮，即便能伏烦恼，故不行。,手工逐组（门1–14 手写）,通則,既已請轉法輪。即便能伏煩惱。故那那等不行。,其餘位中。以阿彌陀善。與那謨惡相為對治。二俱無力。所以並不行也。,《選佛譜》卷第一・見取・L57,見取
1726,第6门,生善滅惡門,卷3,請法梵王,那彌,那,见烦恼,彌,戒善,不行·安住本位,,,安住,,「那」表见烦恼、「彌」表戒善。既已请转法轮，即便能伏烦恼，故不行。,手工逐组（门1–14 手写）,通則,既已請轉法輪。即便能伏煩惱。故那那等不行。,其餘位中。以阿彌陀善。與那謨惡相為對治。二俱無力。所以並不行也。,《選佛譜》卷第一・見取・L57,見取
1727,第6门,生善滅惡門,卷3,請法梵王,那陀,那,见烦恼,陀,定善,不行·安住本位,,,安住,,「那」表见烦恼、「陀」表定善。既已请转法轮，即便能伏烦恼，故不行。,手工逐组（门1–14 手写）,通則,既已請轉法輪。即便能伏煩惱。故那那等不行。,其餘位中。以阿彌陀善。與那謨惡相為對治。二俱無力。所以並不行也。,《選佛譜》卷第一・見取・L57,見取
1728,第6门,生善滅惡門,卷3,請法梵王,那佛,那,见烦恼,佛,无漏善慧,行,圓五品位,第13门,升,,「那」表见烦恼、「佛」表无漏善慧。具缚凡夫能知秘藏，故登圆五品位。,手工逐组（门1–14 手写）,直說,那佛。謨佛。則具縛凡夫。能知祕藏。故登五品。,那佛。謨佛。則具縛凡夫。能知祕藏。故登五品。,《選佛譜》卷第三・請法梵王・L123,請法梵王
1729,第6门,生善滅惡門,卷3,請法梵王,謨謨,謨,爱烦恼,謨,爱烦恼,不行·安住本位,,,安住,,「謨謨」二字俱表爱烦恼。既已请转法轮，即便能伏烦恼，故不行。,手工逐组（门1–14 手写）,直說,既已請轉法輪。即便能伏煩惱。故那那等不行。,既已請轉法輪。即便能伏煩惱。故那那等不行。,《選佛譜》卷第三・請法梵王・L123,請法梵王
1730,第6门,生善滅惡門,卷3,請法梵王,謨阿,謨,爱烦恼,阿,施善,不行·安住本位,,,安住,,「謨」表爱烦恼、「阿」表施善。既已请转法轮，即便能伏烦恼，故不行。,手工逐组（门1–14 手写）,通則,既已請轉法輪。即便能伏煩惱。故那那等不行。,其餘位中。以阿彌陀善。與那謨惡相為對治。二俱無力。所以並不行也。,《選佛譜》卷第一・見取・L57,見取
1731,第6门,生善滅惡門,卷3,請法梵王,謨彌,謨,爱烦恼,彌,戒善,不行·安住本位,,,安住,,「謨」表爱烦恼、「彌」表戒善。既已请转法轮，即便能伏烦恼，故不行。,手工逐组（门1–14 手写）,通則,既已請轉法輪。即便能伏煩惱。故那那等不行。,其餘位中。以阿彌陀善。與那謨惡相為對治。二俱無力。所以並不行也。,《選佛譜》卷第一・見取・L57,見取
1732,第6门,生善滅惡門,卷3,請法梵王,謨陀,謨,爱烦恼,陀,定善,不行·安住本位,,,安住,,「謨」表爱烦恼、「陀」表定善。既已请转法轮，即便能伏烦恼，故不行。,手工逐组（门1–14 手写）,通則,既已請轉法輪。即便能伏煩惱。故那那等不行。,其餘位中。以阿彌陀善。與那謨惡相為對治。二俱無力。所以並不行也。,《選佛譜》卷第一・見取・L57,見取
1733,第6门,生善滅惡門,卷3,請法梵王,謨佛,謨,爱烦恼,佛,无漏善慧,行,圓五品位,第13门,升,,「謨」表爱烦恼、「佛」表无漏善慧。具缚凡夫能知秘藏，故登圆五品位。,手工逐组（门1–14 手写）,直說,那佛。謨佛。則具縛凡夫。能知祕藏。故登五品。,那佛。謨佛。則具縛凡夫。能知祕藏。故登五品。,《選佛譜》卷第三・請法梵王・L123,請法梵王
1734,第6门,生善滅惡門,卷3,請法梵王,阿阿,阿,施善,阿,施善,行,三果阿那含,第10门,升,,「阿阿」二字俱表施善。创见四谛，先断欲尘，故成三果阿那含。,手工逐组（门1–14 手写）,直說,阿阿。則創見四諦。先斷欲塵。故成三果。,阿阿。則創見四諦。先斷欲塵。故成三果。,《選佛譜》卷第三・請法梵王・L123,請法梵王
1735,第6门,生善滅惡門,卷3,請法梵王,阿彌,阿,施善,彌,戒善,行,六離欲地,第11门,升,,「阿」表施善、「彌」表戒善。初悟即空，久离欲染，故成六离欲地。,手工逐组（门1–14 手写）,直說,阿彌。則初悟即空。久離欲染。成離欲地。,阿彌。則初悟即空。久離欲染。成離欲地。,《選佛譜》卷第三・請法梵王・L123,請法梵王
1736,第6门,生善滅惡門,卷3,請法梵王,阿陀,阿,施善,陀,定善,行,五方便具足住,第12门,升,,「阿」表施善、「陀」表定善。无量门中还齐三果，故为五方便具足住。,手工逐组（门1–14 手写）,直說,阿陀。則無量門中。還齊三果。故為五住。,阿陀。則無量門中。還齊三果。故為五住。,《選佛譜》卷第三・請法梵王・L123,請法梵王
1737,第6门,生善滅惡門,卷3,請法梵王,阿佛,阿,施善,佛,无漏善慧,行,圓十信位,第13门,升,,「阿」表施善、「佛」表无漏善慧。粗垢先落，能净六根，故成圆十信位。,手工逐组（门1–14 手写）,直說,阿佛。則麤垢先落。能淨六根。故成圓信。,阿佛。則麤垢先落。能淨六根。故成圓信。,《選佛譜》卷第三・請法梵王・L123,請法梵王
1738,第6门,生善滅惡門,卷3,請法梵王,彌彌,彌,戒善,彌,戒善,行,七已辦地,第11门,升,,「彌彌」二字俱表戒善。重虑即空，断余残使，故成七已办地。,手工逐组（门1–14 手写）,直說,彌彌。則重慮即空。斷餘殘使。成已辦地。,彌彌。則重慮即空。斷餘殘使。成已辦地。,《選佛譜》卷第三・請法梵王・L123,請法梵王
1739,第6门,生善滅惡門,卷3,請法梵王,彌陀,彌,戒善,陀,定善,行,十灌頂住,第12门,升,,「彌」表戒善、「陀」表定善。功行稍进，界内理明，故为十灌顶住。,手工逐组（门1–14 手写）,直說,彌陀。則功行稍進。界內理明。故為十住。,彌陀。則功行稍進。界內理明。故為十住。,《選佛譜》卷第三・請法梵王・L123,請法梵王
1740,第6门,生善滅惡門,卷3,請法梵王,彌佛,彌,戒善,佛,无漏善慧,行,上品上生,第14门,横超,,「彌」表戒善、「佛」表无漏善慧。慈心具戒，随佛往生，故得上品上生。,手工逐组（门1–14 手写）,直說,彌佛。則慈心具戒。隨佛往生。,彌佛。則慈心具戒。隨佛往生。,《選佛譜》卷第三・請法梵王・L123,請法梵王
1741,第6门,生善滅惡門,卷3,請法梵王,陀陀,陀,定善,陀,定善,行,十真實行,第12门,升,,「陀陀」二字俱表定善。三昧门中起诸幻化，故为十真实行。,手工逐组（门1–14 手写）,直說,陀陀。則三昧門中。起諸幻化。故為十行。,陀陀。則三昧門中。起諸幻化。故為十行。,《選佛譜》卷第三・請法梵王・L123,請法梵王
1742,第6门,生善滅惡門,卷3,請法梵王,陀佛,陀,定善,佛,无漏善慧,行,圓十住位,第13门,升,,「陀」表定善、「佛」表无漏善慧。定慧圆明，顿开佛眼，故入圆十住位。,手工逐组（门1–14 手写）,直說,陀佛。則定慧圓明。頓開佛眼。,陀佛。則定慧圓明。頓開佛眼。,《選佛譜》卷第三・請法梵王・L123,請法梵王
1743,第6门,生善滅惡門,卷3,請法梵王,佛佛,佛,无漏善慧,佛,无漏善慧,行,實報莊嚴淨土,第14门,横超,,「佛佛」二字俱表无漏善慧。以修显性，入无障碍法界，故生实报庄严净土。,手工逐组（门1–14 手写）,直說,佛佛。則以修顯性。入無障礙法界也。,佛佛。則以修顯性。入無障礙法界也。,《選佛譜》卷第三・請法梵王・L123,請法梵王
1744,第6门,生善滅惡門,卷3,作法懺,那那,那,见烦恼,那,见烦恼,行,上品十惡,第1门,降,,「那那」二字俱表见烦恼。烦恼习强，悔已复犯，遂成上品十恶。,手工逐组（门1–14 手写）,直說,那那等三。煩惱習強。悔已復犯。遂成三品十惡。,那那等三。煩惱習強。悔已復犯。遂成三品十惡。,《選佛譜》卷第三・作法懺・L127,作法懺
1745,第6门,生善滅惡門,卷3,作法懺,那謨,那,见烦恼,謨,爱烦恼,行,中品十惡,第1门,降,,「那」表见烦恼、「謨」表爱烦恼。烦恼习强，悔已复犯，遂成中品十恶。,手工逐组（门1–14 手写）,直說,那那等三。煩惱習強。悔已復犯。遂成三品十惡。,那那等三。煩惱習強。悔已復犯。遂成三品十惡。,《選佛譜》卷第三・作法懺・L127,作法懺
1746,第6门,生善滅惡門,卷3,作法懺,那阿,那,见烦恼,阿,施善,不行·安住本位,,,安住,,「那」表见烦恼、「阿」表施善。相为对治，二俱无力，故不行。,手工逐组（门1–14 手写）,通則,,其餘位中。以阿彌陀善。與那謨惡相為對治。二俱無力。所以並不行也。,《選佛譜》卷第一・見取・L57,見取
1747,第6门,生善滅惡門,卷3,作法懺,那彌,那,见烦恼,彌,戒善,不行·安住本位,,,安住,,「那」表见烦恼、「彌」表戒善。相为对治，二俱无力，故不行。,手工逐组（门1–14 手写）,通則,,其餘位中。以阿彌陀善。與那謨惡相為對治。二俱無力。所以並不行也。,《選佛譜》卷第一・見取・L57,見取
1748,第6门,生善滅惡門,卷3,作法懺,那陀,那,见烦恼,陀,定善,不行·安住本位,,,安住,,「那」表见烦恼、「陀」表定善。相为对治，二俱无力，故不行。,手工逐组（门1–14 手写）,通則,,其餘位中。以阿彌陀善。與那謨惡相為對治。二俱無力。所以並不行也。,《選佛譜》卷第一・見取・L57,見取
1749,第6门,生善滅惡門,卷3,作法懺,那佛,那,见烦恼,佛,无漏善慧,行,兜率天,第4门,升,,「那」表见烦恼、「佛」表无漏善慧。欲觐补处，得上四天，故生兜率天。,手工逐组（门1–14 手写）,直說,那佛。則欲覲補處得上四天。,那佛。則欲覲補處得上四天。,《選佛譜》卷第三・作法懺・L127,作法懺
1750,第6门,生善滅惡門,卷3,作法懺,謨謨,謨,爱烦恼,謨,爱烦恼,行,下品十惡,第1门,降,,「謨謨」二字俱表爱烦恼。烦恼习强，悔已复犯，遂成下品十恶。,手工逐组（门1–14 手写）,直說,那那等三。煩惱習強。悔已復犯。遂成三品十惡。,那那等三。煩惱習強。悔已復犯。遂成三品十惡。,《選佛譜》卷第三・作法懺・L127,作法懺
1751,第6门,生善滅惡門,卷3,作法懺,謨阿,謨,爱烦恼,阿,施善,不行·安住本位,,,安住,,「謨」表爱烦恼、「阿」表施善。相为对治，二俱无力，故不行。,手工逐组（门1–14 手写）,通則,,其餘位中。以阿彌陀善。與那謨惡相為對治。二俱無力。所以並不行也。,《選佛譜》卷第一・見取・L57,見取
1752,第6门,生善滅惡門,卷3,作法懺,謨彌,謨,爱烦恼,彌,戒善,不行·安住本位,,,安住,,「謨」表爱烦恼、「彌」表戒善。相为对治，二俱无力，故不行。,手工逐组（门1–14 手写）,通則,,其餘位中。以阿彌陀善。與那謨惡相為對治。二俱無力。所以並不行也。,《選佛譜》卷第一・見取・L57,見取
1753,第6门,生善滅惡門,卷3,作法懺,謨陀,謨,爱烦恼,陀,定善,不行·安住本位,,,安住,,「謨」表爱烦恼、「陀」表定善。相为对治，二俱无力，故不行。,手工逐组（门1–14 手写）,通則,,其餘位中。以阿彌陀善。與那謨惡相為對治。二俱無力。所以並不行也。,《選佛譜》卷第一・見取・L57,見取
1754,第6门,生善滅惡門,卷3,作法懺,謨佛,謨,爱烦恼,佛,无漏善慧,行,取相懺,第6门,升,,「謨」表爱烦恼、「佛」表无漏善慧。深觉过患，进修取相忏。,手工逐组（门1–14 手写）,直說,謨佛。則深覺過患進修取相。,謨佛。則深覺過患進修取相。,《選佛譜》卷第三・作法懺・L127,作法懺
1755,第6门,生善滅惡門,卷3,作法懺,阿阿,阿,施善,阿,施善,行,南贍部洲,第4门,升,,「阿阿」二字俱表施善。罪灭福生，不失人道，故生南赡部洲。,手工逐组（门1–14 手写）,直說,阿阿。則罪滅福生。不失人道。,阿阿。則罪滅福生。不失人道。,《選佛譜》卷第三・作法懺・L127,作法懺
1756,第6门,生善滅惡門,卷3,作法懺,阿彌,阿,施善,彌,戒善,行,鐵輪王,第4门,升,,「阿」表施善、「彌」表戒善。加以善力，堪作人王，故为铁轮王。,手工逐组（门1–14 手写）,直說,阿彌則加以善力。堪作人王。,阿彌則加以善力。堪作人王。,《選佛譜》卷第三・作法懺・L127,作法懺
1757,第6门,生善滅惡門,卷3,作法懺,阿陀,阿,施善,陀,定善,行,四王天,第4门,升,,「阿」表施善、「陀」表定善。十善稍增，能为护世，故生四王天。,手工逐组（门1–14 手写）,直說,彌彌。阿陀。則十善稍增能為護世。,彌彌。阿陀。則十善稍增能為護世。,《選佛譜》卷第三・作法懺・L127,作法懺
1758,第6门,生善滅惡門,卷3,作法懺,阿佛,阿,施善,佛,无漏善慧,行,無生懺,第6门,升,,「阿」表施善、「佛」表无漏善慧。欲拔罪本，直观无生，故入无生忏。,手工逐组（门1–14 手写）,直說,阿佛。則欲拔罪本。直觀無生。,阿佛。則欲拔罪本。直觀無生。,《選佛譜》卷第三・作法懺・L127,作法懺
1759,第6门,生善滅惡門,卷3,作法懺,彌彌,彌,戒善,彌,戒善,行,四王天,第4门,升,,「彌彌」二字俱表戒善。十善稍增，能为护世，故生四王天。,手工逐组（门1–14 手写）,直說,彌彌。阿陀。則十善稍增能為護世。,彌彌。阿陀。則十善稍增能為護世。,《選佛譜》卷第三・作法懺・L127,作法懺
1760,第6门,生善滅惡門,卷3,作法懺,彌陀,彌,戒善,陀,定善,行,忉利天,第4门,升,,「彌」表戒善、「陀」表定善。十善倍胜，忉利可生，故生忉利天。,手工逐组（门1–14 手写）,直說,彌陀。則十善倍勝。忉利可生。,彌陀。則十善倍勝。忉利可生。,《選佛譜》卷第三・作法懺・L127,作法懺
1761,第6门,生善滅惡門,卷3,作法懺,彌佛,彌,戒善,佛,无漏善慧,行,業清淨戒,第7门,升,,「彌」表戒善、「佛」表无漏善慧。忏力精纯，初登大乘净戒，故入业清净戒。,手工逐组（门1–14 手写）,直說,彌佛。則懺力精純。初登大乘淨戒。,彌佛。則懺力精純。初登大乘淨戒。,《選佛譜》卷第三・作法懺・L127,作法懺
1762,第6门,生善滅惡門,卷3,作法懺,陀陀,陀,定善,陀,定善,行,夜摩天,第4门,升,,「陀陀」二字俱表定善。资以定力，夜摩可往，故生夜摩天。,手工逐组（门1–14 手写）,直說,陀陀。則資以定力。夜摩可往。,陀陀。則資以定力。夜摩可往。,《選佛譜》卷第三・作法懺・L127,作法懺
1763,第6门,生善滅惡門,卷3,作法懺,陀佛,陀,定善,佛,无漏善慧,行,餘清淨戒,第7门,升,,「陀」表定善、「佛」表无漏善慧。摄心妙忏，能净无量律仪，故入余清净戒。,手工逐组（门1–14 手写）,直說,陀佛。則攝心妙懺。能淨無量律儀。,陀佛。則攝心妙懺。能淨無量律儀。,《選佛譜》卷第三・作法懺・L127,作法懺
1764,第6门,生善滅惡門,卷3,作法懺,佛佛,佛,无漏善慧,佛,无漏善慧,行,念清淨戒,第7门,升,,「佛佛」二字俱表无漏善慧。顿发无漏真明，永不忘失正念，故入念清净戒。,手工逐组（门1–14 手写）,直說,佛佛。則頓發無漏真明。永不忘失正念。,佛佛。則頓發無漏真明。永不忘失正念。,《選佛譜》卷第三・作法懺・L127,作法懺
1765,第6门,生善滅惡門,卷3,取相懺,那那,那,见烦恼,那,见烦恼,不行·安住本位,,,安住,,「那那」二字俱表见烦恼。既结坛仪，不起惑业，故不行。,手工逐组（门1–14 手写）,直說,既結壇儀。不起惑業。故那那等不行。,既結壇儀。不起惑業。故那那等不行。,《選佛譜》卷第三・取相懺・L131,取相懺
1766,第6门,生善滅惡門,卷3,取相懺,那謨,那,见烦恼,謨,爱烦恼,不行·安住本位,,,安住,,「那」表见烦恼、「謨」表爱烦恼。既结坛仪，不起惑业，故不行。,手工逐组（门1–14 手写）,直說,既結壇儀。不起惑業。故那那等不行。,既結壇儀。不起惑業。故那那等不行。,《選佛譜》卷第三・取相懺・L131,取相懺
1767,第6门,生善滅惡門,卷3,取相懺,那阿,那,见烦恼,阿,施善,不行·安住本位,,,安住,,「那」表见烦恼、「阿」表施善。既结坛仪，不起惑业，故不行。,手工逐组（门1–14 手写）,通則,既結壇儀。不起惑業。故那那等不行。,其餘位中。以阿彌陀善。與那謨惡相為對治。二俱無力。所以並不行也。,《選佛譜》卷第一・見取・L57,見取
1768,第6门,生善滅惡門,卷3,取相懺,那彌,那,见烦恼,彌,戒善,不行·安住本位,,,安住,,「那」表见烦恼、「彌」表戒善。既结坛仪，不起惑业，故不行。,手工逐组（门1–14 手写）,通則,既結壇儀。不起惑業。故那那等不行。,其餘位中。以阿彌陀善。與那謨惡相為對治。二俱無力。所以並不行也。,《選佛譜》卷第一・見取・L57,見取
1769,第6门,生善滅惡門,卷3,取相懺,那陀,那,见烦恼,陀,定善,不行·安住本位,,,安住,,「那」表见烦恼、「陀」表定善。既结坛仪，不起惑业，故不行。,手工逐组（门1–14 手写）,通則,既結壇儀。不起惑業。故那那等不行。,其餘位中。以阿彌陀善。與那謨惡相為對治。二俱無力。所以並不行也。,《選佛譜》卷第一・見取・L57,見取
1770,第6门,生善滅惡門,卷3,取相懺,那佛,那,见烦恼,佛,无漏善慧,行,願升內院,第9门,升,,「那」表见烦恼、「佛」表无漏善慧。求亲觐补处，故愿升内院。,手工逐组（门1–14 手写）,直說,那佛等二。則或求親覲補處或圖永侍慈尊。,那佛等二。則或求親覲補處或圖永侍慈尊。,《選佛譜》卷第三・取相懺・L131,取相懺
1771,第6门,生善滅惡門,卷3,取相懺,謨謨,謨,爱烦恼,謨,爱烦恼,不行·安住本位,,,安住,,「謨謨」二字俱表爱烦恼。既结坛仪，不起惑业，故不行。,手工逐组（门1–14 手写）,直說,既結壇儀。不起惑業。故那那等不行。,既結壇儀。不起惑業。故那那等不行。,《選佛譜》卷第三・取相懺・L131,取相懺
1772,第6门,生善滅惡門,卷3,取相懺,謨阿,謨,爱烦恼,阿,施善,不行·安住本位,,,安住,,「謨」表爱烦恼、「阿」表施善。既结坛仪，不起惑业，故不行。,手工逐组（门1–14 手写）,通則,既結壇儀。不起惑業。故那那等不行。,其餘位中。以阿彌陀善。與那謨惡相為對治。二俱無力。所以並不行也。,《選佛譜》卷第一・見取・L57,見取
1773,第6门,生善滅惡門,卷3,取相懺,謨彌,謨,爱烦恼,彌,戒善,不行·安住本位,,,安住,,「謨」表爱烦恼、「彌」表戒善。既结坛仪，不起惑业，故不行。,手工逐组（门1–14 手写）,通則,既結壇儀。不起惑業。故那那等不行。,其餘位中。以阿彌陀善。與那謨惡相為對治。二俱無力。所以並不行也。,《選佛譜》卷第一・見取・L57,見取
1774,第6门,生善滅惡門,卷3,取相懺,謨陀,謨,爱烦恼,陀,定善,不行·安住本位,,,安住,,「謨」表爱烦恼、「陀」表定善。既结坛仪，不起惑业，故不行。,手工逐组（门1–14 手写）,通則,既結壇儀。不起惑業。故那那等不行。,其餘位中。以阿彌陀善。與那謨惡相為對治。二俱無力。所以並不行也。,《選佛譜》卷第一・見取・L57,見取
1775,第6门,生善滅惡門,卷3,取相懺,謨佛,謨,爱烦恼,佛,无漏善慧,行,求生淨土,第9门,升,,「謨」表爱烦恼、「佛」表无漏善慧。图永侍慈尊，故求生净土。,手工逐组（门1–14 手写）,直說,那佛等二。則或求親覲補處或圖永侍慈尊。,那佛等二。則或求親覲補處或圖永侍慈尊。,《選佛譜》卷第三・取相懺・L131,取相懺
1776,第6门,生善滅惡門,卷3,取相懺,阿阿,阿,施善,阿,施善,行,別相念,第10门,升,,「阿阿」二字俱表施善。既灭重罪，随功行浅深渐登观行，初修四种念处，故入别相念。,手工逐组（门1–14 手写）,直說,阿阿。則初修四種念處。,阿阿。則初修四種念處。,《選佛譜》卷第三・取相懺・L131,取相懺
1777,第6门,生善滅惡門,卷3,取相懺,阿彌,阿,施善,彌,戒善,行,總相念,第10门,升,,「阿」表施善、「彌」表戒善。念处慧力稍深，故入总相念。,手工逐组（门1–14 手写）,直說,阿彌。則念處慧力稍深。,阿彌。則念處慧力稍深。,《選佛譜》卷第三・取相懺・L131,取相懺
1778,第6门,生善滅惡門,卷3,取相懺,阿陀,阿,施善,陀,定善,行,六不退心,第12门,升,,「阿」表施善、「陀」表定善。仰信中道，渐能伏见思惑，故入六不退心。,手工逐组（门1–14 手写）,直說,阿陀等三。則仰信中道。漸能伏見思惑。,阿陀等三。則仰信中道。漸能伏見思惑。,《選佛譜》卷第三・取相懺・L131,取相懺
1779,第6门,生善滅惡門,卷3,取相懺,阿佛,阿,施善,佛,无漏善慧,行,業清淨戒,第7门,升,,「阿」表施善、「佛」表无漏善慧。根本坚明，故入业清净戒。,手工逐组（门1–14 手写）,直說,阿佛。則根本堅明。,阿佛。則根本堅明。,《選佛譜》卷第三・取相懺・L131,取相懺
1780,第6门,生善滅惡門,卷3,取相懺,彌彌,彌,戒善,彌,戒善,行,二性地,第11门,升,,「彌彌」二字俱表戒善。接彼相似空性法流，故成二性地。,手工逐组（门1–14 手写）,直說,彌彌。則接彼相似空性法流。,彌彌。則接彼相似空性法流。,《選佛譜》卷第三・取相懺・L131,取相懺
1781,第6门,生善滅惡門,卷3,取相懺,彌陀,彌,戒善,陀,定善,行,八迴向心,第12门,升,,「彌」表戒善、「陀」表定善。仰信中道，渐能伏见思惑，故入八回向心。,手工逐组（门1–14 手写）,直說,阿陀等三。則仰信中道。漸能伏見思惑。,阿陀等三。則仰信中道。漸能伏見思惑。,《選佛譜》卷第三・取相懺・L131,取相懺
1782,第6门,生善滅惡門,卷3,取相懺,彌佛,彌,戒善,佛,无漏善慧,行,餘清淨戒,第7门,升,,「彌」表戒善、「佛」表无漏善慧。律仪成就，故入余清净戒。,手工逐组（门1–14 手写）,直說,彌佛。則律儀成就。,彌佛。則律儀成就。,《選佛譜》卷第三・取相懺・L131,取相懺
1783,第6门,生善滅惡門,卷3,取相懺,陀陀,陀,定善,陀,定善,行,十願心,第12门,升,,「陀陀」二字俱表定善。仰信中道，渐能伏见思惑，故入十愿心。,手工逐组（门1–14 手写）,直說,阿陀等三。則仰信中道。漸能伏見思惑。,阿陀等三。則仰信中道。漸能伏見思惑。,《選佛譜》卷第三・取相懺・L131,取相懺
1784,第6门,生善滅惡門,卷3,取相懺,陀佛,陀,定善,佛,无漏善慧,行,覺清淨戒,第7门,升,,「陀」表定善、「佛」表无漏善慧。定其得发，故入觉清净戒。,手工逐组（门1–14 手写）,直說,陀佛。則定其得發。,陀佛。則定其得發。,《選佛譜》卷第三・取相懺・L131,取相懺
1785,第6门,生善滅惡門,卷3,取相懺,佛佛,佛,无漏善慧,佛,无漏善慧,行,無上道戒,第7门,升,,「佛佛」二字俱表无漏善慧。圆满戒度，故入无上道戒。,手工逐组（门1–14 手写）,直說,佛佛。則圓滿戒度。,佛佛。則圓滿戒度。,《選佛譜》卷第三・取相懺・L131,取相懺
1786,第6门,生善滅惡門,卷3,無生懺,那那,那,见烦恼,那,见烦恼,行,發聲聞心,第9门,升,,「那那」二字俱表见烦恼。见思垢重，智慧狭劣，虽观无生仍趣偏径，故发声闻心。,手工逐组（门1–14 手写）,直說,今那那等三。見思垢重。智慧狹劣。故雖觀無生。仍趣偏徑。,今那那等三。見思垢重。智慧狹劣。故雖觀無生。仍趣偏徑。,《選佛譜》卷第三・無生懺・L135,無生懺
1787,第6门,生善滅惡門,卷3,無生懺,那謨,那,见烦恼,謨,爱烦恼,行,發聲聞心,第9门,升,,「那」表见烦恼、「謨」表爱烦恼。见思垢重，智慧狭劣，虽观无生仍趣偏径，故发声闻心。,手工逐组（门1–14 手写）,直說,今那那等三。見思垢重。智慧狹劣。故雖觀無生。仍趣偏徑。,今那那等三。見思垢重。智慧狹劣。故雖觀無生。仍趣偏徑。,《選佛譜》卷第三・無生懺・L135,無生懺
1788,第6门,生善滅惡門,卷3,無生懺,那阿,那,见烦恼,阿,施善,不行·安住本位,,,安住,,「那」表见烦恼、「阿」表施善。相为对治，二俱无力，故不行。,手工逐组（门1–14 手写）,通則,,其餘位中。以阿彌陀善。與那謨惡相為對治。二俱無力。所以並不行也。,《選佛譜》卷第一・見取・L57,見取
1789,第6门,生善滅惡門,卷3,無生懺,那彌,那,见烦恼,彌,戒善,不行·安住本位,,,安住,,「那」表见烦恼、「彌」表戒善。相为对治，二俱无力，故不行。,手工逐组（门1–14 手写）,通則,,其餘位中。以阿彌陀善。與那謨惡相為對治。二俱無力。所以並不行也。,《選佛譜》卷第一・見取・L57,見取
1790,第6门,生善滅惡門,卷3,無生懺,那陀,那,见烦恼,陀,定善,不行·安住本位,,,安住,,「那」表见烦恼、「陀」表定善。相为对治，二俱无力，故不行。,手工逐组（门1–14 手写）,通則,,其餘位中。以阿彌陀善。與那謨惡相為對治。二俱無力。所以並不行也。,《選佛譜》卷第一・見取・L57,見取
1791,第6门,生善滅惡門,卷3,無生懺,那佛,那,见烦恼,佛,无漏善慧,行,求生淨土,第9门,升,,「那」表见烦恼、「佛」表无漏善慧。志在带业横超，故求生净土。,手工逐组（门1–14 手写）,直說,那佛。則志在帶業橫超。故為求生淨土。,那佛。則志在帶業橫超。故為求生淨土。,《選佛譜》卷第三・無生懺・L135,無生懺
1792,第6门,生善滅惡門,卷3,無生懺,謨謨,謨,爱烦恼,謨,爱烦恼,行,發辟支佛心,第9门,升,,「謨謨」二字俱表爱烦恼。见思垢重，智慧狭劣，虽观无生仍趣偏径，故发辟支佛心。,手工逐组（门1–14 手写）,直說,今那那等三。見思垢重。智慧狹劣。故雖觀無生。仍趣偏徑。,今那那等三。見思垢重。智慧狹劣。故雖觀無生。仍趣偏徑。,《選佛譜》卷第三・無生懺・L135,無生懺
1793,第6门,生善滅惡門,卷3,無生懺,謨阿,謨,爱烦恼,阿,施善,不行·安住本位,,,安住,,「謨」表爱烦恼、「阿」表施善。相为对治，二俱无力，故不行。,手工逐组（门1–14 手写）,通則,,其餘位中。以阿彌陀善。與那謨惡相為對治。二俱無力。所以並不行也。,《選佛譜》卷第一・見取・L57,見取
1794,第6门,生善滅惡門,卷3,無生懺,謨彌,謨,爱烦恼,彌,戒善,不行·安住本位,,,安住,,「謨」表爱烦恼、「彌」表戒善。相为对治，二俱无力，故不行。,手工逐组（门1–14 手写）,通則,,其餘位中。以阿彌陀善。與那謨惡相為對治。二俱無力。所以並不行也。,《選佛譜》卷第一・見取・L57,見取
1795,第6门,生善滅惡門,卷3,無生懺,謨陀,謨,爱烦恼,陀,定善,不行·安住本位,,,安住,,「謨」表爱烦恼、「陀」表定善。相为对治，二俱无力，故不行。,手工逐组（门1–14 手写）,通則,,其餘位中。以阿彌陀善。與那謨惡相為對治。二俱無力。所以並不行也。,《選佛譜》卷第一・見取・L57,見取
1796,第6门,生善滅惡門,卷3,無生懺,謨佛,謨,爱烦恼,佛,无漏善慧,行,圓五品位,第13门,升,,「謨」表爱烦恼、「佛」表无漏善慧。具缚能知秘藏，故为圆五品位。,手工逐组（门1–14 手写）,直說,謨佛。則具縛能知祕藏。故為圓五品位。,謨佛。則具縛能知祕藏。故為圓五品位。,《選佛譜》卷第三・無生懺・L135,無生懺
1797,第6门,生善滅惡門,卷3,無生懺,阿阿,阿,施善,阿,施善,行,事六度心,第9门,升,,「阿阿」二字俱表施善。生灭门中创发大愿，故成事六度心。,手工逐组（门1–14 手写）,直說,阿阿。則生滅門中創發大願。成事度心。,阿阿。則生滅門中創發大願。成事度心。,《選佛譜》卷第三・無生懺・L135,無生懺
1798,第6门,生善滅惡門,卷3,無生懺,阿彌,阿,施善,彌,戒善,行,二性地,第11门,升,,「阿」表施善、「彌」表戒善。观生无生得相似解，故成二性地。,手工逐组（门1–14 手写）,直說,阿彌。則觀生無生得相似解。故成性地。,阿彌。則觀生無生得相似解。故成性地。,《選佛譜》卷第三・無生懺・L135,無生懺
1799,第6门,生善滅惡門,卷3,無生懺,阿陀,阿,施善,陀,定善,行,初發心住,第12门,升,,「阿」表施善、「陀」表定善。次第门中创见真谛，故为初发心住。,手工逐组（门1–14 手写）,直說,阿陀。則次第門中。創見真諦。故為初住。,阿陀。則次第門中。創見真諦。故為初住。,《選佛譜》卷第三・無生懺・L135,無生懺
1800,第6门,生善滅惡門,卷3,無生懺,阿佛,阿,施善,佛,无漏善慧,行,圓十信位,第13门,升,,「阿」表施善、「佛」表无漏善慧。粗垢已除，故登圆十信位。,手工逐组（门1–14 手写）,直說,阿佛。則麤垢已除。故登圓十信位。,阿佛。則麤垢已除。故登圓十信位。,《選佛譜》卷第三・無生懺・L135,無生懺
1801,第6门,生善滅惡門,卷3,無生懺,彌彌,彌,戒善,彌,戒善,行,三八人地,第11门,升,,「彌彌」二字俱表戒善。纯观无生，发真不远，故为三八人地。,手工逐组（门1–14 手写）,直說,彌彌。則純觀無生。發真不遠。為八人地。,彌彌。則純觀無生。發真不遠。為八人地。,《選佛譜》卷第三・無生懺・L135,無生懺
1802,第6门,生善滅惡門,卷3,無生懺,彌陀,彌,戒善,陀,定善,行,七不退住,第12门,升,,「彌」表戒善、「陀」表定善。十善已纯，能出三界，故为七不退住。,手工逐组（门1–14 手写）,直說,彌陀。則十善已純。能出三界故為七住。,彌陀。則十善已純。能出三界故為七住。,《選佛譜》卷第三・無生懺・L135,無生懺
1803,第6门,生善滅惡門,卷3,無生懺,彌佛,彌,戒善,佛,无漏善慧,行,上品上生,第14门,横超,,「彌」表戒善、「佛」表无漏善慧。具戒见佛，故得上品上生。,手工逐组（门1–14 手写）,直說,彌佛。則具戒見佛。故得上品上生。,彌佛。則具戒見佛。故得上品上生。,《選佛譜》卷第三・無生懺・L135,無生懺
1804,第6门,生善滅惡門,卷3,無生懺,陀陀,陀,定善,陀,定善,行,十灌頂住,第12门,升,,「陀陀」二字俱表定善。三昧力胜，通诸法门，故为十灌顶住。,手工逐组（门1–14 手写）,直說,陀陀。則三昧力勝。通諸法門。故為十住。,陀陀。則三昧力勝。通諸法門。故為十住。,《選佛譜》卷第三・無生懺・L135,無生懺
1805,第6门,生善滅惡門,卷3,無生懺,陀佛,陀,定善,佛,无漏善慧,行,方便有餘淨土,第14门,横超,,「陀」表定善、「佛」表无漏善慧。定慧相资，舍分段而获意生，故生方便有余净土。,手工逐组（门1–14 手写）,直說,陀佛。則定慧相資。捨分段而獲意生。,陀佛。則定慧相資。捨分段而獲意生。,《選佛譜》卷第三・無生懺・L135,無生懺
1806,第6门,生善滅惡門,卷3,無生懺,佛佛,佛,无漏善慧,佛,无漏善慧,行,圓十住位,第13门,升,,「佛佛」二字俱表无漏善慧。性修不二，开佛眼而登圆住，故入圆十住位。,手工逐组（门1–14 手写）,直說,佛佛。則性修不二。開佛眼而登圓住。,佛佛。則性修不二。開佛眼而登圓住。,《選佛譜》卷第三・無生懺・L135,無生懺
1807,第7门,增上戒學門,卷3,在家五戒,那那,那,见烦恼,那,见烦恼,行,作法懺,第6门,降,,「那那」二字俱表见烦恼。必有毁犯，故须作法忏除，入作法忏。,手工逐组（门1–14 手写）,直說,那那。則必有毀犯。故須作法懺除。,那那。則必有毀犯。故須作法懺除。,《選佛譜》卷第三・在家五戒・L145,在家五戒
1808,第7门,增上戒學門,卷3,在家五戒,那謨,那,见烦恼,謨,爱烦恼,行,南贍部洲,第4门,降,,「那」表见烦恼、「謨」表爱烦恼。引业所牵，命终还生人道，故生南赡部洲。,手工逐组（门1–14 手写）,直說,那謨。則引業所牽。命終還生人道。,那謨。則引業所牽。命終還生人道。,《選佛譜》卷第三・在家五戒・L145,在家五戒
1809,第7门,增上戒學門,卷3,在家五戒,那阿,那,见烦恼,阿,施善,不行·安住本位,,,安住,,「那」表见烦恼、「阿」表施善。相为对治，二俱无力，故不行。,手工逐组（门1–14 手写）,通則,,其餘位中。以阿彌陀善。與那謨惡相為對治。二俱無力。所以並不行也。,《選佛譜》卷第一・見取・L57,見取
1810,第7门,增上戒學門,卷3,在家五戒,那彌,那,见烦恼,彌,戒善,不行·安住本位,,,安住,,「那」表见烦恼、「彌」表戒善。相为对治，二俱无力，故不行。,手工逐组（门1–14 手写）,通則,,其餘位中。以阿彌陀善。與那謨惡相為對治。二俱無力。所以並不行也。,《選佛譜》卷第一・見取・L57,見取
1811,第7门,增上戒學門,卷3,在家五戒,那陀,那,见烦恼,陀,定善,不行·安住本位,,,安住,,「那」表见烦恼、「陀」表定善。相为对治，二俱无力，故不行。,手工逐组（门1–14 手写）,通則,,其餘位中。以阿彌陀善。與那謨惡相為對治。二俱無力。所以並不行也。,《選佛譜》卷第一・見取・L57,見取
1812,第7门,增上戒學門,卷3,在家五戒,那佛,那,见烦恼,佛,无漏善慧,行,五停心,第10门,升,,「那」表见烦恼、「佛」表无漏善慧。五停以调见，故入五停心。,手工逐组（门1–14 手写）,直說,那佛。則五停以調見,那佛。則五停以調見,《選佛譜》卷第三・在家五戒・L145,在家五戒
1813,第7门,增上戒學門,卷3,在家五戒,謨謨,謨,爱烦恼,謨,爱烦恼,行,四王天,第4门,升,,「謨謨」二字俱表爱烦恼。异熟果尽，戒福得升初天，故生四王天。,手工逐组（门1–14 手写）,直說,謨謨。則異熟果盡。戒福得升初天。,謨謨。則異熟果盡。戒福得升初天。,《選佛譜》卷第三・在家五戒・L145,在家五戒
1814,第7门,增上戒學門,卷3,在家五戒,謨阿,謨,爱烦恼,阿,施善,不行·安住本位,,,安住,,「謨」表爱烦恼、「阿」表施善。相为对治，二俱无力，故不行。,手工逐组（门1–14 手写）,通則,,其餘位中。以阿彌陀善。與那謨惡相為對治。二俱無力。所以並不行也。,《選佛譜》卷第一・見取・L57,見取
1815,第7门,增上戒學門,卷3,在家五戒,謨彌,謨,爱烦恼,彌,戒善,不行·安住本位,,,安住,,「謨」表爱烦恼、「彌」表戒善。相为对治，二俱无力，故不行。,手工逐组（门1–14 手写）,通則,,其餘位中。以阿彌陀善。與那謨惡相為對治。二俱無力。所以並不行也。,《選佛譜》卷第一・見取・L57,見取
1816,第7门,增上戒學門,卷3,在家五戒,謨陀,謨,爱烦恼,陀,定善,不行·安住本位,,,安住,,「謨」表爱烦恼、「陀」表定善。相为对治，二俱无力，故不行。,手工逐组（门1–14 手写）,通則,,其餘位中。以阿彌陀善。與那謨惡相為對治。二俱無力。所以並不行也。,《選佛譜》卷第一・見取・L57,見取
1817,第7门,增上戒學門,卷3,在家五戒,謨佛,謨,爱烦恼,佛,无漏善慧,行,初乾慧地,第11门,升,,「謨」表爱烦恼、「佛」表无漏善慧。乾慧以治思，故入初乾慧地。,手工逐组（门1–14 手写）,直說,謨佛。則乾慧以治思。,謨佛。則乾慧以治思。,《選佛譜》卷第三・在家五戒・L145,在家五戒
1818,第7门,增上戒學門,卷3,在家五戒,阿阿,阿,施善,阿,施善,行,八關齋戒,第7门,升,,「阿阿」二字俱表施善。随力浅深，渐成增上，故加受八关斋戒。,手工逐组（门1–14 手写）,直說,阿阿等六。隨力淺深。漸成增上。,阿阿等六。隨力淺深。漸成增上。,《選佛譜》卷第三・在家五戒・L145,在家五戒
1819,第7门,增上戒學門,卷3,在家五戒,阿彌,阿,施善,彌,戒善,行,沙彌十戒,第7门,升,,「阿」表施善、「彌」表戒善。随力浅深，渐成增上，故进受沙弥十戒。,手工逐组（门1–14 手写）,直說,阿阿等六。隨力淺深。漸成增上。,阿阿等六。隨力淺深。漸成增上。,《選佛譜》卷第三・在家五戒・L145,在家五戒
1820,第7门,增上戒學門,卷3,在家五戒,阿陀,阿,施善,陀,定善,行,持比丘律,第7门,升,,「阿」表施善、「陀」表定善。随力浅深，渐成增上，故能持比丘律。,手工逐组（门1–14 手写）,直說,阿阿等六。隨力淺深。漸成增上。,阿阿等六。隨力淺深。漸成增上。,《選佛譜》卷第三・在家五戒・L145,在家五戒
1821,第7门,增上戒學門,卷3,在家五戒,阿佛,阿,施善,佛,无漏善慧,行,業清淨戒,第7门,升,,「阿」表施善、「佛」表无漏善慧。成菩萨居士，故业清净，入业清净戒。,手工逐组（门1–14 手写）,直說,阿佛。則成菩薩居士。故業清淨。,阿佛。則成菩薩居士。故業清淨。,《選佛譜》卷第三・在家五戒・L145,在家五戒
1822,第7门,增上戒學門,卷3,在家五戒,彌彌,彌,戒善,彌,戒善,行,持比丘律,第7门,升,,「彌彌」二字俱表戒善。随力浅深，渐成增上，故能持比丘律。,手工逐组（门1–14 手写）,直說,阿阿等六。隨力淺深。漸成增上。,阿阿等六。隨力淺深。漸成增上。,《選佛譜》卷第三・在家五戒・L145,在家五戒
1823,第7门,增上戒學門,卷3,在家五戒,彌陀,彌,戒善,陀,定善,行,持二部律,第7门,升,,「彌」表戒善、「陀」表定善。随力浅深，渐成增上，故能持二部律。,手工逐组（门1–14 手写）,直說,阿阿等六。隨力淺深。漸成增上。,阿阿等六。隨力淺深。漸成增上。,《選佛譜》卷第三・在家五戒・L145,在家五戒
1824,第7门,增上戒學門,卷3,在家五戒,彌佛,彌,戒善,佛,无漏善慧,行,餘清淨戒,第7门,升,,「彌」表戒善、「佛」表无漏善慧。为菩萨比丘，故余清净，入余清净戒。,手工逐组（门1–14 手写）,直說,彌佛。則為菩薩比丘。故餘清淨。,彌佛。則為菩薩比丘。故餘清淨。,《選佛譜》卷第三・在家五戒・L145,在家五戒
1825,第7门,增上戒學門,卷3,在家五戒,陀陀,陀,定善,陀,定善,行,廣持毗尼,第7门,升,,「陀陀」二字俱表定善。随力浅深，渐成增上，故广持毗尼。,手工逐组（门1–14 手写）,直說,阿阿等六。隨力淺深。漸成增上。,阿阿等六。隨力淺深。漸成增上。,《選佛譜》卷第三・在家五戒・L145,在家五戒
1826,第7门,增上戒學門,卷3,在家五戒,陀佛,陀,定善,佛,无漏善慧,行,中品中生,第14门,横超,,「陀」表定善、「佛」表无漏善慧。准十六观经而生净土，故得中品中生。,手工逐组（门1–14 手写）,直說,陀佛。則准十六觀經而生淨土。,陀佛。則准十六觀經而生淨土。,《選佛譜》卷第三・在家五戒・L145,在家五戒
1827,第7门,增上戒學門,卷3,在家五戒,佛佛,佛,无漏善慧,佛,无漏善慧,行,圓十信位,第13门,升,,「佛佛」二字俱表无漏善慧。悟戒之实相而净六根，故入圆十信位。,手工逐组（门1–14 手写）,直說,佛佛。則悟戒之實相而淨六根。,佛佛。則悟戒之實相而淨六根。,《選佛譜》卷第三・在家五戒・L145,在家五戒
1828,第7门,增上戒學門,卷3,八關齋戒,那那,那,见烦恼,那,见烦恼,行,作法懺,第6门,降,,「那那」二字俱表见烦恼。必有毁犯，故须作法忏除，入作法忏。,手工逐组（门1–14 手写）,直說,,一日一夜為淨行優婆塞。持八支戒。……故名八關戒齋。……今約已受五戒。又於月六齋日加受此戒。故功行稍勝也。,《選佛譜》卷第三・八關齋戒・L149,八關齋戒
1829,第7门,增上戒學門,卷3,八關齋戒,那謨,那,见烦恼,謨,爱烦恼,行,四王天,第4门,升,,「那」表见烦恼、「謨」表爱烦恼。引业所牵，而此戒功行稍胜，故承戒福生四王天。,手工逐组（门1–14 手写）,承注,,那謨。則引業所牽。命終還生人道。,《選佛譜》卷第三・在家五戒・L145,在家五戒
1830,第7门,增上戒學門,卷3,八關齋戒,那阿,那,见烦恼,阿,施善,不行·安住本位,,,安住,,「那」表见烦恼、「阿」表施善。相为对治，二俱无力，故不行。,手工逐组（门1–14 手写）,通則,,其餘位中。以阿彌陀善。與那謨惡相為對治。二俱無力。所以並不行也。,《選佛譜》卷第一・見取・L57,見取
1831,第7门,增上戒學門,卷3,八關齋戒,那彌,那,见烦恼,彌,戒善,不行·安住本位,,,安住,,「那」表见烦恼、「彌」表戒善。相为对治，二俱无力，故不行。,手工逐组（门1–14 手写）,通則,,其餘位中。以阿彌陀善。與那謨惡相為對治。二俱無力。所以並不行也。,《選佛譜》卷第一・見取・L57,見取
1832,第7门,增上戒學門,卷3,八關齋戒,那陀,那,见烦恼,陀,定善,不行·安住本位,,,安住,,「那」表见烦恼、「陀」表定善。相为对治，二俱无力，故不行。,手工逐组（门1–14 手写）,通則,,其餘位中。以阿彌陀善。與那謨惡相為對治。二俱無力。所以並不行也。,《選佛譜》卷第一・見取・L57,見取
1833,第7门,增上戒學門,卷3,八關齋戒,那佛,那,见烦恼,佛,无漏善慧,行,五停心,第10门,升,,「那」表见烦恼、「佛」表无漏善慧。五停以调见，故入五停心。,手工逐组（门1–14 手写）,承注,,那佛。則五停以調見,《選佛譜》卷第三・在家五戒・L145,在家五戒
1834,第7门,增上戒學門,卷3,八關齋戒,謨謨,謨,爱烦恼,謨,爱烦恼,行,忉利天,第4门,升,,「謨謨」二字俱表爱烦恼。异熟果尽而功行稍胜，戒福得升，故生忉利天。,手工逐组（门1–14 手写）,承注,,謨謨。則異熟果盡。戒福得升初天。,《選佛譜》卷第三・在家五戒・L145,在家五戒
1835,第7门,增上戒學門,卷3,八關齋戒,謨阿,謨,爱烦恼,阿,施善,不行·安住本位,,,安住,,「謨」表爱烦恼、「阿」表施善。相为对治，二俱无力，故不行。,手工逐组（门1–14 手写）,通則,,其餘位中。以阿彌陀善。與那謨惡相為對治。二俱無力。所以並不行也。,《選佛譜》卷第一・見取・L57,見取
1836,第7门,增上戒學門,卷3,八關齋戒,謨彌,謨,爱烦恼,彌,戒善,不行·安住本位,,,安住,,「謨」表爱烦恼、「彌」表戒善。相为对治，二俱无力，故不行。,手工逐组（门1–14 手写）,通則,,其餘位中。以阿彌陀善。與那謨惡相為對治。二俱無力。所以並不行也。,《選佛譜》卷第一・見取・L57,見取
1837,第7门,增上戒學門,卷3,八關齋戒,謨陀,謨,爱烦恼,陀,定善,不行·安住本位,,,安住,,「謨」表爱烦恼、「陀」表定善。相为对治，二俱无力，故不行。,手工逐组（门1–14 手写）,通則,,其餘位中。以阿彌陀善。與那謨惡相為對治。二俱無力。所以並不行也。,《選佛譜》卷第一・見取・L57,見取
1838,第7门,增上戒學門,卷3,八關齋戒,謨佛,謨,爱烦恼,佛,无漏善慧,行,初乾慧地,第11门,升,,「謨」表爱烦恼、「佛」表无漏善慧。乾慧以治思，故入初乾慧地。,手工逐组（门1–14 手写）,承注,,謨佛。則乾慧以治思。,《選佛譜》卷第三・在家五戒・L145,在家五戒
1839,第7门,增上戒學門,卷3,八關齋戒,阿阿,阿,施善,阿,施善,行,沙彌十戒,第7门,升,,「阿阿」二字俱表施善。随力浅深，渐成增上，故进受沙弥十戒。,手工逐组（门1–14 手写）,承注,,阿阿等六。隨力淺深。漸成增上。,《選佛譜》卷第三・在家五戒・L145,在家五戒
1840,第7门,增上戒學門,卷3,八關齋戒,阿彌,阿,施善,彌,戒善,行,持比丘律,第7门,升,,「阿」表施善、「彌」表戒善。随力浅深，渐成增上，故能持比丘律。,手工逐组（门1–14 手写）,承注,,阿阿等六。隨力淺深。漸成增上。,《選佛譜》卷第三・在家五戒・L145,在家五戒
1841,第7门,增上戒學門,卷3,八關齋戒,阿陀,阿,施善,陀,定善,行,持二部律,第7门,升,,「阿」表施善、「陀」表定善。随力浅深，渐成增上，故能持二部律。,手工逐组（门1–14 手写）,承注,,阿阿等六。隨力淺深。漸成增上。,《選佛譜》卷第三・在家五戒・L145,在家五戒
1842,第7门,增上戒學門,卷3,八關齋戒,阿佛,阿,施善,佛,无漏善慧,行,業清淨戒,第7门,升,,「阿」表施善、「佛」表无漏善慧。成菩萨居士，故业清净，入业清净戒。,手工逐组（门1–14 手写）,承注,,阿佛。則成菩薩居士。故業清淨。,《選佛譜》卷第三・在家五戒・L145,在家五戒
1843,第7门,增上戒學門,卷3,八關齋戒,彌彌,彌,戒善,彌,戒善,行,持二部律,第7门,升,,「彌彌」二字俱表戒善。随力浅深，渐成增上，故能持二部律。,手工逐组（门1–14 手写）,承注,,阿阿等六。隨力淺深。漸成增上。,《選佛譜》卷第三・在家五戒・L145,在家五戒
1844,第7门,增上戒學門,卷3,八關齋戒,彌陀,彌,戒善,陀,定善,行,廣持毗尼,第7门,升,,「彌」表戒善、「陀」表定善。随力浅深，渐成增上，故广持毗尼。,手工逐组（门1–14 手写）,承注,,阿阿等六。隨力淺深。漸成增上。,《選佛譜》卷第三・在家五戒・L145,在家五戒
1845,第7门,增上戒學門,卷3,八關齋戒,彌佛,彌,戒善,佛,无漏善慧,行,餘清淨戒,第7门,升,,「彌」表戒善、「佛」表无漏善慧。为菩萨比丘，故余清净，入余清净戒。,手工逐组（门1–14 手写）,承注,,彌佛。則為菩薩比丘。故餘清淨。,《選佛譜》卷第三・在家五戒・L145,在家五戒
1846,第7门,增上戒學門,卷3,八關齋戒,陀陀,陀,定善,陀,定善,行,住毗尼而不動,第7门,升,,「陀陀」二字俱表定善。随力浅深，渐成增上，故住毗尼而不动。,手工逐组（门1–14 手写）,承注,,阿阿等六。隨力淺深。漸成增上。,《選佛譜》卷第三・在家五戒・L145,在家五戒
1847,第7门,增上戒學門,卷3,八關齋戒,陀佛,陀,定善,佛,无漏善慧,行,中品中生,第14门,横超,,「陀」表定善、「佛」表无漏善慧。准十六观经而生净土，故得中品中生。,手工逐组（门1–14 手写）,承注,,陀佛。則准十六觀經而生淨土。,《選佛譜》卷第三・在家五戒・L145,在家五戒
1848,第7门,增上戒學門,卷3,八關齋戒,佛佛,佛,无漏善慧,佛,无漏善慧,行,圓十信位,第13门,升,,「佛佛」二字俱表无漏善慧。悟戒之实相而净六根，故入圆十信位。,手工逐组（门1–14 手写）,承注,,佛佛。則悟戒之實相而淨六根。,《選佛譜》卷第三・在家五戒・L145,在家五戒
1849,第7门,增上戒學門,卷3,沙彌十戒,那那,那,见烦恼,那,见烦恼,行,四王天,第4门,升,,「那那」二字俱表见烦恼。前异熟尽，承戒力以生天，故生四王天。,手工逐组（门1–14 手写）,直說,那那等二。則前異熟盡。承戒力以生天。,那那等二。則前異熟盡。承戒力以生天。,《選佛譜》卷第三・沙彌十戒・L153,沙彌十戒
1850,第7门,增上戒學門,卷3,沙彌十戒,那謨,那,见烦恼,謨,爱烦恼,行,忉利天,第4门,升,,「那」表见烦恼、「謨」表爱烦恼。前异熟尽，承戒力以生天，故生忉利天。,手工逐组（门1–14 手写）,直說,那那等二。則前異熟盡。承戒力以生天。,那那等二。則前異熟盡。承戒力以生天。,《選佛譜》卷第三・沙彌十戒・L153,沙彌十戒
1851,第7门,增上戒學門,卷3,沙彌十戒,那阿,那,见烦恼,阿,施善,不行·安住本位,,,安住,,「那」表见烦恼、「阿」表施善。相为对治，二俱无力，故不行。,手工逐组（门1–14 手写）,通則,餘可知。,其餘位中。以阿彌陀善。與那謨惡相為對治。二俱無力。所以並不行也。,《選佛譜》卷第一・見取・L57,見取
1852,第7门,增上戒學門,卷3,沙彌十戒,那彌,那,见烦恼,彌,戒善,不行·安住本位,,,安住,,「那」表见烦恼、「彌」表戒善。相为对治，二俱无力，故不行。,手工逐组（门1–14 手写）,通則,餘可知。,其餘位中。以阿彌陀善。與那謨惡相為對治。二俱無力。所以並不行也。,《選佛譜》卷第一・見取・L57,見取
1853,第7门,增上戒學門,卷3,沙彌十戒,那陀,那,见烦恼,陀,定善,不行·安住本位,,,安住,,「那」表见烦恼、「陀」表定善。相为对治，二俱无力，故不行。,手工逐组（门1–14 手写）,通則,餘可知。,其餘位中。以阿彌陀善。與那謨惡相為對治。二俱無力。所以並不行也。,《選佛譜》卷第一・見取・L57,見取
1854,第7门,增上戒學門,卷3,沙彌十戒,那佛,那,见烦恼,佛,无漏善慧,行,別相念,第10门,升,,「那」表见烦恼、「佛」表无漏善慧。终身受持而功行又胜，故进以念处调见，入别相念。,手工逐组（门1–14 手写）,承注,餘可知。,那佛。則五停以調見,《選佛譜》卷第三・在家五戒・L145,在家五戒
1855,第7门,增上戒學門,卷3,沙彌十戒,謨謨,謨,爱烦恼,謨,爱烦恼,行,在家五戒,第7门,降,,「謨謨」二字俱表爱烦恼。爱染偏强，退求寂以归俗，故还持在家五戒。,手工逐组（门1–14 手写）,直說,謨謨。則愛染偏強。退求寂以歸俗。,謨謨。則愛染偏強。退求寂以歸俗。,《選佛譜》卷第三・沙彌十戒・L153,沙彌十戒
1856,第7门,增上戒學門,卷3,沙彌十戒,謨阿,謨,爱烦恼,阿,施善,不行·安住本位,,,安住,,「謨」表爱烦恼、「阿」表施善。相为对治，二俱无力，故不行。,手工逐组（门1–14 手写）,通則,餘可知。,其餘位中。以阿彌陀善。與那謨惡相為對治。二俱無力。所以並不行也。,《選佛譜》卷第一・見取・L57,見取
1857,第7门,增上戒學門,卷3,沙彌十戒,謨彌,謨,爱烦恼,彌,戒善,不行·安住本位,,,安住,,「謨」表爱烦恼、「彌」表戒善。相为对治，二俱无力，故不行。,手工逐组（门1–14 手写）,通則,餘可知。,其餘位中。以阿彌陀善。與那謨惡相為對治。二俱無力。所以並不行也。,《選佛譜》卷第一・見取・L57,見取
1858,第7门,增上戒學門,卷3,沙彌十戒,謨陀,謨,爱烦恼,陀,定善,不行·安住本位,,,安住,,「謨」表爱烦恼、「陀」表定善。相为对治，二俱无力，故不行。,手工逐组（门1–14 手写）,通則,餘可知。,其餘位中。以阿彌陀善。與那謨惡相為對治。二俱無力。所以並不行也。,《選佛譜》卷第一・見取・L57,見取
1859,第7门,增上戒學門,卷3,沙彌十戒,謨佛,謨,爱烦恼,佛,无漏善慧,行,初乾慧地,第11门,升,,「謨」表爱烦恼、「佛」表无漏善慧。乾慧以治思，故入初乾慧地。,手工逐组（门1–14 手写）,承注,餘可知。,謨佛。則乾慧以治思。,《選佛譜》卷第三・在家五戒・L145,在家五戒
1860,第7门,增上戒學門,卷3,沙彌十戒,阿阿,阿,施善,阿,施善,行,持比丘律,第7门,升,,「阿阿」二字俱表施善。终身受持而功行又胜，渐成增上，故能持比丘律。,手工逐组（门1–14 手写）,承注,餘可知。,阿阿等六。隨力淺深。漸成增上。,《選佛譜》卷第三・在家五戒・L145,在家五戒
1861,第7门,增上戒學門,卷3,沙彌十戒,阿彌,阿,施善,彌,戒善,行,持二部律,第7门,升,,「阿」表施善、「彌」表戒善。终身受持而功行又胜，渐成增上，故能持二部律。,手工逐组（门1–14 手写）,承注,餘可知。,阿阿等六。隨力淺深。漸成增上。,《選佛譜》卷第三・在家五戒・L145,在家五戒
1862,第7门,增上戒學門,卷3,沙彌十戒,阿陀,阿,施善,陀,定善,行,廣持毗尼,第7门,升,,「阿」表施善、「陀」表定善。随力浅深，渐成增上，故广持毗尼。,手工逐组（门1–14 手写）,承注,餘可知。,阿阿等六。隨力淺深。漸成增上。,《選佛譜》卷第三・在家五戒・L145,在家五戒
1863,第7门,增上戒學門,卷3,沙彌十戒,阿佛,阿,施善,佛,无漏善慧,行,業清淨戒,第7门,升,,「阿」表施善、「佛」表无漏善慧。此位随如来出家，戒学转成增上，故入业清净戒。,手工逐组（门1–14 手写）,承注,餘可知。,阿佛。則成菩薩居士。故業清淨。,《選佛譜》卷第三・在家五戒・L145,在家五戒
1864,第7门,增上戒學門,卷3,沙彌十戒,彌彌,彌,戒善,彌,戒善,行,廣持毗尼,第7门,升,,「彌彌」二字俱表戒善。随力浅深，渐成增上，故广持毗尼。,手工逐组（门1–14 手写）,承注,餘可知。,阿阿等六。隨力淺深。漸成增上。,《選佛譜》卷第三・在家五戒・L145,在家五戒
1865,第7门,增上戒學門,卷3,沙彌十戒,彌陀,彌,戒善,陀,定善,行,住毗尼而不動,第7门,升,,「彌」表戒善、「陀」表定善。随力浅深，渐成增上，故住毗尼而不动。,手工逐组（门1–14 手写）,承注,餘可知。,阿阿等六。隨力淺深。漸成增上。,《選佛譜》卷第三・在家五戒・L145,在家五戒
1866,第7门,增上戒學門,卷3,沙彌十戒,彌佛,彌,戒善,佛,无漏善慧,行,餘清淨戒,第7门,升,,「彌」表戒善、「佛」表无漏善慧。为菩萨比丘，故余清净，入余清净戒。,手工逐组（门1–14 手写）,承注,餘可知。,彌佛。則為菩薩比丘。故餘清淨。,《選佛譜》卷第三・在家五戒・L145,在家五戒
1867,第7门,增上戒學門,卷3,沙彌十戒,陀陀,陀,定善,陀,定善,行,善能滅諍,第7门,升,,「陀陀」二字俱表定善。随力浅深，渐成增上，故善能灭诤。,手工逐组（门1–14 手写）,承注,餘可知。,阿阿等六。隨力淺深。漸成增上。,《選佛譜》卷第三・在家五戒・L145,在家五戒
1868,第7门,增上戒學門,卷3,沙彌十戒,陀佛,陀,定善,佛,无漏善慧,行,中品上生,第14门,横超,,「陀」表定善、「佛」表无漏善慧。终身受持而功行又胜，准十六观经，故得中品上生。,手工逐组（门1–14 手写）,承注,餘可知。,陀佛。則准十六觀經而生淨土。,《選佛譜》卷第三・在家五戒・L145,在家五戒
1869,第7门,增上戒學門,卷3,沙彌十戒,佛佛,佛,无漏善慧,佛,无漏善慧,行,圓十信位,第13门,升,,「佛佛」二字俱表无漏善慧。悟戒之实相而净六根，故入圆十信位。,手工逐组（门1–14 手写）,承注,餘可知。,佛佛。則悟戒之實相而淨六根。,《選佛譜》卷第三・在家五戒・L145,在家五戒
1870,第7门,增上戒學門,卷3,持比丘律,那那,那,见烦恼,那,见烦恼,行,忉利天,第4门,升,,「那那」二字俱表见烦恼。前异熟尽，承戒力以生天，故生忉利天。,手工逐组（门1–14 手写）,承注,,那那。則必有毀犯。故須作法懺除。,《選佛譜》卷第三・在家五戒・L145,在家五戒
1871,第7门,增上戒學門,卷3,持比丘律,那謨,那,见烦恼,謨,爱烦恼,行,夜摩天,第4门,升,,「那」表见烦恼、「謨」表爱烦恼。前异熟尽，承戒力以生天，故生夜摩天。,手工逐组（门1–14 手写）,承注,,那謨。則引業所牽。命終還生人道。,《選佛譜》卷第三・在家五戒・L145,在家五戒
1872,第7门,增上戒學門,卷3,持比丘律,那阿,那,见烦恼,阿,施善,不行·安住本位,,,安住,,「那」表见烦恼、「阿」表施善。相为对治，二俱无力，故不行。,手工逐组（门1–14 手写）,通則,,其餘位中。以阿彌陀善。與那謨惡相為對治。二俱無力。所以並不行也。,《選佛譜》卷第一・見取・L57,見取
1873,第7门,增上戒學門,卷3,持比丘律,那彌,那,见烦恼,彌,戒善,不行·安住本位,,,安住,,「那」表见烦恼、「彌」表戒善。相为对治，二俱无力，故不行。,手工逐组（门1–14 手写）,通則,,其餘位中。以阿彌陀善。與那謨惡相為對治。二俱無力。所以並不行也。,《選佛譜》卷第一・見取・L57,見取
1874,第7门,增上戒學門,卷3,持比丘律,那陀,那,见烦恼,陀,定善,不行·安住本位,,,安住,,「那」表见烦恼、「陀」表定善。相为对治，二俱无力，故不行。,手工逐组（门1–14 手写）,通則,,其餘位中。以阿彌陀善。與那謨惡相為對治。二俱無力。所以並不行也。,《選佛譜》卷第一・見取・L57,見取
1875,第7门,增上戒學門,卷3,持比丘律,那佛,那,见烦恼,佛,无漏善慧,行,總相念,第10门,升,,「那」表见烦恼、「佛」表无漏善慧。功行胜沙弥，念处又进以调见，故入总相念。,手工逐组（门1–14 手写）,承注,,那佛。則五停以調見,《選佛譜》卷第三・在家五戒・L145,在家五戒
1876,第7门,增上戒學門,卷3,持比丘律,謨謨,謨,爱烦恼,謨,爱烦恼,行,八關齋戒,第7门,降,,「謨謨」二字俱表爱烦恼。烦恼力强而不敢破戒，故舍具戒为优婆塞，兼持八戒。,手工逐组（门1–14 手写）,直說,謨謨。亦是煩惱力強。不敢破戒。故捨具戒為優婆塞。兼持八戒。斯無過也。,謨謨。亦是煩惱力強。不敢破戒。故捨具戒為優婆塞。兼持八戒。斯無過也。,《選佛譜》卷第三・持比丘律・L157,持比丘律
1877,第7门,增上戒學門,卷3,持比丘律,謨阿,謨,爱烦恼,阿,施善,不行·安住本位,,,安住,,「謨」表爱烦恼、「阿」表施善。相为对治，二俱无力，故不行。,手工逐组（门1–14 手写）,通則,,其餘位中。以阿彌陀善。與那謨惡相為對治。二俱無力。所以並不行也。,《選佛譜》卷第一・見取・L57,見取
1878,第7门,增上戒學門,卷3,持比丘律,謨彌,謨,爱烦恼,彌,戒善,不行·安住本位,,,安住,,「謨」表爱烦恼、「彌」表戒善。相为对治，二俱无力，故不行。,手工逐组（门1–14 手写）,通則,,其餘位中。以阿彌陀善。與那謨惡相為對治。二俱無力。所以並不行也。,《選佛譜》卷第一・見取・L57,見取
1879,第7门,增上戒學門,卷3,持比丘律,謨陀,謨,爱烦恼,陀,定善,不行·安住本位,,,安住,,「謨」表爱烦恼、「陀」表定善。相为对治，二俱无力，故不行。,手工逐组（门1–14 手写）,通則,,其餘位中。以阿彌陀善。與那謨惡相為對治。二俱無力。所以並不行也。,《選佛譜》卷第一・見取・L57,見取
1880,第7门,增上戒學門,卷3,持比丘律,謨佛,謨,爱烦恼,佛,无漏善慧,行,初乾慧地,第11门,升,,「謨」表爱烦恼、「佛」表无漏善慧。乾慧以治思，故入初乾慧地。,手工逐组（门1–14 手写）,承注,,謨佛。則乾慧以治思。,《選佛譜》卷第三・在家五戒・L145,在家五戒
1881,第7门,增上戒學門,卷3,持比丘律,阿阿,阿,施善,阿,施善,行,持二部律,第7门,升,,「阿阿」二字俱表施善。功行胜沙弥，渐成增上，故能持二部律。,手工逐组（门1–14 手写）,承注,,阿阿等六。隨力淺深。漸成增上。,《選佛譜》卷第三・在家五戒・L145,在家五戒
1882,第7门,增上戒學門,卷3,持比丘律,阿彌,阿,施善,彌,戒善,行,廣持毗尼,第7门,升,,「阿」表施善、「彌」表戒善。功行胜沙弥，渐成增上，故广持毗尼。,手工逐组（门1–14 手写）,承注,,阿阿等六。隨力淺深。漸成增上。,《選佛譜》卷第三・在家五戒・L145,在家五戒
1883,第7门,增上戒學門,卷3,持比丘律,阿陀,阿,施善,陀,定善,行,住毗尼而不動,第7门,升,,「阿」表施善、「陀」表定善。随力浅深，渐成增上，故住毗尼而不动。,手工逐组（门1–14 手写）,承注,,阿阿等六。隨力淺深。漸成增上。,《選佛譜》卷第三・在家五戒・L145,在家五戒
1884,第7门,增上戒學門,卷3,持比丘律,阿佛,阿,施善,佛,无漏善慧,行,餘清淨戒,第7门,升,,「阿」表施善、「佛」表无漏善慧。此位即为菩萨比丘，故余清净，入余清净戒。,手工逐组（门1–14 手写）,承注,,阿佛。則成菩薩居士。故業清淨。,《選佛譜》卷第三・在家五戒・L145,在家五戒
1885,第7门,增上戒學門,卷3,持比丘律,彌彌,彌,戒善,彌,戒善,行,住毗尼而不動,第7门,升,,「彌彌」二字俱表戒善。随力浅深，渐成增上，故住毗尼而不动。,手工逐组（门1–14 手写）,承注,,阿阿等六。隨力淺深。漸成增上。,《選佛譜》卷第三・在家五戒・L145,在家五戒
1886,第7门,增上戒學門,卷3,持比丘律,彌陀,彌,戒善,陀,定善,行,善能滅諍,第7门,升,,「彌」表戒善、「陀」表定善。随力浅深，渐成增上，故善能灭诤。,手工逐组（门1–14 手写）,承注,,阿阿等六。隨力淺深。漸成增上。,《選佛譜》卷第三・在家五戒・L145,在家五戒
1887,第7门,增上戒學門,卷3,持比丘律,彌佛,彌,戒善,佛,无漏善慧,行,覺清淨戒,第7门,升,,「彌」表戒善、「佛」表无漏善慧。由增上戒学，成增上定学，故入觉清净戒。,手工逐组（门1–14 手写）,承注,,彌佛。則為菩薩比丘。故餘清淨。,《選佛譜》卷第三・在家五戒・L145,在家五戒
1888,第7门,增上戒學門,卷3,持比丘律,陀陀,陀,定善,陀,定善,行,十一切處觀,第8门,升,,「陀陀」二字俱表定善。由增上戒学，成增上定学，故入十一切处观。,手工逐组（门1–14 手写）,直說,陀陀十一切處者。由增上戒學。成增上定學故。,陀陀十一切處者。由增上戒學。成增上定學故。,《選佛譜》卷第三・持比丘律・L157,持比丘律
1889,第7门,增上戒學門,卷3,持比丘律,陀佛,陀,定善,佛,无漏善慧,行,中品上生,第14门,横超,,「陀」表定善、「佛」表无漏善慧。功行胜沙弥，准十六观经，故得中品上生。,手工逐组（门1–14 手写）,承注,,陀佛。則准十六觀經而生淨土。,《選佛譜》卷第三・在家五戒・L145,在家五戒
1890,第7门,增上戒學門,卷3,持比丘律,佛佛,佛,无漏善慧,佛,无漏善慧,行,圓十信位,第13门,升,,「佛佛」二字俱表无漏善慧。悟戒之实相而净六根，故入圆十信位。,手工逐组（门1–14 手写）,承注,,佛佛。則悟戒之實相而淨六根。,《選佛譜》卷第三・在家五戒・L145,在家五戒
1891,第7门,增上戒學門,卷3,持二部律,那那,那,见烦恼,那,见烦恼,行,夜摩天,第4门,升,,「那那」二字俱表见烦恼。前异熟尽，承戒力以生天，故生夜摩天。,手工逐组（门1–14 手写）,承注,,那那。則必有毀犯。故須作法懺除。,《選佛譜》卷第三・在家五戒・L145,在家五戒
1892,第7门,增上戒學門,卷3,持二部律,那謨,那,见烦恼,謨,爱烦恼,行,兜率天,第4门,升,,「那」表见烦恼、「謨」表爱烦恼。前异熟尽，承戒力以生天，故生兜率天。,手工逐组（门1–14 手写）,承注,,那謨。則引業所牽。命終還生人道。,《選佛譜》卷第三・在家五戒・L145,在家五戒
1893,第7门,增上戒學門,卷3,持二部律,那阿,那,见烦恼,阿,施善,不行·安住本位,,,安住,,「那」表见烦恼、「阿」表施善。相为对治，二俱无力，故不行。,手工逐组（门1–14 手写）,通則,,其餘位中。以阿彌陀善。與那謨惡相為對治。二俱無力。所以並不行也。,《選佛譜》卷第一・見取・L57,見取
1894,第7门,增上戒學門,卷3,持二部律,那彌,那,见烦恼,彌,戒善,不行·安住本位,,,安住,,「那」表见烦恼、「彌」表戒善。相为对治，二俱无力，故不行。,手工逐组（门1–14 手写）,通則,,其餘位中。以阿彌陀善。與那謨惡相為對治。二俱無力。所以並不行也。,《選佛譜》卷第一・見取・L57,見取
1895,第7门,增上戒學門,卷3,持二部律,那陀,那,见烦恼,陀,定善,不行·安住本位,,,安住,,「那」表见烦恼、「陀」表定善。相为对治，二俱无力，故不行。,手工逐组（门1–14 手写）,通則,,其餘位中。以阿彌陀善。與那謨惡相為對治。二俱無力。所以並不行也。,《選佛譜》卷第一・見取・L57,見取
1896,第7门,增上戒學門,卷3,持二部律,那佛,那,见烦恼,佛,无漏善慧,行,總相念,第10门,升,,「那」表见烦恼、「佛」表无漏善慧。堪任教诫而念处调见，故入总相念。,手工逐组（门1–14 手写）,承注,,那佛。則五停以調見,《選佛譜》卷第三・在家五戒・L145,在家五戒
1897,第7门,增上戒學門,卷3,持二部律,謨謨,謨,爱烦恼,謨,爱烦恼,行,取相懺,第6门,降,,「謨謨」二字俱表爱烦恼。此人为众所知识，设使烦恼力强，必须结坛礼忏，故入取相忏。,手工逐组（门1–14 手写）,直說,此人既為眾所知識未必肯捨具戒。設使煩惱力強。必須結壇禮懺以治惑也。,此人既為眾所知識未必肯捨具戒。設使煩惱力強。必須結壇禮懺以治惑也。,《選佛譜》卷第三・持二部律・L161,持二部律
1898,第7门,增上戒學門,卷3,持二部律,謨阿,謨,爱烦恼,阿,施善,不行·安住本位,,,安住,,「謨」表爱烦恼、「阿」表施善。相为对治，二俱无力，故不行。,手工逐组（门1–14 手写）,通則,,其餘位中。以阿彌陀善。與那謨惡相為對治。二俱無力。所以並不行也。,《選佛譜》卷第一・見取・L57,見取
1899,第7门,增上戒學門,卷3,持二部律,謨彌,謨,爱烦恼,彌,戒善,不行·安住本位,,,安住,,「謨」表爱烦恼、「彌」表戒善。相为对治，二俱无力，故不行。,手工逐组（门1–14 手写）,通則,,其餘位中。以阿彌陀善。與那謨惡相為對治。二俱無力。所以並不行也。,《選佛譜》卷第一・見取・L57,見取
1900,第7门,增上戒學門,卷3,持二部律,謨陀,謨,爱烦恼,陀,定善,不行·安住本位,,,安住,,「謨」表爱烦恼、「陀」表定善。相为对治，二俱无力，故不行。,手工逐组（门1–14 手写）,通則,,其餘位中。以阿彌陀善。與那謨惡相為對治。二俱無力。所以並不行也。,《選佛譜》卷第一・見取・L57,見取
1901,第7门,增上戒學門,卷3,持二部律,謨佛,謨,爱烦恼,佛,无漏善慧,行,初乾慧地,第11门,升,,「謨」表爱烦恼、「佛」表无漏善慧。乾慧以治思，故入初乾慧地。,手工逐组（门1–14 手写）,承注,,謨佛。則乾慧以治思。,《選佛譜》卷第三・在家五戒・L145,在家五戒
1902,第7门,增上戒學門,卷3,持二部律,阿阿,阿,施善,阿,施善,行,廣持毗尼,第7门,升,,「阿阿」二字俱表施善。堪任教诫，渐成增上，故广持毗尼。,手工逐组（门1–14 手写）,承注,,阿阿等六。隨力淺深。漸成增上。,《選佛譜》卷第三・在家五戒・L145,在家五戒
1903,第7门,增上戒學門,卷3,持二部律,阿彌,阿,施善,彌,戒善,行,住毗尼而不動,第7门,升,,「阿」表施善、「彌」表戒善。堪任教诫，渐成增上，故住毗尼而不动。,手工逐组（门1–14 手写）,承注,,阿阿等六。隨力淺深。漸成增上。,《選佛譜》卷第三・在家五戒・L145,在家五戒
1904,第7门,增上戒學門,卷3,持二部律,阿陀,阿,施善,陀,定善,行,善能滅諍,第7门,升,,「阿」表施善、「陀」表定善。随力浅深，渐成增上，故善能灭诤。,手工逐组（门1–14 手写）,承注,,阿阿等六。隨力淺深。漸成增上。,《選佛譜》卷第三・在家五戒・L145,在家五戒
1905,第7门,增上戒學門,卷3,持二部律,阿佛,阿,施善,佛,无漏善慧,行,餘清淨戒,第7门,升,,「阿」表施善、「佛」表无漏善慧。此位即为菩萨比丘，故余清净，入余清净戒。,手工逐组（门1–14 手写）,承注,,阿佛。則成菩薩居士。故業清淨。,《選佛譜》卷第三・在家五戒・L145,在家五戒
1906,第7门,增上戒學門,卷3,持二部律,彌彌,彌,戒善,彌,戒善,行,善能滅諍,第7门,升,,「彌彌」二字俱表戒善。随力浅深，渐成增上，故善能灭诤。,手工逐组（门1–14 手写）,承注,,阿阿等六。隨力淺深。漸成增上。,《選佛譜》卷第三・在家五戒・L145,在家五戒
1907,第7门,增上戒學門,卷3,持二部律,彌陀,彌,戒善,陀,定善,行,十一切處觀,第8门,升,,「彌」表戒善、「陀」表定善。由增上戒学，成增上定学，故入十一切处观。,手工逐组（门1–14 手写）,承注,,阿阿等六。隨力淺深。漸成增上。,《選佛譜》卷第三・在家五戒・L145,在家五戒
1908,第7门,增上戒學門,卷3,持二部律,彌佛,彌,戒善,佛,无漏善慧,行,覺清淨戒,第7门,升,,「彌」表戒善、「佛」表无漏善慧。由增上戒学，成增上定学，故入觉清净戒。,手工逐组（门1–14 手写）,承注,,彌佛。則為菩薩比丘。故餘清淨。,《選佛譜》卷第三・在家五戒・L145,在家五戒
1909,第7门,增上戒學門,卷3,持二部律,陀陀,陀,定善,陀,定善,行,九次第定,第8门,升,,「陀陀」二字俱表定善。由增上戒学，成增上定学，故入九次第定。,手工逐组（门1–14 手写）,承注,,阿阿等六。隨力淺深。漸成增上。,《選佛譜》卷第三・在家五戒・L145,在家五戒
1910,第7门,增上戒學門,卷3,持二部律,陀佛,陀,定善,佛,无漏善慧,行,中品上生,第14门,横超,,「陀」表定善、「佛」表无漏善慧。堪任教诫，准十六观经，故得中品上生。,手工逐组（门1–14 手写）,承注,,陀佛。則准十六觀經而生淨土。,《選佛譜》卷第三・在家五戒・L145,在家五戒
1911,第7门,增上戒學門,卷3,持二部律,佛佛,佛,无漏善慧,佛,无漏善慧,行,圓十信位,第13门,升,,「佛佛」二字俱表无漏善慧。悟戒之实相而净六根，故入圆十信位。,手工逐组（门1–14 手写）,承注,,佛佛。則悟戒之實相而淨六根。,《選佛譜》卷第三・在家五戒・L145,在家五戒
1912,第7门,增上戒學門,卷3,廣持毗尼,那那,那,见烦恼,那,见烦恼,行,兜率天,第4门,升,,「那那」二字俱表见烦恼。前异熟尽，承戒力以生天，故生兜率天。,手工逐组（门1–14 手写）,承注,,那那。則必有毀犯。故須作法懺除。,《選佛譜》卷第三・在家五戒・L145,在家五戒
1913,第7门,增上戒學門,卷3,廣持毗尼,那謨,那,见烦恼,謨,爱烦恼,行,化樂天,第4门,升,,「那」表见烦恼、「謨」表爱烦恼。前异熟尽，承戒力以生天，故生化乐天。,手工逐组（门1–14 手写）,承注,,那謨。則引業所牽。命終還生人道。,《選佛譜》卷第三・在家五戒・L145,在家五戒
1914,第7门,增上戒學門,卷3,廣持毗尼,那阿,那,见烦恼,阿,施善,不行·安住本位,,,安住,,「那」表见烦恼、「阿」表施善。相为对治，二俱无力，故不行。,手工逐组（门1–14 手写）,通則,,其餘位中。以阿彌陀善。與那謨惡相為對治。二俱無力。所以並不行也。,《選佛譜》卷第一・見取・L57,見取
1915,第7门,增上戒學門,卷3,廣持毗尼,那彌,那,见烦恼,彌,戒善,不行·安住本位,,,安住,,「那」表见烦恼、「彌」表戒善。相为对治，二俱无力，故不行。,手工逐组（门1–14 手写）,通則,,其餘位中。以阿彌陀善。與那謨惡相為對治。二俱無力。所以並不行也。,《選佛譜》卷第一・見取・L57,見取
1916,第7门,增上戒學門,卷3,廣持毗尼,那陀,那,见烦恼,陀,定善,不行·安住本位,,,安住,,「那」表见烦恼、「陀」表定善。相为对治，二俱无力，故不行。,手工逐组（门1–14 手写）,通則,,其餘位中。以阿彌陀善。與那謨惡相為對治。二俱無力。所以並不行也。,《選佛譜》卷第一・見取・L57,見取
1917,第7门,增上戒學門,卷3,廣持毗尼,那佛,那,见烦恼,佛,无漏善慧,行,煖位,第10门,升,,「那」表见烦恼、「佛」表无漏善慧。戒力倍胜而念处调见转深，故入煖位。,手工逐组（门1–14 手写）,承注,,那佛。則五停以調見,《選佛譜》卷第三・在家五戒・L145,在家五戒
1918,第7门,增上戒學門,卷3,廣持毗尼,謨謨,謨,爱烦恼,謨,爱烦恼,行,取相懺,第6门,降,,「謨謨」二字俱表爱烦恼。烦恼未除，仍须修取相忏，故入取相忏。,手工逐组（门1–14 手写）,直說,然煩惱未除。仍須修取相懺。,然煩惱未除。仍須修取相懺。,《選佛譜》卷第三・廣持毗尼・L165,廣持毗尼
1919,第7门,增上戒學門,卷3,廣持毗尼,謨阿,謨,爱烦恼,阿,施善,不行·安住本位,,,安住,,「謨」表爱烦恼、「阿」表施善。相为对治，二俱无力，故不行。,手工逐组（门1–14 手写）,通則,,其餘位中。以阿彌陀善。與那謨惡相為對治。二俱無力。所以並不行也。,《選佛譜》卷第一・見取・L57,見取
1920,第7门,增上戒學門,卷3,廣持毗尼,謨彌,謨,爱烦恼,彌,戒善,不行·安住本位,,,安住,,「謨」表爱烦恼、「彌」表戒善。相为对治，二俱无力，故不行。,手工逐组（门1–14 手写）,通則,,其餘位中。以阿彌陀善。與那謨惡相為對治。二俱無力。所以並不行也。,《選佛譜》卷第一・見取・L57,見取
1921,第7门,增上戒學門,卷3,廣持毗尼,謨陀,謨,爱烦恼,陀,定善,不行·安住本位,,,安住,,「謨」表爱烦恼、「陀」表定善。相为对治，二俱无力，故不行。,手工逐组（门1–14 手写）,通則,,其餘位中。以阿彌陀善。與那謨惡相為對治。二俱無力。所以並不行也。,《選佛譜》卷第一・見取・L57,見取
1922,第7门,增上戒學門,卷3,廣持毗尼,謨佛,謨,爱烦恼,佛,无漏善慧,行,二性地,第11门,升,,「謨」表爱烦恼、「佛」表无漏善慧。乾慧以治思，戒力倍胜，故入二性地。,手工逐组（门1–14 手写）,承注,,謨佛。則乾慧以治思。,《選佛譜》卷第三・在家五戒・L145,在家五戒
1923,第7门,增上戒學門,卷3,廣持毗尼,阿阿,阿,施善,阿,施善,行,住毗尼而不動,第7门,升,,「阿阿」二字俱表施善。堪作人天师范而倍胜，故住毗尼而不动。,手工逐组（门1–14 手写）,承注,,阿阿等六。隨力淺深。漸成增上。,《選佛譜》卷第三・在家五戒・L145,在家五戒
1924,第7门,增上戒學門,卷3,廣持毗尼,阿彌,阿,施善,彌,戒善,行,善能滅諍,第7门,升,,「阿」表施善、「彌」表戒善。堪作人天师范而倍胜，故善能灭诤。,手工逐组（门1–14 手写）,承注,,阿阿等六。隨力淺深。漸成增上。,《選佛譜》卷第三・在家五戒・L145,在家五戒
1925,第7门,增上戒學門,卷3,廣持毗尼,阿陀,阿,施善,陀,定善,行,十一切處觀,第8门,升,,「阿」表施善、「陀」表定善。由增上戒学，成增上定学，故入十一切处观。,手工逐组（门1–14 手写）,承注,,阿阿等六。隨力淺深。漸成增上。,《選佛譜》卷第三・在家五戒・L145,在家五戒
1926,第7门,增上戒學門,卷3,廣持毗尼,阿佛,阿,施善,佛,无漏善慧,行,覺清淨戒,第7门,升,,「阿」表施善、「佛」表无漏善慧。由增上戒学，成增上定学，故入觉清净戒。,手工逐组（门1–14 手写）,承注,,阿佛。則成菩薩居士。故業清淨。,《選佛譜》卷第三・在家五戒・L145,在家五戒
1927,第7门,增上戒學門,卷3,廣持毗尼,彌彌,彌,戒善,彌,戒善,行,善能滅諍,第7门,升,,「彌彌」二字俱表戒善。随力浅深，渐成增上，故善能灭诤。,手工逐组（门1–14 手写）,承注,,阿阿等六。隨力淺深。漸成增上。,《選佛譜》卷第三・在家五戒・L145,在家五戒
1928,第7门,增上戒學門,卷3,廣持毗尼,彌陀,彌,戒善,陀,定善,行,九次第定,第8门,升,,「彌」表戒善、「陀」表定善。由增上戒学，成增上定学，故入九次第定。,手工逐组（门1–14 手写）,承注,,阿阿等六。隨力淺深。漸成增上。,《選佛譜》卷第三・在家五戒・L145,在家五戒
1929,第7门,增上戒學門,卷3,廣持毗尼,彌佛,彌,戒善,佛,无漏善慧,行,念清淨戒,第7门,升,,「彌」表戒善、「佛」表无漏善慧。由增上戒学，成增上定学，故入念清净戒。,手工逐组（门1–14 手写）,承注,,彌佛。則為菩薩比丘。故餘清淨。,《選佛譜》卷第三・在家五戒・L145,在家五戒
1930,第7门,增上戒學門,卷3,廣持毗尼,陀陀,陀,定善,陀,定善,行,師子奮迅三昧,第8门,升,,「陀陀」二字俱表定善。由增上戒学，成增上定学，故入师子奋迅三昧。,手工逐组（门1–14 手写）,承注,,阿阿等六。隨力淺深。漸成增上。,《選佛譜》卷第三・在家五戒・L145,在家五戒
1931,第7门,增上戒學門,卷3,廣持毗尼,陀佛,陀,定善,佛,无漏善慧,行,無上道戒,第7门,升,,「陀」表定善、「佛」表无漏善慧。此戒从浅阶深、圆摄诸法，故入无上道戒。,手工逐组（门1–14 手写）,承注,,陀佛。則准十六觀經而生淨土。,《選佛譜》卷第三・在家五戒・L145,在家五戒
1932,第7门,增上戒學門,卷3,廣持毗尼,佛佛,佛,无漏善慧,佛,无漏善慧,行,上品上生,第14门,横超,,「佛佛」二字俱表无漏善慧。具诸戒行，随佛往生，故为上品上生。,手工逐组（门1–14 手写）,直說,若遇佛佛則是具諸戒行。隨佛往生。故為上上品矣。,若遇佛佛則是具諸戒行。隨佛往生。故為上上品矣。,《選佛譜》卷第三・廣持毗尼・L165,廣持毗尼
1933,第7门,增上戒學門,卷3,住毗尼而不動,那那,那,见烦恼,那,见烦恼,不行·安住本位,,,安住,,「那那」二字俱表见烦恼。此位得无漏戒、舍破戒垢，永无退转，故不行。,手工逐组（门1–14 手写）,直說,永無退轉。那謨等皆不行也。,得無漏戒。捨破戒垢。故名住毗尼而不動。永無退轉。那謨等皆不行也。,《選佛譜》卷第三・住毗尼而不動・L169,住毗尼而不動
1934,第7门,增上戒學門,卷3,住毗尼而不動,那謨,那,见烦恼,謨,爱烦恼,不行·安住本位,,,安住,,「那」表见烦恼、「謨」表爱烦恼。此位得无漏戒、舍破戒垢，永无退转，故不行。,手工逐组（门1–14 手写）,直說,永無退轉。那謨等皆不行也。,得無漏戒。捨破戒垢。故名住毗尼而不動。永無退轉。那謨等皆不行也。,《選佛譜》卷第三・住毗尼而不動・L169,住毗尼而不動
1935,第7门,增上戒學門,卷3,住毗尼而不動,那阿,那,见烦恼,阿,施善,不行·安住本位,,,安住,,「那」表见烦恼、「阿」表施善。此位得无漏戒，永无退转，故不行。,手工逐组（门1–14 手写）,通則,永無退轉。那謨等皆不行也。,其餘位中。以阿彌陀善。與那謨惡相為對治。二俱無力。所以並不行也。,《選佛譜》卷第一・見取・L57,見取
1936,第7门,增上戒學門,卷3,住毗尼而不動,那彌,那,见烦恼,彌,戒善,不行·安住本位,,,安住,,「那」表见烦恼、「彌」表戒善。此位得无漏戒，永无退转，故不行。,手工逐组（门1–14 手写）,通則,永無退轉。那謨等皆不行也。,其餘位中。以阿彌陀善。與那謨惡相為對治。二俱無力。所以並不行也。,《選佛譜》卷第一・見取・L57,見取
1937,第7门,增上戒學門,卷3,住毗尼而不動,那陀,那,见烦恼,陀,定善,不行·安住本位,,,安住,,「那」表见烦恼、「陀」表定善。此位得无漏戒，永无退转，故不行。,手工逐组（门1–14 手写）,通則,永無退轉。那謨等皆不行也。,其餘位中。以阿彌陀善。與那謨惡相為對治。二俱無力。所以並不行也。,《選佛譜》卷第一・見取・L57,見取
1938,第7门,增上戒學門,卷3,住毗尼而不動,那佛,那,见烦恼,佛,无漏善慧,行,二果斯陀含,第10门,升,,「那」表见烦恼、「佛」表无漏善慧。从见道阶修道，故成二果斯陀含。,手工逐组（门1–14 手写）,直說,那佛二果者。從見道階修道故。,那佛二果者。從見道階修道故。,《選佛譜》卷第三・住毗尼而不動・L169,住毗尼而不動
1939,第7门,增上戒學門,卷3,住毗尼而不動,謨謨,謨,爱烦恼,謨,爱烦恼,不行·安住本位,,,安住,,「謨謨」二字俱表爱烦恼。此位得无漏戒、舍破戒垢，永无退转，故不行。,手工逐组（门1–14 手写）,直說,永無退轉。那謨等皆不行也。,得無漏戒。捨破戒垢。故名住毗尼而不動。永無退轉。那謨等皆不行也。,《選佛譜》卷第三・住毗尼而不動・L169,住毗尼而不動
1940,第7门,增上戒學門,卷3,住毗尼而不動,謨阿,謨,爱烦恼,阿,施善,不行·安住本位,,,安住,,「謨」表爱烦恼、「阿」表施善。此位得无漏戒，永无退转，故不行。,手工逐组（门1–14 手写）,通則,永無退轉。那謨等皆不行也。,其餘位中。以阿彌陀善。與那謨惡相為對治。二俱無力。所以並不行也。,《選佛譜》卷第一・見取・L57,見取
1941,第7门,增上戒學門,卷3,住毗尼而不動,謨彌,謨,爱烦恼,彌,戒善,不行·安住本位,,,安住,,「謨」表爱烦恼、「彌」表戒善。此位得无漏戒，永无退转，故不行。,手工逐组（门1–14 手写）,通則,永無退轉。那謨等皆不行也。,其餘位中。以阿彌陀善。與那謨惡相為對治。二俱無力。所以並不行也。,《選佛譜》卷第一・見取・L57,見取
1942,第7门,增上戒學門,卷3,住毗尼而不動,謨陀,謨,爱烦恼,陀,定善,不行·安住本位,,,安住,,「謨」表爱烦恼、「陀」表定善。此位得无漏戒，永无退转，故不行。,手工逐组（门1–14 手写）,通則,永無退轉。那謨等皆不行也。,其餘位中。以阿彌陀善。與那謨惡相為對治。二俱無力。所以並不行也。,《選佛譜》卷第一・見取・L57,見取
1943,第7门,增上戒學門,卷3,住毗尼而不動,謨佛,謨,爱烦恼,佛,无漏善慧,行,五薄地,第11门,升,,「謨」表爱烦恼、「佛」表无漏善慧。烦恼薄，故成五薄地。,手工逐组（门1–14 手写）,直說,謨佛薄地者。煩惱薄故。,謨佛薄地者。煩惱薄故。,《選佛譜》卷第三・住毗尼而不動・L169,住毗尼而不動
1944,第7门,增上戒學門,卷3,住毗尼而不動,阿阿,阿,施善,阿,施善,行,善能滅諍,第7门,升,,「阿阿」二字俱表施善。既得无漏戒、舍破戒垢，戒学转成增上，故善能灭诤。,手工逐组（门1–14 手写）,承注,,阿阿等六。隨力淺深。漸成增上。,《選佛譜》卷第三・在家五戒・L145,在家五戒
1945,第7门,增上戒學門,卷3,住毗尼而不動,阿彌,阿,施善,彌,戒善,行,十一切處觀,第8门,升,,「阿」表施善、「彌」表戒善。由增上戒学，成增上定学，故入十一切处观。,手工逐组（门1–14 手写）,承注,,阿阿等六。隨力淺深。漸成增上。,《選佛譜》卷第三・在家五戒・L145,在家五戒
1946,第7门,增上戒學門,卷3,住毗尼而不動,阿陀,阿,施善,陀,定善,行,九次第定,第8门,升,,「阿」表施善、「陀」表定善。由增上戒学，成增上定学，故入九次第定。,手工逐组（门1–14 手写）,承注,,阿阿等六。隨力淺深。漸成增上。,《選佛譜》卷第三・在家五戒・L145,在家五戒
1947,第7门,增上戒學門,卷3,住毗尼而不動,阿佛,阿,施善,佛,无漏善慧,行,念清淨戒,第7门,升,,「阿」表施善、「佛」表无漏善慧。开小成大，故入念清净戒。,手工逐组（门1–14 手写）,直說,阿佛念清淨戒者。開小成大故。,阿佛念清淨戒者。開小成大故。,《選佛譜》卷第三・住毗尼而不動・L169,住毗尼而不動
1948,第7门,增上戒學門,卷3,住毗尼而不動,彌彌,彌,戒善,彌,戒善,行,九次第定,第8门,升,,「彌彌」二字俱表戒善。由增上戒学，成增上定学，故入九次第定。,手工逐组（门1–14 手写）,承注,,阿阿等六。隨力淺深。漸成增上。,《選佛譜》卷第三・在家五戒・L145,在家五戒
1949,第7门,增上戒學門,卷3,住毗尼而不動,彌陀,彌,戒善,陀,定善,行,師子奮迅三昧,第8门,升,,「彌」表戒善、「陀」表定善。由增上戒学，成增上定学，故入师子奋迅三昧。,手工逐组（门1–14 手写）,承注,,阿阿等六。隨力淺深。漸成增上。,《選佛譜》卷第三・在家五戒・L145,在家五戒
1950,第7门,增上戒學門,卷3,住毗尼而不動,彌佛,彌,戒善,佛,无漏善慧,行,無上道戒,第7门,升,,「彌」表戒善、「佛」表无漏善慧。度戒彼岸，故入无上道戒。,手工逐组（门1–14 手写）,直說,彌佛無上道戒者。度戒彼岸故。,彌佛無上道戒者。度戒彼岸故。,《選佛譜》卷第三・住毗尼而不動・L169,住毗尼而不動
1951,第7门,增上戒學門,卷3,住毗尼而不動,陀陀,陀,定善,陀,定善,行,超越三昧,第8门,升,,「陀陀」二字俱表定善。由增上戒学，成增上定学，故入超越三昧。,手工逐组（门1–14 手写）,承注,,阿阿等六。隨力淺深。漸成增上。,《選佛譜》卷第三・在家五戒・L145,在家五戒
1952,第7门,增上戒學門,卷3,住毗尼而不動,陀佛,陀,定善,佛,无漏善慧,行,二離垢地,第12门,升,,「陀」表定善、「佛」表无漏善慧。戒波罗蜜增上，故入二离垢地。,手工逐组（门1–14 手写）,直說,陀佛二離垢地者。戒波羅密增上故。,陀佛二離垢地者。戒波羅密增上故。,《選佛譜》卷第三・住毗尼而不動・L169,住毗尼而不動
1953,第7门,增上戒學門,卷3,住毗尼而不動,佛佛,佛,无漏善慧,佛,无漏善慧,行,圓十住位,第13门,升,,「佛佛」二字俱表无漏善慧。住戒秘藏，故入圆十住位。,手工逐组（门1–14 手写）,直說,佛佛圓住者。住戒祕藏故。,佛佛圓住者。住戒祕藏故。,《選佛譜》卷第三・住毗尼而不動・L169,住毗尼而不動
1954,第7门,增上戒學門,卷3,善能滅諍,那那,那,见烦恼,那,见烦恼,不行·安住本位,,,安住,,「那那」二字俱表见烦恼。此位自既清净、令他清净，戒已无漏永无退转，故不行。,手工逐组（门1–14 手写）,承注,,得無漏戒。捨破戒垢。故名住毗尼而不動。永無退轉。那謨等皆不行也。,《選佛譜》卷第三・住毗尼而不動・L169,住毗尼而不動
1955,第7门,增上戒學門,卷3,善能滅諍,那謨,那,见烦恼,謨,爱烦恼,不行·安住本位,,,安住,,「那」表见烦恼、「謨」表爱烦恼。此位自既清净、令他清净，永无退转，故不行。,手工逐组（门1–14 手写）,承注,,得無漏戒。捨破戒垢。故名住毗尼而不動。永無退轉。那謨等皆不行也。,《選佛譜》卷第三・住毗尼而不動・L169,住毗尼而不動
1956,第7门,增上戒學門,卷3,善能滅諍,那阿,那,见烦恼,阿,施善,不行·安住本位,,,安住,,「那」表见烦恼、「阿」表施善。此位自既清净、令他清净，永无退转，故不行。,手工逐组（门1–14 手写）,通則,,其餘位中。以阿彌陀善。與那謨惡相為對治。二俱無力。所以並不行也。,《選佛譜》卷第一・見取・L57,見取
1957,第7门,增上戒學門,卷3,善能滅諍,那彌,那,见烦恼,彌,戒善,不行·安住本位,,,安住,,「那」表见烦恼、「彌」表戒善。此位自既清净、令他清净，永无退转，故不行。,手工逐组（门1–14 手写）,通則,,其餘位中。以阿彌陀善。與那謨惡相為對治。二俱無力。所以並不行也。,《選佛譜》卷第一・見取・L57,見取
1958,第7门,增上戒學門,卷3,善能滅諍,那陀,那,见烦恼,陀,定善,不行·安住本位,,,安住,,「那」表见烦恼、「陀」表定善。此位自既清净、令他清净，永无退转，故不行。,手工逐组（门1–14 手写）,通則,,其餘位中。以阿彌陀善。與那謨惡相為對治。二俱無力。所以並不行也。,《選佛譜》卷第一・見取・L57,見取
1959,第7门,增上戒學門,卷3,善能滅諍,那佛,那,见烦恼,佛,无漏善慧,行,念清淨戒,第7门,升,,「那」表见烦恼、「佛」表无漏善慧。开小成大，故入念清净戒。,手工逐组（门1–14 手写）,直說,那佛等則開小成大。已如前說。,那佛等則開小成大。已如前說。,《選佛譜》卷第三・善能滅諍・L173,善能滅諍
1960,第7门,增上戒學門,卷3,善能滅諍,謨謨,謨,爱烦恼,謨,爱烦恼,不行·安住本位,,,安住,,「謨謨」二字俱表爱烦恼。此位自既清净、令他清净，永无退转，故不行。,手工逐组（门1–14 手写）,承注,,得無漏戒。捨破戒垢。故名住毗尼而不動。永無退轉。那謨等皆不行也。,《選佛譜》卷第三・住毗尼而不動・L169,住毗尼而不動
1961,第7门,增上戒學門,卷3,善能滅諍,謨阿,謨,爱烦恼,阿,施善,不行·安住本位,,,安住,,「謨」表爱烦恼、「阿」表施善。此位自既清净、令他清净，永无退转，故不行。,手工逐组（门1–14 手写）,通則,,其餘位中。以阿彌陀善。與那謨惡相為對治。二俱無力。所以並不行也。,《選佛譜》卷第一・見取・L57,見取
1962,第7门,增上戒學門,卷3,善能滅諍,謨彌,謨,爱烦恼,彌,戒善,不行·安住本位,,,安住,,「謨」表爱烦恼、「彌」表戒善。此位自既清净、令他清净，永无退转，故不行。,手工逐组（门1–14 手写）,通則,,其餘位中。以阿彌陀善。與那謨惡相為對治。二俱無力。所以並不行也。,《選佛譜》卷第一・見取・L57,見取
1963,第7门,增上戒學門,卷3,善能滅諍,謨陀,謨,爱烦恼,陀,定善,不行·安住本位,,,安住,,「謨」表爱烦恼、「陀」表定善。此位自既清净、令他清净，永无退转，故不行。,手工逐组（门1–14 手写）,通則,,其餘位中。以阿彌陀善。與那謨惡相為對治。二俱無力。所以並不行也。,《選佛譜》卷第一・見取・L57,見取
1964,第7门,增上戒學門,卷3,善能滅諍,謨佛,謨,爱烦恼,佛,无漏善慧,行,念清淨戒,第7门,升,,「謨」表爱烦恼、「佛」表无漏善慧。开小成大，故入念清净戒。,手工逐组（门1–14 手写）,直說,那佛等則開小成大。已如前說。,那佛等則開小成大。已如前說。,《選佛譜》卷第三・善能滅諍・L173,善能滅諍
1965,第7门,增上戒學門,卷3,善能滅諍,阿阿,阿,施善,阿,施善,行,十一切處觀,第8门,升,,「阿阿」二字俱表施善。如次入于增上定学，故入十一切处观。,手工逐组（门1–14 手写）,直說,故阿阿等。如次入於增上定學。,自既清淨。令他清淨。於諍事起。善能除滅。統理大眾。具足利他功德。聲聞持戒。此為最勝。故阿阿等。如次入於增上定學。,《選佛譜》卷第三・善能滅諍・L173,善能滅諍
1966,第7门,增上戒學門,卷3,善能滅諍,阿彌,阿,施善,彌,戒善,行,九次第定,第8门,升,,「阿」表施善、「彌」表戒善。如次入于增上定学，故入九次第定。,手工逐组（门1–14 手写）,直說,故阿阿等。如次入於增上定學。,自既清淨。令他清淨。於諍事起。善能除滅。統理大眾。具足利他功德。聲聞持戒。此為最勝。故阿阿等。如次入於增上定學。,《選佛譜》卷第三・善能滅諍・L173,善能滅諍
1967,第7门,增上戒學門,卷3,善能滅諍,阿陀,阿,施善,陀,定善,行,師子奮迅三昧,第8门,升,,「阿」表施善、「陀」表定善。如次入于增上定学，故入师子奋迅三昧。,手工逐组（门1–14 手写）,直說,故阿阿等。如次入於增上定學。,自既清淨。令他清淨。於諍事起。善能除滅。統理大眾。具足利他功德。聲聞持戒。此為最勝。故阿阿等。如次入於增上定學。,《選佛譜》卷第三・善能滅諍・L173,善能滅諍
1968,第7门,增上戒學門,卷3,善能滅諍,阿佛,阿,施善,佛,无漏善慧,行,無上道戒,第7门,升,,「阿」表施善、「佛」表无漏善慧。开小成大而度戒彼岸，故入无上道戒。,手工逐组（门1–14 手写）,直說,那佛等則開小成大。已如前說。,那佛等則開小成大。已如前說。,《選佛譜》卷第三・善能滅諍・L173,善能滅諍
1969,第7门,增上戒學門,卷3,善能滅諍,彌彌,彌,戒善,彌,戒善,行,師子奮迅三昧,第8门,升,,「彌彌」二字俱表戒善。如次入于增上定学，故入师子奋迅三昧。,手工逐组（门1–14 手写）,直說,故阿阿等。如次入於增上定學。,自既清淨。令他清淨。於諍事起。善能除滅。統理大眾。具足利他功德。聲聞持戒。此為最勝。故阿阿等。如次入於增上定學。,《選佛譜》卷第三・善能滅諍・L173,善能滅諍
1970,第7门,增上戒學門,卷3,善能滅諍,彌陀,彌,戒善,陀,定善,行,超越三昧,第8门,升,,「彌」表戒善、「陀」表定善。如次入于增上定学，故入超越三昧。,手工逐组（门1–14 手写）,直說,故阿阿等。如次入於增上定學。,自既清淨。令他清淨。於諍事起。善能除滅。統理大眾。具足利他功德。聲聞持戒。此為最勝。故阿阿等。如次入於增上定學。,《選佛譜》卷第三・善能滅諍・L173,善能滅諍
1971,第7门,增上戒學門,卷3,善能滅諍,彌佛,彌,戒善,佛,无漏善慧,行,二離垢地,第12门,升,,「彌」表戒善、「佛」表无漏善慧。戒波罗蜜增上，故入二离垢地。,手工逐组（门1–14 手写）,直說,那佛等則開小成大。已如前說。,那佛等則開小成大。已如前說。,《選佛譜》卷第三・善能滅諍・L173,善能滅諍
1972,第7门,增上戒學門,卷3,善能滅諍,陀陀,陀,定善,陀,定善,行,七不退住,第12门,升,,「陀陀」二字俱表定善。所作已办，同别教七住，故为七不退住。,手工逐组（门1–14 手写）,直說,陀陀。則所作已辦。同別七住。,陀陀。則所作已辦。同別七住。,《選佛譜》卷第三・善能滅諍・L173,善能滅諍
1973,第7门,增上戒學門,卷3,善能滅諍,陀佛,陀,定善,佛,无漏善慧,行,圓十住位,第13门,升,,「陀」表定善、「佛」表无漏善慧。定慧庄严，即住秘藏，故入圆十住位。,手工逐组（门1–14 手写）,直說,陀佛。則定慧莊嚴。即住祕藏。,陀佛。則定慧莊嚴。即住祕藏。,《選佛譜》卷第三・善能滅諍・L173,善能滅諍
1974,第7门,增上戒學門,卷3,善能滅諍,佛佛,佛,无漏善慧,佛,无漏善慧,行,圓十行位,第13门,升,,「佛佛」二字俱表无漏善慧。不可思议，二利行圆，故入圆十行位。,手工逐组（门1–14 手写）,直說,佛佛。則不可思議。二利行圓也。,佛佛。則不可思議。二利行圓也。,《選佛譜》卷第三・善能滅諍・L173,善能滅諍
1975,第7门,增上戒學門,卷3,業清淨戒,那那,那,见烦恼,那,见烦恼,不行·安住本位,,,安住,,「那那」二字俱表见烦恼。弘誓愿力护持性重，永不毁犯，故不复行。,手工逐组（门1–14 手写）,直說,故那那等皆不復行。,菩薩優婆塞。及菩薩沙彌等。由菩提弘誓願力護持性重。永不毀犯。名為具足根本業清淨戒。故那那等皆不復行。,《選佛譜》卷第三・業清淨戒・L177,業清淨戒
1976,第7门,增上戒學門,卷3,業清淨戒,那謨,那,见烦恼,謨,爱烦恼,不行·安住本位,,,安住,,「那」表见烦恼、「謨」表爱烦恼。弘誓愿力护持性重，永不毁犯，故不复行。,手工逐组（门1–14 手写）,直說,故那那等皆不復行。,菩薩優婆塞。及菩薩沙彌等。由菩提弘誓願力護持性重。永不毀犯。名為具足根本業清淨戒。故那那等皆不復行。,《選佛譜》卷第三・業清淨戒・L177,業清淨戒
1977,第7门,增上戒學門,卷3,業清淨戒,那阿,那,见烦恼,阿,施善,不行·安住本位,,,安住,,「那」表见烦恼、「阿」表施善。弘誓愿力护持性重，永不毁犯，故不复行。,手工逐组（门1–14 手写）,通則,故那那等皆不復行。,其餘位中。以阿彌陀善。與那謨惡相為對治。二俱無力。所以並不行也。,《選佛譜》卷第一・見取・L57,見取
1978,第7门,增上戒學門,卷3,業清淨戒,那彌,那,见烦恼,彌,戒善,不行·安住本位,,,安住,,「那」表见烦恼、「彌」表戒善。弘誓愿力护持性重，永不毁犯，故不复行。,手工逐组（门1–14 手写）,通則,故那那等皆不復行。,其餘位中。以阿彌陀善。與那謨惡相為對治。二俱無力。所以並不行也。,《選佛譜》卷第一・見取・L57,見取
1979,第7门,增上戒學門,卷3,業清淨戒,那陀,那,见烦恼,陀,定善,不行·安住本位,,,安住,,「那」表见烦恼、「陀」表定善。弘誓愿力护持性重，永不毁犯，故不复行。,手工逐组（门1–14 手写）,通則,故那那等皆不復行。,其餘位中。以阿彌陀善。與那謨惡相為對治。二俱無力。所以並不行也。,《選佛譜》卷第一・見取・L57,見取
1980,第7门,增上戒學門,卷3,業清淨戒,那佛,那,见烦恼,佛,无漏善慧,行,護法八部,第6门,升,,「那」表见烦恼、「佛」表无漏善慧。觐佛护法而未断惑，故为护法八部。,手工逐组（门1–14 手写）,直說,那佛。謨佛。覲佛護法而未斷惑。,那佛。謨佛。覲佛護法而未斷惑。,《選佛譜》卷第三・業清淨戒・L177,業清淨戒
1981,第7门,增上戒學門,卷3,業清淨戒,謨謨,謨,爱烦恼,謨,爱烦恼,不行·安住本位,,,安住,,「謨謨」二字俱表爱烦恼。弘誓愿力护持性重，永不毁犯，故不复行。,手工逐组（门1–14 手写）,直說,故那那等皆不復行。,菩薩優婆塞。及菩薩沙彌等。由菩提弘誓願力護持性重。永不毀犯。名為具足根本業清淨戒。故那那等皆不復行。,《選佛譜》卷第三・業清淨戒・L177,業清淨戒
1982,第7门,增上戒學門,卷3,業清淨戒,謨阿,謨,爱烦恼,阿,施善,不行·安住本位,,,安住,,「謨」表爱烦恼、「阿」表施善。弘誓愿力护持性重，永不毁犯，故不复行。,手工逐组（门1–14 手写）,通則,故那那等皆不復行。,其餘位中。以阿彌陀善。與那謨惡相為對治。二俱無力。所以並不行也。,《選佛譜》卷第一・見取・L57,見取
1983,第7门,增上戒學門,卷3,業清淨戒,謨彌,謨,爱烦恼,彌,戒善,不行·安住本位,,,安住,,「謨」表爱烦恼、「彌」表戒善。弘誓愿力护持性重，永不毁犯，故不复行。,手工逐组（门1–14 手写）,通則,故那那等皆不復行。,其餘位中。以阿彌陀善。與那謨惡相為對治。二俱無力。所以並不行也。,《選佛譜》卷第一・見取・L57,見取
1984,第7门,增上戒學門,卷3,業清淨戒,謨陀,謨,爱烦恼,陀,定善,不行·安住本位,,,安住,,「謨」表爱烦恼、「陀」表定善。弘誓愿力护持性重，永不毁犯，故不复行。,手工逐组（门1–14 手写）,通則,故那那等皆不復行。,其餘位中。以阿彌陀善。與那謨惡相為對治。二俱無力。所以並不行也。,《選佛譜》卷第一・見取・L57,見取
1985,第7门,增上戒學門,卷3,業清淨戒,謨佛,謨,爱烦恼,佛,无漏善慧,行,護法八部,第6门,升,,「謨」表爱烦恼、「佛」表无漏善慧。觐佛护法而未断惑，故为护法八部。,手工逐组（门1–14 手写）,直說,那佛。謨佛。覲佛護法而未斷惑。,那佛。謨佛。覲佛護法而未斷惑。,《選佛譜》卷第三・業清淨戒・L177,業清淨戒
1986,第7门,增上戒學門,卷3,業清淨戒,阿阿,阿,施善,阿,施善,行,餘清淨戒,第7门,升,,「阿阿」二字俱表施善。以次渐进，故入余清净戒。,手工逐组（门1–14 手写）,直說,阿阿等四。以次漸進。,阿阿等四。以次漸進。,《選佛譜》卷第三・業清淨戒・L177,業清淨戒
1987,第7门,增上戒學門,卷3,業清淨戒,阿彌,阿,施善,彌,戒善,行,覺清淨戒,第7门,升,,「阿」表施善、「彌」表戒善。以次渐进，故入觉清净戒。,手工逐组（门1–14 手写）,直說,阿阿等四。以次漸進。,阿阿等四。以次漸進。,《選佛譜》卷第三・業清淨戒・L177,業清淨戒
1988,第7门,增上戒學門,卷3,業清淨戒,阿陀,阿,施善,陀,定善,行,念清淨戒,第7门,升,,「阿」表施善、「陀」表定善。以次渐进，故入念清净戒。,手工逐组（门1–14 手写）,直說,阿阿等四。以次漸進。,阿阿等四。以次漸進。,《選佛譜》卷第三・業清淨戒・L177,業清淨戒
1989,第7门,增上戒學門,卷3,業清淨戒,阿佛,阿,施善,佛,无漏善慧,行,初歡喜行,第12门,升,,「阿」表施善、「佛」表无漏善慧。始能出空入假，故入初欢喜行。,手工逐组（门1–14 手写）,直說,阿佛。始能出空入假。,阿佛。始能出空入假。,《選佛譜》卷第三・業清淨戒・L177,業清淨戒
1990,第7门,增上戒學門,卷3,業清淨戒,彌彌,彌,戒善,彌,戒善,行,念清淨戒,第7门,升,,「彌彌」二字俱表戒善。以次渐进，故入念清净戒。,手工逐组（门1–14 手写）,直說,阿阿等四。以次漸進。,阿阿等四。以次漸進。,《選佛譜》卷第三・業清淨戒・L177,業清淨戒
1991,第7门,增上戒學門,卷3,業清淨戒,彌陀,彌,戒善,陀,定善,行,二治地住,第12门,升,,「彌」表戒善、「陀」表定善。未到戒彼岸，但堪入内凡位，稍破见思，故为二治地住。,手工逐组（门1–14 手写）,直說,彌陀等二。既未到戒彼岸。但堪入內凡位。稍破見思而已。,彌陀等二。既未到戒彼岸。但堪入內凡位。稍破見思而已。,《選佛譜》卷第三・業清淨戒・L177,業清淨戒
1992,第7门,增上戒學門,卷3,業清淨戒,彌佛,彌,戒善,佛,无漏善慧,行,無上道戒,第7门,升,,「彌」表戒善、「佛」表无漏善慧。便能满足戒度，故入无上道戒。,手工逐组（门1–14 手写）,直說,彌佛。便能滿足戒度。,彌佛。便能滿足戒度。,《選佛譜》卷第三・業清淨戒・L177,業清淨戒
1993,第7门,增上戒學門,卷3,業清淨戒,陀陀,陀,定善,陀,定善,行,三修行住,第12门,升,,「陀陀」二字俱表定善。未到戒彼岸，但堪入内凡位，稍破见思，故为三修行住。,手工逐组（门1–14 手写）,直說,彌陀等二。既未到戒彼岸。但堪入內凡位。稍破見思而已。,彌陀等二。既未到戒彼岸。但堪入內凡位。稍破見思而已。,《選佛譜》卷第三・業清淨戒・L177,業清淨戒
1994,第7门,增上戒學門,卷3,業清淨戒,陀佛,陀,定善,佛,无漏善慧,行,初歡喜地,第12门,升,,「陀」表定善、「佛」表无漏善慧。次第门中创登无漏，故入初欢喜地。,手工逐组（门1–14 手写）,直說,陀佛。則次第門中。創登無漏。,陀佛。則次第門中。創登無漏。,《選佛譜》卷第三・業清淨戒・L177,業清淨戒
1995,第7门,增上戒學門,卷3,業清淨戒,佛佛,佛,无漏善慧,佛,无漏善慧,行,上品上生,第14门,横超,,「佛佛」二字俱表无漏善慧。莲华国内速悟无生，故得上品上生。,手工逐组（门1–14 手写）,直說,佛佛。則蓮華國內。速悟無生。,佛佛。則蓮華國內。速悟無生。,《選佛譜》卷第三・業清淨戒・L177,業清淨戒
1996,第7门,增上戒學門,卷3,餘清淨戒,那那,那,见烦恼,那,见烦恼,不行·安住本位,,,安住,,「那那」二字俱表见烦恼。性业遮业悉皆善护，永不毁犯，故不复行。,手工逐组（门1–14 手写）,承注,餘可知。,得無漏戒。捨破戒垢。故名住毗尼而不動。永無退轉。那謨等皆不行也。,《選佛譜》卷第三・住毗尼而不動・L169,住毗尼而不動
1997,第7门,增上戒學門,卷3,餘清淨戒,那謨,那,见烦恼,謨,爱烦恼,不行·安住本位,,,安住,,「那」表见烦恼、「謨」表爱烦恼。性业遮业悉皆善护，永不毁犯，故不复行。,手工逐组（门1–14 手写）,承注,餘可知。,得無漏戒。捨破戒垢。故名住毗尼而不動。永無退轉。那謨等皆不行也。,《選佛譜》卷第三・住毗尼而不動・L169,住毗尼而不動
1998,第7门,增上戒學門,卷3,餘清淨戒,那阿,那,见烦恼,阿,施善,不行·安住本位,,,安住,,「那」表见烦恼、「阿」表施善。性业遮业悉皆善护，永不毁犯，故不复行。,手工逐组（门1–14 手写）,通則,餘可知。,其餘位中。以阿彌陀善。與那謨惡相為對治。二俱無力。所以並不行也。,《選佛譜》卷第一・見取・L57,見取
1999,第7门,增上戒學門,卷3,餘清淨戒,那彌,那,见烦恼,彌,戒善,不行·安住本位,,,安住,,「那」表见烦恼、「彌」表戒善。性业遮业悉皆善护，永不毁犯，故不复行。,手工逐组（门1–14 手写）,通則,餘可知。,其餘位中。以阿彌陀善。與那謨惡相為對治。二俱無力。所以並不行也。,《選佛譜》卷第一・見取・L57,見取
2000,第7门,增上戒學門,卷3,餘清淨戒,那陀,那,见烦恼,陀,定善,不行·安住本位,,,安住,,「那」表见烦恼、「陀」表定善。性业遮业悉皆善护，永不毁犯，故不复行。,手工逐组（门1–14 手写）,通則,餘可知。,其餘位中。以阿彌陀善。與那謨惡相為對治。二俱無力。所以並不行也。,《選佛譜》卷第一・見取・L57,見取
2001,第7门,增上戒學門,卷3,餘清淨戒,那佛,那,见烦恼,佛,无漏善慧,行,請法梵王,第6门,升,,「那」表见烦恼、「佛」表无漏善慧。持菩萨戒而未断惑，转身为梵王，故为请法梵王。,手工逐组（门1–14 手写）,直說,那佛謨佛請法者。持菩薩戒而未斷惑。轉身得為大梵天王。既為梵王而遇佛出。則必請轉法輪也。,那佛謨佛請法者。持菩薩戒而未斷惑。轉身得為大梵天王。既為梵王而遇佛出。則必請轉法輪也。,《選佛譜》卷第三・餘清淨戒・L181,餘清淨戒
2002,第7门,增上戒學門,卷3,餘清淨戒,謨謨,謨,爱烦恼,謨,爱烦恼,不行·安住本位,,,安住,,「謨謨」二字俱表爱烦恼。性业遮业悉皆善护，永不毁犯，故不复行。,手工逐组（门1–14 手写）,承注,餘可知。,得無漏戒。捨破戒垢。故名住毗尼而不動。永無退轉。那謨等皆不行也。,《選佛譜》卷第三・住毗尼而不動・L169,住毗尼而不動
2003,第7门,增上戒學門,卷3,餘清淨戒,謨阿,謨,爱烦恼,阿,施善,不行·安住本位,,,安住,,「謨」表爱烦恼、「阿」表施善。性业遮业悉皆善护，永不毁犯，故不复行。,手工逐组（门1–14 手写）,通則,餘可知。,其餘位中。以阿彌陀善。與那謨惡相為對治。二俱無力。所以並不行也。,《選佛譜》卷第一・見取・L57,見取
2004,第7门,增上戒學門,卷3,餘清淨戒,謨彌,謨,爱烦恼,彌,戒善,不行·安住本位,,,安住,,「謨」表爱烦恼、「彌」表戒善。性业遮业悉皆善护，永不毁犯，故不复行。,手工逐组（门1–14 手写）,通則,餘可知。,其餘位中。以阿彌陀善。與那謨惡相為對治。二俱無力。所以並不行也。,《選佛譜》卷第一・見取・L57,見取
2005,第7门,增上戒學門,卷3,餘清淨戒,謨陀,謨,爱烦恼,陀,定善,不行·安住本位,,,安住,,「謨」表爱烦恼、「陀」表定善。性业遮业悉皆善护，永不毁犯，故不复行。,手工逐组（门1–14 手写）,通則,餘可知。,其餘位中。以阿彌陀善。與那謨惡相為對治。二俱無力。所以並不行也。,《選佛譜》卷第一・見取・L57,見取
2006,第7门,增上戒學門,卷3,餘清淨戒,謨佛,謨,爱烦恼,佛,无漏善慧,行,請法梵王,第6门,升,,「謨」表爱烦恼、「佛」表无漏善慧。持菩萨戒而未断惑，遇佛必请转法轮，故为请法梵王。,手工逐组（门1–14 手写）,直說,那佛謨佛請法者。持菩薩戒而未斷惑。轉身得為大梵天王。既為梵王而遇佛出。則必請轉法輪也。,那佛謨佛請法者。持菩薩戒而未斷惑。轉身得為大梵天王。既為梵王而遇佛出。則必請轉法輪也。,《選佛譜》卷第三・餘清淨戒・L181,餘清淨戒
2007,第7门,增上戒學門,卷3,餘清淨戒,阿阿,阿,施善,阿,施善,行,覺清淨戒,第7门,升,,「阿阿」二字俱表施善。以次渐进，故入觉清净戒。,手工逐组（门1–14 手写）,承注,餘可知。,阿阿等四。以次漸進。,《選佛譜》卷第三・業清淨戒・L177,業清淨戒
2008,第7门,增上戒學門,卷3,餘清淨戒,阿彌,阿,施善,彌,戒善,行,念清淨戒,第7门,升,,「阿」表施善、「彌」表戒善。以次渐进，故入念清净戒。,手工逐组（门1–14 手写）,承注,餘可知。,阿阿等四。以次漸進。,《選佛譜》卷第三・業清淨戒・L177,業清淨戒
2009,第7门,增上戒學門,卷3,餘清淨戒,阿陀,阿,施善,陀,定善,行,二治地住,第12门,升,,「阿」表施善、「陀」表定善。未到戒彼岸，但堪入内凡位，稍破见思，故为二治地住。,手工逐组（门1–14 手写）,承注,餘可知。,阿阿等四。以次漸進。,《選佛譜》卷第三・業清淨戒・L177,業清淨戒
2010,第7门,增上戒學門,卷3,餘清淨戒,阿佛,阿,施善,佛,无漏善慧,行,二饒益行,第12门,升,,「阿」表施善、「佛」表无漏善慧。始能出空入假，故入二饶益行。,手工逐组（门1–14 手写）,承注,餘可知。,阿佛念清淨戒者。開小成大故。,《選佛譜》卷第三・住毗尼而不動・L169,住毗尼而不動
2011,第7门,增上戒學門,卷3,餘清淨戒,彌彌,彌,戒善,彌,戒善,行,二治地住,第12门,升,,「彌彌」二字俱表戒善。未到戒彼岸，但堪入内凡位，稍破见思，故为二治地住。,手工逐组（门1–14 手写）,承注,餘可知。,阿阿等四。以次漸進。,《選佛譜》卷第三・業清淨戒・L177,業清淨戒
2012,第7门,增上戒學門,卷3,餘清淨戒,彌陀,彌,戒善,陀,定善,行,三修行住,第12门,升,,「彌」表戒善、「陀」表定善。未到戒彼岸，但堪入内凡位，稍破见思，故为三修行住。,手工逐组（门1–14 手写）,承注,餘可知。,彌陀等二。既未到戒彼岸。但堪入內凡位。稍破見思而已。,《選佛譜》卷第三・業清淨戒・L177,業清淨戒
2013,第7门,增上戒學門,卷3,餘清淨戒,彌佛,彌,戒善,佛,无漏善慧,行,無上道戒,第7门,升,,「彌」表戒善、「佛」表无漏善慧。便能满足戒度，故入无上道戒。,手工逐组（门1–14 手写）,承注,餘可知。,彌佛無上道戒者。度戒彼岸故。,《選佛譜》卷第三・住毗尼而不動・L169,住毗尼而不動
2014,第7门,增上戒學門,卷3,餘清淨戒,陀陀,陀,定善,陀,定善,行,四生貴住,第12门,升,,「陀陀」二字俱表定善。未到戒彼岸，但堪入内凡位，稍破见思，故为四生贵住。,手工逐组（门1–14 手写）,承注,餘可知。,彌陀等二。既未到戒彼岸。但堪入內凡位。稍破見思而已。,《選佛譜》卷第三・業清淨戒・L177,業清淨戒
2015,第7门,增上戒學門,卷3,餘清淨戒,陀佛,陀,定善,佛,无漏善慧,行,二離垢地,第12门,升,,「陀」表定善、「佛」表无漏善慧。戒极清净，故入二离垢地。,手工逐组（门1–14 手写）,直說,陀佛二地者。戒極清淨故。,陀佛二地者。戒極清淨故。,《選佛譜》卷第三・餘清淨戒・L181,餘清淨戒
2016,第7门,增上戒學門,卷3,餘清淨戒,佛佛,佛,无漏善慧,佛,无漏善慧,行,上品上生,第14门,横超,,「佛佛」二字俱表无漏善慧。莲华国内速悟无生，故得上品上生。,手工逐组（门1–14 手写）,承注,餘可知。,佛佛圓住者。住戒祕藏故。,《選佛譜》卷第三・住毗尼而不動・L169,住毗尼而不動
2017,第7门,增上戒學門,卷3,覺清淨戒,那那,那,见烦恼,那,见烦恼,不行·安住本位,,,安住,,「那那」二字俱表见烦恼。由禅定力，不复更起犯戒恶觉，故不复行。,手工逐组（门1–14 手写）,承注,,得無漏戒。捨破戒垢。故名住毗尼而不動。永無退轉。那謨等皆不行也。,《選佛譜》卷第三・住毗尼而不動・L169,住毗尼而不動
2018,第7门,增上戒學門,卷3,覺清淨戒,那謨,那,见烦恼,謨,爱烦恼,不行·安住本位,,,安住,,「那」表见烦恼、「謨」表爱烦恼。由禅定力，不复更起犯戒恶觉，故不复行。,手工逐组（门1–14 手写）,承注,,得無漏戒。捨破戒垢。故名住毗尼而不動。永無退轉。那謨等皆不行也。,《選佛譜》卷第三・住毗尼而不動・L169,住毗尼而不動
2019,第7门,增上戒學門,卷3,覺清淨戒,那阿,那,见烦恼,阿,施善,不行·安住本位,,,安住,,「那」表见烦恼、「阿」表施善。由禅定力，不复更起犯戒恶觉，故不复行。,手工逐组（门1–14 手写）,通則,,其餘位中。以阿彌陀善。與那謨惡相為對治。二俱無力。所以並不行也。,《選佛譜》卷第一・見取・L57,見取
2020,第7门,增上戒學門,卷3,覺清淨戒,那彌,那,见烦恼,彌,戒善,不行·安住本位,,,安住,,「那」表见烦恼、「彌」表戒善。由禅定力，不复更起犯戒恶觉，故不复行。,手工逐组（门1–14 手写）,通則,,其餘位中。以阿彌陀善。與那謨惡相為對治。二俱無力。所以並不行也。,《選佛譜》卷第一・見取・L57,見取
2021,第7门,增上戒學門,卷3,覺清淨戒,那陀,那,见烦恼,陀,定善,不行·安住本位,,,安住,,「那」表见烦恼、「陀」表定善。由禅定力，不复更起犯戒恶觉，故不复行。,手工逐组（门1–14 手写）,通則,,其餘位中。以阿彌陀善。與那謨惡相為對治。二俱無力。所以並不行也。,《選佛譜》卷第一・見取・L57,見取
2022,第7门,增上戒學門,卷3,覺清淨戒,那佛,那,见烦恼,佛,无漏善慧,行,二阿僧祇滿,第10门,升,,「那」表见烦恼、「佛」表无漏善慧。虽未断惑，戒定诸度已将满，故为二阿僧祇满。,手工逐组（门1–14 手写）,直說,那佛二僧祇滿者。雖未斷惑。戒定諸度已將滿故。,那佛二僧祇滿者。雖未斷惑。戒定諸度已將滿故。,《選佛譜》卷第三・覺清淨戒・L185,覺清淨戒
2023,第7门,增上戒學門,卷3,覺清淨戒,謨謨,謨,爱烦恼,謨,爱烦恼,不行·安住本位,,,安住,,「謨謨」二字俱表爱烦恼。由禅定力，不复更起犯戒恶觉，故不复行。,手工逐组（门1–14 手写）,承注,,得無漏戒。捨破戒垢。故名住毗尼而不動。永無退轉。那謨等皆不行也。,《選佛譜》卷第三・住毗尼而不動・L169,住毗尼而不動
2024,第7门,增上戒學門,卷3,覺清淨戒,謨阿,謨,爱烦恼,阿,施善,不行·安住本位,,,安住,,「謨」表爱烦恼、「阿」表施善。由禅定力，不复更起犯戒恶觉，故不复行。,手工逐组（门1–14 手写）,通則,,其餘位中。以阿彌陀善。與那謨惡相為對治。二俱無力。所以並不行也。,《選佛譜》卷第一・見取・L57,見取
2025,第7门,增上戒學門,卷3,覺清淨戒,謨彌,謨,爱烦恼,彌,戒善,不行·安住本位,,,安住,,「謨」表爱烦恼、「彌」表戒善。由禅定力，不复更起犯戒恶觉，故不复行。,手工逐组（门1–14 手写）,通則,,其餘位中。以阿彌陀善。與那謨惡相為對治。二俱無力。所以並不行也。,《選佛譜》卷第一・見取・L57,見取
2026,第7门,增上戒學門,卷3,覺清淨戒,謨陀,謨,爱烦恼,陀,定善,不行·安住本位,,,安住,,「謨」表爱烦恼、「陀」表定善。由禅定力，不复更起犯戒恶觉，故不复行。,手工逐组（门1–14 手写）,通則,,其餘位中。以阿彌陀善。與那謨惡相為對治。二俱無力。所以並不行也。,《選佛譜》卷第一・見取・L57,見取
2027,第7门,增上戒學門,卷3,覺清淨戒,謨佛,謨,爱烦恼,佛,无漏善慧,行,六離欲地,第11门,升,,「謨」表爱烦恼、「佛」表无漏善慧。残思虽在，不起欲界诸烦恼，故成六离欲地。,手工逐组（门1–14 手写）,直說,謨佛離欲地者。殘思雖在。不起欲界諸煩惱故。,謨佛離欲地者。殘思雖在。不起欲界諸煩惱故。,《選佛譜》卷第三・覺清淨戒・L185,覺清淨戒
2028,第7门,增上戒學門,卷3,覺清淨戒,阿阿,阿,施善,阿,施善,行,念清淨戒,第7门,升,,「阿阿」二字俱表施善。以次渐进，故入念清净戒。,手工逐组（门1–14 手写）,承注,,阿阿等四。以次漸進。,《選佛譜》卷第三・業清淨戒・L177,業清淨戒
2029,第7门,增上戒學門,卷3,覺清淨戒,阿彌,阿,施善,彌,戒善,行,二治地住,第12门,升,,「阿」表施善、「彌」表戒善。未到戒彼岸，但堪入内凡位，稍破见思，故为二治地住。,手工逐组（门1–14 手写）,承注,,阿阿等四。以次漸進。,《選佛譜》卷第三・業清淨戒・L177,業清淨戒
2030,第7门,增上戒學門,卷3,覺清淨戒,阿陀,阿,施善,陀,定善,行,三修行住,第12门,升,,「阿」表施善、「陀」表定善。未到戒彼岸，但堪入内凡位，稍破见思，故为三修行住。,手工逐组（门1–14 手写）,承注,,阿阿等四。以次漸進。,《選佛譜》卷第三・業清淨戒・L177,業清淨戒
2031,第7门,增上戒學門,卷3,覺清淨戒,阿佛,阿,施善,佛,无漏善慧,行,無上道戒,第7门,升,,「阿」表施善、「佛」表无漏善慧。例前可知，便能满足戒度，故入无上道戒。,手工逐组（门1–14 手写）,承注,阿佛。彌佛。例前可知。,阿佛念清淨戒者。開小成大故。,《選佛譜》卷第三・住毗尼而不動・L169,住毗尼而不動
2032,第7门,增上戒學門,卷3,覺清淨戒,彌彌,彌,戒善,彌,戒善,行,三修行住,第12门,升,,「彌彌」二字俱表戒善。未到戒彼岸，但堪入内凡位，稍破见思，故为三修行住。,手工逐组（门1–14 手写）,承注,,阿阿等四。以次漸進。,《選佛譜》卷第三・業清淨戒・L177,業清淨戒
2033,第7门,增上戒學門,卷3,覺清淨戒,彌陀,彌,戒善,陀,定善,行,四生貴住,第12门,升,,「彌」表戒善、「陀」表定善。未到戒彼岸，但堪入内凡位，稍破见思，故为四生贵住。,手工逐组（门1–14 手写）,承注,,彌陀等二。既未到戒彼岸。但堪入內凡位。稍破見思而已。,《選佛譜》卷第三・業清淨戒・L177,業清淨戒
2034,第7门,增上戒學門,卷3,覺清淨戒,彌佛,彌,戒善,佛,无漏善慧,行,初歡喜地,第12门,升,,「彌」表戒善、「佛」表无漏善慧。例前可知，次第门中创登无漏，故入初欢喜地。,手工逐组（门1–14 手写）,承注,阿佛。彌佛。例前可知。,彌佛無上道戒者。度戒彼岸故。,《選佛譜》卷第三・住毗尼而不動・L169,住毗尼而不動
2035,第7门,增上戒學門,卷3,覺清淨戒,陀陀,陀,定善,陀,定善,行,五方便具足住,第12门,升,,「陀陀」二字俱表定善。未到戒彼岸，但堪入内凡位，稍破见思，故为五方便具足住。,手工逐组（门1–14 手写）,承注,,彌陀等二。既未到戒彼岸。但堪入內凡位。稍破見思而已。,《選佛譜》卷第三・業清淨戒・L177,業清淨戒
2036,第7门,增上戒學門,卷3,覺清淨戒,陀佛,陀,定善,佛,无漏善慧,行,上品上生,第14门,横超,,「陀」表定善、「佛」表无漏善慧。已得受记，故得上品上生。,手工逐组（门1–14 手写）,直說,陀佛。則已得受記。,陀佛。則已得受記。,《選佛譜》卷第三・覺清淨戒・L185,覺清淨戒
2037,第7门,增上戒學門,卷3,覺清淨戒,佛佛,佛,无漏善慧,佛,无漏善慧,行,圓十住位,第13门,升,,「佛佛」二字俱表无漏善慧。分证法身，故入圆十住位。,手工逐组（门1–14 手写）,直說,佛佛。則分證法身也。,佛佛。則分證法身也。,《選佛譜》卷第三・覺清淨戒・L185,覺清淨戒
2038,第7门,增上戒學門,卷3,念清淨戒,那那,那,见烦恼,那,见烦恼,不行·安住本位,,,安住,,「那那」二字俱表见烦恼。不起生死涅槃二边邪念，故不复行。,手工逐组（门1–14 手写）,承注,,得無漏戒。捨破戒垢。故名住毗尼而不動。永無退轉。那謨等皆不行也。,《選佛譜》卷第三・住毗尼而不動・L169,住毗尼而不動
2039,第7门,增上戒學門,卷3,念清淨戒,那謨,那,见烦恼,謨,爱烦恼,不行·安住本位,,,安住,,「那」表见烦恼、「謨」表爱烦恼。不起生死涅槃二边邪念，故不复行。,手工逐组（门1–14 手写）,承注,,得無漏戒。捨破戒垢。故名住毗尼而不動。永無退轉。那謨等皆不行也。,《選佛譜》卷第三・住毗尼而不動・L169,住毗尼而不動
2040,第7门,增上戒學門,卷3,念清淨戒,那阿,那,见烦恼,阿,施善,不行·安住本位,,,安住,,「那」表见烦恼、「阿」表施善。不起生死涅槃二边邪念，故不复行。,手工逐组（门1–14 手写）,通則,,其餘位中。以阿彌陀善。與那謨惡相為對治。二俱無力。所以並不行也。,《選佛譜》卷第一・見取・L57,見取
2041,第7门,增上戒學門,卷3,念清淨戒,那彌,那,见烦恼,彌,戒善,不行·安住本位,,,安住,,「那」表见烦恼、「彌」表戒善。不起生死涅槃二边邪念，故不复行。,手工逐组（门1–14 手写）,通則,,其餘位中。以阿彌陀善。與那謨惡相為對治。二俱無力。所以並不行也。,《選佛譜》卷第一・見取・L57,見取
2042,第7门,增上戒學門,卷3,念清淨戒,那陀,那,见烦恼,陀,定善,不行·安住本位,,,安住,,「那」表见烦恼、「陀」表定善。不起生死涅槃二边邪念，故不复行。,手工逐组（门1–14 手写）,通則,,其餘位中。以阿彌陀善。與那謨惡相為對治。二俱無力。所以並不行也。,《選佛譜》卷第一・見取・L57,見取
2043,第7门,增上戒學門,卷3,念清淨戒,那佛,那,见烦恼,佛,无漏善慧,行,三阿僧祇滿,第10门,升,,「那」表见烦恼、「佛」表无漏善慧。六度虽已满足，见种犹未断，顺权说为三阿僧祇满。,手工逐组（门1–14 手写）,直說,那佛擬三僧祇滿者。六度雖已滿足。見種猶未斷故。此順權說言之。,那佛擬三僧祇滿者。六度雖已滿足。見種猶未斷故。(此順權說言之。),《選佛譜》卷第三・念清淨戒・L189,念清淨戒
2044,第7门,增上戒學門,卷3,念清淨戒,謨謨,謨,爱烦恼,謨,爱烦恼,不行·安住本位,,,安住,,「謨謨」二字俱表爱烦恼。不起生死涅槃二边邪念，故不复行。,手工逐组（门1–14 手写）,承注,,得無漏戒。捨破戒垢。故名住毗尼而不動。永無退轉。那謨等皆不行也。,《選佛譜》卷第三・住毗尼而不動・L169,住毗尼而不動
2045,第7门,增上戒學門,卷3,念清淨戒,謨阿,謨,爱烦恼,阿,施善,不行·安住本位,,,安住,,「謨」表爱烦恼、「阿」表施善。不起生死涅槃二边邪念，故不复行。,手工逐组（门1–14 手写）,通則,,其餘位中。以阿彌陀善。與那謨惡相為對治。二俱無力。所以並不行也。,《選佛譜》卷第一・見取・L57,見取
2046,第7门,增上戒學門,卷3,念清淨戒,謨彌,謨,爱烦恼,彌,戒善,不行·安住本位,,,安住,,「謨」表爱烦恼、「彌」表戒善。不起生死涅槃二边邪念，故不复行。,手工逐组（门1–14 手写）,通則,,其餘位中。以阿彌陀善。與那謨惡相為對治。二俱無力。所以並不行也。,《選佛譜》卷第一・見取・L57,見取
2047,第7门,增上戒學門,卷3,念清淨戒,謨陀,謨,爱烦恼,陀,定善,不行·安住本位,,,安住,,「謨」表爱烦恼、「陀」表定善。不起生死涅槃二边邪念，故不复行。,手工逐组（门1–14 手写）,通則,,其餘位中。以阿彌陀善。與那謨惡相為對治。二俱無力。所以並不行也。,《選佛譜》卷第一・見取・L57,見取
2048,第7门,增上戒學門,卷3,念清淨戒,謨佛,謨,爱烦恼,佛,无漏善慧,行,九菩薩地,第11门,升,,「謨」表爱烦恼、「佛」表无漏善慧。二乘并已超过，扶习犹润生，顺权说拟九菩萨地。,手工逐组（门1–14 手写）,直說,謨佛擬通菩薩地者。二乘並已超過。扶習猶潤生故。亦順權說。,謨佛擬通菩薩地者。二乘並已超過。扶習猶潤生故。(亦順權說。),《選佛譜》卷第三・念清淨戒・L189,念清淨戒
2049,第7门,增上戒學門,卷3,念清淨戒,阿阿,阿,施善,阿,施善,行,二治地住,第12门,升,,「阿阿」二字俱表施善。此戒已属初发心住，位次渐增，故为二治地住。,手工逐组（门1–14 手写）,直說,故阿阿等。位次漸增。,此戒已屬初發心住。故阿阿等。位次漸增。,《選佛譜》卷第三・念清淨戒・L189,念清淨戒
2050,第7门,增上戒學門,卷3,念清淨戒,阿彌,阿,施善,彌,戒善,行,三修行住,第12门,升,,「阿」表施善、「彌」表戒善。此戒已属初发心住，位次渐增，故为三修行住。,手工逐组（门1–14 手写）,直說,故阿阿等。位次漸增。,此戒已屬初發心住。故阿阿等。位次漸增。,《選佛譜》卷第三・念清淨戒・L189,念清淨戒
2051,第7门,增上戒學門,卷3,念清淨戒,阿陀,阿,施善,陀,定善,行,四生貴住,第12门,升,,「阿」表施善、「陀」表定善。此戒已属初发心住，位次渐增，故为四生贵住。,手工逐组（门1–14 手写）,直說,故阿阿等。位次漸增。,此戒已屬初發心住。故阿阿等。位次漸增。,《選佛譜》卷第三・念清淨戒・L189,念清淨戒
2052,第7门,增上戒學門,卷3,念清淨戒,阿佛,阿,施善,佛,无漏善慧,行,無上道戒,第7门,升,,「阿」表施善、「佛」表无漏善慧。例可知，便能满足戒度，故入无上道戒。,手工逐组（门1–14 手写）,承注,阿佛。彌佛。亦例可知。,阿佛念清淨戒者。開小成大故。,《選佛譜》卷第三・住毗尼而不動・L169,住毗尼而不動
2053,第7门,增上戒學門,卷3,念清淨戒,彌彌,彌,戒善,彌,戒善,行,四生貴住,第12门,升,,「彌彌」二字俱表戒善。此戒已属初发心住，位次渐增，故为四生贵住。,手工逐组（门1–14 手写）,直說,故阿阿等。位次漸增。,此戒已屬初發心住。故阿阿等。位次漸增。,《選佛譜》卷第三・念清淨戒・L189,念清淨戒
2054,第7门,增上戒學門,卷3,念清淨戒,彌陀,彌,戒善,陀,定善,行,五方便具足住,第12门,升,,「彌」表戒善、「陀」表定善。位次渐增，故为五方便具足住。,手工逐组（门1–14 手写）,直說,故阿阿等。位次漸增。,此戒已屬初發心住。故阿阿等。位次漸增。,《選佛譜》卷第三・念清淨戒・L189,念清淨戒
2055,第7门,增上戒學門,卷3,念清淨戒,彌佛,彌,戒善,佛,无漏善慧,行,二離垢地,第12门,升,,「彌」表戒善、「佛」表无漏善慧。例可知，戒极清净，故入二离垢地。,手工逐组（门1–14 手写）,承注,阿佛。彌佛。亦例可知。,彌佛無上道戒者。度戒彼岸故。,《選佛譜》卷第三・住毗尼而不動・L169,住毗尼而不動
2056,第7门,增上戒學門,卷3,念清淨戒,陀陀,陀,定善,陀,定善,行,六正心住,第12门,升,,「陀陀」二字俱表定善。位次渐增，故为六正心住。,手工逐组（门1–14 手写）,直說,故阿阿等。位次漸增。,此戒已屬初發心住。故阿阿等。位次漸增。,《選佛譜》卷第三・念清淨戒・L189,念清淨戒
2057,第7门,增上戒學門,卷3,念清淨戒,陀佛,陀,定善,佛,无漏善慧,行,方便有餘淨土,第14门,横超,,「陀」表定善、「佛」表无漏善慧。已超同居，故生方便有余净土。,手工逐组（门1–14 手写）,直說,陀佛則已超同居。,陀佛則已超同居。,《選佛譜》卷第三・念清淨戒・L189,念清淨戒
2058,第7门,增上戒學門,卷3,念清淨戒,佛佛,佛,无漏善慧,佛,无漏善慧,行,圓十住位,第13门,升,,「佛佛」二字俱表无漏善慧。分同佛果，故入圆十住位。,手工逐组（门1–14 手写）,直說,佛佛。則分同佛果也。,佛佛。則分同佛果也。,《選佛譜》卷第三・念清淨戒・L189,念清淨戒
2059,第7门,增上戒學門,卷3,無上道戒,那那,那,见烦恼,那,见烦恼,不行·安住本位,,,安住,,「那那」二字俱表见烦恼。此戒一一皆能灭一切恶，即摄律仪戒，故不复行。,手工逐组（门1–14 手写）,承注,,得無漏戒。捨破戒垢。故名住毗尼而不動。永無退轉。那謨等皆不行也。,《選佛譜》卷第三・住毗尼而不動・L169,住毗尼而不動
2060,第7门,增上戒學門,卷3,無上道戒,那謨,那,见烦恼,謨,爱烦恼,不行·安住本位,,,安住,,「那」表见烦恼、「謨」表爱烦恼。此戒一一皆能灭一切恶，即摄律仪戒，故不复行。,手工逐组（门1–14 手写）,承注,,得無漏戒。捨破戒垢。故名住毗尼而不動。永無退轉。那謨等皆不行也。,《選佛譜》卷第三・住毗尼而不動・L169,住毗尼而不動
2061,第7门,增上戒學門,卷3,無上道戒,那阿,那,见烦恼,阿,施善,不行·安住本位,,,安住,,「那」表见烦恼、「阿」表施善。此戒一一皆能灭一切恶，故不复行。,手工逐组（门1–14 手写）,通則,,其餘位中。以阿彌陀善。與那謨惡相為對治。二俱無力。所以並不行也。,《選佛譜》卷第一・見取・L57,見取
2062,第7门,增上戒學門,卷3,無上道戒,那彌,那,见烦恼,彌,戒善,不行·安住本位,,,安住,,「那」表见烦恼、「彌」表戒善。此戒一一皆能灭一切恶，故不复行。,手工逐组（门1–14 手写）,通則,,其餘位中。以阿彌陀善。與那謨惡相為對治。二俱無力。所以並不行也。,《選佛譜》卷第一・見取・L57,見取
2063,第7门,增上戒學門,卷3,無上道戒,那陀,那,见烦恼,陀,定善,不行·安住本位,,,安住,,「那」表见烦恼、「陀」表定善。此戒一一皆能灭一切恶，故不复行。,手工逐组（门1–14 手写）,通則,,其餘位中。以阿彌陀善。與那謨惡相為對治。二俱無力。所以並不行也。,《選佛譜》卷第一・見取・L57,見取
2064,第7门,增上戒學門,卷3,無上道戒,那佛,那,见烦恼,佛,无漏善慧,行,上品上生,第14门,横超,,「那」表见烦恼、「佛」表无漏善慧。能见佛，故生净土，得上品上生。,手工逐组（门1–14 手写）,直說,那佛謨佛。能見佛故。生二淨土。,那佛謨佛。能見佛故。生二淨土。,《選佛譜》卷第三・無上道戒・L193,無上道戒
2065,第7门,增上戒學門,卷3,無上道戒,謨謨,謨,爱烦恼,謨,爱烦恼,不行·安住本位,,,安住,,「謨謨」二字俱表爱烦恼。此戒一一皆能灭一切恶，即摄律仪戒，故不复行。,手工逐组（门1–14 手写）,承注,,得無漏戒。捨破戒垢。故名住毗尼而不動。永無退轉。那謨等皆不行也。,《選佛譜》卷第三・住毗尼而不動・L169,住毗尼而不動
2066,第7门,增上戒學門,卷3,無上道戒,謨阿,謨,爱烦恼,阿,施善,不行·安住本位,,,安住,,「謨」表爱烦恼、「阿」表施善。此戒一一皆能灭一切恶，故不复行。,手工逐组（门1–14 手写）,通則,,其餘位中。以阿彌陀善。與那謨惡相為對治。二俱無力。所以並不行也。,《選佛譜》卷第一・見取・L57,見取
2067,第7门,增上戒學門,卷3,無上道戒,謨彌,謨,爱烦恼,彌,戒善,不行·安住本位,,,安住,,「謨」表爱烦恼、「彌」表戒善。此戒一一皆能灭一切恶，故不复行。,手工逐组（门1–14 手写）,通則,,其餘位中。以阿彌陀善。與那謨惡相為對治。二俱無力。所以並不行也。,《選佛譜》卷第一・見取・L57,見取
2068,第7门,增上戒學門,卷3,無上道戒,謨陀,謨,爱烦恼,陀,定善,不行·安住本位,,,安住,,「謨」表爱烦恼、「陀」表定善。此戒一一皆能灭一切恶，故不复行。,手工逐组（门1–14 手写）,通則,,其餘位中。以阿彌陀善。與那謨惡相為對治。二俱無力。所以並不行也。,《選佛譜》卷第一・見取・L57,見取
2069,第7门,增上戒學門,卷3,無上道戒,謨佛,謨,爱烦恼,佛,无漏善慧,行,方便有餘淨土,第14门,横超,,「謨」表爱烦恼、「佛」表无漏善慧。能见佛，故生净土，生方便有余净土。,手工逐组（门1–14 手写）,直說,那佛謨佛。能見佛故。生二淨土。,那佛謨佛。能見佛故。生二淨土。,《選佛譜》卷第三・無上道戒・L193,無上道戒
2070,第7门,增上戒學門,卷3,無上道戒,阿阿,阿,施善,阿,施善,行,三發光地,第12门,升,,「阿阿」二字俱表施善。善增长，故渐登上地，入三发光地。,手工逐组（门1–14 手写）,直說,今阿阿等六。善增長故。漸登上地。,據華嚴經。二地已得戒波羅密最為增上。今阿阿等六。善增長故。漸登上地。,《選佛譜》卷第三・無上道戒・L193,無上道戒
2071,第7门,增上戒學門,卷3,無上道戒,阿彌,阿,施善,彌,戒善,行,四燄慧地,第12门,升,,「阿」表施善、「彌」表戒善。善增长，故渐登上地，入四焰慧地。,手工逐组（门1–14 手写）,直說,今阿阿等六。善增長故。漸登上地。,據華嚴經。二地已得戒波羅密最為增上。今阿阿等六。善增長故。漸登上地。,《選佛譜》卷第三・無上道戒・L193,無上道戒
2072,第7门,增上戒學門,卷3,無上道戒,阿陀,阿,施善,陀,定善,行,五難勝地,第12门,升,,「阿」表施善、「陀」表定善。善增长，故渐登上地，入五难胜地。,手工逐组（门1–14 手写）,直說,今阿阿等六。善增長故。漸登上地。,據華嚴經。二地已得戒波羅密最為增上。今阿阿等六。善增長故。漸登上地。,《選佛譜》卷第三・無上道戒・L193,無上道戒
2073,第7门,增上戒學門,卷3,無上道戒,阿佛,阿,施善,佛,无漏善慧,行,圓十住位,第13门,升,,「阿」表施善、「佛」表无漏善慧。住戒秘藏，故入圆十住位。,手工逐组（门1–14 手写）,直說,阿佛。則住戒祕藏。,阿佛。則住戒祕藏。,《選佛譜》卷第三・無上道戒・L193,無上道戒
2074,第7门,增上戒學門,卷3,無上道戒,彌彌,彌,戒善,彌,戒善,行,五難勝地,第12门,升,,「彌彌」二字俱表戒善。善增长，故渐登上地，入五难胜地。,手工逐组（门1–14 手写）,直說,今阿阿等六。善增長故。漸登上地。,據華嚴經。二地已得戒波羅密最為增上。今阿阿等六。善增長故。漸登上地。,《選佛譜》卷第三・無上道戒・L193,無上道戒
2075,第7门,增上戒學門,卷3,無上道戒,彌陀,彌,戒善,陀,定善,行,六現前地,第12门,升,,「彌」表戒善、「陀」表定善。善增长，故渐登上地，入六现前地。,手工逐组（门1–14 手写）,直說,今阿阿等六。善增長故。漸登上地。,據華嚴經。二地已得戒波羅密最為增上。今阿阿等六。善增長故。漸登上地。,《選佛譜》卷第三・無上道戒・L193,無上道戒
2076,第7门,增上戒學門,卷3,無上道戒,彌佛,彌,戒善,佛,无漏善慧,行,圓十行位,第13门,升,,「彌」表戒善、「佛」表无漏善慧。妙行庄严，故入圆十行位。,手工逐组（门1–14 手写）,直說,彌佛。則妙行莊嚴。,彌佛。則妙行莊嚴。,《選佛譜》卷第三・無上道戒・L193,無上道戒
2077,第7门,增上戒學門,卷3,無上道戒,陀陀,陀,定善,陀,定善,行,七遠行地,第12门,升,,「陀陀」二字俱表定善。善增长，故渐登上地，入七远行地。,手工逐组（门1–14 手写）,直說,今阿阿等六。善增長故。漸登上地。,據華嚴經。二地已得戒波羅密最為增上。今阿阿等六。善增長故。漸登上地。,《選佛譜》卷第三・無上道戒・L193,無上道戒
2078,第7门,增上戒學門,卷3,無上道戒,陀佛,陀,定善,佛,无漏善慧,行,別教妙覺佛位,第12门,升,,「陀」表定善、「佛」表无漏善慧。净戒果成，故为别教妙觉佛位。,手工逐组（门1–14 手写）,直說,陀佛。則淨戒果成為別妙覺。,陀佛。則淨戒果成為別妙覺。,《選佛譜》卷第三・無上道戒・L193,無上道戒
2079,第7门,增上戒學門,卷3,無上道戒,佛佛,佛,无漏善慧,佛,无漏善慧,行,實報莊嚴淨土,第14门,横超,,「佛佛」二字俱表无漏善慧。性修交彻，故生实报庄严净土。,手工逐组（门1–14 手写）,直說,佛佛。則性修交徹。為實報淨也。,佛佛。則性修交徹。為實報淨也。,《選佛譜》卷第三・無上道戒・L193,無上道戒
2080,第8门,增上定學門,卷4,六妙門禪,那那,那,见烦恼,那,见烦恼,行,兜率天,第4门,升,,「那那」二字俱表见烦恼。修而未成，随善根力及禅定力生欲色天，故生兜率天。,手工逐组（门1–14 手写）,直說,那那兜率等者。修而未成。隨善根力。及禪定力。生欲色天。以其亦世間故。,那那兜率等者。修而未成。隨善根力。及禪定力。生欲色天。以其亦世間故。,《選佛譜》卷第四・六妙門禪・L17,六妙門禪
2081,第8门,增上定學門,卷4,六妙門禪,那謨,那,见烦恼,謨,爱烦恼,行,大梵天,第5门,升,,「那」表见烦恼、「謨」表爱烦恼。修而未成，随禅定力生欲色天，故生大梵天。,手工逐组（门1–14 手写）,直說,那那兜率等者。修而未成。隨善根力。及禪定力。生欲色天。以其亦世間故。,那那兜率等者。修而未成。隨善根力。及禪定力。生欲色天。以其亦世間故。,《選佛譜》卷第四・六妙門禪・L17,六妙門禪
2082,第8门,增上定學門,卷4,六妙門禪,那阿,那,见烦恼,阿,施善,不行·安住本位,,,安住,,「那」表见烦恼、「阿」表施善。相为对治，二俱无力，故不行。,手工逐组（门1–14 手写）,通則,,其餘位中。以阿彌陀善。與那謨惡相為對治。二俱無力。所以並不行也。,《選佛譜》卷第一・見取・L57,見取
2083,第8门,增上定學門,卷4,六妙門禪,那彌,那,见烦恼,彌,戒善,不行·安住本位,,,安住,,「那」表见烦恼、「彌」表戒善。相为对治，二俱无力，故不行。,手工逐组（门1–14 手写）,通則,,其餘位中。以阿彌陀善。與那謨惡相為對治。二俱無力。所以並不行也。,《選佛譜》卷第一・見取・L57,見取
2084,第8门,增上定學門,卷4,六妙門禪,那陀,那,见烦恼,陀,定善,不行·安住本位,,,安住,,「那」表见烦恼、「陀」表定善。相为对治，二俱无力，故不行。,手工逐组（门1–14 手写）,通則,,其餘位中。以阿彌陀善。與那謨惡相為對治。二俱無力。所以並不行也。,《選佛譜》卷第一・見取・L57,見取
2085,第8门,增上定學門,卷4,六妙門禪,那佛,那,见烦恼,佛,无漏善慧,行,煖位,第10门,升,,「那」表见烦恼、「佛」表无漏善慧。发相似无漏慧而未断惑，故入煖位。,手工逐组（门1–14 手写）,直說,那佛謨佛煖頂位者。發相似無漏慧。未斷惑故。,那佛謨佛煖頂位者。發相似無漏慧。未斷惑故。,《選佛譜》卷第四・六妙門禪・L17,六妙門禪
2086,第8门,增上定學門,卷4,六妙門禪,謨謨,謨,爱烦恼,謨,爱烦恼,行,光音天,第5门,升,,「謨謨」二字俱表爱烦恼。修而未成，随禅定力生欲色天，故生光音天。,手工逐组（门1–14 手写）,直說,那那兜率等者。修而未成。隨善根力。及禪定力。生欲色天。以其亦世間故。,那那兜率等者。修而未成。隨善根力。及禪定力。生欲色天。以其亦世間故。,《選佛譜》卷第四・六妙門禪・L17,六妙門禪
2087,第8门,增上定學門,卷4,六妙門禪,謨阿,謨,爱烦恼,阿,施善,不行·安住本位,,,安住,,「謨」表爱烦恼、「阿」表施善。相为对治，二俱无力，故不行。,手工逐组（门1–14 手写）,通則,,其餘位中。以阿彌陀善。與那謨惡相為對治。二俱無力。所以並不行也。,《選佛譜》卷第一・見取・L57,見取
2088,第8门,增上定學門,卷4,六妙門禪,謨彌,謨,爱烦恼,彌,戒善,不行·安住本位,,,安住,,「謨」表爱烦恼、「彌」表戒善。相为对治，二俱无力，故不行。,手工逐组（门1–14 手写）,通則,,其餘位中。以阿彌陀善。與那謨惡相為對治。二俱無力。所以並不行也。,《選佛譜》卷第一・見取・L57,見取
2089,第8门,增上定學門,卷4,六妙門禪,謨陀,謨,爱烦恼,陀,定善,不行·安住本位,,,安住,,「謨」表爱烦恼、「陀」表定善。相为对治，二俱无力，故不行。,手工逐组（门1–14 手写）,通則,,其餘位中。以阿彌陀善。與那謨惡相為對治。二俱無力。所以並不行也。,《選佛譜》卷第一・見取・L57,見取
2090,第8门,增上定學門,卷4,六妙門禪,謨佛,謨,爱烦恼,佛,无漏善慧,行,頂位,第10门,升,,「謨」表爱烦恼、「佛」表无漏善慧。发相似无漏慧而未断惑，故入顶位。,手工逐组（门1–14 手写）,直說,那佛謨佛煖頂位者。發相似無漏慧。未斷惑故。,那佛謨佛煖頂位者。發相似無漏慧。未斷惑故。,《選佛譜》卷第四・六妙門禪・L17,六妙門禪
2091,第8门,增上定學門,卷4,六妙門禪,阿阿,阿,施善,阿,施善,行,十六特勝,第8门,升,,「阿阿」二字俱表施善。随次第门渐增进，故入十六特胜。,手工逐组（门1–14 手写）,直說,阿阿十六特勝等者。隨次第門漸增進故。,阿阿十六特勝等者。隨次第門漸增進故。,《選佛譜》卷第四・六妙門禪・L17,六妙門禪
2092,第8门,增上定學門,卷4,六妙門禪,阿彌,阿,施善,彌,戒善,行,通明觀,第8门,升,,「阿」表施善、「彌」表戒善。随次第门渐增进，故入通明观。,手工逐组（门1–14 手写）,直說,阿阿十六特勝等者。隨次第門漸增進故。,阿阿十六特勝等者。隨次第門漸增進故。,《選佛譜》卷第四・六妙門禪・L17,六妙門禪
2093,第8门,增上定學門,卷4,六妙門禪,阿陀,阿,施善,陀,定善,行,九想觀,第8门,升,,「阿」表施善、「陀」表定善。随次第门渐增进，故入九想观。,手工逐组（门1–14 手写）,直說,阿阿十六特勝等者。隨次第門漸增進故。,阿阿十六特勝等者。隨次第門漸增進故。,《選佛譜》卷第四・六妙門禪・L17,六妙門禪
2094,第8门,增上定學門,卷4,六妙門禪,阿佛,阿,施善,佛,无漏善慧,行,初果須陀洹,第10门,升,,「阿」表施善、「佛」表无漏善慧。生灭门中创发真无漏慧，故成初果须陀洹。,手工逐组（门1–14 手写）,直說,阿佛初果者。生滅門中。創發真無漏慧故。,阿佛初果者。生滅門中。創發真無漏慧故。,《選佛譜》卷第四・六妙門禪・L17,六妙門禪
2095,第8门,增上定學門,卷4,六妙門禪,彌彌,彌,戒善,彌,戒善,行,九想觀,第8门,升,,「彌彌」二字俱表戒善。随次第门渐增进，故入九想观。,手工逐组（门1–14 手写）,直說,阿阿十六特勝等者。隨次第門漸增進故。,阿阿十六特勝等者。隨次第門漸增進故。,《選佛譜》卷第四・六妙門禪・L17,六妙門禪
2096,第8门,增上定學門,卷4,六妙門禪,彌陀,彌,戒善,陀,定善,行,八念觀,第8门,升,,「彌」表戒善、「陀」表定善。随次第门渐增进，故入八念观。,手工逐组（门1–14 手写）,直說,阿阿十六特勝等者。隨次第門漸增進故。,阿阿十六特勝等者。隨次第門漸增進故。,《選佛譜》卷第四・六妙門禪・L17,六妙門禪
2097,第8门,增上定學門,卷4,六妙門禪,彌佛,彌,戒善,佛,无漏善慧,行,四見地,第11门,升,,「彌」表戒善、「佛」表无漏善慧。无生门中创发真无漏慧，故成四见地。,手工逐组（门1–14 手写）,直說,彌佛見地者。無生門中創發真無漏慧故。,彌佛見地者。無生門中創發真無漏慧故。,《選佛譜》卷第四・六妙門禪・L17,六妙門禪
2098,第8门,增上定學門,卷4,六妙門禪,陀陀,陀,定善,陀,定善,行,十想觀,第8门,升,,「陀陀」二字俱表定善。随次第门渐增进，故入十想观。,手工逐组（门1–14 手写）,直說,阿阿十六特勝等者。隨次第門漸增進故。,阿阿十六特勝等者。隨次第門漸增進故。,《選佛譜》卷第四・六妙門禪・L17,六妙門禪
2099,第8门,增上定學門,卷4,六妙門禪,陀佛,陀,定善,佛,无漏善慧,行,初發心住,第12门,升,,「陀」表定善、「佛」表无漏善慧。发大乘相似无漏慧，故为初发心住。,手工逐组（门1–14 手写）,直說,陀佛初發心住者。發大乘相似無漏慧故。,陀佛初發心住者。發大乘相似無漏慧故。,《選佛譜》卷第四・六妙門禪・L17,六妙門禪
2100,第8门,增上定學門,卷4,六妙門禪,佛佛,佛,无漏善慧,佛,无漏善慧,行,圓十信位,第13门,升,,「佛佛」二字俱表无漏善慧。六妙门即能具一切佛法，故入圆十信位。,手工逐组（门1–14 手写）,直說,佛佛圓十信者。六妙門即能具一切佛法故。,佛佛圓十信者。六妙門即能具一切佛法故。,《選佛譜》卷第四・六妙門禪・L17,六妙門禪
2101,第8门,增上定學門,卷4,十六特勝,那那,那,见烦恼,那,见烦恼,行,大梵天,第5门,升,,「那那」二字俱表见烦恼。修而未成，随禅定力生欲色天，此法胜前故生大梵天。,手工逐组（门1–14 手写）,直說,,言特勝者。從因緣得名。如外道等。並能修得四禪四空而無對治觀行。故不出生死。……此十六法。……有定有觀。具足諸禪。能發無漏。故名特勝也。……一往勝六妙門也。,《選佛譜》卷第四・十六特勝・L21,十六特勝
2102,第8门,增上定學門,卷4,十六特勝,那謨,那,见烦恼,謨,爱烦恼,行,光音天,第5门,升,,「那」表见烦恼、「謨」表爱烦恼。修而未成，随禅定力生欲色天，故生光音天。,手工逐组（门1–14 手写）,承注,,那那兜率等者。修而未成。隨善根力。及禪定力。生欲色天。以其亦世間故。,《選佛譜》卷第四・六妙門禪・L17,六妙門禪
2103,第8门,增上定學門,卷4,十六特勝,那阿,那,见烦恼,阿,施善,不行·安住本位,,,安住,,「那」表见烦恼、「阿」表施善。相为对治，二俱无力，故不行。,手工逐组（门1–14 手写）,通則,,其餘位中。以阿彌陀善。與那謨惡相為對治。二俱無力。所以並不行也。,《選佛譜》卷第一・見取・L57,見取
2104,第8门,增上定學門,卷4,十六特勝,那彌,那,见烦恼,彌,戒善,不行·安住本位,,,安住,,「那」表见烦恼、「彌」表戒善。相为对治，二俱无力，故不行。,手工逐组（门1–14 手写）,通則,,其餘位中。以阿彌陀善。與那謨惡相為對治。二俱無力。所以並不行也。,《選佛譜》卷第一・見取・L57,見取
2105,第8门,增上定學門,卷4,十六特勝,那陀,那,见烦恼,陀,定善,不行·安住本位,,,安住,,「那」表见烦恼、「陀」表定善。相为对治，二俱无力，故不行。,手工逐组（门1–14 手写）,通則,,其餘位中。以阿彌陀善。與那謨惡相為對治。二俱無力。所以並不行也。,《選佛譜》卷第一・見取・L57,見取
2106,第8门,增上定學門,卷4,十六特勝,那佛,那,见烦恼,佛,无漏善慧,行,頂位,第10门,升,,「那」表见烦恼、「佛」表无漏善慧。有定有观、能发无漏，相似慧胜前，故入顶位。,手工逐组（门1–14 手写）,承注,,那佛謨佛煖頂位者。發相似無漏慧。未斷惑故。,《選佛譜》卷第四・六妙門禪・L17,六妙門禪
2107,第8门,增上定學門,卷4,十六特勝,謨謨,謨,爱烦恼,謨,爱烦恼,行,徧淨天,第5门,升,,「謨謨」二字俱表爱烦恼。修而未成，随禅定力生欲色天，故生遍净天。,手工逐组（门1–14 手写）,承注,,那那兜率等者。修而未成。隨善根力。及禪定力。生欲色天。以其亦世間故。,《選佛譜》卷第四・六妙門禪・L17,六妙門禪
2108,第8门,增上定學門,卷4,十六特勝,謨阿,謨,爱烦恼,阿,施善,不行·安住本位,,,安住,,「謨」表爱烦恼、「阿」表施善。相为对治，二俱无力，故不行。,手工逐组（门1–14 手写）,通則,,其餘位中。以阿彌陀善。與那謨惡相為對治。二俱無力。所以並不行也。,《選佛譜》卷第一・見取・L57,見取
2109,第8门,增上定學門,卷4,十六特勝,謨彌,謨,爱烦恼,彌,戒善,不行·安住本位,,,安住,,「謨」表爱烦恼、「彌」表戒善。相为对治，二俱无力，故不行。,手工逐组（门1–14 手写）,通則,,其餘位中。以阿彌陀善。與那謨惡相為對治。二俱無力。所以並不行也。,《選佛譜》卷第一・見取・L57,見取
2110,第8门,增上定學門,卷4,十六特勝,謨陀,謨,爱烦恼,陀,定善,不行·安住本位,,,安住,,「謨」表爱烦恼、「陀」表定善。相为对治，二俱无力，故不行。,手工逐组（门1–14 手写）,通則,,其餘位中。以阿彌陀善。與那謨惡相為對治。二俱無力。所以並不行也。,《選佛譜》卷第一・見取・L57,見取
2111,第8门,增上定學門,卷4,十六特勝,謨佛,謨,爱烦恼,佛,无漏善慧,行,忍位,第10门,升,,「謨」表爱烦恼、「佛」表无漏善慧。有定有观、能发无漏，相似慧胜前，故入忍位。,手工逐组（门1–14 手写）,承注,,那佛謨佛煖頂位者。發相似無漏慧。未斷惑故。,《選佛譜》卷第四・六妙門禪・L17,六妙門禪
2112,第8门,增上定學門,卷4,十六特勝,阿阿,阿,施善,阿,施善,行,通明觀,第8门,升,,「阿阿」二字俱表施善。随次第门渐增进，故入通明观。,手工逐组（门1–14 手写）,承注,,阿阿十六特勝等者。隨次第門漸增進故。,《選佛譜》卷第四・六妙門禪・L17,六妙門禪
2113,第8门,增上定學門,卷4,十六特勝,阿彌,阿,施善,彌,戒善,行,九想觀,第8门,升,,「阿」表施善、「彌」表戒善。随次第门渐增进，故入九想观。,手工逐组（门1–14 手写）,承注,,阿阿十六特勝等者。隨次第門漸增進故。,《選佛譜》卷第四・六妙門禪・L17,六妙門禪
2114,第8门,增上定學門,卷4,十六特勝,阿陀,阿,施善,陀,定善,行,八念觀,第8门,升,,「阿」表施善、「陀」表定善。随次第门渐增进，故入八念观。,手工逐组（门1–14 手写）,承注,,阿阿十六特勝等者。隨次第門漸增進故。,《選佛譜》卷第四・六妙門禪・L17,六妙門禪
2115,第8门,增上定學門,卷4,十六特勝,阿佛,阿,施善,佛,无漏善慧,行,二果斯陀含,第10门,升,,「阿」表施善、「佛」表无漏善慧。生灭门中发真无漏慧，一往胜六妙门，故成二果斯陀含。,手工逐组（门1–14 手写）,承注,,阿佛初果者。生滅門中。創發真無漏慧故。,《選佛譜》卷第四・六妙門禪・L17,六妙門禪
2116,第8门,增上定學門,卷4,十六特勝,彌彌,彌,戒善,彌,戒善,行,八念觀,第8门,升,,「彌彌」二字俱表戒善。随次第门渐增进，故入八念观。,手工逐组（门1–14 手写）,承注,,阿阿十六特勝等者。隨次第門漸增進故。,《選佛譜》卷第四・六妙門禪・L17,六妙門禪
2117,第8门,增上定學門,卷4,十六特勝,彌陀,彌,戒善,陀,定善,行,十想觀,第8门,升,,「彌」表戒善、「陀」表定善。随次第门渐增进，故入十想观。,手工逐组（门1–14 手写）,承注,,阿阿十六特勝等者。隨次第門漸增進故。,《選佛譜》卷第四・六妙門禪・L17,六妙門禪
2118,第8门,增上定學門,卷4,十六特勝,彌佛,彌,戒善,佛,无漏善慧,行,五薄地,第11门,升,,「彌」表戒善、「佛」表无漏善慧。无生门中发真无漏慧，一往胜六妙门，故成五薄地。,手工逐组（门1–14 手写）,承注,,彌佛見地者。無生門中創發真無漏慧故。,《選佛譜》卷第四・六妙門禪・L17,六妙門禪
2119,第8门,增上定學門,卷4,十六特勝,陀陀,陀,定善,陀,定善,行,八背捨觀,第8门,升,,「陀陀」二字俱表定善。随次第门渐增进，故入八背捨观。,手工逐组（门1–14 手写）,承注,,阿阿十六特勝等者。隨次第門漸增進故。,《選佛譜》卷第四・六妙門禪・L17,六妙門禪
2120,第8门,增上定學門,卷4,十六特勝,陀佛,陀,定善,佛,无漏善慧,行,三修行住,第12门,升,,「陀」表定善、「佛」表无漏善慧。发大乘相似无漏慧，一往胜六妙门，故为三修行住。,手工逐组（门1–14 手写）,承注,,陀佛初發心住者。發大乘相似無漏慧故。,《選佛譜》卷第四・六妙門禪・L17,六妙門禪
2121,第8门,增上定學門,卷4,十六特勝,佛佛,佛,无漏善慧,佛,无漏善慧,行,圓十信位,第13门,升,,「佛佛」二字俱表无漏善慧。此十六法具足诸禅、能发无漏，故入圆十信位。,手工逐组（门1–14 手写）,承注,,佛佛圓十信者。六妙門即能具一切佛法故。,《選佛譜》卷第四・六妙門禪・L17,六妙門禪
2122,第8门,增上定學門,卷4,通明觀,那那,那,见烦恼,那,见烦恼,行,光音天,第5门,升,,「那那」二字俱表见烦恼。修而未成，随禅定力生欲色天，故生光音天。,手工逐组（门1–14 手写）,直說,,通者。從初修習。即通觀息色心三事。……明者。此法明淨。能開心眼。無諸闇蔽也。觀一達三。徹見無礙。故名通明。又善修此禪。必發六通三明。……故名通明。……今亦一往約次第門。較逾十六特勝而已。,《選佛譜》卷第四・通明觀・L25,通明觀
2123,第8门,增上定學門,卷4,通明觀,那謨,那,见烦恼,謨,爱烦恼,行,徧淨天,第5门,升,,「那」表见烦恼、「謨」表爱烦恼。修而未成，随禅定力生欲色天，故生遍净天。,手工逐组（门1–14 手写）,承注,,那那兜率等者。修而未成。隨善根力。及禪定力。生欲色天。以其亦世間故。,《選佛譜》卷第四・六妙門禪・L17,六妙門禪
2124,第8门,增上定學門,卷4,通明觀,那阿,那,见烦恼,阿,施善,不行·安住本位,,,安住,,「那」表见烦恼、「阿」表施善。相为对治，二俱无力，故不行。,手工逐组（门1–14 手写）,通則,,其餘位中。以阿彌陀善。與那謨惡相為對治。二俱無力。所以並不行也。,《選佛譜》卷第一・見取・L57,見取
2125,第8门,增上定學門,卷4,通明觀,那彌,那,见烦恼,彌,戒善,不行·安住本位,,,安住,,「那」表见烦恼、「彌」表戒善。相为对治，二俱无力，故不行。,手工逐组（门1–14 手写）,通則,,其餘位中。以阿彌陀善。與那謨惡相為對治。二俱無力。所以並不行也。,《選佛譜》卷第一・見取・L57,見取
2126,第8门,增上定學門,卷4,通明觀,那陀,那,见烦恼,陀,定善,不行·安住本位,,,安住,,「那」表见烦恼、「陀」表定善。相为对治，二俱无力，故不行。,手工逐组（门1–14 手写）,通則,,其餘位中。以阿彌陀善。與那謨惡相為對治。二俱無力。所以並不行也。,《選佛譜》卷第一・見取・L57,見取
2127,第8门,增上定學門,卷4,通明觀,那佛,那,见烦恼,佛,无漏善慧,行,忍位,第10门,升,,「那」表见烦恼、「佛」表无漏善慧。观一达三、彻见无碍，相似慧转深，故入忍位。,手工逐组（门1–14 手写）,承注,,那佛謨佛煖頂位者。發相似無漏慧。未斷惑故。,《選佛譜》卷第四・六妙門禪・L17,六妙門禪
2128,第8门,增上定學門,卷4,通明觀,謨謨,謨,爱烦恼,謨,爱烦恼,行,廣果天,第5门,升,,「謨謨」二字俱表爱烦恼。修而未成，随禅定力生欲色天，故生广果天。,手工逐组（门1–14 手写）,承注,,那那兜率等者。修而未成。隨善根力。及禪定力。生欲色天。以其亦世間故。,《選佛譜》卷第四・六妙門禪・L17,六妙門禪
2129,第8门,增上定學門,卷4,通明觀,謨阿,謨,爱烦恼,阿,施善,不行·安住本位,,,安住,,「謨」表爱烦恼、「阿」表施善。相为对治，二俱无力，故不行。,手工逐组（门1–14 手写）,通則,,其餘位中。以阿彌陀善。與那謨惡相為對治。二俱無力。所以並不行也。,《選佛譜》卷第一・見取・L57,見取
2130,第8门,增上定學門,卷4,通明觀,謨彌,謨,爱烦恼,彌,戒善,不行·安住本位,,,安住,,「謨」表爱烦恼、「彌」表戒善。相为对治，二俱无力，故不行。,手工逐组（门1–14 手写）,通則,,其餘位中。以阿彌陀善。與那謨惡相為對治。二俱無力。所以並不行也。,《選佛譜》卷第一・見取・L57,見取
2131,第8门,增上定學門,卷4,通明觀,謨陀,謨,爱烦恼,陀,定善,不行·安住本位,,,安住,,「謨」表爱烦恼、「陀」表定善。相为对治，二俱无力，故不行。,手工逐组（门1–14 手写）,通則,,其餘位中。以阿彌陀善。與那謨惡相為對治。二俱無力。所以並不行也。,《選佛譜》卷第一・見取・L57,見取
2132,第8门,增上定學門,卷4,通明觀,謨佛,謨,爱烦恼,佛,无漏善慧,行,世第一位,第10门,升,,「謨」表爱烦恼、「佛」表无漏善慧。观一达三、彻见无碍，相似慧转深，故入世第一位。,手工逐组（门1–14 手写）,承注,,那佛謨佛煖頂位者。發相似無漏慧。未斷惑故。,《選佛譜》卷第四・六妙門禪・L17,六妙門禪
2133,第8门,增上定學門,卷4,通明觀,阿阿,阿,施善,阿,施善,行,九想觀,第8门,升,,「阿阿」二字俱表施善。随次第门渐增进，故入九想观。,手工逐组（门1–14 手写）,承注,,阿阿十六特勝等者。隨次第門漸增進故。,《選佛譜》卷第四・六妙門禪・L17,六妙門禪
2134,第8门,增上定學門,卷4,通明觀,阿彌,阿,施善,彌,戒善,行,八念觀,第8门,升,,「阿」表施善、「彌」表戒善。随次第门渐增进，故入八念观。,手工逐组（门1–14 手写）,承注,,阿阿十六特勝等者。隨次第門漸增進故。,《選佛譜》卷第四・六妙門禪・L17,六妙門禪
2135,第8门,增上定學門,卷4,通明觀,阿陀,阿,施善,陀,定善,行,十想觀,第8门,升,,「阿」表施善、「陀」表定善。随次第门渐增进，故入十想观。,手工逐组（门1–14 手写）,承注,,阿阿十六特勝等者。隨次第門漸增進故。,《選佛譜》卷第四・六妙門禪・L17,六妙門禪
2136,第8门,增上定學門,卷4,通明觀,阿佛,阿,施善,佛,无漏善慧,行,三果阿那含,第10门,升,,「阿」表施善、「佛」表无漏善慧。生灭门中发真无漏慧，较逾十六特胜，故成三果阿那含。,手工逐组（门1–14 手写）,承注,,阿佛初果者。生滅門中。創發真無漏慧故。,《選佛譜》卷第四・六妙門禪・L17,六妙門禪
2137,第8门,增上定學門,卷4,通明觀,彌彌,彌,戒善,彌,戒善,行,十想觀,第8门,升,,「彌彌」二字俱表戒善。随次第门渐增进，故入十想观。,手工逐组（门1–14 手写）,承注,,阿阿十六特勝等者。隨次第門漸增進故。,《選佛譜》卷第四・六妙門禪・L17,六妙門禪
2138,第8门,增上定學門,卷4,通明觀,彌陀,彌,戒善,陀,定善,行,八背捨觀,第8门,升,,「彌」表戒善、「陀」表定善。随次第门渐增进，故入八背捨观。,手工逐组（门1–14 手写）,承注,,阿阿十六特勝等者。隨次第門漸增進故。,《選佛譜》卷第四・六妙門禪・L17,六妙門禪
2139,第8门,增上定學門,卷4,通明觀,彌佛,彌,戒善,佛,无漏善慧,行,六離欲地,第11门,升,,「彌」表戒善、「佛」表无漏善慧。无生门中发真无漏慧，较逾十六特胜，故成六离欲地。,手工逐组（门1–14 手写）,承注,,彌佛見地者。無生門中創發真無漏慧故。,《選佛譜》卷第四・六妙門禪・L17,六妙門禪
2140,第8门,增上定學門,卷4,通明觀,陀陀,陀,定善,陀,定善,行,八勝處觀,第8门,升,,「陀陀」二字俱表定善。随次第门渐增进，故入八胜处观。,手工逐组（门1–14 手写）,承注,,阿阿十六特勝等者。隨次第門漸增進故。,《選佛譜》卷第四・六妙門禪・L17,六妙門禪
2141,第8门,增上定學門,卷4,通明觀,陀佛,陀,定善,佛,无漏善慧,行,五方便具足住,第12门,升,,「陀」表定善、「佛」表无漏善慧。发大乘相似无漏慧，较逾十六特胜，故为五方便具足住。,手工逐组（门1–14 手写）,承注,,陀佛初發心住者。發大乘相似無漏慧故。,《選佛譜》卷第四・六妙門禪・L17,六妙門禪
2142,第8门,增上定學門,卷4,通明觀,佛佛,佛,无漏善慧,佛,无漏善慧,行,圓十信位,第13门,升,,「佛佛」二字俱表无漏善慧。此禅必发六通三明，故入圆十信位。,手工逐组（门1–14 手写）,承注,,佛佛圓十信者。六妙門即能具一切佛法故。,《選佛譜》卷第四・六妙門禪・L17,六妙門禪
2143,第8门,增上定學門,卷4,九想觀,那那,那,见烦恼,那,见烦恼,不行·安住本位,,,安住,,「那那」二字俱表见烦恼。修无漏观必舍欲缠，故不行。,手工逐组（门1–14 手写）,直說,那那等三不行者。修無漏觀。必捨欲纏故。,那那等三不行者。修無漏觀。必捨欲纏故。,《選佛譜》卷第四・九想觀・L29,九想觀
2144,第8门,增上定學門,卷4,九想觀,那謨,那,见烦恼,謨,爱烦恼,不行·安住本位,,,安住,,「那」表见烦恼、「謨」表爱烦恼。修无漏观必舍欲缠，故不行。,手工逐组（门1–14 手写）,直說,那那等三不行者。修無漏觀。必捨欲纏故。,那那等三不行者。修無漏觀。必捨欲纏故。,《選佛譜》卷第四・九想觀・L29,九想觀
2145,第8门,增上定學門,卷4,九想觀,那阿,那,见烦恼,阿,施善,不行·安住本位,,,安住,,「那」表见烦恼、「阿」表施善。修无漏观必舍欲缠，故不行。,手工逐组（门1–14 手写）,通則,餘皆例前可知。,其餘位中。以阿彌陀善。與那謨惡相為對治。二俱無力。所以並不行也。,《選佛譜》卷第一・見取・L57,見取
2146,第8门,增上定學門,卷4,九想觀,那彌,那,见烦恼,彌,戒善,不行·安住本位,,,安住,,「那」表见烦恼、「彌」表戒善。修无漏观必舍欲缠，故不行。,手工逐组（门1–14 手写）,通則,餘皆例前可知。,其餘位中。以阿彌陀善。與那謨惡相為對治。二俱無力。所以並不行也。,《選佛譜》卷第一・見取・L57,見取
2147,第8门,增上定學門,卷4,九想觀,那陀,那,见烦恼,陀,定善,不行·安住本位,,,安住,,「那」表见烦恼、「陀」表定善。修无漏观必舍欲缠，故不行。,手工逐组（门1–14 手写）,通則,餘皆例前可知。,其餘位中。以阿彌陀善。與那謨惡相為對治。二俱無力。所以並不行也。,《選佛譜》卷第一・見取・L57,見取
2148,第8门,增上定學門,卷4,九想觀,那佛,那,见烦恼,佛,无漏善慧,行,世第一位,第10门,升,,「那」表见烦恼、「佛」表无漏善慧。九想通除杂欲而相似慧已极，故入世第一位。,手工逐组（门1–14 手写）,承注,餘皆例前可知。,那佛謨佛煖頂位者。發相似無漏慧。未斷惑故。,《選佛譜》卷第四・六妙門禪・L17,六妙門禪
2149,第8门,增上定學門,卷4,九想觀,謨謨,謨,爱烦恼,謨,爱烦恼,不行·安住本位,,,安住,,「謨謨」二字俱表爱烦恼。修无漏观必舍欲缠，故不行。,手工逐组（门1–14 手写）,直說,那那等三不行者。修無漏觀。必捨欲纏故。,那那等三不行者。修無漏觀。必捨欲纏故。,《選佛譜》卷第四・九想觀・L29,九想觀
2150,第8门,增上定學門,卷4,九想觀,謨阿,謨,爱烦恼,阿,施善,不行·安住本位,,,安住,,「謨」表爱烦恼、「阿」表施善。修无漏观必舍欲缠，故不行。,手工逐组（门1–14 手写）,通則,餘皆例前可知。,其餘位中。以阿彌陀善。與那謨惡相為對治。二俱無力。所以並不行也。,《選佛譜》卷第一・見取・L57,見取
2151,第8门,增上定學門,卷4,九想觀,謨彌,謨,爱烦恼,彌,戒善,不行·安住本位,,,安住,,「謨」表爱烦恼、「彌」表戒善。修无漏观必舍欲缠，故不行。,手工逐组（门1–14 手写）,通則,餘皆例前可知。,其餘位中。以阿彌陀善。與那謨惡相為對治。二俱無力。所以並不行也。,《選佛譜》卷第一・見取・L57,見取
2152,第8门,增上定學門,卷4,九想觀,謨陀,謨,爱烦恼,陀,定善,不行·安住本位,,,安住,,「謨」表爱烦恼、「陀」表定善。修无漏观必舍欲缠，故不行。,手工逐组（门1–14 手写）,通則,餘皆例前可知。,其餘位中。以阿彌陀善。與那謨惡相為對治。二俱無力。所以並不行也。,《選佛譜》卷第一・見取・L57,見取
2153,第8门,增上定學門,卷4,九想觀,謨佛,謨,爱烦恼,佛,无漏善慧,行,初果須陀洹,第10门,升,,「謨」表爱烦恼、「佛」表无漏善慧。九想能破婬欲诸烦恼贼，发真无漏，故成初果须陀洹。,手工逐组（门1–14 手写）,承注,餘皆例前可知。,那佛謨佛煖頂位者。發相似無漏慧。未斷惑故。,《選佛譜》卷第四・六妙門禪・L17,六妙門禪
2154,第8门,增上定學門,卷4,九想觀,阿阿,阿,施善,阿,施善,行,八念觀,第8门,升,,「阿阿」二字俱表施善。随次第门渐增进，故入八念观。,手工逐组（门1–14 手写）,承注,餘皆例前可知。,阿阿十六特勝等者。隨次第門漸增進故。,《選佛譜》卷第四・六妙門禪・L17,六妙門禪
2155,第8门,增上定學門,卷4,九想觀,阿彌,阿,施善,彌,戒善,行,十想觀,第8门,升,,「阿」表施善、「彌」表戒善。随次第门渐增进，故入十想观。,手工逐组（门1–14 手写）,承注,餘皆例前可知。,阿阿十六特勝等者。隨次第門漸增進故。,《選佛譜》卷第四・六妙門禪・L17,六妙門禪
2156,第8门,增上定學門,卷4,九想觀,阿陀,阿,施善,陀,定善,行,八背捨觀,第8门,升,,「阿」表施善、「陀」表定善。随次第门渐增进，故入八背捨观。,手工逐组（门1–14 手写）,承注,餘皆例前可知。,阿阿十六特勝等者。隨次第門漸增進故。,《選佛譜》卷第四・六妙門禪・L17,六妙門禪
2157,第8门,增上定學門,卷4,九想觀,阿佛,阿,施善,佛,无漏善慧,行,四果阿羅漢,第10门,升,,「阿」表施善、「佛」表无漏善慧。以金刚三昧摧结使山，故成四果阿罗汉。,手工逐组（门1–14 手写）,承注,餘皆例前可知。,阿佛初果者。生滅門中。創發真無漏慧故。,《選佛譜》卷第四・六妙門禪・L17,六妙門禪
2158,第8门,增上定學門,卷4,九想觀,彌彌,彌,戒善,彌,戒善,行,八背捨觀,第8门,升,,「彌彌」二字俱表戒善。随次第门渐增进，故入八背捨观。,手工逐组（门1–14 手写）,承注,餘皆例前可知。,阿阿十六特勝等者。隨次第門漸增進故。,《選佛譜》卷第四・六妙門禪・L17,六妙門禪
2159,第8门,增上定學門,卷4,九想觀,彌陀,彌,戒善,陀,定善,行,八勝處觀,第8门,升,,「彌」表戒善、「陀」表定善。随次第门渐增进，故入八胜处观。,手工逐组（门1–14 手写）,承注,餘皆例前可知。,阿阿十六特勝等者。隨次第門漸增進故。,《選佛譜》卷第四・六妙門禪・L17,六妙門禪
2160,第8门,增上定學門,卷4,九想觀,彌佛,彌,戒善,佛,无漏善慧,行,七已辦地,第11门,升,,「彌」表戒善、「佛」表无漏善慧。无生门中发真无漏慧，故成七已办地。,手工逐组（门1–14 手写）,承注,餘皆例前可知。,彌佛見地者。無生門中創發真無漏慧故。,《選佛譜》卷第四・六妙門禪・L17,六妙門禪
2161,第8门,增上定學門,卷4,九想觀,陀陀,陀,定善,陀,定善,行,十一切處觀,第8门,升,,「陀陀」二字俱表定善。随次第门渐增进，故入十一切处观。,手工逐组（门1–14 手写）,承注,餘皆例前可知。,阿阿十六特勝等者。隨次第門漸增進故。,《選佛譜》卷第四・六妙門禪・L17,六妙門禪
2162,第8门,增上定學門,卷4,九想觀,陀佛,陀,定善,佛,无漏善慧,行,七不退住,第12门,升,,「陀」表定善、「佛」表无漏善慧。发大乘相似无漏慧，故为七不退住。,手工逐组（门1–14 手写）,承注,餘皆例前可知。,陀佛初發心住者。發大乘相似無漏慧故。,《選佛譜》卷第四・六妙門禪・L17,六妙門禪
2163,第8门,增上定學門,卷4,九想觀,佛佛,佛,无漏善慧,佛,无漏善慧,行,圓十信位,第13门,升,,「佛佛」二字俱表无漏善慧。不净观中即能成就一切佛法，故入圆十信位。,手工逐组（门1–14 手写）,承注,餘皆例前可知。,佛佛圓十信者。六妙門即能具一切佛法故。,《選佛譜》卷第四・六妙門禪・L17,六妙門禪
2164,第8门,增上定學門,卷4,八念觀,那那,那,见烦恼,那,见烦恼,不行·安住本位,,,安住,,「那那」二字俱表见烦恼。修无漏观必舍欲缠，故不行。,手工逐组（门1–14 手写）,承注,例可知。,那那等三不行者。修無漏觀。必捨欲纏故。,《選佛譜》卷第四・九想觀・L29,九想觀
2165,第8门,增上定學門,卷4,八念觀,那謨,那,见烦恼,謨,爱烦恼,不行·安住本位,,,安住,,「那」表见烦恼、「謨」表爱烦恼。修无漏观必舍欲缠，故不行。,手工逐组（门1–14 手写）,承注,例可知。,那那等三不行者。修無漏觀。必捨欲纏故。,《選佛譜》卷第四・九想觀・L29,九想觀
2166,第8门,增上定學門,卷4,八念觀,那阿,那,见烦恼,阿,施善,不行·安住本位,,,安住,,「那」表见烦恼、「阿」表施善。修无漏观必舍欲缠，故不行。,手工逐组（门1–14 手写）,通則,例可知。,其餘位中。以阿彌陀善。與那謨惡相為對治。二俱無力。所以並不行也。,《選佛譜》卷第一・見取・L57,見取
2167,第8门,增上定學門,卷4,八念觀,那彌,那,见烦恼,彌,戒善,不行·安住本位,,,安住,,「那」表见烦恼、「彌」表戒善。修无漏观必舍欲缠，故不行。,手工逐组（门1–14 手写）,通則,例可知。,其餘位中。以阿彌陀善。與那謨惡相為對治。二俱無力。所以並不行也。,《選佛譜》卷第一・見取・L57,見取
2168,第8门,增上定學門,卷4,八念觀,那陀,那,见烦恼,陀,定善,不行·安住本位,,,安住,,「那」表见烦恼、「陀」表定善。修无漏观必舍欲缠，故不行。,手工逐组（门1–14 手写）,通則,例可知。,其餘位中。以阿彌陀善。與那謨惡相為對治。二俱無力。所以並不行也。,《選佛譜》卷第一・見取・L57,見取
2169,第8门,增上定學門,卷4,八念觀,那佛,那,见烦恼,佛,无漏善慧,行,世第一位,第10门,升,,「那」表见烦恼、「佛」表无漏善慧。八念能除恐怖而相似慧已极，故入世第一位。,手工逐组（门1–14 手写）,承注,例可知。,那佛謨佛煖頂位者。發相似無漏慧。未斷惑故。,《選佛譜》卷第四・六妙門禪・L17,六妙門禪
2170,第8门,增上定學門,卷4,八念觀,謨謨,謨,爱烦恼,謨,爱烦恼,不行·安住本位,,,安住,,「謨謨」二字俱表爱烦恼。修无漏观必舍欲缠，故不行。,手工逐组（门1–14 手写）,承注,例可知。,那那等三不行者。修無漏觀。必捨欲纏故。,《選佛譜》卷第四・九想觀・L29,九想觀
2171,第8门,增上定學門,卷4,八念觀,謨阿,謨,爱烦恼,阿,施善,不行·安住本位,,,安住,,「謨」表爱烦恼、「阿」表施善。修无漏观必舍欲缠，故不行。,手工逐组（门1–14 手写）,通則,例可知。,其餘位中。以阿彌陀善。與那謨惡相為對治。二俱無力。所以並不行也。,《選佛譜》卷第一・見取・L57,見取
2172,第8门,增上定學門,卷4,八念觀,謨彌,謨,爱烦恼,彌,戒善,不行·安住本位,,,安住,,「謨」表爱烦恼、「彌」表戒善。修无漏观必舍欲缠，故不行。,手工逐组（门1–14 手写）,通則,例可知。,其餘位中。以阿彌陀善。與那謨惡相為對治。二俱無力。所以並不行也。,《選佛譜》卷第一・見取・L57,見取
2173,第8门,增上定學門,卷4,八念觀,謨陀,謨,爱烦恼,陀,定善,不行·安住本位,,,安住,,「謨」表爱烦恼、「陀」表定善。修无漏观必舍欲缠，故不行。,手工逐组（门1–14 手写）,通則,例可知。,其餘位中。以阿彌陀善。與那謨惡相為對治。二俱無力。所以並不行也。,《選佛譜》卷第一・見取・L57,見取
2174,第8门,增上定學門,卷4,八念觀,謨佛,謨,爱烦恼,佛,无漏善慧,行,初果須陀洹,第10门,升,,「謨」表爱烦恼、「佛」表无漏善慧。八念亦能趣道，发真无漏，故成初果须陀洹。,手工逐组（门1–14 手写）,承注,例可知。,那佛謨佛煖頂位者。發相似無漏慧。未斷惑故。,《選佛譜》卷第四・六妙門禪・L17,六妙門禪
2175,第8门,增上定學門,卷4,八念觀,阿阿,阿,施善,阿,施善,行,十想觀,第8门,升,,「阿阿」二字俱表施善。随次第门渐增进，故入十想观。,手工逐组（门1–14 手写）,直說,例可知。,八念者。……一念佛。……二念法。三念僧。四念戒。五念捨。六念天。七念出入息。八念死。修此八念。皆能恐怖。亦能趣道。……乃至八念即摩訶衍。具足一切佛法。……例可知。,《選佛譜》卷第四・八念觀・L33,八念觀
2176,第8门,增上定學門,卷4,八念觀,阿彌,阿,施善,彌,戒善,行,八背捨觀,第8门,升,,「阿」表施善、「彌」表戒善。随次第门渐增进，故入八背捨观。,手工逐组（门1–14 手写）,承注,例可知。,阿阿十六特勝等者。隨次第門漸增進故。,《選佛譜》卷第四・六妙門禪・L17,六妙門禪
2177,第8门,增上定學門,卷4,八念觀,阿陀,阿,施善,陀,定善,行,八勝處觀,第8门,升,,「阿」表施善、「陀」表定善。随次第门渐增进，故入八胜处观。,手工逐组（门1–14 手写）,承注,例可知。,阿阿十六特勝等者。隨次第門漸增進故。,《選佛譜》卷第四・六妙門禪・L17,六妙門禪
2178,第8门,增上定學門,卷4,八念觀,阿佛,阿,施善,佛,无漏善慧,行,四果阿羅漢,第10门,升,,「阿」表施善、「佛」表无漏善慧。一一念各得入道，故成四果阿罗汉。,手工逐组（门1–14 手写）,承注,例可知。,阿佛初果者。生滅門中。創發真無漏慧故。,《選佛譜》卷第四・六妙門禪・L17,六妙門禪
2179,第8门,增上定學門,卷4,八念觀,彌彌,彌,戒善,彌,戒善,行,八勝處觀,第8门,升,,「彌彌」二字俱表戒善。随次第门渐增进，故入八胜处观。,手工逐组（门1–14 手写）,承注,例可知。,阿阿十六特勝等者。隨次第門漸增進故。,《選佛譜》卷第四・六妙門禪・L17,六妙門禪
2180,第8门,增上定學門,卷4,八念觀,彌陀,彌,戒善,陀,定善,行,十一切處觀,第8门,升,,「彌」表戒善、「陀」表定善。随次第门渐增进，故入十一切处观。,手工逐组（门1–14 手写）,承注,例可知。,阿阿十六特勝等者。隨次第門漸增進故。,《選佛譜》卷第四・六妙門禪・L17,六妙門禪
2181,第8门,增上定學門,卷4,八念觀,彌佛,彌,戒善,佛,无漏善慧,行,七已辦地,第11门,升,,「彌」表戒善、「佛」表无漏善慧。无生门中发真无漏慧，故成七已办地。,手工逐组（门1–14 手写）,承注,例可知。,彌佛見地者。無生門中創發真無漏慧故。,《選佛譜》卷第四・六妙門禪・L17,六妙門禪
2182,第8门,增上定學門,卷4,八念觀,陀陀,陀,定善,陀,定善,行,九次第定,第8门,升,,「陀陀」二字俱表定善。随次第门渐增进，故入九次第定。,手工逐组（门1–14 手写）,承注,例可知。,阿阿十六特勝等者。隨次第門漸增進故。,《選佛譜》卷第四・六妙門禪・L17,六妙門禪
2183,第8门,增上定學門,卷4,八念觀,陀佛,陀,定善,佛,无漏善慧,行,七不退住,第12门,升,,「陀」表定善、「佛」表无漏善慧。发大乘相似无漏慧，故为七不退住。,手工逐组（门1–14 手写）,承注,例可知。,陀佛初發心住者。發大乘相似無漏慧故。,《選佛譜》卷第四・六妙門禪・L17,六妙門禪
2184,第8门,增上定學門,卷4,八念觀,佛佛,佛,无漏善慧,佛,无漏善慧,行,圓十信位,第13门,升,,「佛佛」二字俱表无漏善慧。八念即摩诃衍，具足一切佛法，故入圆十信位。,手工逐组（门1–14 手写）,承注,例可知。,佛佛圓十信者。六妙門即能具一切佛法故。,《選佛譜》卷第四・六妙門禪・L17,六妙門禪
2185,第8门,增上定學門,卷4,十想觀,那那,那,见烦恼,那,见烦恼,不行·安住本位,,,安住,,「那那」二字俱表见烦恼。修无漏观必舍欲缠，故不行。,手工逐组（门1–14 手写）,承注,,那那等三不行者。修無漏觀。必捨欲纏故。,《選佛譜》卷第四・九想觀・L29,九想觀
2186,第8门,增上定學門,卷4,十想觀,那謨,那,见烦恼,謨,爱烦恼,不行·安住本位,,,安住,,「那」表见烦恼、「謨」表爱烦恼。修无漏观必舍欲缠，故不行。,手工逐组（门1–14 手写）,承注,,那那等三不行者。修無漏觀。必捨欲纏故。,《選佛譜》卷第四・九想觀・L29,九想觀
2187,第8门,增上定學門,卷4,十想觀,那阿,那,见烦恼,阿,施善,不行·安住本位,,,安住,,「那」表见烦恼、「阿」表施善。修无漏观必舍欲缠，故不行。,手工逐组（门1–14 手写）,通則,,其餘位中。以阿彌陀善。與那謨惡相為對治。二俱無力。所以並不行也。,《選佛譜》卷第一・見取・L57,見取
2188,第8门,增上定學門,卷4,十想觀,那彌,那,见烦恼,彌,戒善,不行·安住本位,,,安住,,「那」表见烦恼、「彌」表戒善。修无漏观必舍欲缠，故不行。,手工逐组（门1–14 手写）,通則,,其餘位中。以阿彌陀善。與那謨惡相為對治。二俱無力。所以並不行也。,《選佛譜》卷第一・見取・L57,見取
2189,第8门,增上定學門,卷4,十想觀,那陀,那,见烦恼,陀,定善,不行·安住本位,,,安住,,「那」表见烦恼、「陀」表定善。修无漏观必舍欲缠，故不行。,手工逐组（门1–14 手写）,通則,,其餘位中。以阿彌陀善。與那謨惡相為對治。二俱無力。所以並不行也。,《選佛譜》卷第一・見取・L57,見取
2190,第8门,增上定學門,卷4,十想觀,那佛,那,见烦恼,佛,无漏善慧,行,世第一位,第10门,升,,「那」表见烦恼、「佛」表无漏善慧。总相观破六十二见而将入见道，故入世第一位。,手工逐组（门1–14 手写）,承注,,那佛謨佛煖頂位者。發相似無漏慧。未斷惑故。,《選佛譜》卷第四・六妙門禪・L17,六妙門禪
2191,第8门,增上定學門,卷4,十想觀,謨謨,謨,爱烦恼,謨,爱烦恼,不行·安住本位,,,安住,,「謨謨」二字俱表爱烦恼。修无漏观必舍欲缠，故不行。,手工逐组（门1–14 手写）,承注,,那那等三不行者。修無漏觀。必捨欲纏故。,《選佛譜》卷第四・九想觀・L29,九想觀
2192,第8门,增上定學門,卷4,十想觀,謨阿,謨,爱烦恼,阿,施善,不行·安住本位,,,安住,,「謨」表爱烦恼、「阿」表施善。修无漏观必舍欲缠，故不行。,手工逐组（门1–14 手写）,通則,,其餘位中。以阿彌陀善。與那謨惡相為對治。二俱無力。所以並不行也。,《選佛譜》卷第一・見取・L57,見取
2193,第8门,增上定學門,卷4,十想觀,謨彌,謨,爱烦恼,彌,戒善,不行·安住本位,,,安住,,「謨」表爱烦恼、「彌」表戒善。修无漏观必舍欲缠，故不行。,手工逐组（门1–14 手写）,通則,,其餘位中。以阿彌陀善。與那謨惡相為對治。二俱無力。所以並不行也。,《選佛譜》卷第一・見取・L57,見取
2194,第8门,增上定學門,卷4,十想觀,謨陀,謨,爱烦恼,陀,定善,不行·安住本位,,,安住,,「謨」表爱烦恼、「陀」表定善。修无漏观必舍欲缠，故不行。,手工逐组（门1–14 手写）,通則,,其餘位中。以阿彌陀善。與那謨惡相為對治。二俱無力。所以並不行也。,《選佛譜》卷第一・見取・L57,見取
2195,第8门,增上定學門,卷4,十想觀,謨佛,謨,爱烦恼,佛,无漏善慧,行,初果須陀洹,第10门,升,,「謨」表爱烦恼、「佛」表无漏善慧。无常等三想总相观成而入见道，故成初果须陀洹。,手工逐组（门1–14 手写）,承注,,那佛謨佛煖頂位者。發相似無漏慧。未斷惑故。,《選佛譜》卷第四・六妙門禪・L17,六妙門禪
2196,第8门,增上定學門,卷4,十想觀,阿阿,阿,施善,阿,施善,行,八背捨觀,第8门,升,,「阿阿」二字俱表施善。随次第门渐增进，故入八背捨观。,手工逐组（门1–14 手写）,直說,,十想者。一無常想。二苦想。三無我想。四食不淨想。五一切世間不可樂想。六死想。七不淨想。八斷想。九離想。十盡想也。……當知十想即是摩訶衍也。,《選佛譜》卷第四・十想觀・L37,十想觀
2197,第8门,增上定學門,卷4,十想觀,阿彌,阿,施善,彌,戒善,行,八勝處觀,第8门,升,,「阿」表施善、「彌」表戒善。随次第门渐增进，故入八胜处观。,手工逐组（门1–14 手写）,承注,,阿阿十六特勝等者。隨次第門漸增進故。,《選佛譜》卷第四・六妙門禪・L17,六妙門禪
2198,第8门,增上定學門,卷4,十想觀,阿陀,阿,施善,陀,定善,行,十一切處觀,第8门,升,,「阿」表施善、「陀」表定善。随次第门渐增进，故入十一切处观。,手工逐组（门1–14 手写）,承注,,阿阿十六特勝等者。隨次第門漸增進故。,《選佛譜》卷第四・六妙門禪・L17,六妙門禪
2199,第8门,增上定學門,卷4,十想觀,阿佛,阿,施善,佛,无漏善慧,行,四果阿羅漢,第10门,升,,「阿」表施善、「佛」表无漏善慧。十想成就便杀结贼，故成四果阿罗汉。,手工逐组（门1–14 手写）,承注,,阿佛初果者。生滅門中。創發真無漏慧故。,《選佛譜》卷第四・六妙門禪・L17,六妙門禪
2200,第8门,增上定學門,卷4,十想觀,彌彌,彌,戒善,彌,戒善,行,十一切處觀,第8门,升,,「彌彌」二字俱表戒善。随次第门渐增进，故入十一切处观。,手工逐组（门1–14 手写）,承注,,阿阿十六特勝等者。隨次第門漸增進故。,《選佛譜》卷第四・六妙門禪・L17,六妙門禪
2201,第8门,增上定學門,卷4,十想觀,彌陀,彌,戒善,陀,定善,行,九次第定,第8门,升,,「彌」表戒善、「陀」表定善。随次第门渐增进，故入九次第定。,手工逐组（门1–14 手写）,承注,,阿阿十六特勝等者。隨次第門漸增進故。,《選佛譜》卷第四・六妙門禪・L17,六妙門禪
2202,第8门,增上定學門,卷4,十想觀,彌佛,彌,戒善,佛,无漏善慧,行,七已辦地,第11门,升,,「彌」表戒善、「佛」表无漏善慧。断离尽三想断离色无色爱，故成七已办地。,手工逐组（门1–14 手写）,承注,,彌佛見地者。無生門中創發真無漏慧故。,《選佛譜》卷第四・六妙門禪・L17,六妙門禪
2203,第8门,增上定學門,卷4,十想觀,陀陀,陀,定善,陀,定善,行,師子奮迅三昧,第8门,升,,「陀陀」二字俱表定善。随次第门渐增进，故入师子奋迅三昧。,手工逐组（门1–14 手写）,承注,,阿阿十六特勝等者。隨次第門漸增進故。,《選佛譜》卷第四・六妙門禪・L17,六妙門禪
2204,第8门,增上定學門,卷4,十想觀,陀佛,陀,定善,佛,无漏善慧,行,七不退住,第12门,升,,「陀」表定善、「佛」表无漏善慧。发大乘相似无漏慧，故为七不退住。,手工逐组（门1–14 手写）,承注,,陀佛初發心住者。發大乘相似無漏慧故。,《選佛譜》卷第四・六妙門禪・L17,六妙門禪
2205,第8门,增上定學門,卷4,十想觀,佛佛,佛,无漏善慧,佛,无漏善慧,行,圓十信位,第13门,升,,「佛佛」二字俱表无漏善慧。十想即是摩诃衍，故入圆十信位。,手工逐组（门1–14 手写）,承注,,佛佛圓十信者。六妙門即能具一切佛法故。,《選佛譜》卷第四・六妙門禪・L17,六妙門禪
2206,第8门,增上定學門,卷4,八背捨觀,那那,那,见烦恼,那,见烦恼,不行·安住本位,,,安住,,「那那」二字俱表见烦恼。修无漏观必舍欲缠，此观又背净洁五欲，故不行。,手工逐组（门1–14 手写）,承注,,那那等三不行者。修無漏觀。必捨欲纏故。,《選佛譜》卷第四・九想觀・L29,九想觀
2207,第8门,增上定學門,卷4,八背捨觀,那謨,那,见烦恼,謨,爱烦恼,不行·安住本位,,,安住,,「那」表见烦恼、「謨」表爱烦恼。修无漏观必舍欲缠，此观又背净洁五欲，故不行。,手工逐组（门1–14 手写）,承注,,那那等三不行者。修無漏觀。必捨欲纏故。,《選佛譜》卷第四・九想觀・L29,九想觀
2208,第8门,增上定學門,卷4,八背捨觀,那阿,那,见烦恼,阿,施善,不行·安住本位,,,安住,,「那」表见烦恼、「阿」表施善。修无漏观必舍欲缠，故不行。,手工逐组（门1–14 手写）,通則,,其餘位中。以阿彌陀善。與那謨惡相為對治。二俱無力。所以並不行也。,《選佛譜》卷第一・見取・L57,見取
2209,第8门,增上定學門,卷4,八背捨觀,那彌,那,见烦恼,彌,戒善,不行·安住本位,,,安住,,「那」表见烦恼、「彌」表戒善。修无漏观必舍欲缠，故不行。,手工逐组（门1–14 手写）,通則,,其餘位中。以阿彌陀善。與那謨惡相為對治。二俱無力。所以並不行也。,《選佛譜》卷第一・見取・L57,見取
2210,第8门,增上定學門,卷4,八背捨觀,那陀,那,见烦恼,陀,定善,不行·安住本位,,,安住,,「那」表见烦恼、「陀」表定善。修无漏观必舍欲缠，故不行。,手工逐组（门1–14 手写）,通則,,其餘位中。以阿彌陀善。與那謨惡相為對治。二俱無力。所以並不行也。,《選佛譜》卷第一・見取・L57,見取
2211,第8门,增上定學門,卷4,八背捨觀,那佛,那,法执,佛,无漏善慧,行,四果阿羅漢,第10门,升,,「那」表法执、「佛」表无漏善慧。无漏定力但遇佛字必出生死，那表法执，故为定性声闻四果阿罗汉。,手工逐组（门1–14 手写）,直說,那佛謨佛皆四果者。無漏定力。但遇佛字。必出生死。那謨以表法執。故為定性聲聞也。,那佛謨佛皆四果者。無漏定力。但遇佛字。必出生死。那謨以表法執。故為定性聲聞也。,《選佛譜》卷第四・八背捨觀・L41,八背捨觀
2212,第8门,增上定學門,卷4,八背捨觀,謨謨,謨,爱烦恼,謨,爱烦恼,行,鈍根阿那含,第5门,升,,「謨謨」二字俱表爱烦恼。思惑未尽，故生四空天，为钝根阿那含。,手工逐组（门1–14 手写）,直說,謨謨鈍根那含者。思惑未盡。生四空天故。,謨謨鈍根那含者。思惑未盡。生四空天故。,《選佛譜》卷第四・八背捨觀・L41,八背捨觀
2213,第8门,增上定學門,卷4,八背捨觀,謨阿,謨,爱烦恼,阿,施善,不行·安住本位,,,安住,,「謨」表爱烦恼、「阿」表施善。修无漏观必舍欲缠，故不行。,手工逐组（门1–14 手写）,通則,,其餘位中。以阿彌陀善。與那謨惡相為對治。二俱無力。所以並不行也。,《選佛譜》卷第一・見取・L57,見取
2214,第8门,增上定學門,卷4,八背捨觀,謨彌,謨,爱烦恼,彌,戒善,不行·安住本位,,,安住,,「謨」表爱烦恼、「彌」表戒善。修无漏观必舍欲缠，故不行。,手工逐组（门1–14 手写）,通則,,其餘位中。以阿彌陀善。與那謨惡相為對治。二俱無力。所以並不行也。,《選佛譜》卷第一・見取・L57,見取
2215,第8门,增上定學門,卷4,八背捨觀,謨陀,謨,爱烦恼,陀,定善,不行·安住本位,,,安住,,「謨」表爱烦恼、「陀」表定善。修无漏观必舍欲缠，故不行。,手工逐组（门1–14 手写）,通則,,其餘位中。以阿彌陀善。與那謨惡相為對治。二俱無力。所以並不行也。,《選佛譜》卷第一・見取・L57,見取
2216,第8门,增上定學門,卷4,八背捨觀,謨佛,謨,法执,佛,无漏善慧,行,四果阿羅漢,第10门,升,,「謨」表法执、「佛」表无漏善慧。无漏定力但遇佛字必出生死，谟表法执，故为定性声闻四果阿罗汉。,手工逐组（门1–14 手写）,直說,那佛謨佛皆四果者。無漏定力。但遇佛字。必出生死。那謨以表法執。故為定性聲聞也。,那佛謨佛皆四果者。無漏定力。但遇佛字。必出生死。那謨以表法執。故為定性聲聞也。,《選佛譜》卷第四・八背捨觀・L41,八背捨觀
2217,第8门,增上定學門,卷4,八背捨觀,阿阿,阿,施善,阿,施善,行,八勝處觀,第8门,升,,「阿阿」二字俱表施善。背舍是初行，胜处是中行，故入八胜处观。,手工逐组（门1–14 手写）,承注,,阿阿十六特勝等者。隨次第門漸增進故。,《選佛譜》卷第四・六妙門禪・L17,六妙門禪
2218,第8门,增上定學門,卷4,八背捨觀,阿彌,阿,施善,彌,戒善,行,十一切處觀,第8门,升,,「阿」表施善、「彌」表戒善。一切处是后行，故入十一切处观。,手工逐组（门1–14 手写）,承注,,阿阿十六特勝等者。隨次第門漸增進故。,《選佛譜》卷第四・六妙門禪・L17,六妙門禪
2219,第8门,增上定學門,卷4,八背捨觀,阿陀,阿,施善,陀,定善,行,九次第定,第8门,升,,「阿」表施善、「陀」表定善。观禅既成，转入炼禅，故入九次第定。,手工逐组（门1–14 手写）,承注,,阿阿十六特勝等者。隨次第門漸增進故。,《選佛譜》卷第四・六妙門禪・L17,六妙門禪
2220,第8门,增上定學門,卷4,八背捨觀,阿佛,阿,施善,佛,无漏善慧,行,七已辦地,第11门,升,,「阿」表施善、「佛」表无漏善慧。法执既轻，应速回心，故成七已办地。,手工逐组（门1–14 手写）,直說,阿佛已辦地者。法執既輕。應速迴心故。,阿佛已辦地者。法執既輕。應速迴心故。,《選佛譜》卷第四・八背捨觀・L41,八背捨觀
2221,第8门,增上定學門,卷4,八背捨觀,彌彌,彌,戒善,彌,戒善,行,九次第定,第8门,升,,「彌彌」二字俱表戒善。观禅既成，转入炼禅，故入九次第定。,手工逐组（门1–14 手写）,承注,,阿阿十六特勝等者。隨次第門漸增進故。,《選佛譜》卷第四・六妙門禪・L17,六妙門禪
2222,第8门,增上定學門,卷4,八背捨觀,彌陀,彌,戒善,陀,定善,行,師子奮迅三昧,第8门,升,,「彌」表戒善、「陀」表定善。观禅已成，转入熏禅，故入师子奋迅三昧。,手工逐组（门1–14 手写）,承注,,阿阿十六特勝等者。隨次第門漸增進故。,《選佛譜》卷第四・六妙門禪・L17,六妙門禪
2223,第8门,增上定學門,卷4,八背捨觀,彌佛,彌,戒善,佛,无漏善慧,行,八辟支佛地,第11门,升,,「彌」表戒善、「佛」表无漏善慧。功行稍进，能侵习气，故入八辟支佛地。,手工逐组（门1–14 手写）,直說,彌佛辟支佛地者。功行稍進。能侵習氣故。,彌佛辟支佛地者。功行稍進。能侵習氣故。,《選佛譜》卷第四・八背捨觀・L41,八背捨觀
2224,第8门,增上定學門,卷4,八背捨觀,陀陀,陀,定善,陀,定善,行,超越三昧,第8门,升,,「陀陀」二字俱表定善。观禅已成，转入修禅，故入超越三昧。,手工逐组（门1–14 手写）,承注,,阿阿十六特勝等者。隨次第門漸增進故。,《選佛譜》卷第四・六妙門禪・L17,六妙門禪
2225,第8门,增上定學門,卷4,八背捨觀,陀佛,陀,定善,佛,无漏善慧,行,八童真住,第12门,升,,「陀」表定善、「佛」表无漏善慧。此观即摩诃衍，故为八童真住。,手工逐组（门1–14 手写）,直說,陀佛八住者。即摩訶衍故。,陀佛八住者。即摩訶衍故。,《選佛譜》卷第四・八背捨觀・L41,八背捨觀
2226,第8门,增上定學門,卷4,八背捨觀,佛佛,佛,无漏善慧,佛,无漏善慧,行,王三昧,第8门,升,,「佛佛」二字俱表无漏善慧。开权显实，故入王三昧。,手工逐组（门1–14 手写）,直說,佛佛王三昧者。開權顯實故。,佛佛王三昧者。開權顯實故。,《選佛譜》卷第四・八背捨觀・L41,八背捨觀
2227,第8门,增上定學門,卷4,八勝處觀,那那,那,见烦恼,那,见烦恼,不行·安住本位,,,安住,,「那那」二字俱表见烦恼。修无漏观必舍欲缠，故不行。,手工逐组（门1–14 手写）,承注,,那那等三不行者。修無漏觀。必捨欲纏故。,《選佛譜》卷第四・九想觀・L29,九想觀
2228,第8门,增上定學門,卷4,八勝處觀,那謨,那,见烦恼,謨,爱烦恼,不行·安住本位,,,安住,,「那」表见烦恼、「謨」表爱烦恼。修无漏观必舍欲缠，故不行。,手工逐组（门1–14 手写）,承注,,那那等三不行者。修無漏觀。必捨欲纏故。,《選佛譜》卷第四・九想觀・L29,九想觀
2229,第8门,增上定學門,卷4,八勝處觀,那阿,那,见烦恼,阿,施善,不行·安住本位,,,安住,,「那」表见烦恼、「阿」表施善。修无漏观必舍欲缠，故不行。,手工逐组（门1–14 手写）,通則,,其餘位中。以阿彌陀善。與那謨惡相為對治。二俱無力。所以並不行也。,《選佛譜》卷第一・見取・L57,見取
2230,第8门,增上定學門,卷4,八勝處觀,那彌,那,见烦恼,彌,戒善,不行·安住本位,,,安住,,「那」表见烦恼、「彌」表戒善。修无漏观必舍欲缠，故不行。,手工逐组（门1–14 手写）,通則,,其餘位中。以阿彌陀善。與那謨惡相為對治。二俱無力。所以並不行也。,《選佛譜》卷第一・見取・L57,見取
2231,第8门,增上定學門,卷4,八勝處觀,那陀,那,见烦恼,陀,定善,不行·安住本位,,,安住,,「那」表见烦恼、「陀」表定善。修无漏观必舍欲缠，故不行。,手工逐组（门1–14 手写）,通則,,其餘位中。以阿彌陀善。與那謨惡相為對治。二俱無力。所以並不行也。,《選佛譜》卷第一・見取・L57,見取
2232,第8门,增上定學門,卷4,八勝處觀,那佛,那,见烦恼,佛,无漏善慧,行,四果阿羅漢,第10门,升,,「那」表见烦恼、「佛」表无漏善慧。无漏定力遇佛必出生死，那表法执，故为定性声闻四果阿罗汉。,手工逐组（门1–14 手写）,承注,,那佛謨佛皆四果者。無漏定力。但遇佛字。必出生死。那謨以表法執。故為定性聲聞也。,《選佛譜》卷第四・八背捨觀・L41,八背捨觀
2233,第8门,增上定學門,卷4,八勝處觀,謨謨,謨,爱烦恼,謨,爱烦恼,行,善現天,第5门,升,,「謨謨」二字俱表爱烦恼。色定转明而思惑未尽，故生善现天。,手工逐组（门1–14 手写）,直說,謨謨善現天者。色定轉明。思惑未盡故。,謨謨善現天者。色定轉明。思惑未盡故。,《選佛譜》卷第四・八勝處觀・L45,八勝處觀
2234,第8门,增上定學門,卷4,八勝處觀,謨阿,謨,爱烦恼,阿,施善,不行·安住本位,,,安住,,「謨」表爱烦恼、「阿」表施善。修无漏观必舍欲缠，故不行。,手工逐组（门1–14 手写）,通則,,其餘位中。以阿彌陀善。與那謨惡相為對治。二俱無力。所以並不行也。,《選佛譜》卷第一・見取・L57,見取
2235,第8门,增上定學門,卷4,八勝處觀,謨彌,謨,爱烦恼,彌,戒善,不行·安住本位,,,安住,,「謨」表爱烦恼、「彌」表戒善。修无漏观必舍欲缠，故不行。,手工逐组（门1–14 手写）,通則,,其餘位中。以阿彌陀善。與那謨惡相為對治。二俱無力。所以並不行也。,《選佛譜》卷第一・見取・L57,見取
2236,第8门,增上定學門,卷4,八勝處觀,謨陀,謨,爱烦恼,陀,定善,不行·安住本位,,,安住,,「謨」表爱烦恼、「陀」表定善。修无漏观必舍欲缠，故不行。,手工逐组（门1–14 手写）,通則,,其餘位中。以阿彌陀善。與那謨惡相為對治。二俱無力。所以並不行也。,《選佛譜》卷第一・見取・L57,見取
2237,第8门,增上定學門,卷4,八勝處觀,謨佛,謨,爱烦恼,佛,无漏善慧,行,四果阿羅漢,第10门,升,,「謨」表爱烦恼、「佛」表无漏善慧。无漏定力遇佛必出生死，谟表法执，故为定性声闻四果阿罗汉。,手工逐组（门1–14 手写）,承注,,那佛謨佛皆四果者。無漏定力。但遇佛字。必出生死。那謨以表法執。故為定性聲聞也。,《選佛譜》卷第四・八背捨觀・L41,八背捨觀
2238,第8门,增上定學門,卷4,八勝處觀,阿阿,阿,施善,阿,施善,行,十一切處觀,第8门,升,,「阿阿」二字俱表施善。一切处是后行，故入十一切处观。,手工逐组（门1–14 手写）,承注,,阿阿十六特勝等者。隨次第門漸增進故。,《選佛譜》卷第四・六妙門禪・L17,六妙門禪
2239,第8门,增上定學門,卷4,八勝處觀,阿彌,阿,施善,彌,戒善,行,九次第定,第8门,升,,「阿」表施善、「彌」表戒善。观禅既成，转入炼禅，故入九次第定。,手工逐组（门1–14 手写）,承注,,阿阿十六特勝等者。隨次第門漸增進故。,《選佛譜》卷第四・六妙門禪・L17,六妙門禪
2240,第8门,增上定學門,卷4,八勝處觀,阿陀,阿,施善,陀,定善,行,師子奮迅三昧,第8门,升,,「阿」表施善、「陀」表定善。观禅已成，转入熏禅，故入师子奋迅三昧。,手工逐组（门1–14 手写）,承注,,阿阿十六特勝等者。隨次第門漸增進故。,《選佛譜》卷第四・六妙門禪・L17,六妙門禪
2241,第8门,增上定學門,卷4,八勝處觀,阿佛,阿,施善,佛,无漏善慧,行,七已辦地,第11门,升,,「阿」表施善、「佛」表无漏善慧。法执既轻，应速回心，故成七已办地。,手工逐组（门1–14 手写）,承注,,阿佛已辦地者。法執既輕。應速迴心故。,《選佛譜》卷第四・八背捨觀・L41,八背捨觀
2242,第8门,增上定學門,卷4,八勝處觀,彌彌,彌,戒善,彌,戒善,行,師子奮迅三昧,第8门,升,,「彌彌」二字俱表戒善。观禅已成，转入熏禅，故入师子奋迅三昧。,手工逐组（门1–14 手写）,承注,,阿阿十六特勝等者。隨次第門漸增進故。,《選佛譜》卷第四・六妙門禪・L17,六妙門禪
2243,第8门,增上定學門,卷4,八勝處觀,彌陀,彌,戒善,陀,定善,行,超越三昧,第8门,升,,「彌」表戒善、「陀」表定善。观禅已成，转入修禅，故入超越三昧。,手工逐组（门1–14 手写）,承注,,阿阿十六特勝等者。隨次第門漸增進故。,《選佛譜》卷第四・六妙門禪・L17,六妙門禪
2244,第8门,增上定學門,卷4,八勝處觀,彌佛,彌,戒善,佛,无漏善慧,行,八辟支佛地,第11门,升,,「彌」表戒善、「佛」表无漏善慧。功行稍进，能侵习气，故入八辟支佛地。,手工逐组（门1–14 手写）,承注,,彌佛辟支佛地者。功行稍進。能侵習氣故。,《選佛譜》卷第四・八背捨觀・L41,八背捨觀
2245,第8门,增上定學門,卷4,八勝處觀,陀陀,陀,定善,陀,定善,行,四果阿羅漢,第10门,升,,「陀陀」二字俱表定善。无漏定力亦能出苦，故成四果阿罗汉。,手工逐组（门1–14 手写）,直說,陀陀亦四果者。無漏定力。亦能出苦故,陀陀亦四果者。無漏定力。亦能出苦故,《選佛譜》卷第四・八勝處觀・L45,八勝處觀
2246,第8门,增上定學門,卷4,八勝處觀,陀佛,陀,定善,佛,无漏善慧,行,九法王子住,第12门,升,,「陀」表定善、「佛」表无漏善慧。深修胜处即是摩诃衍，故为九法王子住。,手工逐组（门1–14 手写）,承注,,陀佛八住者。即摩訶衍故。,《選佛譜》卷第四・八背捨觀・L41,八背捨觀
2247,第8门,增上定學門,卷4,八勝處觀,佛佛,佛,无漏善慧,佛,无漏善慧,行,王三昧,第8门,升,,「佛佛」二字俱表无漏善慧。开权显实，故入王三昧。,手工逐组（门1–14 手写）,承注,,佛佛王三昧者。開權顯實故。,《選佛譜》卷第四・八背捨觀・L41,八背捨觀
2248,第8门,增上定學門,卷4,十一切處觀,那那,那,见烦恼,那,见烦恼,不行·安住本位,,,安住,,「那那」二字俱表见烦恼。修无漏观必舍欲缠，故不行。,手工逐组（门1–14 手写）,承注,此中趣道之相。亦可例如前說。,那那等三不行者。修無漏觀。必捨欲纏故。,《選佛譜》卷第四・九想觀・L29,九想觀
2249,第8门,增上定學門,卷4,十一切處觀,那謨,那,见烦恼,謨,爱烦恼,不行·安住本位,,,安住,,「那」表见烦恼、「謨」表爱烦恼。修无漏观必舍欲缠，故不行。,手工逐组（门1–14 手写）,承注,此中趣道之相。亦可例如前說。,那那等三不行者。修無漏觀。必捨欲纏故。,《選佛譜》卷第四・九想觀・L29,九想觀
2250,第8门,增上定學門,卷4,十一切處觀,那阿,那,见烦恼,阿,施善,不行·安住本位,,,安住,,「那」表见烦恼、「阿」表施善。修无漏观必舍欲缠，故不行。,手工逐组（门1–14 手写）,通則,此中趣道之相。亦可例如前說。,其餘位中。以阿彌陀善。與那謨惡相為對治。二俱無力。所以並不行也。,《選佛譜》卷第一・見取・L57,見取
2251,第8门,增上定學門,卷4,十一切處觀,那彌,那,见烦恼,彌,戒善,不行·安住本位,,,安住,,「那」表见烦恼、「彌」表戒善。修无漏观必舍欲缠，故不行。,手工逐组（门1–14 手写）,通則,此中趣道之相。亦可例如前說。,其餘位中。以阿彌陀善。與那謨惡相為對治。二俱無力。所以並不行也。,《選佛譜》卷第一・見取・L57,見取
2252,第8门,增上定學門,卷4,十一切處觀,那陀,那,见烦恼,陀,定善,不行·安住本位,,,安住,,「那」表见烦恼、「陀」表定善。修无漏观必舍欲缠，故不行。,手工逐组（门1–14 手写）,通則,此中趣道之相。亦可例如前說。,其餘位中。以阿彌陀善。與那謨惡相為對治。二俱無力。所以並不行也。,《選佛譜》卷第一・見取・L57,見取
2253,第8门,增上定學門,卷4,十一切處觀,那佛,那,见烦恼,佛,无漏善慧,行,四果阿羅漢,第10门,升,,「那」表见烦恼、「佛」表无漏善慧。无漏定力遇佛必出生死，那表法执，故为定性声闻四果阿罗汉。,手工逐组（门1–14 手写）,承注,此中趣道之相。亦可例如前說。,那佛謨佛皆四果者。無漏定力。但遇佛字。必出生死。那謨以表法執。故為定性聲聞也。,《選佛譜》卷第四・八背捨觀・L41,八背捨觀
2254,第8门,增上定學門,卷4,十一切處觀,謨謨,謨,爱烦恼,謨,爱烦恼,行,色究竟天,第5门,升,,「謨謨」二字俱表爱烦恼。此观成就自在胜色，色定转明而思惑未尽，故生色究竟天。,手工逐组（门1–14 手写）,直說,此中趣道之相。亦可例如前說。,行者住第四禪中。已成就自在勝色。爾時應用念清淨心。捨七種色。……此中趣道之相。亦可例如前說。,《選佛譜》卷第四・十一切處觀・L49,十一切處觀
2255,第8门,增上定學門,卷4,十一切處觀,謨阿,謨,爱烦恼,阿,施善,不行·安住本位,,,安住,,「謨」表爱烦恼、「阿」表施善。修无漏观必舍欲缠，故不行。,手工逐组（门1–14 手写）,通則,此中趣道之相。亦可例如前說。,其餘位中。以阿彌陀善。與那謨惡相為對治。二俱無力。所以並不行也。,《選佛譜》卷第一・見取・L57,見取
2256,第8门,增上定學門,卷4,十一切處觀,謨彌,謨,爱烦恼,彌,戒善,不行·安住本位,,,安住,,「謨」表爱烦恼、「彌」表戒善。修无漏观必舍欲缠，故不行。,手工逐组（门1–14 手写）,通則,此中趣道之相。亦可例如前說。,其餘位中。以阿彌陀善。與那謨惡相為對治。二俱無力。所以並不行也。,《選佛譜》卷第一・見取・L57,見取
2257,第8门,增上定學門,卷4,十一切處觀,謨陀,謨,爱烦恼,陀,定善,不行·安住本位,,,安住,,「謨」表爱烦恼、「陀」表定善。修无漏观必舍欲缠，故不行。,手工逐组（门1–14 手写）,通則,此中趣道之相。亦可例如前說。,其餘位中。以阿彌陀善。與那謨惡相為對治。二俱無力。所以並不行也。,《選佛譜》卷第一・見取・L57,見取
2258,第8门,增上定學門,卷4,十一切處觀,謨佛,謨,爱烦恼,佛,无漏善慧,行,中乘辟支佛果,第10门,升,,「謨」表爱烦恼、「佛」表无漏善慧。虽存法执而能侵习气，故成中乘辟支佛果。,手工逐组（门1–14 手写）,承注,此中趣道之相。亦可例如前說。,那佛謨佛皆四果者。無漏定力。但遇佛字。必出生死。那謨以表法執。故為定性聲聞也。,《選佛譜》卷第四・八背捨觀・L41,八背捨觀
2259,第8门,增上定學門,卷4,十一切處觀,阿阿,阿,施善,阿,施善,行,九次第定,第8门,升,,「阿阿」二字俱表施善。观禅既成，转入炼禅，故入九次第定。,手工逐组（门1–14 手写）,承注,此中趣道之相。亦可例如前說。,阿阿十六特勝等者。隨次第門漸增進故。,《選佛譜》卷第四・六妙門禪・L17,六妙門禪
2260,第8门,增上定學門,卷4,十一切處觀,阿彌,阿,施善,彌,戒善,行,師子奮迅三昧,第8门,升,,「阿」表施善、「彌」表戒善。观禅已成，转入熏禅，故入师子奋迅三昧。,手工逐组（门1–14 手写）,承注,此中趣道之相。亦可例如前說。,阿阿十六特勝等者。隨次第門漸增進故。,《選佛譜》卷第四・六妙門禪・L17,六妙門禪
2261,第8门,增上定學門,卷4,十一切處觀,阿陀,阿,施善,陀,定善,行,超越三昧,第8门,升,,「阿」表施善、「陀」表定善。观禅已成，转入修禅，故入超越三昧。,手工逐组（门1–14 手写）,承注,此中趣道之相。亦可例如前說。,阿阿十六特勝等者。隨次第門漸增進故。,《選佛譜》卷第四・六妙門禪・L17,六妙門禪
2262,第8门,增上定學門,卷4,十一切處觀,阿佛,阿,施善,佛,无漏善慧,行,七已辦地,第11门,升,,「阿」表施善、「佛」表无漏善慧。法执既轻，应速回心，故成七已办地。,手工逐组（门1–14 手写）,承注,此中趣道之相。亦可例如前說。,阿佛已辦地者。法執既輕。應速迴心故。,《選佛譜》卷第四・八背捨觀・L41,八背捨觀
2263,第8门,增上定學門,卷4,十一切處觀,彌彌,彌,戒善,彌,戒善,行,超越三昧,第8门,升,,「彌彌」二字俱表戒善。观禅已成，转入修禅，故入超越三昧。,手工逐组（门1–14 手写）,承注,此中趣道之相。亦可例如前說。,阿阿十六特勝等者。隨次第門漸增進故。,《選佛譜》卷第四・六妙門禪・L17,六妙門禪
2264,第8门,增上定學門,卷4,十一切處觀,彌陀,彌,戒善,陀,定善,行,四果阿羅漢,第10门,升,,「彌」表戒善、「陀」表定善。无漏定力亦能出苦，故成四果阿罗汉。,手工逐组（门1–14 手写）,承注,此中趣道之相。亦可例如前說。,阿阿十六特勝等者。隨次第門漸增進故。,《選佛譜》卷第四・六妙門禪・L17,六妙門禪
2265,第8门,增上定學門,卷4,十一切處觀,彌佛,彌,戒善,佛,无漏善慧,行,八辟支佛地,第11门,升,,「彌」表戒善、「佛」表无漏善慧。功行稍进，能侵习气，故入八辟支佛地。,手工逐组（门1–14 手写）,承注,此中趣道之相。亦可例如前說。,彌佛辟支佛地者。功行稍進。能侵習氣故。,《選佛譜》卷第四・八背捨觀・L41,八背捨觀
2266,第8门,增上定學門,卷4,十一切處觀,陀陀,陀,定善,陀,定善,行,中乘辟支佛果,第10门,升,,「陀陀」二字俱表定善。无漏定力亦能出苦，能侵习气，故成中乘辟支佛果。,手工逐组（门1–14 手写）,承注,此中趣道之相。亦可例如前說。,阿阿十六特勝等者。隨次第門漸增進故。,《選佛譜》卷第四・六妙門禪・L17,六妙門禪
2267,第8门,增上定學門,卷4,十一切處觀,陀佛,陀,定善,佛,无漏善慧,行,十灌頂住,第12门,升,,「陀」表定善、「佛」表无漏善慧。此观亦名一切处波罗蜜，即摩诃衍，故为十灌顶住。,手工逐组（门1–14 手写）,承注,此中趣道之相。亦可例如前說。,陀佛八住者。即摩訶衍故。,《選佛譜》卷第四・八背捨觀・L41,八背捨觀
2268,第8门,增上定學門,卷4,十一切處觀,佛佛,佛,无漏善慧,佛,无漏善慧,行,王三昧,第8门,升,,「佛佛」二字俱表无漏善慧。开权显实，故入王三昧。,手工逐组（门1–14 手写）,承注,此中趣道之相。亦可例如前說。,佛佛王三昧者。開權顯實故。,《選佛譜》卷第四・八背捨觀・L41,八背捨觀
2269,第8门,增上定學門,卷4,九次第定,那那,那,见烦恼,那,见烦恼,不行·安住本位,,,安住,,「那那」二字俱表见烦恼。修无漏观必舍欲缠，此定又善断法爱，故不行。,手工逐组（门1–14 手写）,承注,,那那等三不行者。修無漏觀。必捨欲纏故。,《選佛譜》卷第四・九想觀・L29,九想觀
2270,第8门,增上定學門,卷4,九次第定,那謨,那,见烦恼,謨,爱烦恼,不行·安住本位,,,安住,,「那」表见烦恼、「謨」表爱烦恼。修无漏观必舍欲缠，此定又善断法爱，故不行。,手工逐组（门1–14 手写）,承注,,那那等三不行者。修無漏觀。必捨欲纏故。,《選佛譜》卷第四・九想觀・L29,九想觀
2271,第8门,增上定學門,卷4,九次第定,那阿,那,见烦恼,阿,施善,不行·安住本位,,,安住,,「那」表见烦恼、「阿」表施善。修无漏观必舍欲缠，故不行。,手工逐组（门1–14 手写）,通則,,其餘位中。以阿彌陀善。與那謨惡相為對治。二俱無力。所以並不行也。,《選佛譜》卷第一・見取・L57,見取
2272,第8门,增上定學門,卷4,九次第定,那彌,那,见烦恼,彌,戒善,不行·安住本位,,,安住,,「那」表见烦恼、「彌」表戒善。修无漏观必舍欲缠，故不行。,手工逐组（门1–14 手写）,通則,,其餘位中。以阿彌陀善。與那謨惡相為對治。二俱無力。所以並不行也。,《選佛譜》卷第一・見取・L57,見取
2273,第8门,增上定學門,卷4,九次第定,那陀,那,见烦恼,陀,定善,不行·安住本位,,,安住,,「那」表见烦恼、「陀」表定善。修无漏观必舍欲缠，故不行。,手工逐组（门1–14 手写）,通則,,其餘位中。以阿彌陀善。與那謨惡相為對治。二俱無力。所以並不行也。,《選佛譜》卷第一・見取・L57,見取
2274,第8门,增上定學門,卷4,九次第定,那佛,那,见烦恼,佛,无漏善慧,行,七已辦地,第11门,升,,「那」表见烦恼、「佛」表无漏善慧。别惑虽存，已觉即空，故成七已办地。,手工逐组（门1–14 手写）,直說,那佛謨佛亦同者。別惑雖存。已覺即空故。,那佛謨佛亦同者。別惑雖存。已覺即空故。,《選佛譜》卷第四・九次第定・L53,九次第定
2275,第8门,增上定學門,卷4,九次第定,謨謨,謨,爱烦恼,謨,爱烦恼,行,鈍根阿那含,第5门,升,,「謨謨」二字俱表爱烦恼。未得漏尽，故生四空天，为钝根阿那含。,手工逐组（门1–14 手写）,直說,謨謨鈍根那含者。未得漏盡故。,謨謨鈍根那含者。未得漏盡故。,《選佛譜》卷第四・九次第定・L53,九次第定
2276,第8门,增上定學門,卷4,九次第定,謨阿,謨,爱烦恼,阿,施善,不行·安住本位,,,安住,,「謨」表爱烦恼、「阿」表施善。修无漏观必舍欲缠，故不行。,手工逐组（门1–14 手写）,通則,,其餘位中。以阿彌陀善。與那謨惡相為對治。二俱無力。所以並不行也。,《選佛譜》卷第一・見取・L57,見取
2277,第8门,增上定學門,卷4,九次第定,謨彌,謨,爱烦恼,彌,戒善,不行·安住本位,,,安住,,「謨」表爱烦恼、「彌」表戒善。修无漏观必舍欲缠，故不行。,手工逐组（门1–14 手写）,通則,,其餘位中。以阿彌陀善。與那謨惡相為對治。二俱無力。所以並不行也。,《選佛譜》卷第一・見取・L57,見取
2278,第8门,增上定學門,卷4,九次第定,謨陀,謨,爱烦恼,陀,定善,不行·安住本位,,,安住,,「謨」表爱烦恼、「陀」表定善。修无漏观必舍欲缠，故不行。,手工逐组（门1–14 手写）,通則,,其餘位中。以阿彌陀善。與那謨惡相為對治。二俱無力。所以並不行也。,《選佛譜》卷第一・見取・L57,見取
2279,第8门,增上定學門,卷4,九次第定,謨佛,謨,爱烦恼,佛,无漏善慧,行,八辟支佛地,第11门,升,,「謨」表爱烦恼、「佛」表无漏善慧。别惑虽存，已觉即空，故入八辟支佛地。,手工逐组（门1–14 手写）,直說,那佛謨佛亦同者。別惑雖存。已覺即空故。,那佛謨佛亦同者。別惑雖存。已覺即空故。,《選佛譜》卷第四・九次第定・L53,九次第定
2280,第8门,增上定學門,卷4,九次第定,阿阿,阿,施善,阿,施善,行,師子奮迅三昧,第8门,升,,「阿阿」二字俱表施善。炼禅既成，转入熏禅，故入师子奋迅三昧。,手工逐组（门1–14 手写）,承注,,阿阿十六特勝等者。隨次第門漸增進故。,《選佛譜》卷第四・六妙門禪・L17,六妙門禪
2281,第8门,增上定學門,卷4,九次第定,阿彌,阿,施善,彌,戒善,行,超越三昧,第8门,升,,「阿」表施善、「彌」表戒善。炼禅既成，转入修禅，故入超越三昧。,手工逐组（门1–14 手写）,承注,,阿阿十六特勝等者。隨次第門漸增進故。,《選佛譜》卷第四・六妙門禪・L17,六妙門禪
2282,第8门,增上定學門,卷4,九次第定,阿陀,阿,施善,陀,定善,行,四果阿羅漢,第10门,升,,「阿」表施善、「陀」表定善。无漏功极，故成四果阿罗汉。,手工逐组（门1–14 手写）,直說,彌彌阿陀皆四果者。無漏功極故。,彌彌阿陀皆四果者。無漏功極故。,《選佛譜》卷第四・九次第定・L53,九次第定
2283,第8门,增上定學門,卷4,九次第定,阿佛,阿,施善,佛,无漏善慧,行,十灌頂住,第12门,升,,「阿」表施善、「佛」表无漏善慧。定观均等而无漏功极，即摩诃衍，故为十灌顶住。,手工逐组（门1–14 手写）,承注,,阿佛已辦地者。法執既輕。應速迴心故。,《選佛譜》卷第四・八背捨觀・L41,八背捨觀
2284,第8门,增上定學門,卷4,九次第定,彌彌,彌,戒善,彌,戒善,行,四果阿羅漢,第10门,升,,「彌彌」二字俱表戒善。无漏功极，故成四果阿罗汉。,手工逐组（门1–14 手写）,直說,彌彌阿陀皆四果者。無漏功極故。,彌彌阿陀皆四果者。無漏功極故。,《選佛譜》卷第四・九次第定・L53,九次第定
2285,第8门,增上定學門,卷4,九次第定,彌陀,彌,戒善,陀,定善,行,七已辦地,第11门,升,,「彌」表戒善、「陀」表定善。妙定力深，不滞偏真，故成七已办地。,手工逐组（门1–14 手写）,直說,彌陀已辦地。陀陀支佛地者。妙定力深。不滯偏真故。,彌陀已辦地。陀陀支佛地者。妙定力深。不滯偏真故。,《選佛譜》卷第四・九次第定・L53,九次第定
2286,第8门,增上定學門,卷4,九次第定,彌佛,彌,戒善,佛,无漏善慧,行,圓十信位,第13门,升,,「彌」表戒善、「佛」表无漏善慧。妙定力深而发大乘相似无漏慧，故入圆十信位。,手工逐组（门1–14 手写）,承注,,彌佛辟支佛地者。功行稍進。能侵習氣故。,《選佛譜》卷第四・八背捨觀・L41,八背捨觀
2287,第8门,增上定學門,卷4,九次第定,陀陀,陀,定善,陀,定善,行,八辟支佛地,第11门,升,,「陀陀」二字俱表定善。妙定力深，不滞偏真，故入八辟支佛地。,手工逐组（门1–14 手写）,直說,彌陀已辦地。陀陀支佛地者。妙定力深。不滯偏真故。,彌陀已辦地。陀陀支佛地者。妙定力深。不滯偏真故。,《選佛譜》卷第四・九次第定・L53,九次第定
2288,第8门,增上定學門,卷4,九次第定,陀佛,陀,定善,佛,无漏善慧,行,王三昧,第8门,升,,「陀」表定善、「佛」表无漏善慧。定深智利，进入无碍，故入王三昧。,手工逐组（门1–14 手写）,承注,,陀佛八住者。即摩訶衍故。,《選佛譜》卷第四・八背捨觀・L41,八背捨觀
2289,第8门,增上定學門,卷4,九次第定,佛佛,佛,无漏善慧,佛,无漏善慧,行,圓十住位,第13门,升,,「佛佛」二字俱表无漏善慧。证禅实相，故入圆十住位。,手工逐组（门1–14 手写）,直說,佛佛圓住者。證禪實相故。,佛佛圓住者。證禪實相故。,《選佛譜》卷第四・九次第定・L53,九次第定
2290,第8门,增上定學門,卷4,師子奮迅三昧,那那,那,见烦恼,那,见烦恼,不行·安住本位,,,安住,,「那那」二字俱表见烦恼。修无漏观必舍欲缠，此唯利根声闻能修，故不行。,手工逐组（门1–14 手写）,承注,,那那等三不行者。修無漏觀。必捨欲纏故。,《選佛譜》卷第四・九想觀・L29,九想觀
2291,第8门,增上定學門,卷4,師子奮迅三昧,那謨,那,见烦恼,謨,爱烦恼,不行·安住本位,,,安住,,「那」表见烦恼、「謨」表爱烦恼。修无漏观必舍欲缠，此唯利根声闻能修，故不行。,手工逐组（门1–14 手写）,承注,,那那等三不行者。修無漏觀。必捨欲纏故。,《選佛譜》卷第四・九想觀・L29,九想觀
2292,第8门,增上定學門,卷4,師子奮迅三昧,那阿,那,见烦恼,阿,施善,不行·安住本位,,,安住,,「那」表见烦恼、「阿」表施善。修无漏观必舍欲缠，故不行。,手工逐组（门1–14 手写）,通則,,其餘位中。以阿彌陀善。與那謨惡相為對治。二俱無力。所以並不行也。,《選佛譜》卷第一・見取・L57,見取
2293,第8门,增上定學門,卷4,師子奮迅三昧,那彌,那,见烦恼,彌,戒善,不行·安住本位,,,安住,,「那」表见烦恼、「彌」表戒善。修无漏观必舍欲缠，故不行。,手工逐组（门1–14 手写）,通則,,其餘位中。以阿彌陀善。與那謨惡相為對治。二俱無力。所以並不行也。,《選佛譜》卷第一・見取・L57,見取
2294,第8门,增上定學門,卷4,師子奮迅三昧,那陀,那,见烦恼,陀,定善,不行·安住本位,,,安住,,「那」表见烦恼、「陀」表定善。修无漏观必舍欲缠，故不行。,手工逐组（门1–14 手写）,通則,,其餘位中。以阿彌陀善。與那謨惡相為對治。二俱無力。所以並不行也。,《選佛譜》卷第一・見取・L57,見取
2295,第8门,增上定學門,卷4,師子奮迅三昧,那佛,那,见烦恼,佛,无漏善慧,行,九法王子住,第12门,升,,「那」表见烦恼、「佛」表无漏善慧。此唯利根声闻能修，不复堕定性果位，故为九法王子住。,手工逐组（门1–14 手写）,直說,,此唯利根聲聞。乃能修之。故不復墮定性果位。,《選佛譜》卷第四・師子奮迅三昧・L57,師子奮迅三昧
2296,第8门,增上定學門,卷4,師子奮迅三昧,謨謨,謨,爱烦恼,謨,爱烦恼,不行·安住本位,,,安住,,「謨謨」二字俱表爱烦恼。修无漏观必舍欲缠，不复堕定性果位，故不行。,手工逐组（门1–14 手写）,直說,,此唯利根聲聞。乃能修之。故不復墮定性果位。,《選佛譜》卷第四・師子奮迅三昧・L57,師子奮迅三昧
2297,第8门,增上定學門,卷4,師子奮迅三昧,謨阿,謨,爱烦恼,阿,施善,不行·安住本位,,,安住,,「謨」表爱烦恼、「阿」表施善。修无漏观必舍欲缠，故不行。,手工逐组（门1–14 手写）,通則,,其餘位中。以阿彌陀善。與那謨惡相為對治。二俱無力。所以並不行也。,《選佛譜》卷第一・見取・L57,見取
2298,第8门,增上定學門,卷4,師子奮迅三昧,謨彌,謨,爱烦恼,彌,戒善,不行·安住本位,,,安住,,「謨」表爱烦恼、「彌」表戒善。修无漏观必舍欲缠，故不行。,手工逐组（门1–14 手写）,通則,,其餘位中。以阿彌陀善。與那謨惡相為對治。二俱無力。所以並不行也。,《選佛譜》卷第一・見取・L57,見取
2299,第8门,增上定學門,卷4,師子奮迅三昧,謨陀,謨,爱烦恼,陀,定善,不行·安住本位,,,安住,,「謨」表爱烦恼、「陀」表定善。修无漏观必舍欲缠，故不行。,手工逐组（门1–14 手写）,通則,,其餘位中。以阿彌陀善。與那謨惡相為對治。二俱無力。所以並不行也。,《選佛譜》卷第一・見取・L57,見取
2300,第8门,增上定學門,卷4,師子奮迅三昧,謨佛,謨,爱烦恼,佛,无漏善慧,行,十灌頂住,第12门,升,,「謨」表爱烦恼、「佛」表无漏善慧。此唯利根声闻能修，不复堕定性果位，故为十灌顶住。,手工逐组（门1–14 手写）,直說,,此唯利根聲聞。乃能修之。故不復墮定性果位。,《選佛譜》卷第四・師子奮迅三昧・L57,師子奮迅三昧
2301,第8门,增上定學門,卷4,師子奮迅三昧,阿阿,阿,施善,阿,施善,行,超越三昧,第8门,升,,「阿阿」二字俱表施善。熏禅既成，转入修禅，故入超越三昧。,手工逐组（门1–14 手写）,承注,,阿阿十六特勝等者。隨次第門漸增進故。,《選佛譜》卷第四・六妙門禪・L17,六妙門禪
2302,第8门,增上定學門,卷4,師子奮迅三昧,阿彌,阿,施善,彌,戒善,行,七已辦地,第11门,升,,「阿」表施善、「彌」表戒善。熏诸观定悉令通利，无漏功极，故成七已办地。,手工逐组（门1–14 手写）,承注,,阿阿十六特勝等者。隨次第門漸增進故。,《選佛譜》卷第四・六妙門禪・L17,六妙門禪
2303,第8门,增上定學門,卷4,師子奮迅三昧,阿陀,阿,施善,陀,定善,行,八童真住,第12门,升,,「阿」表施善、「陀」表定善。转变自在，即摩诃衍，故为八童真住。,手工逐组（门1–14 手写）,承注,,阿阿十六特勝等者。隨次第門漸增進故。,《選佛譜》卷第四・六妙門禪・L17,六妙門禪
2304,第8门,增上定學門,卷4,師子奮迅三昧,阿佛,阿,施善,佛,无漏善慧,行,十真實行,第12门,升,,「阿」表施善、「佛」表无漏善慧。出生种种功德，神智转胜，故为十真实行。,手工逐组（门1–14 手写）,直說,,此唯利根聲聞。乃能修之。故不復墮定性果位。,《選佛譜》卷第四・師子奮迅三昧・L57,師子奮迅三昧
2305,第8门,增上定學門,卷4,師子奮迅三昧,彌彌,彌,戒善,彌,戒善,行,八辟支佛地,第11门,升,,「彌彌」二字俱表戒善。神智转胜，能侵习气，故入八辟支佛地。,手工逐组（门1–14 手写）,承注,,阿阿十六特勝等者。隨次第門漸增進故。,《選佛譜》卷第四・六妙門禪・L17,六妙門禪
2306,第8门,增上定學門,卷4,師子奮迅三昧,彌陀,彌,戒善,陀,定善,行,九法王子住,第12门,升,,「彌」表戒善、「陀」表定善。转变自在，即摩诃衍，故为九法王子住。,手工逐组（门1–14 手写）,承注,,阿阿十六特勝等者。隨次第門漸增進故。,《選佛譜》卷第四・六妙門禪・L17,六妙門禪
2307,第8门,增上定學門,卷4,師子奮迅三昧,彌佛,彌,戒善,佛,无漏善慧,行,圓十信位,第13门,升,,「彌」表戒善、「佛」表无漏善慧。发大乘相似无漏慧，故入圆十信位。,手工逐组（门1–14 手写）,直說,,此唯利根聲聞。乃能修之。故不復墮定性果位。,《選佛譜》卷第四・師子奮迅三昧・L57,師子奮迅三昧
2308,第8门,增上定學門,卷4,師子奮迅三昧,陀陀,陀,定善,陀,定善,行,十灌頂住,第12门,升,,「陀陀」二字俱表定善。出生诸深三昧，即摩诃衍，故为十灌顶住。,手工逐组（门1–14 手写）,承注,,阿阿十六特勝等者。隨次第門漸增進故。,《選佛譜》卷第四・六妙門禪・L17,六妙門禪
2309,第8门,增上定學門,卷4,師子奮迅三昧,陀佛,陀,定善,佛,无漏善慧,行,王三昧,第8门,升,,「陀」表定善、「佛」表无漏善慧。覆却遍入一切诸禅，故入王三昧。,手工逐组（门1–14 手写）,直說,,此唯利根聲聞。乃能修之。故不復墮定性果位。,《選佛譜》卷第四・師子奮迅三昧・L57,師子奮迅三昧
2310,第8门,增上定學門,卷4,師子奮迅三昧,佛佛,佛,无漏善慧,佛,无漏善慧,行,圓十住位,第13门,升,,「佛佛」二字俱表无漏善慧。证禅实相，故入圆十住位。,手工逐组（门1–14 手写）,直說,,此唯利根聲聞。乃能修之。故不復墮定性果位。,《選佛譜》卷第四・師子奮迅三昧・L57,師子奮迅三昧
2311,第8门,增上定學門,卷4,超越三昧,那那,那,见烦恼,那,见烦恼,不行·安住本位,,,安住,,「那那」二字俱表见烦恼。修无漏观必舍欲缠，故不行。,手工逐组（门1–14 手写）,承注,,那那等三不行者。修無漏觀。必捨欲纏故。,《選佛譜》卷第四・九想觀・L29,九想觀
2312,第8门,增上定學門,卷4,超越三昧,那謨,那,见烦恼,謨,爱烦恼,不行·安住本位,,,安住,,「那」表见烦恼、「謨」表爱烦恼。修无漏观必舍欲缠，故不行。,手工逐组（门1–14 手写）,承注,,那那等三不行者。修無漏觀。必捨欲纏故。,《選佛譜》卷第四・九想觀・L29,九想觀
2313,第8门,增上定學門,卷4,超越三昧,那阿,那,见烦恼,阿,施善,不行·安住本位,,,安住,,「那」表见烦恼、「阿」表施善。修无漏观必舍欲缠，故不行。,手工逐组（门1–14 手写）,通則,,其餘位中。以阿彌陀善。與那謨惡相為對治。二俱無力。所以並不行也。,《選佛譜》卷第一・見取・L57,見取
2314,第8门,增上定學門,卷4,超越三昧,那彌,那,见烦恼,彌,戒善,不行·安住本位,,,安住,,「那」表见烦恼、「彌」表戒善。修无漏观必舍欲缠，故不行。,手工逐组（门1–14 手写）,通則,,其餘位中。以阿彌陀善。與那謨惡相為對治。二俱無力。所以並不行也。,《選佛譜》卷第一・見取・L57,見取
2315,第8门,增上定學門,卷4,超越三昧,那陀,那,见烦恼,陀,定善,不行·安住本位,,,安住,,「那」表见烦恼、「陀」表定善。修无漏观必舍欲缠，故不行。,手工逐组（门1–14 手写）,通則,,其餘位中。以阿彌陀善。與那謨惡相為對治。二俱無力。所以並不行也。,《選佛譜》卷第一・見取・L57,見取
2316,第8门,增上定學門,卷4,超越三昧,那佛,那,见烦恼,佛,无漏善慧,行,十灌頂住,第12门,升,,「那」表见烦恼、「佛」表无漏善慧。具足超越即是菩萨，不复堕定性果位，故为十灌顶住。,手工逐组（门1–14 手写）,承注,,此唯利根聲聞。乃能修之。故不復墮定性果位。,《選佛譜》卷第四・師子奮迅三昧・L57,師子奮迅三昧
2317,第8门,增上定學門,卷4,超越三昧,謨謨,謨,爱烦恼,謨,爱烦恼,不行·安住本位,,,安住,,「謨謨」二字俱表爱烦恼。修无漏观必舍欲缠，故不行。,手工逐组（门1–14 手写）,承注,,此唯利根聲聞。乃能修之。故不復墮定性果位。,《選佛譜》卷第四・師子奮迅三昧・L57,師子奮迅三昧
2318,第8门,增上定學門,卷4,超越三昧,謨阿,謨,爱烦恼,阿,施善,不行·安住本位,,,安住,,「謨」表爱烦恼、「阿」表施善。修无漏观必舍欲缠，故不行。,手工逐组（门1–14 手写）,通則,,其餘位中。以阿彌陀善。與那謨惡相為對治。二俱無力。所以並不行也。,《選佛譜》卷第一・見取・L57,見取
2319,第8门,增上定學門,卷4,超越三昧,謨彌,謨,爱烦恼,彌,戒善,不行·安住本位,,,安住,,「謨」表爱烦恼、「彌」表戒善。修无漏观必舍欲缠，故不行。,手工逐组（门1–14 手写）,通則,,其餘位中。以阿彌陀善。與那謨惡相為對治。二俱無力。所以並不行也。,《選佛譜》卷第一・見取・L57,見取
2320,第8门,增上定學門,卷4,超越三昧,謨陀,謨,爱烦恼,陀,定善,不行·安住本位,,,安住,,「謨」表爱烦恼、「陀」表定善。修无漏观必舍欲缠，故不行。,手工逐组（门1–14 手写）,通則,,其餘位中。以阿彌陀善。與那謨惡相為對治。二俱無力。所以並不行也。,《選佛譜》卷第一・見取・L57,見取
2321,第8门,增上定學門,卷4,超越三昧,謨佛,謨,爱烦恼,佛,无漏善慧,行,初歡喜行,第12门,升,,「謨」表爱烦恼、「佛」表无漏善慧。具足超越即是菩萨，不复堕定性果位，故为初欢喜行。,手工逐组（门1–14 手写）,承注,,此唯利根聲聞。乃能修之。故不復墮定性果位。,《選佛譜》卷第四・師子奮迅三昧・L57,師子奮迅三昧
2322,第8门,增上定學門,卷4,超越三昧,阿阿,阿,施善,阿,施善,行,七已辦地,第11门,升,,「阿阿」二字俱表施善。不具足超即是声闻，无漏功极，故成七已办地。,手工逐组（门1–14 手写）,直說,,行者依師子奮迅三昧。逆順出入超越三昧。……具足超越。……即是菩薩。……不具足超。……即是聲聞。……若三乘行人入此三昧。具足修一切法門。是時觀定等法。轉深明利。更復出生百千三昧。功德深厚。神通猛利。故名修禪。,《選佛譜》卷第四・超越三昧・L61,超越三昧
2323,第8门,增上定學門,卷4,超越三昧,阿彌,阿,施善,彌,戒善,行,八辟支佛地,第11门,升,,「阿」表施善、「彌」表戒善。不具足超即是声闻，能侵习气，故入八辟支佛地。,手工逐组（门1–14 手写）,承注,,阿阿十六特勝等者。隨次第門漸增進故。,《選佛譜》卷第四・六妙門禪・L17,六妙門禪
2324,第8门,增上定學門,卷4,超越三昧,阿陀,阿,施善,陀,定善,行,九法王子住,第12门,升,,「阿」表施善、「陀」表定善。具足超越即是菩萨，故为九法王子住。,手工逐组（门1–14 手写）,承注,,阿阿十六特勝等者。隨次第門漸增進故。,《選佛譜》卷第四・六妙門禪・L17,六妙門禪
2325,第8门,增上定學門,卷4,超越三昧,阿佛,阿,施善,佛,无漏善慧,行,十法界無量迴向,第12门,升,,「阿」表施善、「佛」表无漏善慧。更出生百千三昧，功德深厚，故入十法界无量回向。,手工逐组（门1–14 手写）,承注,,此唯利根聲聞。乃能修之。故不復墮定性果位。,《選佛譜》卷第四・師子奮迅三昧・L57,師子奮迅三昧
2326,第8门,增上定學門,卷4,超越三昧,彌彌,彌,戒善,彌,戒善,行,九菩薩地,第11门,升,,「彌彌」二字俱表戒善。观定转深明利，能侵习气，故入九菩萨地。,手工逐组（门1–14 手写）,承注,,阿阿十六特勝等者。隨次第門漸增進故。,《選佛譜》卷第四・六妙門禪・L17,六妙門禪
2327,第8门,增上定學門,卷4,超越三昧,彌陀,彌,戒善,陀,定善,行,十灌頂住,第12门,升,,「彌」表戒善、「陀」表定善。具足超越即是菩萨，故为十灌顶住。,手工逐组（门1–14 手写）,承注,,阿阿十六特勝等者。隨次第門漸增進故。,《選佛譜》卷第四・六妙門禪・L17,六妙門禪
2328,第8门,增上定學門,卷4,超越三昧,彌佛,彌,戒善,佛,无漏善慧,行,圓十信位,第13门,升,,「彌」表戒善、「佛」表无漏善慧。发大乘相似无漏慧，故入圆十信位。,手工逐组（门1–14 手写）,承注,,此唯利根聲聞。乃能修之。故不復墮定性果位。,《選佛譜》卷第四・師子奮迅三昧・L57,師子奮迅三昧
2329,第8门,增上定學門,卷4,超越三昧,陀陀,陀,定善,陀,定善,行,初歡喜行,第12门,升,,「陀陀」二字俱表定善。观定转深明利而神通猛利，故为初欢喜行。,手工逐组（门1–14 手写）,承注,,阿阿十六特勝等者。隨次第門漸增進故。,《選佛譜》卷第四・六妙門禪・L17,六妙門禪
2330,第8门,增上定學門,卷4,超越三昧,陀佛,陀,定善,佛,无漏善慧,行,王三昧,第8门,升,,「陀」表定善、「佛」表无漏善慧。观定等法转深明利，故入王三昧。,手工逐组（门1–14 手写）,承注,,此唯利根聲聞。乃能修之。故不復墮定性果位。,《選佛譜》卷第四・師子奮迅三昧・L57,師子奮迅三昧
2331,第8门,增上定學門,卷4,超越三昧,佛佛,佛,无漏善慧,佛,无漏善慧,行,圓十住位,第13门,升,,「佛佛」二字俱表无漏善慧。证禅实相，故入圆十住位。,手工逐组（门1–14 手写）,承注,,此唯利根聲聞。乃能修之。故不復墮定性果位。,《選佛譜》卷第四・師子奮迅三昧・L57,師子奮迅三昧
2332,第8门,增上定學門,卷4,王三昧,那那,那,见烦恼,那,见烦恼,不行·安住本位,,,安住,,「那那」二字俱表见烦恼。此三昧能破二十五有，故不行。,手工逐组（门1–14 手写）,承注,,那那等三不行者。修無漏觀。必捨欲纏故。,《選佛譜》卷第四・九想觀・L29,九想觀
2333,第8门,增上定學門,卷4,王三昧,那謨,那,见烦恼,謨,爱烦恼,不行·安住本位,,,安住,,「那」表见烦恼、「謨」表爱烦恼。此三昧能破二十五有，故不行。,手工逐组（门1–14 手写）,承注,,那那等三不行者。修無漏觀。必捨欲纏故。,《選佛譜》卷第四・九想觀・L29,九想觀
2334,第8门,增上定學門,卷4,王三昧,那阿,那,见烦恼,阿,施善,不行·安住本位,,,安住,,「那」表见烦恼、「阿」表施善。此三昧与中道第一义谛相应，故不行。,手工逐组（门1–14 手写）,通則,,其餘位中。以阿彌陀善。與那謨惡相為對治。二俱無力。所以並不行也。,《選佛譜》卷第一・見取・L57,見取
2335,第8门,增上定學門,卷4,王三昧,那彌,那,见烦恼,彌,戒善,不行·安住本位,,,安住,,「那」表见烦恼、「彌」表戒善。此三昧与中道第一义谛相应，故不行。,手工逐组（门1–14 手写）,通則,,其餘位中。以阿彌陀善。與那謨惡相為對治。二俱無力。所以並不行也。,《選佛譜》卷第一・見取・L57,見取
2336,第8门,增上定學門,卷4,王三昧,那陀,那,见烦恼,陀,定善,不行·安住本位,,,安住,,「那」表见烦恼、「陀」表定善。此三昧与中道第一义谛相应，故不行。,手工逐组（门1–14 手写）,通則,,其餘位中。以阿彌陀善。與那謨惡相為對治。二俱無力。所以並不行也。,《選佛譜》卷第一・見取・L57,見取
2337,第8门,增上定學門,卷4,王三昧,那佛,那,见烦恼,佛,无漏善慧,行,上品上生,第14门,横超,,「那」表见烦恼、「佛」表无漏善慧。犹属凡位，故生同居上上，得上品上生。,手工逐组（门1–14 手写）,直說,那佛同居上上者。表猶屬凡位故。,那佛同居上上者。表猶屬凡位故。,《選佛譜》卷第四・王三昧・L65,王三昧
2338,第8门,增上定學門,卷4,王三昧,謨謨,謨,爱烦恼,謨,爱烦恼,不行·安住本位,,,安住,,「謨謨」二字俱表爱烦恼。此三昧能破二十五有，故不行。,手工逐组（门1–14 手写）,承注,,此唯利根聲聞。乃能修之。故不復墮定性果位。,《選佛譜》卷第四・師子奮迅三昧・L57,師子奮迅三昧
2339,第8门,增上定學門,卷4,王三昧,謨阿,謨,爱烦恼,阿,施善,不行·安住本位,,,安住,,「謨」表爱烦恼、「阿」表施善。此三昧与中道第一义谛相应，故不行。,手工逐组（门1–14 手写）,通則,,其餘位中。以阿彌陀善。與那謨惡相為對治。二俱無力。所以並不行也。,《選佛譜》卷第一・見取・L57,見取
2340,第8门,增上定學門,卷4,王三昧,謨彌,謨,爱烦恼,彌,戒善,不行·安住本位,,,安住,,「謨」表爱烦恼、「彌」表戒善。此三昧与中道第一义谛相应，故不行。,手工逐组（门1–14 手写）,通則,,其餘位中。以阿彌陀善。與那謨惡相為對治。二俱無力。所以並不行也。,《選佛譜》卷第一・見取・L57,見取
2341,第8门,增上定學門,卷4,王三昧,謨陀,謨,爱烦恼,陀,定善,不行·安住本位,,,安住,,「謨」表爱烦恼、「陀」表定善。此三昧与中道第一义谛相应，故不行。,手工逐组（门1–14 手写）,通則,,其餘位中。以阿彌陀善。與那謨惡相為對治。二俱無力。所以並不行也。,《選佛譜》卷第一・見取・L57,見取
2342,第8门,增上定學門,卷4,王三昧,謨佛,謨,爱烦恼,佛,无漏善慧,行,方便有餘淨土,第14门,横超,,「謨」表爱烦恼、「佛」表无漏善慧。法爱未忘，故生方便有余净土。,手工逐组（门1–14 手写）,直說,謨佛方便淨土者。表法愛未忘故。,謨佛方便淨土者。表法愛未忘故。,《選佛譜》卷第四・王三昧・L65,王三昧
2343,第8门,增上定學門,卷4,王三昧,阿阿,阿,施善,阿,施善,行,六現前地,第12门,升,,「阿阿」二字俱表施善。五难胜地禅波罗蜜最为增上，故进阶六现前地。,手工逐组（门1–14 手写）,直說,故阿阿等進階六地。乃至十地。,五難勝地。禪波羅密最為增上。故阿阿等進階六地。乃至十地。,《選佛譜》卷第四・王三昧・L65,王三昧
2344,第8门,增上定學門,卷4,王三昧,阿彌,阿,施善,彌,戒善,行,七遠行地,第12门,升,,「阿」表施善、「彌」表戒善。禅波罗蜜最为增上，故进阶七远行地。,手工逐组（门1–14 手写）,直說,故阿阿等進階六地。乃至十地。,五難勝地。禪波羅密最為增上。故阿阿等進階六地。乃至十地。,《選佛譜》卷第四・王三昧・L65,王三昧
2345,第8门,增上定學門,卷4,王三昧,阿陀,阿,施善,陀,定善,行,八不動地,第12门,升,,「阿」表施善、「陀」表定善。禅波罗蜜最为增上，故进阶八不动地。,手工逐组（门1–14 手写）,直說,故阿阿等進階六地。乃至十地。,五難勝地。禪波羅密最為增上。故阿阿等進階六地。乃至十地。,《選佛譜》卷第四・王三昧・L65,王三昧
2346,第8门,增上定學門,卷4,王三昧,阿佛,阿,施善,佛,无漏善慧,行,圓十住位,第13门,升,,「阿」表施善、「佛」表无漏善慧。悟一切法不生，故入圆十住位。,手工逐组（门1–14 手写）,直說,阿佛圓十住位者。悟一切法不生故。,阿佛圓十住位者。悟一切法不生故。,《選佛譜》卷第四・王三昧・L65,王三昧
2347,第8门,增上定學門,卷4,王三昧,彌彌,彌,戒善,彌,戒善,行,八不動地,第12门,升,,「彌彌」二字俱表戒善。禅波罗蜜最为增上，故进阶八不动地。,手工逐组（门1–14 手写）,直說,故阿阿等進階六地。乃至十地。,五難勝地。禪波羅密最為增上。故阿阿等進階六地。乃至十地。,《選佛譜》卷第四・王三昧・L65,王三昧
2348,第8门,增上定學門,卷4,王三昧,彌陀,彌,戒善,陀,定善,行,九善慧地,第12门,升,,「彌」表戒善、「陀」表定善。禅波罗蜜最为增上，故进阶九善慧地。,手工逐组（门1–14 手写）,直說,故阿阿等進階六地。乃至十地。,五難勝地。禪波羅密最為增上。故阿阿等進階六地。乃至十地。,《選佛譜》卷第四・王三昧・L65,王三昧
2349,第8门,增上定學門,卷4,王三昧,彌佛,彌,戒善,佛,无漏善慧,行,圓十行位,第13门,升,,「彌」表戒善、「佛」表无漏善慧。具足无边佛行，故入圆十行位。,手工逐组（门1–14 手写）,直說,彌佛圓十行位者。具足無邊佛行故。,彌佛圓十行位者。具足無邊佛行故。,《選佛譜》卷第四・王三昧・L65,王三昧
2350,第8门,增上定學門,卷4,王三昧,陀陀,陀,定善,陀,定善,行,十法雲地,第12门,升,,「陀陀」二字俱表定善。禅波罗蜜最为增上，故进阶十法云地。,手工逐组（门1–14 手写）,直說,故阿阿等進階六地。乃至十地。,五難勝地。禪波羅密最為增上。故阿阿等進階六地。乃至十地。,《選佛譜》卷第四・王三昧・L65,王三昧
2351,第8门,增上定學門,卷4,王三昧,陀佛,陀,定善,佛,无漏善慧,行,實報莊嚴淨土,第14门,横超,,「陀」表定善、「佛」表无漏善慧。功德智慧所庄严，故生实报庄严净土。,手工逐组（门1–14 手写）,直說,陀佛實報淨土者。功德智慧所莊嚴故。,陀佛實報淨土者。功德智慧所莊嚴故。,《選佛譜》卷第四・王三昧・L65,王三昧
2352,第8门,增上定學門,卷4,王三昧,佛佛,佛,无漏善慧,佛,无漏善慧,行,常寂光淨土,第14门,横超,,「佛佛」二字俱表无漏善慧。性修融彻无二体，故生常寂光净土。,手工逐组（门1–14 手写）,直說,佛佛寂光淨土者。性修融徹無二體故。,佛佛寂光淨土者。性修融徹無二體故。,《選佛譜》卷第四・王三昧・L65,王三昧
2353,第9门,增上慧學門,卷5,發聲聞心,那那,那,见烦恼,那,见烦恼,行,五停心,第10门,升,,「那那」二字俱表见烦恼。见思重故须修五停，故入五停心。,手工逐组（门1–14 手写）,直說,那那等三。見思重故。須修五停。,那那等三。見思重故。須修五停。,《選佛譜》卷第五・發聲聞心・L17,發聲聞心
2354,第9门,增上慧學門,卷5,發聲聞心,那謨,那,见烦恼,謨,爱烦恼,行,五停心,第10门,升,,「那」表见烦恼、「謨」表爱烦恼。见思重故须修五停，故入五停心。,手工逐组（门1–14 手写）,直說,那那等三。見思重故。須修五停。,那那等三。見思重故。須修五停。,《選佛譜》卷第五・發聲聞心・L17,發聲聞心
2355,第9门,增上慧學門,卷5,發聲聞心,那阿,那,见烦恼,阿,施善,不行·安住本位,,,安住,,「那」表见烦恼、「阿」表施善。相为对治，二俱无力，故不行。,手工逐组（门1–14 手写）,通則,,其餘位中。以阿彌陀善。與那謨惡相為對治。二俱無力。所以並不行也。,《選佛譜》卷第一・見取・L57,見取
2356,第9门,增上慧學門,卷5,發聲聞心,那彌,那,见烦恼,彌,戒善,不行·安住本位,,,安住,,「那」表见烦恼、「彌」表戒善。相为对治，二俱无力，故不行。,手工逐组（门1–14 手写）,通則,,其餘位中。以阿彌陀善。與那謨惡相為對治。二俱無力。所以並不行也。,《選佛譜》卷第一・見取・L57,見取
2357,第9门,增上慧學門,卷5,發聲聞心,那陀,那,见烦恼,陀,定善,不行·安住本位,,,安住,,「那」表见烦恼、「陀」表定善。相为对治，二俱无力，故不行。,手工逐组（门1–14 手写）,通則,,其餘位中。以阿彌陀善。與那謨惡相為對治。二俱無力。所以並不行也。,《選佛譜》卷第一・見取・L57,見取
2358,第9门,增上慧學門,卷5,發聲聞心,那佛,那,见烦恼,佛,无漏善慧,行,世第一位,第10门,升,,「那」表见烦恼、「佛」表无漏善慧。五力增长，虽是有漏能通无漏，故入世第一位。,手工逐组（门1–14 手写）,直說,那佛則五力增長。雖是有漏。能通無漏。故為世第一位。,那佛則五力增長。雖是有漏。能通無漏。故為世第一位。,《選佛譜》卷第五・發聲聞心・L17,發聲聞心
2359,第9门,增上慧學門,卷5,發聲聞心,謨謨,謨,爱烦恼,謨,爱烦恼,行,五停心,第10门,升,,「謨謨」二字俱表爱烦恼。见思重故须修五停，故入五停心。,手工逐组（门1–14 手写）,直說,那那等三。見思重故。須修五停。,那那等三。見思重故。須修五停。,《選佛譜》卷第五・發聲聞心・L17,發聲聞心
2360,第9门,增上慧學門,卷5,發聲聞心,謨阿,謨,爱烦恼,阿,施善,不行·安住本位,,,安住,,「謨」表爱烦恼、「阿」表施善。相为对治，二俱无力，故不行。,手工逐组（门1–14 手写）,通則,,其餘位中。以阿彌陀善。與那謨惡相為對治。二俱無力。所以並不行也。,《選佛譜》卷第一・見取・L57,見取
2361,第9门,增上慧學門,卷5,發聲聞心,謨彌,謨,爱烦恼,彌,戒善,不行·安住本位,,,安住,,「謨」表爱烦恼、「彌」表戒善。相为对治，二俱无力，故不行。,手工逐组（门1–14 手写）,通則,,其餘位中。以阿彌陀善。與那謨惡相為對治。二俱無力。所以並不行也。,《選佛譜》卷第一・見取・L57,見取
2362,第9门,增上慧學門,卷5,發聲聞心,謨陀,謨,爱烦恼,陀,定善,不行·安住本位,,,安住,,「謨」表爱烦恼、「陀」表定善。相为对治，二俱无力，故不行。,手工逐组（门1–14 手写）,通則,,其餘位中。以阿彌陀善。與那謨惡相為對治。二俱無力。所以並不行也。,《選佛譜》卷第一・見取・L57,見取
2363,第9门,增上慧學門,卷5,發聲聞心,謨佛,謨,爱烦恼,佛,无漏善慧,行,初果須陀洹,第10门,升,,「謨」表爱烦恼、「佛」表无漏善慧。断见存思，故成初果须陀洹。,手工逐组（门1–14 手写）,直說,謨佛則斷見存思。故為初果。,謨佛則斷見存思。故為初果。,《選佛譜》卷第五・發聲聞心・L17,發聲聞心
2364,第9门,增上慧學門,卷5,發聲聞心,阿阿,阿,施善,阿,施善,行,別相念,第10门,升,,「阿阿」二字俱表施善。此掷稍能伏惑，故入别相念。,手工逐组（门1–14 手写）,直說,阿阿則稍能伏惑。為別相念。,阿阿則稍能伏惑。為別相念。,《選佛譜》卷第五・發聲聞心・L17,發聲聞心
2365,第9门,增上慧學門,卷5,發聲聞心,阿彌,阿,施善,彌,戒善,行,總相念,第10门,升,,「阿」表施善、「彌」表戒善。功行渐加，故入总相念。,手工逐组（门1–14 手写）,直說,阿彌則功行漸加。為總相念。,阿彌則功行漸加。為總相念。,《選佛譜》卷第五・發聲聞心・L17,發聲聞心
2366,第9门,增上慧學門,卷5,發聲聞心,阿陀,阿,施善,陀,定善,行,煖位,第10门,升,,「阿」表施善、「陀」表定善。已得正勤，故入煖位。,手工逐组（门1–14 手写）,直說,彌彌。阿陀。則已得正勤。故為煖位。,彌彌。阿陀。則已得正勤。故為煖位。,《選佛譜》卷第五・發聲聞心・L17,發聲聞心
2367,第9门,增上慧學門,卷5,發聲聞心,阿佛,阿,施善,佛,无漏善慧,行,二果斯陀含,第10门,升,,「阿」表施善、「佛」表无漏善慧。渐舍欲习，故成二果斯陀含。,手工逐组（门1–14 手写）,直說,阿佛則漸捨欲習。故為二果。,阿佛則漸捨欲習。故為二果。,《選佛譜》卷第五・發聲聞心・L17,發聲聞心
2368,第9门,增上慧學門,卷5,發聲聞心,彌彌,彌,戒善,彌,戒善,行,煖位,第10门,升,,「彌彌」二字俱表戒善。已得正勤，故入煖位。,手工逐组（门1–14 手写）,直說,彌彌。阿陀。則已得正勤。故為煖位。,彌彌。阿陀。則已得正勤。故為煖位。,《選佛譜》卷第五・發聲聞心・L17,發聲聞心
2369,第9门,增上慧學門,卷5,發聲聞心,彌陀,彌,戒善,陀,定善,行,頂位,第10门,升,,「彌」表戒善、「陀」表定善。修如意足，故入顶位。,手工逐组（门1–14 手写）,直說,彌陀則修如意足。故為頂位。,彌陀則修如意足。故為頂位。,《選佛譜》卷第五・發聲聞心・L17,發聲聞心
2370,第9门,增上慧學門,卷5,發聲聞心,彌佛,彌,戒善,佛,无漏善慧,行,三果阿那含,第10门,升,,「彌」表戒善、「佛」表无漏善慧。离欲纯善，故成三果阿那含。,手工逐组（门1–14 手写）,直說,彌佛則離欲純善。故為三果。,彌佛則離欲純善。故為三果。,《選佛譜》卷第五・發聲聞心・L17,發聲聞心
2371,第9门,增上慧學門,卷5,發聲聞心,陀陀,陀,定善,陀,定善,行,忍位,第10门,升,,「陀陀」二字俱表定善。五善根生，故入忍位。,手工逐组（门1–14 手写）,直說,陀陀則五善根生。故為忍位。,陀陀則五善根生。故為忍位。,《選佛譜》卷第五・發聲聞心・L17,發聲聞心
2372,第9门,增上慧學門,卷5,發聲聞心,陀佛,陀,定善,佛,无漏善慧,行,四果阿羅漢,第10门,升,,「陀」表定善、「佛」表无漏善慧。定慧具足，故成四果阿罗汉。,手工逐组（门1–14 手写）,直說,陀佛則定慧具足。故為四果。,陀佛則定慧具足。故為四果。,《選佛譜》卷第五・發聲聞心・L17,發聲聞心
2373,第9门,增上慧學門,卷5,發聲聞心,佛佛,佛,无漏善慧,佛,无漏善慧,行,中品上生,第14门,横超,,「佛佛」二字俱表无漏善慧。回向大乘，蒙佛接引，故得中品上生。,手工逐组（门1–14 手写）,直說,佛佛則迴向大乘。蒙佛接引。故准十六觀經。當得中品上生也。,佛佛則迴向大乘。蒙佛接引。故准十六觀經。當得中品上生也。,《選佛譜》卷第五・發聲聞心・L17,發聲聞心
2374,第9门,增上慧學門,卷5,發辟支佛心,那那,那,见烦恼,那,见烦恼,不行·安住本位,,,安住,,「那那」二字俱表见烦恼。此人根性稍利，乐独善寂不起烦恼，故不行。,手工逐组（门1–14 手写）,直說,由其根利。不起煩惱。亦不立分證果。,由其根利。不起煩惱。亦不立分證果。,《選佛譜》卷第五・發辟支佛心・L21,發辟支佛心
2375,第9门,增上慧學門,卷5,發辟支佛心,那謨,那,见烦恼,謨,爱烦恼,不行·安住本位,,,安住,,「那」表见烦恼、「謨」表爱烦恼。此人根性稍利，乐独善寂不起烦恼，故不行。,手工逐组（门1–14 手写）,直說,由其根利。不起煩惱。亦不立分證果。,由其根利。不起煩惱。亦不立分證果。,《選佛譜》卷第五・發辟支佛心・L21,發辟支佛心
2376,第9门,增上慧學門,卷5,發辟支佛心,那阿,那,见烦恼,阿,施善,不行·安住本位,,,安住,,「那」表见烦恼、「阿」表施善。乐独善寂不起烦恼，故不行。,手工逐组（门1–14 手写）,通則,由其根利。不起煩惱。亦不立分證果。,其餘位中。以阿彌陀善。與那謨惡相為對治。二俱無力。所以並不行也。,《選佛譜》卷第一・見取・L57,見取
2377,第9门,增上慧學門,卷5,發辟支佛心,那彌,那,见烦恼,彌,戒善,不行·安住本位,,,安住,,「那」表见烦恼、「彌」表戒善。乐独善寂不起烦恼，故不行。,手工逐组（门1–14 手写）,通則,由其根利。不起煩惱。亦不立分證果。,其餘位中。以阿彌陀善。與那謨惡相為對治。二俱無力。所以並不行也。,《選佛譜》卷第一・見取・L57,見取
2378,第9门,增上慧學門,卷5,發辟支佛心,那陀,那,见烦恼,陀,定善,不行·安住本位,,,安住,,「那」表见烦恼、「陀」表定善。乐独善寂不起烦恼，故不行。,手工逐组（门1–14 手写）,通則,由其根利。不起煩惱。亦不立分證果。,其餘位中。以阿彌陀善。與那謨惡相為對治。二俱無力。所以並不行也。,《選佛譜》卷第一・見取・L57,見取
2379,第9门,增上慧學門,卷5,發辟支佛心,那佛,那,见烦恼,佛,无漏善慧,不行·安住本位,,,安住,,「那」表见烦恼、「佛」表无漏善慧。此人细观集谛而不立分证果，故不行。,手工逐组（门1–14 手写）,直說,由其根利。不起煩惱。亦不立分證果。,由其根利。不起煩惱。亦不立分證果。,《選佛譜》卷第五・發辟支佛心・L21,發辟支佛心
2380,第9门,增上慧學門,卷5,發辟支佛心,謨謨,謨,爱烦恼,謨,爱烦恼,不行·安住本位,,,安住,,「謨謨」二字俱表爱烦恼。此人根性稍利，乐独善寂不起烦恼，故不行。,手工逐组（门1–14 手写）,直說,由其根利。不起煩惱。亦不立分證果。,由其根利。不起煩惱。亦不立分證果。,《選佛譜》卷第五・發辟支佛心・L21,發辟支佛心
2381,第9门,增上慧學門,卷5,發辟支佛心,謨阿,謨,爱烦恼,阿,施善,不行·安住本位,,,安住,,「謨」表爱烦恼、「阿」表施善。乐独善寂不起烦恼，故不行。,手工逐组（门1–14 手写）,通則,由其根利。不起煩惱。亦不立分證果。,其餘位中。以阿彌陀善。與那謨惡相為對治。二俱無力。所以並不行也。,《選佛譜》卷第一・見取・L57,見取
2382,第9门,增上慧學門,卷5,發辟支佛心,謨彌,謨,爱烦恼,彌,戒善,不行·安住本位,,,安住,,「謨」表爱烦恼、「彌」表戒善。乐独善寂不起烦恼，故不行。,手工逐组（门1–14 手写）,通則,由其根利。不起煩惱。亦不立分證果。,其餘位中。以阿彌陀善。與那謨惡相為對治。二俱無力。所以並不行也。,《選佛譜》卷第一・見取・L57,見取
2383,第9门,增上慧學門,卷5,發辟支佛心,謨陀,謨,爱烦恼,陀,定善,不行·安住本位,,,安住,,「謨」表爱烦恼、「陀」表定善。乐独善寂不起烦恼，故不行。,手工逐组（门1–14 手写）,通則,由其根利。不起煩惱。亦不立分證果。,其餘位中。以阿彌陀善。與那謨惡相為對治。二俱無力。所以並不行也。,《選佛譜》卷第一・見取・L57,見取
2384,第9门,增上慧學門,卷5,發辟支佛心,謨佛,謨,爱烦恼,佛,无漏善慧,不行·安住本位,,,安住,,「謨」表爱烦恼、「佛」表无漏善慧。此人细观集谛而不立分证果，故不行。,手工逐组（门1–14 手写）,直說,由其根利。不起煩惱。亦不立分證果。,由其根利。不起煩惱。亦不立分證果。,《選佛譜》卷第五・發辟支佛心・L21,發辟支佛心
2385,第9门,增上慧學門,卷5,發辟支佛心,阿阿,阿,施善,阿,施善,不行·安住本位,,,安住,,「阿阿」二字俱表施善。由其根利，不待多闻，亦不立分证果，故不行。,手工逐组（门1–14 手写）,直說,由其根利。不起煩惱。亦不立分證果。,由其根利。不起煩惱。亦不立分證果。,《選佛譜》卷第五・發辟支佛心・L21,發辟支佛心
2386,第9门,增上慧學門,卷5,發辟支佛心,阿彌,阿,施善,彌,戒善,不行·安住本位,,,安住,,「阿」表施善、「彌」表戒善。由其根利，不待多闻，亦不立分证果，故不行。,手工逐组（门1–14 手写）,直說,由其根利。不起煩惱。亦不立分證果。,由其根利。不起煩惱。亦不立分證果。,《選佛譜》卷第五・發辟支佛心・L21,發辟支佛心
2387,第9门,增上慧學門,卷5,發辟支佛心,阿陀,阿,施善,陀,定善,不行·安住本位,,,安住,,「阿」表施善、「陀」表定善。由其根利，不立分证果，故不行。,手工逐组（门1–14 手写）,直說,由其根利。不起煩惱。亦不立分證果。,由其根利。不起煩惱。亦不立分證果。,《選佛譜》卷第五・發辟支佛心・L21,發辟支佛心
2388,第9门,增上慧學門,卷5,發辟支佛心,阿佛,阿,施善,佛,无漏善慧,行,中乘辟支佛果,第10门,升,,「阿」表施善、「佛」表无漏善慧。顿悟缘起生灭、无我我所，故成定性中乘辟支佛果。,手工逐组（门1–14 手写）,直說,故阿佛。則頓悟緣起生滅。無我我所。成定性辟支。,故阿佛。則頓悟緣起生滅。無我我所。成定性辟支。,《選佛譜》卷第五・發辟支佛心・L21,發辟支佛心
2389,第9门,增上慧學門,卷5,發辟支佛心,彌彌,彌,戒善,彌,戒善,不行·安住本位,,,安住,,「彌彌」二字俱表戒善。由其根利，不立分证果，故不行。,手工逐组（门1–14 手写）,直說,由其根利。不起煩惱。亦不立分證果。,由其根利。不起煩惱。亦不立分證果。,《選佛譜》卷第五・發辟支佛心・L21,發辟支佛心
2390,第9门,增上慧學門,卷5,發辟支佛心,彌陀,彌,戒善,陀,定善,不行·安住本位,,,安住,,「彌」表戒善、「陀」表定善。由其根利，不立分证果，故不行。,手工逐组（门1–14 手写）,直說,由其根利。不起煩惱。亦不立分證果。,由其根利。不起煩惱。亦不立分證果。,《選佛譜》卷第五・發辟支佛心・L21,發辟支佛心
2391,第9门,增上慧學門,卷5,發辟支佛心,彌佛,彌,戒善,佛,无漏善慧,行,八辟支佛地,第11门,升,,「彌」表戒善、「佛」表无漏善慧。了达缘起无生，兼侵习气，为回心缘觉，入八辟支佛地。,手工逐组（门1–14 手写）,直說,彌佛。則了達緣起無生。兼侵習氣。為迴心緣覺。,彌佛。則了達緣起無生。兼侵習氣。為迴心緣覺。,《選佛譜》卷第五・發辟支佛心・L21,發辟支佛心
2392,第9门,增上慧學門,卷5,發辟支佛心,陀陀,陀,定善,陀,定善,不行·安住本位,,,安住,,「陀陀」二字俱表定善。由其根利，不立分证果，故不行。,手工逐组（门1–14 手写）,直說,由其根利。不起煩惱。亦不立分證果。,由其根利。不起煩惱。亦不立分證果。,《選佛譜》卷第五・發辟支佛心・L21,發辟支佛心
2393,第9门,增上慧學門,卷5,發辟支佛心,陀佛,陀,定善,佛,无漏善慧,行,中品上生,第14门,横超,,「陀」表定善、「佛」表无漏善慧。知有他方净土，同声闻之发愿往生，故得中品上生。,手工逐组（门1–14 手写）,直說,陀佛。則知有他方淨土。同聲聞之發願往生。,陀佛。則知有他方淨土。同聲聞之發願往生。,《選佛譜》卷第五・發辟支佛心・L21,發辟支佛心
2394,第9门,增上慧學門,卷5,發辟支佛心,佛佛,佛,无漏善慧,佛,无漏善慧,行,圓十信位,第13门,升,,「佛佛」二字俱表无漏善慧。深观十二缘生，信苦集之无非佛性，故入圆十信位。,手工逐组（门1–14 手写）,直說,佛佛。則深觀十二緣生。信苦集之無非佛性也。,佛佛。則深觀十二緣生。信苦集之無非佛性也。,《選佛譜》卷第五・發辟支佛心・L21,發辟支佛心
2395,第9门,增上慧學門,卷5,事六度心,那那,那,见烦恼,那,见烦恼,不行·安住本位,,,安住,,「那那」二字俱表见烦恼。此人既发菩提弘誓，能伏惑，故不行。,手工逐组（门1–14 手写）,直說,那那等三不行者。能伏惑故。,那那等三不行者。能伏惑故。,《選佛譜》卷第五・事六度心・L25,事六度心
2396,第9门,增上慧學門,卷5,事六度心,那謨,那,见烦恼,謨,爱烦恼,不行·安住本位,,,安住,,「那」表见烦恼、「謨」表爱烦恼。此人既发菩提弘誓，能伏惑，故不行。,手工逐组（门1–14 手写）,直說,那那等三不行者。能伏惑故。,那那等三不行者。能伏惑故。,《選佛譜》卷第五・事六度心・L25,事六度心
2397,第9门,增上慧學門,卷5,事六度心,那阿,那,见烦恼,阿,施善,不行·安住本位,,,安住,,「那」表见烦恼、「阿」表施善。此人既发菩提弘誓，能伏惑，故不行。,手工逐组（门1–14 手写）,通則,,其餘位中。以阿彌陀善。與那謨惡相為對治。二俱無力。所以並不行也。,《選佛譜》卷第一・見取・L57,見取
2398,第9门,增上慧學門,卷5,事六度心,那彌,那,见烦恼,彌,戒善,不行·安住本位,,,安住,,「那」表见烦恼、「彌」表戒善。此人既发菩提弘誓，能伏惑，故不行。,手工逐组（门1–14 手写）,通則,,其餘位中。以阿彌陀善。與那謨惡相為對治。二俱無力。所以並不行也。,《選佛譜》卷第一・見取・L57,見取
2399,第9门,增上慧學門,卷5,事六度心,那陀,那,见烦恼,陀,定善,不行·安住本位,,,安住,,「那」表见烦恼、「陀」表定善。此人既发菩提弘誓，能伏惑，故不行。,手工逐组（门1–14 手写）,通則,,其餘位中。以阿彌陀善。與那謨惡相為對治。二俱無力。所以並不行也。,《選佛譜》卷第一・見取・L57,見取
2400,第9门,增上慧學門,卷5,事六度心,那佛,那,见烦恼,佛,无漏善慧,行,大乘初阿僧祇滿,第10门,升,,「那」表见烦恼、「佛」表无漏善慧。虽未断见，能以菩提心承事诸佛，故为大乘初阿僧祇满。,手工逐组（门1–14 手写）,直說,那佛亦初僧祇者。雖未斷見。能以菩提心承事諸佛故。,那佛亦初僧祇者。雖未斷見。能以菩提心承事諸佛故。,《選佛譜》卷第五・事六度心・L25,事六度心
2401,第9门,增上慧學門,卷5,事六度心,謨謨,謨,爱烦恼,謨,爱烦恼,不行·安住本位,,,安住,,「謨謨」二字俱表爱烦恼。此人既发菩提弘誓，能伏惑，故不行。,手工逐组（门1–14 手写）,直說,那那等三不行者。能伏惑故。,那那等三不行者。能伏惑故。,《選佛譜》卷第五・事六度心・L25,事六度心
2402,第9门,增上慧學門,卷5,事六度心,謨阿,謨,爱烦恼,阿,施善,不行·安住本位,,,安住,,「謨」表爱烦恼、「阿」表施善。此人既发菩提弘誓，能伏惑，故不行。,手工逐组（门1–14 手写）,通則,,其餘位中。以阿彌陀善。與那謨惡相為對治。二俱無力。所以並不行也。,《選佛譜》卷第一・見取・L57,見取
2403,第9门,增上慧學門,卷5,事六度心,謨彌,謨,爱烦恼,彌,戒善,不行·安住本位,,,安住,,「謨」表爱烦恼、「彌」表戒善。此人既发菩提弘誓，能伏惑，故不行。,手工逐组（门1–14 手写）,通則,,其餘位中。以阿彌陀善。與那謨惡相為對治。二俱無力。所以並不行也。,《選佛譜》卷第一・見取・L57,見取
2404,第9门,增上慧學門,卷5,事六度心,謨陀,謨,爱烦恼,陀,定善,不行·安住本位,,,安住,,「謨」表爱烦恼、「陀」表定善。此人既发菩提弘誓，能伏惑，故不行。,手工逐组（门1–14 手写）,通則,,其餘位中。以阿彌陀善。與那謨惡相為對治。二俱無力。所以並不行也。,《選佛譜》卷第一・見取・L57,見取
2405,第9门,增上慧學門,卷5,事六度心,謨佛,謨,爱烦恼,佛,无漏善慧,行,二阿僧祇滿,第10门,升,,「謨」表爱烦恼、「佛」表无漏善慧。虽未离染，能以功德力亲近如来，故为二阿僧祇满。,手工逐组（门1–14 手写）,直說,謨佛亦二僧祇者。雖未離染。能以功德力親近如來故。,謨佛亦二僧祇者。雖未離染。能以功德力親近如來故。,《選佛譜》卷第五・事六度心・L25,事六度心
2406,第9门,增上慧學門,卷5,事六度心,阿阿,阿,施善,阿,施善,行,大乘初阿僧祇滿,第10门,升,,「阿阿」二字俱表施善。施戒庄严，故为大乘初阿僧祇满。,手工逐组（门1–14 手写）,直說,阿阿等三初僧祇滿者。施戒莊嚴故。,阿阿等三初僧祇滿者。施戒莊嚴故。,《選佛譜》卷第五・事六度心・L25,事六度心
2407,第9门,增上慧學門,卷5,事六度心,阿彌,阿,施善,彌,戒善,行,大乘初阿僧祇滿,第10门,升,,「阿」表施善、「彌」表戒善。施戒庄严，故为大乘初阿僧祇满。,手工逐组（门1–14 手写）,直說,阿阿等三初僧祇滿者。施戒莊嚴故。,阿阿等三初僧祇滿者。施戒莊嚴故。,《選佛譜》卷第五・事六度心・L25,事六度心
2408,第9门,增上慧學門,卷5,事六度心,阿陀,阿,施善,陀,定善,行,二阿僧祇滿,第10门,升,,「阿」表施善、「陀」表定善。定善普集，故为二阿僧祇满。,手工逐组（门1–14 手写）,直說,阿陀等三二僧祇滿者。定善普集故。,阿陀等三二僧祇滿者。定善普集故。,《選佛譜》卷第五・事六度心・L25,事六度心
2409,第9门,增上慧學門,卷5,事六度心,阿佛,阿,施善,佛,无漏善慧,行,三阿僧祇滿,第10门,升,,「阿」表施善、「佛」表无漏善慧。生灭门中永伏诸惑，不离佛前，故为三阿僧祇满。,手工逐组（门1–14 手写）,直說,阿佛三僧祇滿者。生滅門中。永伏諸惑。不離佛前故。,阿佛三僧祇滿者。生滅門中。永伏諸惑。不離佛前故。,《選佛譜》卷第五・事六度心・L25,事六度心
2410,第9门,增上慧學門,卷5,事六度心,彌彌,彌,戒善,彌,戒善,行,大乘初阿僧祇滿,第10门,升,,「彌彌」二字俱表戒善。施戒庄严，故为大乘初阿僧祇满。,手工逐组（门1–14 手写）,直說,阿阿等三初僧祇滿者。施戒莊嚴故。,阿阿等三初僧祇滿者。施戒莊嚴故。,《選佛譜》卷第五・事六度心・L25,事六度心
2411,第9门,增上慧學門,卷5,事六度心,彌陀,彌,戒善,陀,定善,行,二阿僧祇滿,第10门,升,,「彌」表戒善、「陀」表定善。定善普集，故为二阿僧祇满。,手工逐组（门1–14 手写）,直說,阿陀等三二僧祇滿者。定善普集故。,阿陀等三二僧祇滿者。定善普集故。,《選佛譜》卷第五・事六度心・L25,事六度心
2412,第9门,增上慧學門,卷5,事六度心,彌佛,彌,戒善,佛,无漏善慧,行,九菩薩地,第11门,升,,「彌」表戒善、「佛」表无漏善慧。悟无生忍，不舍因行，已近佛地，故入九菩萨地。,手工逐组（门1–14 手写）,直說,彌佛通菩薩地者。悟無生忍。不捨因行。已近佛地故。,彌佛通菩薩地者。悟無生忍。不捨因行。已近佛地故。,《選佛譜》卷第五・事六度心・L25,事六度心
2413,第9门,增上慧學門,卷5,事六度心,陀陀,陀,定善,陀,定善,行,二阿僧祇滿,第10门,升,,「陀陀」二字俱表定善。定善普集，故为二阿僧祇满。,手工逐组（门1–14 手写）,直說,阿陀等三二僧祇滿者。定善普集故。,阿陀等三二僧祇滿者。定善普集故。,《選佛譜》卷第五・事六度心・L25,事六度心
2414,第9门,增上慧學門,卷5,事六度心,陀佛,陀,定善,佛,无漏善慧,行,初歡喜地,第12门,升,,「陀」表定善、「佛」表无漏善慧。从事入理，定慧圆明，故入初欢喜地。,手工逐组（门1–14 手写）,直說,陀佛初歡喜地者。從事入理。定慧圓明故。,陀佛初歡喜地者。從事入理。定慧圓明故。,《選佛譜》卷第五・事六度心・L25,事六度心
2415,第9门,增上慧學門,卷5,事六度心,佛佛,佛,无漏善慧,佛,无漏善慧,行,上品上生,第14门,横超,,「佛佛」二字俱表无漏善慧。圆发三心，蒙佛接引，故得上品上生。,手工逐组（门1–14 手写）,直說,佛佛上品上生者。圓發三心。蒙佛接引故。,佛佛上品上生者。圓發三心。蒙佛接引故。,《選佛譜》卷第五・事六度心・L25,事六度心
2416,第9门,增上慧學門,卷5,體空觀,那那,那,见烦恼,那,见烦恼,行,取相懺,第6门,降,,「那那」二字俱表见烦恼。虽观空理而烦恼习强，故须结坛修忏，入取相忏。,手工逐组（门1–14 手写）,直說,那那等三。雖觀空理。煩惱習強。故須結壇修懺。,那那等三。雖觀空理。煩惱習強。故須結壇修懺。,《選佛譜》卷第五・體空觀・L29,體空觀
2417,第9门,增上慧學門,卷5,體空觀,那謨,那,见烦恼,謨,爱烦恼,行,取相懺,第6门,降,,「那」表见烦恼、「謨」表爱烦恼。虽观空理而烦恼习强，故须结坛修忏，入取相忏。,手工逐组（门1–14 手写）,直說,那那等三。雖觀空理。煩惱習強。故須結壇修懺。,那那等三。雖觀空理。煩惱習強。故須結壇修懺。,《選佛譜》卷第五・體空觀・L29,體空觀
2418,第9门,增上慧學門,卷5,體空觀,那阿,那,见烦恼,阿,施善,不行·安住本位,,,安住,,「那」表见烦恼、「阿」表施善。相为对治，二俱无力，故不行。,手工逐组（门1–14 手写）,通則,,其餘位中。以阿彌陀善。與那謨惡相為對治。二俱無力。所以並不行也。,《選佛譜》卷第一・見取・L57,見取
2419,第9门,增上慧學門,卷5,體空觀,那彌,那,见烦恼,彌,戒善,不行·安住本位,,,安住,,「那」表见烦恼、「彌」表戒善。相为对治，二俱无力，故不行。,手工逐组（门1–14 手写）,通則,,其餘位中。以阿彌陀善。與那謨惡相為對治。二俱無力。所以並不行也。,《選佛譜》卷第一・見取・L57,見取
2420,第9门,增上慧學門,卷5,體空觀,那陀,那,见烦恼,陀,定善,不行·安住本位,,,安住,,「那」表见烦恼、「陀」表定善。相为对治，二俱无力，故不行。,手工逐组（门1–14 手写）,通則,,其餘位中。以阿彌陀善。與那謨惡相為對治。二俱無力。所以並不行也。,《選佛譜》卷第一・見取・L57,見取
2421,第9门,增上慧學門,卷5,體空觀,那佛,那,见烦恼,佛,无漏善慧,行,三八人地,第11门,升,,「那」表见烦恼、「佛」表无漏善慧。未断见，故入三八人地。,手工逐组（门1–14 手写）,直說,那佛八人者。未斷見故。,那佛八人者。未斷見故。,《選佛譜》卷第五・體空觀・L29,體空觀
2422,第9门,增上慧學門,卷5,體空觀,謨謨,謨,爱烦恼,謨,爱烦恼,行,取相懺,第6门,降,,「謨謨」二字俱表爱烦恼。虽观空理而烦恼习强，故须结坛修忏，入取相忏。,手工逐组（门1–14 手写）,直說,那那等三。雖觀空理。煩惱習強。故須結壇修懺。,那那等三。雖觀空理。煩惱習強。故須結壇修懺。,《選佛譜》卷第五・體空觀・L29,體空觀
2423,第9门,增上慧學門,卷5,體空觀,謨阿,謨,爱烦恼,阿,施善,不行·安住本位,,,安住,,「謨」表爱烦恼、「阿」表施善。相为对治，二俱无力，故不行。,手工逐组（门1–14 手写）,通則,,其餘位中。以阿彌陀善。與那謨惡相為對治。二俱無力。所以並不行也。,《選佛譜》卷第一・見取・L57,見取
2424,第9门,增上慧學門,卷5,體空觀,謨彌,謨,爱烦恼,彌,戒善,不行·安住本位,,,安住,,「謨」表爱烦恼、「彌」表戒善。相为对治，二俱无力，故不行。,手工逐组（门1–14 手写）,通則,,其餘位中。以阿彌陀善。與那謨惡相為對治。二俱無力。所以並不行也。,《選佛譜》卷第一・見取・L57,見取
2425,第9门,增上慧學門,卷5,體空觀,謨陀,謨,爱烦恼,陀,定善,不行·安住本位,,,安住,,「謨」表爱烦恼、「陀」表定善。相为对治，二俱无力，故不行。,手工逐组（门1–14 手写）,通則,,其餘位中。以阿彌陀善。與那謨惡相為對治。二俱無力。所以並不行也。,《選佛譜》卷第一・見取・L57,見取
2426,第9门,增上慧學門,卷5,體空觀,謨佛,謨,爱烦恼,佛,无漏善慧,行,四見地,第11门,升,,「謨」表爱烦恼、「佛」表无漏善慧。未断思，故入四见地。,手工逐组（门1–14 手写）,直說,謨佛見地者。未斷思故。,謨佛見地者。未斷思故。,《選佛譜》卷第五・體空觀・L29,體空觀
2427,第9门,增上慧學門,卷5,體空觀,阿阿,阿,施善,阿,施善,行,初乾慧地,第11门,升,,「阿阿」二字俱表施善。如次阶于六位，故入初乾慧地。,手工逐组（门1–14 手写）,直說,阿阿等六。如次階於六位。,阿阿等六。如次階於六位。,《選佛譜》卷第五・體空觀・L29,體空觀
2428,第9门,增上慧學門,卷5,體空觀,阿彌,阿,施善,彌,戒善,行,二性地,第11门,升,,「阿」表施善、「彌」表戒善。如次阶于六位，故入二性地。,手工逐组（门1–14 手写）,直說,阿阿等六。如次階於六位。,阿阿等六。如次階於六位。,《選佛譜》卷第五・體空觀・L29,體空觀
2429,第9门,增上慧學門,卷5,體空觀,阿陀,阿,施善,陀,定善,行,四見地,第11门,升,,「阿」表施善、「陀」表定善。如次阶于六位，故入四见地。,手工逐组（门1–14 手写）,直說,阿阿等六。如次階於六位。,阿阿等六。如次階於六位。,《選佛譜》卷第五・體空觀・L29,體空觀
2430,第9门,增上慧學門,卷5,體空觀,阿佛,阿,施善,佛,无漏善慧,行,七已辦地,第11门,升,,「阿」表施善、「佛」表无漏善慧。正使尽，故成七已办地。,手工逐组（门1–14 手写）,直說,阿佛已辦者。正使盡故。,阿佛已辦者。正使盡故。,《選佛譜》卷第五・體空觀・L29,體空觀
2431,第9门,增上慧學門,卷5,體空觀,彌彌,彌,戒善,彌,戒善,行,三八人地,第11门,升,,「彌彌」二字俱表戒善。如次阶于六位，故入三八人地。,手工逐组（门1–14 手写）,直說,阿阿等六。如次階於六位。,阿阿等六。如次階於六位。,《選佛譜》卷第五・體空觀・L29,體空觀
2432,第9门,增上慧學門,卷5,體空觀,彌陀,彌,戒善,陀,定善,行,五薄地,第11门,升,,「彌」表戒善、「陀」表定善。如次阶于六位，故入五薄地。,手工逐组（门1–14 手写）,直說,阿阿等六。如次階於六位。,阿阿等六。如次階於六位。,《選佛譜》卷第五・體空觀・L29,體空觀
2433,第9门,增上慧學門,卷5,體空觀,彌佛,彌,戒善,佛,无漏善慧,行,八辟支佛地,第11门,升,,「彌」表戒善、「佛」表无漏善慧。已能侵习，故入八辟支佛地。,手工逐组（门1–14 手写）,直說,彌佛支地者。能侵習故。,彌佛支地者。能侵習故。,《選佛譜》卷第五・體空觀・L29,體空觀
2434,第9门,增上慧學門,卷5,體空觀,陀陀,陀,定善,陀,定善,行,六離欲地,第11门,升,,「陀陀」二字俱表定善。如次阶于六位，故入六离欲地。,手工逐组（门1–14 手写）,直說,阿阿等六。如次階於六位。,阿阿等六。如次階於六位。,《選佛譜》卷第五・體空觀・L29,體空觀
2435,第9门,增上慧學門,卷5,體空觀,陀佛,陀,定善,佛,无漏善慧,行,九菩薩地,第11门,升,,「陀」表定善、「佛」表无漏善慧。道观双流，故入九菩萨地。,手工逐组（门1–14 手写）,直說,陀佛菩薩者。道觀雙流故。,陀佛菩薩者。道觀雙流故。,《選佛譜》卷第五・體空觀・L29,體空觀
2436,第9门,增上慧學門,卷5,體空觀,佛佛,佛,无漏善慧,佛,无漏善慧,行,十佛地,第11门,升,,「佛佛」二字俱表无漏善慧。一念相应慧现前，故入十佛地。,手工逐组（门1–14 手写）,直說,佛佛佛地者。一念相應慧現前故。,佛佛佛地者。一念相應慧現前故。,《選佛譜》卷第五・體空觀・L29,體空觀
2437,第9门,增上慧學門,卷5,次第三觀,那那,那,见烦恼,那,见烦恼,行,取相懺,第6门,降,,「那那」二字俱表见烦恼。烦恼强，故须取相忏，入取相忏。,手工逐组（门1–14 手写）,直說,那那等三須取相懺者。煩惱強故。,那那等三須取相懺者。煩惱強故。,《選佛譜》卷第五・次第三觀・L33,次第三觀
2438,第9门,增上慧學門,卷5,次第三觀,那謨,那,见烦恼,謨,爱烦恼,行,取相懺,第6门,降,,「那」表见烦恼、「謨」表爱烦恼。烦恼强，故须取相忏，入取相忏。,手工逐组（门1–14 手写）,直說,那那等三須取相懺者。煩惱強故。,那那等三須取相懺者。煩惱強故。,《選佛譜》卷第五・次第三觀・L33,次第三觀
2439,第9门,增上慧學門,卷5,次第三觀,那阿,那,见烦恼,阿,施善,不行·安住本位,,,安住,,「那」表见烦恼、「阿」表施善。相为对治，二俱无力，故不行。,手工逐组（门1–14 手写）,通則,,其餘位中。以阿彌陀善。與那謨惡相為對治。二俱無力。所以並不行也。,《選佛譜》卷第一・見取・L57,見取
2440,第9门,增上慧學門,卷5,次第三觀,那彌,那,见烦恼,彌,戒善,不行·安住本位,,,安住,,「那」表见烦恼、「彌」表戒善。相为对治，二俱无力，故不行。,手工逐组（门1–14 手写）,通則,,其餘位中。以阿彌陀善。與那謨惡相為對治。二俱無力。所以並不行也。,《選佛譜》卷第一・見取・L57,見取
2441,第9门,增上慧學門,卷5,次第三觀,那陀,那,见烦恼,陀,定善,不行·安住本位,,,安住,,「那」表见烦恼、「陀」表定善。相为对治，二俱无力，故不行。,手工逐组（门1–14 手写）,通則,,其餘位中。以阿彌陀善。與那謨惡相為對治。二俱無力。所以並不行也。,《選佛譜》卷第一・見取・L57,見取
2442,第9门,增上慧學門,卷5,次第三觀,那佛,那,见烦恼,佛,无漏善慧,行,十願心,第12门,升,,「那」表见烦恼、「佛」表无漏善慧。虽有空慧而未断见，故阶十愿心。,手工逐组（门1–14 手写）,直說,那佛十心者。雖有空慧。未斷見故。,那佛十心者。雖有空慧。未斷見故。,《選佛譜》卷第五・次第三觀・L33,次第三觀
2443,第9门,增上慧學門,卷5,次第三觀,謨謨,謨,爱烦恼,謨,爱烦恼,行,取相懺,第6门,降,,「謨謨」二字俱表爱烦恼。烦恼强，故须取相忏，入取相忏。,手工逐组（门1–14 手写）,直說,那那等三須取相懺者。煩惱強故。,那那等三須取相懺者。煩惱強故。,《選佛譜》卷第五・次第三觀・L33,次第三觀
2444,第9门,增上慧學門,卷5,次第三觀,謨阿,謨,爱烦恼,阿,施善,不行·安住本位,,,安住,,「謨」表爱烦恼、「阿」表施善。相为对治，二俱无力，故不行。,手工逐组（门1–14 手写）,通則,,其餘位中。以阿彌陀善。與那謨惡相為對治。二俱無力。所以並不行也。,《選佛譜》卷第一・見取・L57,見取
2445,第9门,增上慧學門,卷5,次第三觀,謨彌,謨,爱烦恼,彌,戒善,不行·安住本位,,,安住,,「謨」表爱烦恼、「彌」表戒善。相为对治，二俱无力，故不行。,手工逐组（门1–14 手写）,通則,,其餘位中。以阿彌陀善。與那謨惡相為對治。二俱無力。所以並不行也。,《選佛譜》卷第一・見取・L57,見取
2446,第9门,增上慧學門,卷5,次第三觀,謨陀,謨,爱烦恼,陀,定善,不行·安住本位,,,安住,,「謨」表爱烦恼、「陀」表定善。相为对治，二俱无力，故不行。,手工逐组（门1–14 手写）,通則,,其餘位中。以阿彌陀善。與那謨惡相為對治。二俱無力。所以並不行也。,《選佛譜》卷第一・見取・L57,見取
2447,第9门,增上慧學門,卷5,次第三觀,謨佛,謨,爱烦恼,佛,无漏善慧,行,初發心住,第12门,升,,「謨」表爱烦恼、「佛」表无漏善慧。空慧断见而未断思，故为初发心住。,手工逐组（门1–14 手写）,直說,謨佛初住者。空慧斷見。未斷思故。,謨佛初住者。空慧斷見。未斷思故。,《選佛譜》卷第五・次第三觀・L33,次第三觀
2448,第9门,增上慧學門,卷5,次第三觀,阿阿,阿,施善,阿,施善,行,初信心,第12门,升,,「阿阿」二字俱表施善。未得即空慧，先修析空观伏见思，故阶初信心。,手工逐组（门1–14 手写）,直說,阿阿等六階六心者。未得即空慧故。,阿阿等六階六心者。未得即空慧故。,《選佛譜》卷第五・次第三觀・L33,次第三觀
2449,第9门,增上慧學門,卷5,次第三觀,阿彌,阿,施善,彌,戒善,行,二念心,第12门,升,,「阿」表施善、「彌」表戒善。未得即空慧，故阶二念心。,手工逐组（门1–14 手写）,直說,阿阿等六階六心者。未得即空慧故。,阿阿等六階六心者。未得即空慧故。,《選佛譜》卷第五・次第三觀・L33,次第三觀
2450,第9门,增上慧學門,卷5,次第三觀,阿陀,阿,施善,陀,定善,行,四慧心,第12门,升,,「阿」表施善、「陀」表定善。未得即空慧，故阶四慧心。,手工逐组（门1–14 手写）,直說,阿阿等六階六心者。未得即空慧故。,阿阿等六階六心者。未得即空慧故。,《選佛譜》卷第五・次第三觀・L33,次第三觀
2451,第9门,增上慧學門,卷5,次第三觀,阿佛,阿,施善,佛,无漏善慧,行,七不退住,第12门,升,,「阿」表施善、「佛」表无漏善慧。三界正使尽，故为七不退住。,手工逐组（门1–14 手写）,直說,阿佛七住者。三界正使盡故。,阿佛七住者。三界正使盡故。,《選佛譜》卷第五・次第三觀・L33,次第三觀
2452,第9门,增上慧學門,卷5,次第三觀,彌彌,彌,戒善,彌,戒善,行,三精進心,第12门,升,,「彌彌」二字俱表戒善。未得即空慧，故阶三精进心。,手工逐组（门1–14 手写）,直說,阿阿等六階六心者。未得即空慧故。,阿阿等六階六心者。未得即空慧故。,《選佛譜》卷第五・次第三觀・L33,次第三觀
2453,第9门,增上慧學門,卷5,次第三觀,彌陀,彌,戒善,陀,定善,行,五定心,第12门,升,,「彌」表戒善、「陀」表定善。未得即空慧，故阶五定心。,手工逐组（门1–14 手写）,直說,阿阿等六階六心者。未得即空慧故。,阿阿等六階六心者。未得即空慧故。,《選佛譜》卷第五・次第三觀・L33,次第三觀
2454,第9门,增上慧學門,卷5,次第三觀,彌佛,彌,戒善,佛,无漏善慧,行,初歡喜行,第12门,升,,「彌」表戒善、「佛」表无漏善慧。具行众善，故为初欢喜行。,手工逐组（门1–14 手写）,直說,彌佛初行者。具行眾善故。,彌佛初行者。具行眾善故。,《選佛譜》卷第五・次第三觀・L33,次第三觀
2455,第9门,增上慧學門,卷5,次第三觀,陀陀,陀,定善,陀,定善,行,六不退心,第12门,升,,「陀陀」二字俱表定善。未得即空慧，故阶六不退心。,手工逐组（门1–14 手写）,直說,阿阿等六階六心者。未得即空慧故。,阿阿等六階六心者。未得即空慧故。,《選佛譜》卷第五・次第三觀・L33,次第三觀
2456,第9门,增上慧學門,卷5,次第三觀,陀佛,陀,定善,佛,无漏善慧,行,初救護眾生離眾生相迴向,第12门,升,,「陀」表定善、「佛」表无漏善慧。定慧均平，正观中道，故入初救护众生离众生相回向。,手工逐组（门1–14 手写）,直說,陀佛初向者。定慧均平。正觀中道故。,陀佛初向者。定慧均平。正觀中道故。,《選佛譜》卷第五・次第三觀・L33,次第三觀
2457,第9门,增上慧學門,卷5,次第三觀,佛佛,佛,无漏善慧,佛,无漏善慧,行,初歡喜地,第12门,升,,「佛佛」二字俱表无漏善慧。证道同圆，分得法身，故入初欢喜地。,手工逐组（门1–14 手写）,直說,佛佛初地者。證道同圓。分得法身故。,佛佛初地者。證道同圓。分得法身故。,《選佛譜》卷第五・次第三觀・L33,次第三觀
2458,第9门,增上慧學門,卷5,圓頓妙觀,那那,那,见烦恼,那,见烦恼,行,無生懺,第6门,降,,「那那」二字俱表见烦恼。圆解虽妙而烦恼习强，先须观罪性空以拔罪本，入无生忏。,手工逐组（门1–14 手写）,直說,故那那等三皆無生懺。,圓解雖妙。若煩惱習強。先須觀罪性空以拔罪本。故那那等三皆無生懺。,《選佛譜》卷第五・圓頓妙觀・L37,圓頓妙觀
2459,第9门,增上慧學門,卷5,圓頓妙觀,那謨,那,见烦恼,謨,爱烦恼,行,無生懺,第6门,降,,「那」表见烦恼、「謨」表爱烦恼。圆解虽妙而烦恼习强，先须观罪性空以拔罪本，入无生忏。,手工逐组（门1–14 手写）,直說,故那那等三皆無生懺。,圓解雖妙。若煩惱習強。先須觀罪性空以拔罪本。故那那等三皆無生懺。,《選佛譜》卷第五・圓頓妙觀・L37,圓頓妙觀
2460,第9门,增上慧學門,卷5,圓頓妙觀,那阿,那,见烦恼,阿,施善,不行·安住本位,,,安住,,「那」表见烦恼、「阿」表施善。相为对治，二俱无力，故不行。,手工逐组（门1–14 手写）,通則,,其餘位中。以阿彌陀善。與那謨惡相為對治。二俱無力。所以並不行也。,《選佛譜》卷第一・見取・L57,見取
2461,第9门,增上慧學門,卷5,圓頓妙觀,那彌,那,见烦恼,彌,戒善,不行·安住本位,,,安住,,「那」表见烦恼、「彌」表戒善。相为对治，二俱无力，故不行。,手工逐组（门1–14 手写）,通則,,其餘位中。以阿彌陀善。與那謨惡相為對治。二俱無力。所以並不行也。,《選佛譜》卷第一・見取・L57,見取
2462,第9门,增上慧學門,卷5,圓頓妙觀,那陀,那,见烦恼,陀,定善,不行·安住本位,,,安住,,「那」表见烦恼、「陀」表定善。相为对治，二俱无力，故不行。,手工逐组（门1–14 手写）,通則,,其餘位中。以阿彌陀善。與那謨惡相為對治。二俱無力。所以並不行也。,《選佛譜》卷第一・見取・L57,見取
2463,第9门,增上慧學門,卷5,圓頓妙觀,那佛,那,见烦恼,佛,无漏善慧,行,上品下生,第14门,横超,,「那」表见烦恼、「佛」表无漏善慧。已发无上道心，未离凡习而得觐如来，故得上品下生。,手工逐组（门1–14 手写）,直說,那佛。謨佛。已發無上道心。但以未離凡習。得覲如來。故生上下上中二品。,那佛。謨佛。已發無上道心。但以未離凡習。得覲如來。故生上下上中二品。,《選佛譜》卷第五・圓頓妙觀・L37,圓頓妙觀
2464,第9门,增上慧學門,卷5,圓頓妙觀,謨謨,謨,爱烦恼,謨,爱烦恼,行,無生懺,第6门,降,,「謨謨」二字俱表爱烦恼。圆解虽妙而烦恼习强，先须观罪性空以拔罪本，入无生忏。,手工逐组（门1–14 手写）,直說,故那那等三皆無生懺。,圓解雖妙。若煩惱習強。先須觀罪性空以拔罪本。故那那等三皆無生懺。,《選佛譜》卷第五・圓頓妙觀・L37,圓頓妙觀
2465,第9门,增上慧學門,卷5,圓頓妙觀,謨阿,謨,爱烦恼,阿,施善,不行·安住本位,,,安住,,「謨」表爱烦恼、「阿」表施善。相为对治，二俱无力，故不行。,手工逐组（门1–14 手写）,通則,,其餘位中。以阿彌陀善。與那謨惡相為對治。二俱無力。所以並不行也。,《選佛譜》卷第一・見取・L57,見取
2466,第9门,增上慧學門,卷5,圓頓妙觀,謨彌,謨,爱烦恼,彌,戒善,不行·安住本位,,,安住,,「謨」表爱烦恼、「彌」表戒善。相为对治，二俱无力，故不行。,手工逐组（门1–14 手写）,通則,,其餘位中。以阿彌陀善。與那謨惡相為對治。二俱無力。所以並不行也。,《選佛譜》卷第一・見取・L57,見取
2467,第9门,增上慧學門,卷5,圓頓妙觀,謨陀,謨,爱烦恼,陀,定善,不行·安住本位,,,安住,,「謨」表爱烦恼、「陀」表定善。相为对治，二俱无力，故不行。,手工逐组（门1–14 手写）,通則,,其餘位中。以阿彌陀善。與那謨惡相為對治。二俱無力。所以並不行也。,《選佛譜》卷第一・見取・L57,見取
2468,第9门,增上慧學門,卷5,圓頓妙觀,謨佛,謨,爱烦恼,佛,无漏善慧,行,上品中生,第14门,横超,,「謨」表爱烦恼、「佛」表无漏善慧。已发无上道心，未离凡习而得觐如来，故得上品中生。,手工逐组（门1–14 手写）,直說,那佛。謨佛。已發無上道心。但以未離凡習。得覲如來。故生上下上中二品。,那佛。謨佛。已發無上道心。但以未離凡習。得覲如來。故生上下上中二品。,《選佛譜》卷第五・圓頓妙觀・L37,圓頓妙觀
2469,第9门,增上慧學門,卷5,圓頓妙觀,阿阿,阿,施善,阿,施善,行,圓五品位,第13门,升,,「阿阿」二字俱表施善。能伏五住，故登圆五品位。,手工逐组（门1–14 手写）,直說,阿阿等三。能伏五住。故登五品。,阿阿等三。能伏五住。故登五品。,《選佛譜》卷第五・圓頓妙觀・L37,圓頓妙觀
2470,第9门,增上慧學門,卷5,圓頓妙觀,阿彌,阿,施善,彌,戒善,行,圓五品位,第13门,升,,「阿」表施善、「彌」表戒善。能伏五住，故登圆五品位。,手工逐组（门1–14 手写）,直說,阿阿等三。能伏五住。故登五品。,阿阿等三。能伏五住。故登五品。,《選佛譜》卷第五・圓頓妙觀・L37,圓頓妙觀
2471,第9门,增上慧學門,卷5,圓頓妙觀,阿陀,阿,施善,陀,定善,行,圓十信位,第13门,升,,「阿」表施善、「陀」表定善。能净六根，故阶圆十信位。,手工逐组（门1–14 手写）,直說,阿陀等三。能淨六根。故階十信。,阿陀等三。能淨六根。故階十信。,《選佛譜》卷第五・圓頓妙觀・L37,圓頓妙觀
2472,第9门,增上慧學門,卷5,圓頓妙觀,阿佛,阿,施善,佛,无漏善慧,行,圓十住位,第13门,升,,「阿」表施善、「佛」表无漏善慧。舍异生性，住于佛住，故入圆十住位。,手工逐组（门1–14 手写）,直說,阿佛捨異生性。住於佛住。,阿佛捨異生性。住於佛住。,《選佛譜》卷第五・圓頓妙觀・L37,圓頓妙觀
2473,第9门,增上慧學門,卷5,圓頓妙觀,彌彌,彌,戒善,彌,戒善,行,圓五品位,第13门,升,,「彌彌」二字俱表戒善。能伏五住，故登圆五品位。,手工逐组（门1–14 手写）,直說,阿阿等三。能伏五住。故登五品。,阿阿等三。能伏五住。故登五品。,《選佛譜》卷第五・圓頓妙觀・L37,圓頓妙觀
2474,第9门,增上慧學門,卷5,圓頓妙觀,彌陀,彌,戒善,陀,定善,行,圓十信位,第13门,升,,「彌」表戒善、「陀」表定善。能净六根，故阶圆十信位。,手工逐组（门1–14 手写）,直說,阿陀等三。能淨六根。故階十信。,阿陀等三。能淨六根。故階十信。,《選佛譜》卷第五・圓頓妙觀・L37,圓頓妙觀
2475,第9门,增上慧學門,卷5,圓頓妙觀,彌佛,彌,戒善,佛,无漏善慧,行,圓十行位,第13门,升,,「彌」表戒善、「佛」表无漏善慧。持金刚戒，行于佛行，故入圆十行位。,手工逐组（门1–14 手写）,直說,彌佛持金剛戒。行於佛行。,彌佛持金剛戒。行於佛行。,《選佛譜》卷第五・圓頓妙觀・L37,圓頓妙觀
2476,第9门,增上慧學門,卷5,圓頓妙觀,陀陀,陀,定善,陀,定善,行,圓十信位,第13门,升,,「陀陀」二字俱表定善。能净六根，故阶圆十信位。,手工逐组（门1–14 手写）,直說,阿陀等三。能淨六根。故階十信。,阿陀等三。能淨六根。故階十信。,《選佛譜》卷第五・圓頓妙觀・L37,圓頓妙觀
2477,第9门,增上慧學門,卷5,圓頓妙觀,陀佛,陀,定善,佛,无漏善慧,行,圓十迴向位,第13门,升,,「陀」表定善、「佛」表无漏善慧。定慧圆明，回向萨婆若海，故入圆十回向位。,手工逐组（门1–14 手写）,直說,陀佛定慧圓明。迴向薩婆若海。,陀佛定慧圓明。迴向薩婆若海。,《選佛譜》卷第五・圓頓妙觀・L37,圓頓妙觀
2478,第9门,增上慧學門,卷5,圓頓妙觀,佛佛,佛,无漏善慧,佛,无漏善慧,行,圓十地位,第13门,升,,「佛佛」二字俱表无漏善慧。纯是佛慧，普入如来智地，故入圆十地位。,手工逐组（门1–14 手写）,直說,佛佛純是佛慧。普入如來智地。,佛佛純是佛慧。普入如來智地。,《選佛譜》卷第五・圓頓妙觀・L37,圓頓妙觀
2479,第9门,增上慧學門,卷5,願升內院,那那,那,见烦恼,那,见烦恼,不行·安住本位,,,安住,,「那那」二字俱表见烦恼。愿上生内院必修上品十善兼习禅观，散善皆不复行。,手工逐组（门1–14 手写）,直說,故那那乃至彌彌散善。皆不復行。,既願上生內院。必修上品十善。兼習禪觀。故那那乃至彌彌散善。皆不復行。,《選佛譜》卷第五・願升內院・L41,願升內院
2480,第9门,增上慧學門,卷5,願升內院,那謨,那,见烦恼,謨,爱烦恼,不行·安住本位,,,安住,,「那」表见烦恼、「謨」表爱烦恼。愿上生内院必修上品十善兼习禅观，散善皆不复行。,手工逐组（门1–14 手写）,直說,故那那乃至彌彌散善。皆不復行。,既願上生內院。必修上品十善。兼習禪觀。故那那乃至彌彌散善。皆不復行。,《選佛譜》卷第五・願升內院・L41,願升內院
2481,第9门,增上慧學門,卷5,願升內院,那阿,那,见烦恼,阿,施善,不行·安住本位,,,安住,,「那」表见烦恼、「阿」表施善。必修上品十善兼习禅观，此散善不复行。,手工逐组（门1–14 手写）,通則,故那那乃至彌彌散善。皆不復行。,其餘位中。以阿彌陀善。與那謨惡相為對治。二俱無力。所以並不行也。,《選佛譜》卷第一・見取・L57,見取
2482,第9门,增上慧學門,卷5,願升內院,那彌,那,见烦恼,彌,戒善,不行·安住本位,,,安住,,「那」表见烦恼、「彌」表戒善。必修上品十善兼习禅观，此散善不复行。,手工逐组（门1–14 手写）,通則,故那那乃至彌彌散善。皆不復行。,其餘位中。以阿彌陀善。與那謨惡相為對治。二俱無力。所以並不行也。,《選佛譜》卷第一・見取・L57,見取
2483,第9门,增上慧學門,卷5,願升內院,那陀,那,见烦恼,陀,定善,不行·安住本位,,,安住,,「那」表见烦恼、「陀」表定善。必修上品十善兼习禅观，此散善不复行。,手工逐组（门1–14 手写）,通則,皆不復行。,其餘位中。以阿彌陀善。與那謨惡相為對治。二俱無力。所以並不行也。,《選佛譜》卷第一・見取・L57,見取
2484,第9门,增上慧學門,卷5,願升內院,那佛,那,见烦恼,佛,无漏善慧,行,彌勒內院,第4门,升,,「那」表见烦恼、「佛」表无漏善慧。虽未断惑，即已见佛，故生弥勒内院。,手工逐组（门1–14 手写）,直說,那佛。謨佛。雖未斷惑。即已見佛。故皆內院。,那佛。謨佛。雖未斷惑。即已見佛。故皆內院。,《選佛譜》卷第五・願升內院・L41,願升內院
2485,第9门,增上慧學門,卷5,願升內院,謨謨,謨,爱烦恼,謨,爱烦恼,不行·安住本位,,,安住,,「謨謨」二字俱表爱烦恼。愿上生内院必修上品十善兼习禅观，散善皆不复行。,手工逐组（门1–14 手写）,直說,故那那乃至彌彌散善。皆不復行。,既願上生內院。必修上品十善。兼習禪觀。故那那乃至彌彌散善。皆不復行。,《選佛譜》卷第五・願升內院・L41,願升內院
2486,第9门,增上慧學門,卷5,願升內院,謨阿,謨,爱烦恼,阿,施善,不行·安住本位,,,安住,,「謨」表爱烦恼、「阿」表施善。必修上品十善兼习禅观，此散善不复行。,手工逐组（门1–14 手写）,通則,故那那乃至彌彌散善。皆不復行。,其餘位中。以阿彌陀善。與那謨惡相為對治。二俱無力。所以並不行也。,《選佛譜》卷第一・見取・L57,見取
2487,第9门,增上慧學門,卷5,願升內院,謨彌,謨,爱烦恼,彌,戒善,不行·安住本位,,,安住,,「謨」表爱烦恼、「彌」表戒善。必修上品十善兼习禅观，此散善不复行。,手工逐组（门1–14 手写）,通則,故那那乃至彌彌散善。皆不復行。,其餘位中。以阿彌陀善。與那謨惡相為對治。二俱無力。所以並不行也。,《選佛譜》卷第一・見取・L57,見取
2488,第9门,增上慧學門,卷5,願升內院,謨陀,謨,爱烦恼,陀,定善,不行·安住本位,,,安住,,「謨」表爱烦恼、「陀」表定善。必修上品十善兼习禅观，此散善不复行。,手工逐组（门1–14 手写）,通則,皆不復行。,其餘位中。以阿彌陀善。與那謨惡相為對治。二俱無力。所以並不行也。,《選佛譜》卷第一・見取・L57,見取
2489,第9门,增上慧學門,卷5,願升內院,謨佛,謨,爱烦恼,佛,无漏善慧,行,彌勒內院,第4门,升,,「謨」表爱烦恼、「佛」表无漏善慧。虽未断惑，即已见佛，故生弥勒内院。,手工逐组（门1–14 手写）,直說,那佛。謨佛。雖未斷惑。即已見佛。故皆內院。,那佛。謨佛。雖未斷惑。即已見佛。故皆內院。,《選佛譜》卷第五・願升內院・L41,願升內院
2490,第9门,增上慧學門,卷5,願升內院,阿阿,阿,施善,阿,施善,不行·安住本位,,,安住,,「阿阿」二字俱表施善。此犹散善，必修上品十善兼习禅观，故不复行。,手工逐组（门1–14 手写）,直說,故那那乃至彌彌散善。皆不復行。,既願上生內院。必修上品十善。兼習禪觀。故那那乃至彌彌散善。皆不復行。,《選佛譜》卷第五・願升內院・L41,願升內院
2491,第9门,增上慧學門,卷5,願升內院,阿彌,阿,施善,彌,戒善,不行·安住本位,,,安住,,「阿」表施善、「彌」表戒善。此犹散善，必修上品十善兼习禅观，故不复行。,手工逐组（门1–14 手写）,直說,故那那乃至彌彌散善。皆不復行。,既願上生內院。必修上品十善。兼習禪觀。故那那乃至彌彌散善。皆不復行。,《選佛譜》卷第五・願升內院・L41,願升內院
2492,第9门,增上慧學門,卷5,願升內院,阿陀,阿,施善,陀,定善,行,兜率天,第4门,升,,「阿」表施善、「陀」表定善。福多慧少，如师子觉菩萨耽天乐，故生兜率天而未见大士。,手工逐组（门1–14 手写）,直說,然阿陀等三皆生兜率天者。福多慧少。如師子覺菩薩。雖生彼天。耽天樂故。猶未見大士也。,然阿陀等三皆生兜率天者。福多慧少。如師子覺菩薩。雖生彼天。耽天樂故。猶未見大士也。,《選佛譜》卷第五・願升內院・L41,願升內院
2493,第9门,增上慧學門,卷5,願升內院,阿佛,阿,施善,佛,无漏善慧,行,圓十信位,第13门,升,,「阿」表施善、「佛」表无漏善慧。福慧既深，见佛已随即增进品位，故入圆十信位。,手工逐组（门1–14 手写）,直說,阿佛已下。福慧既深。故見佛已。隨即增進品位。,阿佛已下。福慧既深。故見佛已。隨即增進品位。,《選佛譜》卷第五・願升內院・L41,願升內院
2494,第9门,增上慧學門,卷5,願升內院,彌彌,彌,戒善,彌,戒善,不行·安住本位,,,安住,,「彌彌」二字俱表戒善。此犹散善，必修上品十善兼习禅观，故不复行。,手工逐组（门1–14 手写）,直說,故那那乃至彌彌散善。皆不復行。,既願上生內院。必修上品十善。兼習禪觀。故那那乃至彌彌散善。皆不復行。,《選佛譜》卷第五・願升內院・L41,願升內院
2495,第9门,增上慧學門,卷5,願升內院,彌陀,彌,戒善,陀,定善,行,兜率天,第4门,升,,「彌」表戒善、「陀」表定善。福多慧少，如师子觉菩萨耽天乐，故生兜率天而未见大士。,手工逐组（门1–14 手写）,直說,然阿陀等三皆生兜率天者。福多慧少。如師子覺菩薩。雖生彼天。耽天樂故。猶未見大士也。,然阿陀等三皆生兜率天者。福多慧少。如師子覺菩薩。雖生彼天。耽天樂故。猶未見大士也。,《選佛譜》卷第五・願升內院・L41,願升內院
2496,第9门,增上慧學門,卷5,願升內院,彌佛,彌,戒善,佛,无漏善慧,行,初歡喜地,第12门,升,,「彌」表戒善、「佛」表无漏善慧。福慧既深，见佛已随即增进品位，故入初欢喜地。,手工逐组（门1–14 手写）,直說,阿佛已下。福慧既深。故見佛已。隨即增進品位。,阿佛已下。福慧既深。故見佛已。隨即增進品位。,《選佛譜》卷第五・願升內院・L41,願升內院
2497,第9门,增上慧學門,卷5,願升內院,陀陀,陀,定善,陀,定善,行,兜率天,第4门,升,,「陀陀」二字俱表定善。福多慧少，如师子觉菩萨耽天乐，故生兜率天而未见大士。,手工逐组（门1–14 手写）,直說,然阿陀等三皆生兜率天者。福多慧少。如師子覺菩薩。雖生彼天。耽天樂故。猶未見大士也。,然阿陀等三皆生兜率天者。福多慧少。如師子覺菩薩。雖生彼天。耽天樂故。猶未見大士也。,《選佛譜》卷第五・願升內院・L41,願升內院
2498,第9门,增上慧學門,卷5,願升內院,陀佛,陀,定善,佛,无漏善慧,行,圓十住位,第13门,升,,「陀」表定善、「佛」表无漏善慧。福慧既深，见佛已随即增进品位，故入圆十住位。,手工逐组（门1–14 手写）,直說,阿佛已下。福慧既深。故見佛已。隨即增進品位。,阿佛已下。福慧既深。故見佛已。隨即增進品位。,《選佛譜》卷第五・願升內院・L41,願升內院
2499,第9门,增上慧學門,卷5,願升內院,佛佛,佛,无漏善慧,佛,无漏善慧,行,圓十行位,第13门,升,,「佛佛」二字俱表无漏善慧。福慧既深，见佛已随即增进品位，故入圆十行位。,手工逐组（门1–14 手写）,直說,阿佛已下。福慧既深。故見佛已。隨即增進品位。,阿佛已下。福慧既深。故見佛已。隨即增進品位。,《選佛譜》卷第五・願升內院・L41,願升內院
2500,第9门,增上慧學門,卷5,求生淨土,那那,那,见烦恼,那,见烦恼,不行·安住本位,,,安住,,「那那」二字俱表见烦恼。往生须具信愿行三，此则未能称名发愿，故不行。,手工逐组（门1–14 手写）,推演,,"但令聞而生信。至誠發願者。則或觀彼土依正。或念彼佛功德。或念彼佛法身。或持彼佛名號。皆得往生。不論若男若女。若僧若俗。若老若少。若智若愚。若善若惡。乃至若人若天。若鬼若畜。但具信願行三。決得往生彼國。
那陀下品下生者。具諸不善。至心稱名故。謨陀下品中生者。有諸惡業。聞說佛威德。心不疑故。","《選佛譜》卷第五・求生淨土・L45
《選佛譜》卷第五・求生淨土・L45",求生淨土
2501,第9门,增上慧學門,卷5,求生淨土,那謨,那,见烦恼,謨,爱烦恼,不行·安住本位,,,安住,,「那」表见烦恼、「謨」表爱烦恼。往生须具信愿行三，此则未能称名发愿，故不行。,手工逐组（门1–14 手写）,推演,,"但令聞而生信。至誠發願者。則或觀彼土依正。或念彼佛功德。或念彼佛法身。或持彼佛名號。皆得往生。不論若男若女。若僧若俗。若老若少。若智若愚。若善若惡。乃至若人若天。若鬼若畜。但具信願行三。決得往生彼國。
那陀下品下生者。具諸不善。至心稱名故。謨陀下品中生者。有諸惡業。聞說佛威德。心不疑故。","《選佛譜》卷第五・求生淨土・L45
《選佛譜》卷第五・求生淨土・L45",求生淨土
2502,第9门,增上慧學門,卷5,求生淨土,那阿,那,见烦恼,阿,施善,不行·安住本位,,,安住,,「那」表见烦恼、「阿」表施善。往生须具信愿行三，此则未能称名发愿，故不行。,手工逐组（门1–14 手写）,通則,,其餘位中。以阿彌陀善。與那謨惡相為對治。二俱無力。所以並不行也。,《選佛譜》卷第一・見取・L57,見取
2503,第9门,增上慧學門,卷5,求生淨土,那彌,那,见烦恼,彌,戒善,不行·安住本位,,,安住,,「那」表见烦恼、「彌」表戒善。往生须具信愿行三，此则未能称名发愿，故不行。,手工逐组（门1–14 手写）,通則,,其餘位中。以阿彌陀善。與那謨惡相為對治。二俱無力。所以並不行也。,《選佛譜》卷第一・見取・L57,見取
2504,第9门,增上慧學門,卷5,求生淨土,那陀,那,见烦恼,陀,定善,行,下品下生,第14门,横超,,「那」表见烦恼、「陀」表定善。具诸不善而至心称名，故得下品下生。,手工逐组（门1–14 手写）,直說,那陀下品下生者。具諸不善。至心稱名故。,那陀下品下生者。具諸不善。至心稱名故。,《選佛譜》卷第五・求生淨土・L45,求生淨土
2505,第9门,增上慧學門,卷5,求生淨土,那佛,那,见烦恼,佛,无漏善慧,行,淨土疑城,第14门,横超,,「那」表见烦恼、「佛」表无漏善慧。堕于疑悔，虽希佛智而于自善根不能生信，故入净土疑城。,手工逐组（门1–14 手写）,直說,那佛疑城者。墮於疑悔。積集善根。雖希佛智。於自善根不能生信故。,那佛疑城者。墮於疑悔。積集善根。雖希佛智。於自善根不能生信故。,《選佛譜》卷第五・求生淨土・L45,求生淨土
2506,第9门,增上慧學門,卷5,求生淨土,謨謨,謨,爱烦恼,謨,爱烦恼,不行·安住本位,,,安住,,「謨謨」二字俱表爱烦恼。往生须具信愿行三，此则未能称名发愿，故不行。,手工逐组（门1–14 手写）,推演,,"但令聞而生信。至誠發願者。則或觀彼土依正。或念彼佛功德。或念彼佛法身。或持彼佛名號。皆得往生。不論若男若女。若僧若俗。若老若少。若智若愚。若善若惡。乃至若人若天。若鬼若畜。但具信願行三。決得往生彼國。
那陀下品下生者。具諸不善。至心稱名故。謨陀下品中生者。有諸惡業。聞說佛威德。心不疑故。","《選佛譜》卷第五・求生淨土・L45
《選佛譜》卷第五・求生淨土・L45",求生淨土
2507,第9门,增上慧學門,卷5,求生淨土,謨阿,謨,爱烦恼,阿,施善,不行·安住本位,,,安住,,「謨」表爱烦恼、「阿」表施善。往生须具信愿行三，此则未能称名发愿，故不行。,手工逐组（门1–14 手写）,通則,,其餘位中。以阿彌陀善。與那謨惡相為對治。二俱無力。所以並不行也。,《選佛譜》卷第一・見取・L57,見取
2508,第9门,增上慧學門,卷5,求生淨土,謨彌,謨,爱烦恼,彌,戒善,不行·安住本位,,,安住,,「謨」表爱烦恼、「彌」表戒善。往生须具信愿行三，此则未能称名发愿，故不行。,手工逐组（门1–14 手写）,通則,,其餘位中。以阿彌陀善。與那謨惡相為對治。二俱無力。所以並不行也。,《選佛譜》卷第一・見取・L57,見取
2509,第9门,增上慧學門,卷5,求生淨土,謨陀,謨,爱烦恼,陀,定善,行,下品中生,第14门,横超,,「謨」表爱烦恼、「陀」表定善。有诸恶业，闻说佛威德而心不疑，故得下品中生。,手工逐组（门1–14 手写）,直說,謨陀下品中生者。有諸惡業。聞說佛威德。心不疑故。,謨陀下品中生者。有諸惡業。聞說佛威德。心不疑故。,《選佛譜》卷第五・求生淨土・L45,求生淨土
2510,第9门,增上慧學門,卷5,求生淨土,謨佛,謨,爱烦恼,佛,无漏善慧,行,下品上生,第14门,横超,,「謨」表爱烦恼、「佛」表无漏善慧。虽造恶法，得闻经名，能称佛名，故得下品上生。,手工逐组（门1–14 手写）,直說,謨佛下上品者。雖造惡法。得聞經名。能稱佛名故。,謨佛下上品者。雖造惡法。得聞經名。能稱佛名故。,《選佛譜》卷第五・求生淨土・L45,求生淨土
2511,第9门,增上慧學門,卷5,求生淨土,阿阿,阿,施善,阿,施善,行,中品下生,第14门,横超,,「阿阿」二字俱表施善。孝养父母，行世仁慈，故得中品下生。,手工逐组（门1–14 手写）,直說,阿阿中品下生者。孝養父母。行世仁慈故。,阿阿中品下生者。孝養父母。行世仁慈故。,《選佛譜》卷第五・求生淨土・L45,求生淨土
2512,第9门,增上慧學門,卷5,求生淨土,阿彌,阿,施善,彌,戒善,行,中品中生,第14门,横超,,「阿」表施善、「彌」表戒善。一日一夜奉持戒品，故得中品中生。,手工逐组（门1–14 手写）,直說,阿彌中品中生者。一日一夜。奉持戒品故。,阿彌中品中生者。一日一夜。奉持戒品故。,《選佛譜》卷第五・求生淨土・L45,求生淨土
2513,第9门,增上慧學門,卷5,求生淨土,阿陀,阿,施善,陀,定善,行,中品上生,第14门,横超,,「阿」表施善、「陀」表定善。善根回向，同修行诸戒，故得中品上生。,手工逐组（门1–14 手写）,直說,阿陀中品上生者。善根迴向。同彌彌故。,阿陀中品上生者。善根迴向。同彌彌故。,《選佛譜》卷第五・求生淨土・L45,求生淨土
2514,第9门,增上慧學門,卷5,求生淨土,阿佛,阿,施善,佛,无漏善慧,行,上品上生,第14门,横超,,「阿」表施善、「佛」表无漏善慧。舍离惑业，随佛往生，故得上品上生。,手工逐组（门1–14 手写）,直說,阿佛上品上生者。捨離惑業隨佛往生故。,阿佛上品上生者。捨離惑業隨佛往生故。,《選佛譜》卷第五・求生淨土・L45,求生淨土
2515,第9门,增上慧學門,卷5,求生淨土,彌彌,彌,戒善,彌,戒善,行,中品上生,第14门,横超,,「彌彌」二字俱表戒善。修行诸戒，故得中品上生。,手工逐组（门1–14 手写）,直說,彌彌中品上生者。修行諸戒故。,彌彌中品上生者。修行諸戒故。,《選佛譜》卷第五・求生淨土・L45,求生淨土
2516,第9门,增上慧學門,卷5,求生淨土,彌陀,彌,戒善,陀,定善,行,上品下生,第14门,横超,,「彌」表戒善、「陀」表定善。不谤大乘，发无上心，故得上品下生。,手工逐组（门1–14 手写）,直說,彌陀上品下生者。不謗大乘。發無上心故。,彌陀上品下生者。不謗大乘。發無上心故。,《選佛譜》卷第五・求生淨土・L45,求生淨土
2517,第9门,增上慧學門,卷5,求生淨土,彌佛,彌,戒善,佛,无漏善慧,行,方便有餘淨土,第14门,横超,,「彌」表戒善、「佛」表无漏善慧。六根清净，离分段身，故生方便有余净土。,手工逐组（门1–14 手写）,直說,彌佛方便淨土者。六根清淨。離分段身故。,彌佛方便淨土者。六根清淨。離分段身故。,《選佛譜》卷第五・求生淨土・L45,求生淨土
2518,第9门,增上慧學門,卷5,求生淨土,陀陀,陀,定善,陀,定善,行,上品中生,第14门,横超,,「陀陀」二字俱表定善。于第一义心不惊动，故得上品中生。,手工逐组（门1–14 手写）,直說,陀陀上品中生者。於第一義。心不驚動故。,陀陀上品中生者。於第一義。心不驚動故。,《選佛譜》卷第五・求生淨土・L45,求生淨土
2519,第9门,增上慧學門,卷5,求生淨土,陀佛,陀,定善,佛,无漏善慧,行,實報莊嚴淨土,第14门,横超,,「陀」表定善、「佛」表无漏善慧。定慧庄严，色心无尽，故生实报庄严净土。,手工逐组（门1–14 手写）,直說,陀佛實報淨土者。定慧莊嚴。色心無盡故。,陀佛實報淨土者。定慧莊嚴。色心無盡故。,《選佛譜》卷第五・求生淨土・L45,求生淨土
2520,第9门,增上慧學門,卷5,求生淨土,佛佛,佛,无漏善慧,佛,无漏善慧,行,常寂光淨土,第14门,横超,,「佛佛」二字俱表无漏善慧。如智不二，寂照难思，故生常寂光净土。,手工逐组（门1–14 手写）,直說,佛佛寂光淨土者。如智不二。寂照難思故。,佛佛寂光淨土者。如智不二。寂照難思故。,《選佛譜》卷第五・求生淨土・L45,求生淨土
2521,第10门,藏教位次門,卷5,五停心,那那,那,见烦恼,那,见烦恼,行,作法懺,第6门,降,,「那那」二字俱表见烦恼。烦恼既强，必犯诸过，故须入作法忏。,手工逐组（门1–14 手写）,直說,那那等三。煩惱既強。必犯諸過。故須作法。,那那等三。煩惱既強。必犯諸過。故須作法。,《選佛譜》卷第五・五停心・L55,五停心
2522,第10门,藏教位次門,卷5,五停心,那謨,那,见烦恼,謨,爱烦恼,行,作法懺,第6门,降,,「那」表见烦恼、「謨」表爱烦恼。烦恼既强，必犯诸过，故须入作法忏。,手工逐组（门1–14 手写）,直說,那那等三。煩惱既強。必犯諸過。故須作法。,那那等三。煩惱既強。必犯諸過。故須作法。,《選佛譜》卷第五・五停心・L55,五停心
2523,第10门,藏教位次門,卷5,五停心,那阿,那,见烦恼,阿,施善,不行·安住本位,,,安住,,「那」表见烦恼、「阿」表施善。相为对治，二俱无力，故不行。,手工逐组（门1–14 手写）,通則,,其餘位中。以阿彌陀善。與那謨惡相為對治。二俱無力。所以並不行也。,《選佛譜》卷第一・見取・L57,見取
2524,第10门,藏教位次門,卷5,五停心,那彌,那,见烦恼,彌,戒善,不行·安住本位,,,安住,,「那」表见烦恼、「彌」表戒善。相为对治，二俱无力，故不行。,手工逐组（门1–14 手写）,通則,,其餘位中。以阿彌陀善。與那謨惡相為對治。二俱無力。所以並不行也。,《選佛譜》卷第一・見取・L57,見取
2525,第10门,藏教位次門,卷5,五停心,那陀,那,见烦恼,陀,定善,不行·安住本位,,,安住,,「那」表见烦恼、「陀」表定善。相为对治，二俱无力，故不行。,手工逐组（门1–14 手写）,通則,,其餘位中。以阿彌陀善。與那謨惡相為對治。二俱無力。所以並不行也。,《選佛譜》卷第一・見取・L57,見取
2526,第10门,藏教位次門,卷5,五停心,那佛,那,见烦恼,佛,无漏善慧,行,世第一位,第10门,升,,「那」表见烦恼、「佛」表无漏善慧。虽未断见，已邻发真，故入世第一位。,手工逐组（门1–14 手写）,直說,那佛。則雖未斷見。已鄰發真。,那佛。則雖未斷見。已鄰發真。,《選佛譜》卷第五・五停心・L55,五停心
2527,第10门,藏教位次門,卷5,五停心,謨謨,謨,爱烦恼,謨,爱烦恼,行,作法懺,第6门,降,,「謨謨」二字俱表爱烦恼。烦恼既强，必犯诸过，故须入作法忏。,手工逐组（门1–14 手写）,直說,那那等三。煩惱既強。必犯諸過。故須作法。,那那等三。煩惱既強。必犯諸過。故須作法。,《選佛譜》卷第五・五停心・L55,五停心
2528,第10门,藏教位次門,卷5,五停心,謨阿,謨,爱烦恼,阿,施善,不行·安住本位,,,安住,,「謨」表爱烦恼、「阿」表施善。相为对治，二俱无力，故不行。,手工逐组（门1–14 手写）,通則,,其餘位中。以阿彌陀善。與那謨惡相為對治。二俱無力。所以並不行也。,《選佛譜》卷第一・見取・L57,見取
2529,第10门,藏教位次門,卷5,五停心,謨彌,謨,爱烦恼,彌,戒善,不行·安住本位,,,安住,,「謨」表爱烦恼、「彌」表戒善。相为对治，二俱无力，故不行。,手工逐组（门1–14 手写）,通則,,其餘位中。以阿彌陀善。與那謨惡相為對治。二俱無力。所以並不行也。,《選佛譜》卷第一・見取・L57,見取
2530,第10门,藏教位次門,卷5,五停心,謨陀,謨,爱烦恼,陀,定善,不行·安住本位,,,安住,,「謨」表爱烦恼、「陀」表定善。相为对治，二俱无力，故不行。,手工逐组（门1–14 手写）,通則,,其餘位中。以阿彌陀善。與那謨惡相為對治。二俱無力。所以並不行也。,《選佛譜》卷第一・見取・L57,見取
2531,第10门,藏教位次門,卷5,五停心,謨佛,謨,爱烦恼,佛,无漏善慧,行,初果須陀洹,第10门,升,,「謨」表爱烦恼、「佛」表无漏善慧。已得发真，犹存思惑，故成初果须陀洹。,手工逐组（门1–14 手写）,直說,謨佛。則已得發真。猶存思惑。,謨佛。則已得發真。猶存思惑。,《選佛譜》卷第五・五停心・L55,五停心
2532,第10门,藏教位次門,卷5,五停心,阿阿,阿,施善,阿,施善,行,別相念,第10门,升,,「阿阿」二字俱表施善。心既渐调，故阶贤位，入别相念。,手工逐组（门1–14 手写）,直說,阿阿等六。心既漸調。故階賢位。,阿阿等六。心既漸調。故階賢位。,《選佛譜》卷第五・五停心・L55,五停心
2533,第10门,藏教位次門,卷5,五停心,阿彌,阿,施善,彌,戒善,行,總相念,第10门,升,,「阿」表施善、「彌」表戒善。心既渐调，故阶贤位，入总相念。,手工逐组（门1–14 手写）,直說,阿阿等六。心既漸調。故階賢位。,阿阿等六。心既漸調。故階賢位。,《選佛譜》卷第五・五停心・L55,五停心
2534,第10门,藏教位次門,卷5,五停心,阿陀,阿,施善,陀,定善,行,煖位,第10门,升,,「阿」表施善、「陀」表定善。心既渐调，故阶贤位，入煖位。,手工逐组（门1–14 手写）,直說,阿阿等六。心既漸調。故階賢位。,阿阿等六。心既漸調。故階賢位。,《選佛譜》卷第五・五停心・L55,五停心
2535,第10门,藏教位次門,卷5,五停心,阿佛,阿,施善,佛,无漏善慧,行,二果斯陀含,第10门,升,,「阿」表施善、「佛」表无漏善慧。进阶修道，故成二果斯陀含。,手工逐组（门1–14 手写）,直說,阿佛。則進階修道。,阿佛。則進階修道。,《選佛譜》卷第五・五停心・L55,五停心
2536,第10门,藏教位次門,卷5,五停心,彌彌,彌,戒善,彌,戒善,行,煖位,第10门,升,,「彌彌」二字俱表戒善。心既渐调，故阶贤位，入煖位。,手工逐组（门1–14 手写）,直說,阿阿等六。心既漸調。故階賢位。,阿阿等六。心既漸調。故階賢位。,《選佛譜》卷第五・五停心・L55,五停心
2537,第10门,藏教位次門,卷5,五停心,彌陀,彌,戒善,陀,定善,行,頂位,第10门,升,,「彌」表戒善、「陀」表定善。心既渐调，故阶贤位，入顶位。,手工逐组（门1–14 手写）,直說,阿阿等六。心既漸調。故階賢位。,阿阿等六。心既漸調。故階賢位。,《選佛譜》卷第五・五停心・L55,五停心
2538,第10门,藏教位次門,卷5,五停心,彌佛,彌,戒善,佛,无漏善慧,行,四見地,第11门,升,,「彌」表戒善、「佛」表无漏善慧。转入衍门，故入通教四见地。,手工逐组（门1–14 手写）,直說,彌佛。則轉入衍門。,彌佛。則轉入衍門。,《選佛譜》卷第五・五停心・L55,五停心
2539,第10门,藏教位次門,卷5,五停心,陀陀,陀,定善,陀,定善,行,忍位,第10门,升,,「陀陀」二字俱表定善。心既渐调，故阶贤位，入忍位。,手工逐组（门1–14 手写）,直說,阿阿等六。心既漸調。故階賢位。,阿阿等六。心既漸調。故階賢位。,《選佛譜》卷第五・五停心・L55,五停心
2540,第10门,藏教位次門,卷5,五停心,陀佛,陀,定善,佛,无漏善慧,行,初發心住,第12门,升,,「陀」表定善、「佛」表无漏善慧。次第先见于空，故入别教初发心住。,手工逐组（门1–14 手写）,直說,陀佛。則次第先見於空。,陀佛。則次第先見於空。,《選佛譜》卷第五・五停心・L55,五停心
2541,第10门,藏教位次門,卷5,五停心,佛佛,佛,无漏善慧,佛,无漏善慧,行,中品上生,第14门,横超,,「佛佛」二字俱表无漏善慧。回入如来愿海，故得中品上生。,手工逐组（门1–14 手写）,直說,佛佛。則迴入如來願海。,佛佛。則迴入如來願海。,《選佛譜》卷第五・五停心・L55,五停心
2542,第10门,藏教位次門,卷5,別相念,那那,那,见烦恼,那,见烦恼,行,五停心,第10门,降,,「那那」二字俱表见烦恼。烦恼未伏，故须再修助观，退入五停心。,手工逐组（门1–14 手写）,直說,那那等三。煩惱未伏。故須再修助觀。,那那等三。煩惱未伏。故須再修助觀。,《選佛譜》卷第五・別相念・L61,別相念
2543,第10门,藏教位次門,卷5,別相念,那謨,那,见烦恼,謨,爱烦恼,行,五停心,第10门,降,,「那」表见烦恼、「謨」表爱烦恼。烦恼未伏，故须再修助观，退入五停心。,手工逐组（门1–14 手写）,直說,那那等三。煩惱未伏。故須再修助觀。,那那等三。煩惱未伏。故須再修助觀。,《選佛譜》卷第五・別相念・L61,別相念
2544,第10门,藏教位次門,卷5,別相念,那阿,那,见烦恼,阿,施善,不行·安住本位,,,安住,,「那」表见烦恼、「阿」表施善。相为对治，二俱无力，故不行。,手工逐组（门1–14 手写）,通則,,其餘位中。以阿彌陀善。與那謨惡相為對治。二俱無力。所以並不行也。,《選佛譜》卷第一・見取・L57,見取
2545,第10门,藏教位次門,卷5,別相念,那彌,那,见烦恼,彌,戒善,不行·安住本位,,,安住,,「那」表见烦恼、「彌」表戒善。相为对治，二俱无力，故不行。,手工逐组（门1–14 手写）,通則,,其餘位中。以阿彌陀善。與那謨惡相為對治。二俱無力。所以並不行也。,《選佛譜》卷第一・見取・L57,見取
2546,第10门,藏教位次門,卷5,別相念,那陀,那,见烦恼,陀,定善,不行·安住本位,,,安住,,「那」表见烦恼、「陀」表定善。相为对治，二俱无力，故不行。,手工逐组（门1–14 手写）,通則,,其餘位中。以阿彌陀善。與那謨惡相為對治。二俱無力。所以並不行也。,《選佛譜》卷第一・見取・L57,見取
2547,第10门,藏教位次門,卷5,別相念,那佛,那,见烦恼,佛,无漏善慧,行,世第一位,第10门,升,,「那」表见烦恼、「佛」表无漏善慧。例前可知，虽未断见已邻发真，入世第一位。,手工逐组（门1–14 手写）,承注,阿阿等九。例前可知。,那佛。則雖未斷見。已鄰發真。,《選佛譜》卷第五・五停心・L55,五停心
2548,第10门,藏教位次門,卷5,別相念,謨謨,謨,爱烦恼,謨,爱烦恼,行,五停心,第10门,降,,「謨謨」二字俱表爱烦恼。烦恼未伏，故须再修助观，退入五停心。,手工逐组（门1–14 手写）,直說,那那等三。煩惱未伏。故須再修助觀。,那那等三。煩惱未伏。故須再修助觀。,《選佛譜》卷第五・別相念・L61,別相念
2549,第10门,藏教位次門,卷5,別相念,謨阿,謨,爱烦恼,阿,施善,不行·安住本位,,,安住,,「謨」表爱烦恼、「阿」表施善。相为对治，二俱无力，故不行。,手工逐组（门1–14 手写）,通則,,其餘位中。以阿彌陀善。與那謨惡相為對治。二俱無力。所以並不行也。,《選佛譜》卷第一・見取・L57,見取
2550,第10门,藏教位次門,卷5,別相念,謨彌,謨,爱烦恼,彌,戒善,不行·安住本位,,,安住,,「謨」表爱烦恼、「彌」表戒善。相为对治，二俱无力，故不行。,手工逐组（门1–14 手写）,通則,,其餘位中。以阿彌陀善。與那謨惡相為對治。二俱無力。所以並不行也。,《選佛譜》卷第一・見取・L57,見取
2551,第10门,藏教位次門,卷5,別相念,謨陀,謨,爱烦恼,陀,定善,不行·安住本位,,,安住,,「謨」表爱烦恼、「陀」表定善。相为对治，二俱无力，故不行。,手工逐组（门1–14 手写）,通則,,其餘位中。以阿彌陀善。與那謨惡相為對治。二俱無力。所以並不行也。,《選佛譜》卷第一・見取・L57,見取
2552,第10门,藏教位次門,卷5,別相念,謨佛,謨,爱烦恼,佛,无漏善慧,行,初果須陀洹,第10门,升,,「謨」表爱烦恼、「佛」表无漏善慧。例前可知，已得发真犹存思惑，成初果须陀洹。,手工逐组（门1–14 手写）,承注,阿阿等九。例前可知。,謨佛。則已得發真。猶存思惑。,《選佛譜》卷第五・五停心・L55,五停心
2553,第10门,藏教位次門,卷5,別相念,阿阿,阿,施善,阿,施善,行,總相念,第10门,升,,「阿阿」二字俱表施善。例前可知，心既渐调而阶贤位，入总相念。,手工逐组（门1–14 手写）,承注,阿阿等九。例前可知。,阿阿等六。心既漸調。故階賢位。,《選佛譜》卷第五・五停心・L55,五停心
2554,第10门,藏教位次門,卷5,別相念,阿彌,阿,施善,彌,戒善,行,煖位,第10门,升,,「阿」表施善、「彌」表戒善。例前可知，心既渐调而阶贤位，入煖位。,手工逐组（门1–14 手写）,承注,阿阿等九。例前可知。,阿阿等六。心既漸調。故階賢位。,《選佛譜》卷第五・五停心・L55,五停心
2555,第10门,藏教位次門,卷5,別相念,阿陀,阿,施善,陀,定善,行,頂位,第10门,升,,「阿」表施善、「陀」表定善。例前可知，心既渐调而阶贤位，入顶位。,手工逐组（门1–14 手写）,承注,阿阿等九。例前可知。,阿阿等六。心既漸調。故階賢位。,《選佛譜》卷第五・五停心・L55,五停心
2556,第10门,藏教位次門,卷5,別相念,阿佛,阿,施善,佛,无漏善慧,行,二果斯陀含,第10门,升,,「阿」表施善、「佛」表无漏善慧。例前可知，进阶修道，故成二果斯陀含。,手工逐组（门1–14 手写）,承注,阿阿等九。例前可知。,阿佛。則進階修道。,《選佛譜》卷第五・五停心・L55,五停心
2557,第10门,藏教位次門,卷5,別相念,彌彌,彌,戒善,彌,戒善,行,頂位,第10门,升,,「彌彌」二字俱表戒善。例前可知，心既渐调而阶贤位，入顶位。,手工逐组（门1–14 手写）,承注,阿阿等九。例前可知。,阿阿等六。心既漸調。故階賢位。,《選佛譜》卷第五・五停心・L55,五停心
2558,第10门,藏教位次門,卷5,別相念,彌陀,彌,戒善,陀,定善,行,忍位,第10门,升,,「彌」表戒善、「陀」表定善。例前可知，心既渐调而阶贤位，入忍位。,手工逐组（门1–14 手写）,承注,阿阿等九。例前可知。,阿阿等六。心既漸調。故階賢位。,《選佛譜》卷第五・五停心・L55,五停心
2559,第10门,藏教位次門,卷5,別相念,彌佛,彌,戒善,佛,无漏善慧,行,三果阿那含,第10门,升,,「彌」表戒善、「佛」表无漏善慧。生灭门中已修正观，急求出苦，不转入通别二门，成三果阿那含。,手工逐组（门1–14 手写）,直說,彌佛三果。陀佛四果者。生滅門中。已修正觀。急求出苦。故不轉入通別二門。,彌佛三果。陀佛四果者。生滅門中。已修正觀。急求出苦。故不轉入通別二門。,《選佛譜》卷第五・別相念・L61,別相念
2560,第10门,藏教位次門,卷5,別相念,陀陀,陀,定善,陀,定善,行,世第一位,第10门,升,,「陀陀」二字俱表定善。例前可知，心既渐调，入世第一位。,手工逐组（门1–14 手写）,承注,阿阿等九。例前可知。,阿阿等六。心既漸調。故階賢位。,《選佛譜》卷第五・五停心・L55,五停心
2561,第10门,藏教位次門,卷5,別相念,陀佛,陀,定善,佛,无漏善慧,行,四果阿羅漢,第10门,升,,「陀」表定善、「佛」表无漏善慧。生灭门中已修正观，急求出苦，不转入通别二门，成四果阿罗汉。,手工逐组（门1–14 手写）,直說,彌佛三果。陀佛四果者。生滅門中。已修正觀。急求出苦。故不轉入通別二門。,彌佛三果。陀佛四果者。生滅門中。已修正觀。急求出苦。故不轉入通別二門。,《選佛譜》卷第五・別相念・L61,別相念
2562,第10门,藏教位次門,卷5,別相念,佛佛,佛,无漏善慧,佛,无漏善慧,行,大乘初阿僧祇滿,第10门,升,,「佛佛」二字俱表无漏善慧。于当教中发大菩提心，故入大乘初阿僧祇满。,手工逐组（门1–14 手写）,直說,佛佛初僧祇滿者。於當教中。發大菩提心故,佛佛初僧祇滿者。於當教中。發大菩提心故,《選佛譜》卷第五・別相念・L61,別相念
2563,第10门,藏教位次門,卷5,總相念,那那,那,见烦恼,那,见烦恼,行,五停心,第10门,降,,「那那」二字俱表见烦恼。烦恼力强，仍须退修助观，入五停心。,手工逐组（门1–14 手写）,直說,然那那等三。煩惱力強。仍須退修助觀。及與別相。,然那那等三。煩惱力強。仍須退修助觀。及與別相。,《選佛譜》卷第五・總相念・L65,總相念
2564,第10门,藏教位次門,卷5,總相念,那謨,那,见烦恼,謨,爱烦恼,行,五停心,第10门,降,,「那」表见烦恼、「謨」表爱烦恼。烦恼力强，仍须退修助观，入五停心。,手工逐组（门1–14 手写）,直說,然那那等三。煩惱力強。仍須退修助觀。及與別相。,然那那等三。煩惱力強。仍須退修助觀。及與別相。,《選佛譜》卷第五・總相念・L65,總相念
2565,第10门,藏教位次門,卷5,總相念,那阿,那,见烦恼,阿,施善,不行·安住本位,,,安住,,「那」表见烦恼、「阿」表施善。相为对治，二俱无力，故不行。,手工逐组（门1–14 手写）,通則,,其餘位中。以阿彌陀善。與那謨惡相為對治。二俱無力。所以並不行也。,《選佛譜》卷第一・見取・L57,見取
2566,第10门,藏教位次門,卷5,總相念,那彌,那,见烦恼,彌,戒善,不行·安住本位,,,安住,,「那」表见烦恼、「彌」表戒善。相为对治，二俱无力，故不行。,手工逐组（门1–14 手写）,通則,,其餘位中。以阿彌陀善。與那謨惡相為對治。二俱無力。所以並不行也。,《選佛譜》卷第一・見取・L57,見取
2567,第10门,藏教位次門,卷5,總相念,那陀,那,见烦恼,陀,定善,不行·安住本位,,,安住,,「那」表见烦恼、「陀」表定善。相为对治，二俱无力，故不行。,手工逐组（门1–14 手写）,通則,,其餘位中。以阿彌陀善。與那謨惡相為對治。二俱無力。所以並不行也。,《選佛譜》卷第一・見取・L57,見取
2568,第10门,藏教位次門,卷5,總相念,那佛,那,见烦恼,佛,无漏善慧,行,初果須陀洹,第10门,升,,「那」表见烦恼、「佛」表无漏善慧。观力稍深，遇佛字便得发真见道，成初果须陀洹。,手工逐组（门1–14 手写）,直說,那佛初果者。觀力稍深。故遇佛字。便得發真見道。,那佛初果者。觀力稍深。故遇佛字。便得發真見道。,《選佛譜》卷第五・總相念・L65,總相念
2569,第10门,藏教位次門,卷5,總相念,謨謨,謨,爱烦恼,謨,爱烦恼,行,別相念,第10门,降,,「謨謨」二字俱表爱烦恼。烦恼力强，仍须退修别相，入别相念。,手工逐组（门1–14 手写）,直說,然那那等三。煩惱力強。仍須退修助觀。及與別相。,然那那等三。煩惱力強。仍須退修助觀。及與別相。,《選佛譜》卷第五・總相念・L65,總相念
2570,第10门,藏教位次門,卷5,總相念,謨阿,謨,爱烦恼,阿,施善,不行·安住本位,,,安住,,「謨」表爱烦恼、「阿」表施善。相为对治，二俱无力，故不行。,手工逐组（门1–14 手写）,通則,,其餘位中。以阿彌陀善。與那謨惡相為對治。二俱無力。所以並不行也。,《選佛譜》卷第一・見取・L57,見取
2571,第10门,藏教位次門,卷5,總相念,謨彌,謨,爱烦恼,彌,戒善,不行·安住本位,,,安住,,「謨」表爱烦恼、「彌」表戒善。相为对治，二俱无力，故不行。,手工逐组（门1–14 手写）,通則,,其餘位中。以阿彌陀善。與那謨惡相為對治。二俱無力。所以並不行也。,《選佛譜》卷第一・見取・L57,見取
2572,第10门,藏教位次門,卷5,總相念,謨陀,謨,爱烦恼,陀,定善,不行·安住本位,,,安住,,「謨」表爱烦恼、「陀」表定善。相为对治，二俱无力，故不行。,手工逐组（门1–14 手写）,通則,,其餘位中。以阿彌陀善。與那謨惡相為對治。二俱無力。所以並不行也。,《選佛譜》卷第一・見取・L57,見取
2573,第10门,藏教位次門,卷5,總相念,謨佛,謨,爱烦恼,佛,无漏善慧,行,二果斯陀含,第10门,升,,「謨」表爱烦恼、「佛」表无漏善慧。观力稍深，遇佛字便得发真，进阶修道，成二果斯陀含。,手工逐组（门1–14 手写）,承注,,謨佛。則已得發真。猶存思惑。,《選佛譜》卷第五・五停心・L55,五停心
2574,第10门,藏教位次門,卷5,總相念,阿阿,阿,施善,阿,施善,行,煖位,第10门,升,,「阿阿」二字俱表施善。例前可知，心既渐调而阶贤位，入煖位。,手工逐组（门1–14 手写）,承注,,阿阿等六。心既漸調。故階賢位。,《選佛譜》卷第五・五停心・L55,五停心
2575,第10门,藏教位次門,卷5,總相念,阿彌,阿,施善,彌,戒善,行,頂位,第10门,升,,「阿」表施善、「彌」表戒善。例前可知，心既渐调而阶贤位，入顶位。,手工逐组（门1–14 手写）,承注,,阿阿等六。心既漸調。故階賢位。,《選佛譜》卷第五・五停心・L55,五停心
2576,第10门,藏教位次門,卷5,總相念,阿陀,阿,施善,陀,定善,行,忍位,第10门,升,,「阿」表施善、「陀」表定善。例前可知，心既渐调而阶贤位，入忍位。,手工逐组（门1–14 手写）,承注,,阿阿等六。心既漸調。故階賢位。,《選佛譜》卷第五・五停心・L55,五停心
2577,第10门,藏教位次門,卷5,總相念,阿佛,阿,施善,佛,无漏善慧,行,三果阿那含,第10门,升,,「阿」表施善、「佛」表无漏善慧。观力稍深，遇佛字便得发真见道，故成三果阿那含。,手工逐组（门1–14 手写）,承注,,阿佛。則進階修道。,《選佛譜》卷第五・五停心・L55,五停心
2578,第10门,藏教位次門,卷5,總相念,彌彌,彌,戒善,彌,戒善,行,忍位,第10门,升,,「彌彌」二字俱表戒善。例前可知，心既渐调而阶贤位，入忍位。,手工逐组（门1–14 手写）,承注,,阿阿等六。心既漸調。故階賢位。,《選佛譜》卷第五・五停心・L55,五停心
2579,第10门,藏教位次門,卷5,總相念,彌陀,彌,戒善,陀,定善,行,世第一位,第10门,升,,「彌」表戒善、「陀」表定善。例前可知，心既渐调，入世第一位。,手工逐组（门1–14 手写）,承注,,阿阿等六。心既漸調。故階賢位。,《選佛譜》卷第五・五停心・L55,五停心
2580,第10门,藏教位次門,卷5,總相念,彌佛,彌,戒善,佛,无漏善慧,行,四果阿羅漢,第10门,升,,「彌」表戒善、「佛」表无漏善慧。已修正观，不转入通别二门，故成四果阿罗汉。,手工逐组（门1–14 手写）,承注,,彌佛。則轉入衍門。,《選佛譜》卷第五・五停心・L55,五停心
2581,第10门,藏教位次門,卷5,總相念,陀陀,陀,定善,陀,定善,行,世第一位,第10门,升,,「陀陀」二字俱表定善。例前可知，心既渐调，入世第一位。,手工逐组（门1–14 手写）,承注,,阿阿等六。心既漸調。故階賢位。,《選佛譜》卷第五・五停心・L55,五停心
2582,第10门,藏教位次門,卷5,總相念,陀佛,陀,定善,佛,无漏善慧,行,中乘辟支佛果,第10门,升,,「陀」表定善、「佛」表无漏善慧。定力稍胜，能侵习气，故成中乘辟支佛果。,手工逐组（门1–14 手写）,直說,陀佛辟支果者。定力稍勝。能侵習氣也。,陀佛辟支果者。定力稍勝。能侵習氣也。,《選佛譜》卷第五・總相念・L65,總相念
2583,第10门,藏教位次門,卷5,總相念,佛佛,佛,无漏善慧,佛,无漏善慧,行,大乘初阿僧祇滿,第10门,升,,「佛佛」二字俱表无漏善慧。于当教中发大菩提心，故入大乘初阿僧祇满。,手工逐组（门1–14 手写）,承注,,佛佛。則迴入如來願海。,《選佛譜》卷第五・五停心・L55,五停心
2584,第10门,藏教位次門,卷5,煖位,那那,那,见烦恼,那,见烦恼,行,五停心,第10门,降,,「那那」二字俱表见烦恼。此位犹有退，故退入五停心。,手工逐组（门1–14 手写）,直說,故那那等仍行。,此猶有退。故那那等仍行。,《選佛譜》卷第五・煖位・L69,煖位
2585,第10门,藏教位次門,卷5,煖位,那謨,那,见烦恼,謨,爱烦恼,行,別相念,第10门,降,,「那」表见烦恼、「謨」表爱烦恼。此位犹有退，故退入别相念。,手工逐组（门1–14 手写）,直說,故那那等仍行。,此猶有退。故那那等仍行。,《選佛譜》卷第五・煖位・L69,煖位
2586,第10门,藏教位次門,卷5,煖位,那阿,那,见烦恼,阿,施善,不行·安住本位,,,安住,,「那」表见烦恼、「阿」表施善。相为对治，二俱无力，故不行。,手工逐组（门1–14 手写）,通則,,其餘位中。以阿彌陀善。與那謨惡相為對治。二俱無力。所以並不行也。,《選佛譜》卷第一・見取・L57,見取
2587,第10门,藏教位次門,卷5,煖位,那彌,那,见烦恼,彌,戒善,不行·安住本位,,,安住,,「那」表见烦恼、「彌」表戒善。相为对治，二俱无力，故不行。,手工逐组（门1–14 手写）,通則,,其餘位中。以阿彌陀善。與那謨惡相為對治。二俱無力。所以並不行也。,《選佛譜》卷第一・見取・L57,見取
2588,第10门,藏教位次門,卷5,煖位,那陀,那,见烦恼,陀,定善,不行·安住本位,,,安住,,「那」表见烦恼、「陀」表定善。相为对治，二俱无力，故不行。,手工逐组（门1–14 手写）,通則,,其餘位中。以阿彌陀善。與那謨惡相為對治。二俱無力。所以並不行也。,《選佛譜》卷第一・見取・L57,見取
2589,第10门,藏教位次門,卷5,煖位,那佛,那,见烦恼,佛,无漏善慧,行,初果須陀洹,第10门,升,,「那」表见烦恼、「佛」表无漏善慧。当教位中更无他胜进，故仍成初果须陀洹。,手工逐组（门1–14 手写）,直說,那佛。謨佛。亦仍初二果者。當教位中。更無他勝進故。,那佛。謨佛。亦仍初二果者。當教位中。更無他勝進故。,《選佛譜》卷第五・煖位・L69,煖位
2590,第10门,藏教位次門,卷5,煖位,謨謨,謨,爱烦恼,謨,爱烦恼,行,總相念,第10门,降,,「謨謨」二字俱表爱烦恼。此位犹有退，故退入总相念。,手工逐组（门1–14 手写）,直說,故那那等仍行。,此猶有退。故那那等仍行。,《選佛譜》卷第五・煖位・L69,煖位
2591,第10门,藏教位次門,卷5,煖位,謨阿,謨,爱烦恼,阿,施善,不行·安住本位,,,安住,,「謨」表爱烦恼、「阿」表施善。相为对治，二俱无力，故不行。,手工逐组（门1–14 手写）,通則,,其餘位中。以阿彌陀善。與那謨惡相為對治。二俱無力。所以並不行也。,《選佛譜》卷第一・見取・L57,見取
2592,第10门,藏教位次門,卷5,煖位,謨彌,謨,爱烦恼,彌,戒善,不行·安住本位,,,安住,,「謨」表爱烦恼、「彌」表戒善。相为对治，二俱无力，故不行。,手工逐组（门1–14 手写）,通則,,其餘位中。以阿彌陀善。與那謨惡相為對治。二俱無力。所以並不行也。,《選佛譜》卷第一・見取・L57,見取
2593,第10门,藏教位次門,卷5,煖位,謨陀,謨,爱烦恼,陀,定善,不行·安住本位,,,安住,,「謨」表爱烦恼、「陀」表定善。相为对治，二俱无力，故不行。,手工逐组（门1–14 手写）,通則,,其餘位中。以阿彌陀善。與那謨惡相為對治。二俱無力。所以並不行也。,《選佛譜》卷第一・見取・L57,見取
2594,第10门,藏教位次門,卷5,煖位,謨佛,謨,爱烦恼,佛,无漏善慧,行,二果斯陀含,第10门,升,,「謨」表爱烦恼、「佛」表无漏善慧。当教位中更无他胜进，故仍成二果斯陀含。,手工逐组（门1–14 手写）,直說,那佛。謨佛。亦仍初二果者。當教位中。更無他勝進故。,那佛。謨佛。亦仍初二果者。當教位中。更無他勝進故。,《選佛譜》卷第五・煖位・L69,煖位
2595,第10门,藏教位次門,卷5,煖位,阿阿,阿,施善,阿,施善,行,頂位,第10门,升,,「阿阿」二字俱表施善。起四正勤，除恶生善，故进入顶位。,手工逐组（门1–14 手写）,承注,,阿阿等六。心既漸調。故階賢位。,《選佛譜》卷第五・五停心・L55,五停心
2596,第10门,藏教位次門,卷5,煖位,阿彌,阿,施善,彌,戒善,行,忍位,第10门,升,,「阿」表施善、「彌」表戒善。起四正勤，除恶生善，故进入忍位。,手工逐组（门1–14 手写）,承注,,阿阿等六。心既漸調。故階賢位。,《選佛譜》卷第五・五停心・L55,五停心
2597,第10门,藏教位次門,卷5,煖位,阿陀,阿,施善,陀,定善,行,世第一位,第10门,升,,「阿」表施善、「陀」表定善。起四正勤，除恶生善，入世第一位。,手工逐组（门1–14 手写）,承注,,阿阿等六。心既漸調。故階賢位。,《選佛譜》卷第五・五停心・L55,五停心
2598,第10门,藏教位次門,卷5,煖位,阿佛,阿,施善,佛,无漏善慧,行,三果阿那含,第10门,升,,「阿」表施善、「佛」表无漏善慧。缘四谛境而生似解，遇佛字发真，成三果阿那含。,手工逐组（门1–14 手写）,承注,,阿佛。則進階修道。,《選佛譜》卷第五・五停心・L55,五停心
2599,第10门,藏教位次門,卷5,煖位,彌彌,彌,戒善,彌,戒善,行,世第一位,第10门,升,,「彌彌」二字俱表戒善。起四正勤，除恶生善，入世第一位。,手工逐组（门1–14 手写）,承注,,阿阿等六。心既漸調。故階賢位。,《選佛譜》卷第五・五停心・L55,五停心
2600,第10门,藏教位次門,卷5,煖位,彌陀,彌,戒善,陀,定善,行,初果須陀洹,第10门,升,,「彌」表戒善、「陀」表定善。戒定力增，亦得断粗惑，故成初果须陀洹。,手工逐组（门1–14 手写）,直說,彌陀證初果。,彌陀證初果。陀陀證二果者。戒定力增。亦得斷麤惑故。,《選佛譜》卷第五・煖位・L69,煖位
2601,第10门,藏教位次門,卷5,煖位,彌佛,彌,戒善,佛,无漏善慧,行,四果阿羅漢,第10门,升,,「彌」表戒善、「佛」表无漏善慧。依前位之例，已修正观，急求出苦，成四果阿罗汉。,手工逐组（门1–14 手写）,承注,,彌佛。則轉入衍門。,《選佛譜》卷第五・五停心・L55,五停心
2602,第10门,藏教位次門,卷5,煖位,陀陀,陀,定善,陀,定善,行,二果斯陀含,第10门,升,,「陀陀」二字俱表定善。戒定力增，亦得断粗惑，故成二果斯陀含。,手工逐组（门1–14 手写）,直說,陀陀證二果者。戒定力增。亦得斷麤惑故。,彌陀證初果。陀陀證二果者。戒定力增。亦得斷麤惑故。,《選佛譜》卷第五・煖位・L69,煖位
2603,第10门,藏教位次門,卷5,煖位,陀佛,陀,定善,佛,无漏善慧,行,中乘辟支佛果,第10门,升,,「陀」表定善、「佛」表无漏善慧。例前可知，定力稍胜，能侵习气，成中乘辟支佛果。,手工逐组（门1–14 手写）,承注,,陀佛。則次第先見於空。,《選佛譜》卷第五・五停心・L55,五停心
2604,第10门,藏教位次門,卷5,煖位,佛佛,佛,无漏善慧,佛,无漏善慧,行,圓十信位,第13门,升,,「佛佛」二字俱表无漏善慧。开权显实，故入圆十信位。,手工逐组（门1–14 手写）,直說,佛佛圓信者。開權顯實故。,佛佛圓信者。開權顯實故。,《選佛譜》卷第五・煖位・L69,煖位
2605,第10门,藏教位次門,卷5,頂位,那那,那,见烦恼,那,见烦恼,行,別相念,第10门,降,,「那那」二字俱表见烦恼。此位不得久住，非进即退，故顶堕入别相念。,手工逐组（门1–14 手写）,直說,此位不得久住。非進即退。退即名為頂墮。,善修四如意足。能令定慧均等。觀四諦境。……轉更分明。……如登山頂。矚了四方。故名頂位。……此位不得久住。非進即退。退即名為頂墮。餘並如前可知。,《選佛譜》卷第五・頂位・L73,頂位
2606,第10门,藏教位次門,卷5,頂位,那謨,那,见烦恼,謨,爱烦恼,行,總相念,第10门,降,,「那」表见烦恼、「謨」表爱烦恼。此位不得久住，非进即退，故顶堕入总相念。,手工逐组（门1–14 手写）,承注,此位不得久住。非進即退。退即名為頂墮。,那那等三。煩惱既強。必犯諸過。故須作法。,《選佛譜》卷第五・五停心・L55,五停心
2607,第10门,藏教位次門,卷5,頂位,那阿,那,见烦恼,阿,施善,不行·安住本位,,,安住,,「那」表见烦恼、「阿」表施善。相为对治，二俱无力，故不行。,手工逐组（门1–14 手写）,通則,餘並如前可知。,其餘位中。以阿彌陀善。與那謨惡相為對治。二俱無力。所以並不行也。,《選佛譜》卷第一・見取・L57,見取
2608,第10门,藏教位次門,卷5,頂位,那彌,那,见烦恼,彌,戒善,不行·安住本位,,,安住,,「那」表见烦恼、「彌」表戒善。相为对治，二俱无力，故不行。,手工逐组（门1–14 手写）,通則,餘並如前可知。,其餘位中。以阿彌陀善。與那謨惡相為對治。二俱無力。所以並不行也。,《選佛譜》卷第一・見取・L57,見取
2609,第10门,藏教位次門,卷5,頂位,那陀,那,见烦恼,陀,定善,不行·安住本位,,,安住,,「那」表见烦恼、「陀」表定善。相为对治，二俱无力，故不行。,手工逐组（门1–14 手写）,通則,餘並如前可知。,其餘位中。以阿彌陀善。與那謨惡相為對治。二俱無力。所以並不行也。,《選佛譜》卷第一・見取・L57,見取
2610,第10门,藏教位次門,卷5,頂位,那佛,那,见烦恼,佛,无漏善慧,行,初果須陀洹,第10门,升,,「那」表见烦恼、「佛」表无漏善慧。余并如前可知，更无他胜进，成初果须陀洹。,手工逐组（门1–14 手写）,承注,餘並如前可知。,那佛。謨佛。亦仍初二果者。當教位中。更無他勝進故。,《選佛譜》卷第五・煖位・L69,煖位
2611,第10门,藏教位次門,卷5,頂位,謨謨,謨,爱烦恼,謨,爱烦恼,行,煖位,第10门,降,,「謨謨」二字俱表爱烦恼。此位不得久住，非进即退，故顶堕入煖位。,手工逐组（门1–14 手写）,承注,此位不得久住。非進即退。退即名為頂墮。,那那等三。煩惱既強。必犯諸過。故須作法。,《選佛譜》卷第五・五停心・L55,五停心
2612,第10门,藏教位次門,卷5,頂位,謨阿,謨,爱烦恼,阿,施善,不行·安住本位,,,安住,,「謨」表爱烦恼、「阿」表施善。相为对治，二俱无力，故不行。,手工逐组（门1–14 手写）,通則,餘並如前可知。,其餘位中。以阿彌陀善。與那謨惡相為對治。二俱無力。所以並不行也。,《選佛譜》卷第一・見取・L57,見取
2613,第10门,藏教位次門,卷5,頂位,謨彌,謨,爱烦恼,彌,戒善,不行·安住本位,,,安住,,「謨」表爱烦恼、「彌」表戒善。相为对治，二俱无力，故不行。,手工逐组（门1–14 手写）,通則,餘並如前可知。,其餘位中。以阿彌陀善。與那謨惡相為對治。二俱無力。所以並不行也。,《選佛譜》卷第一・見取・L57,見取
2614,第10门,藏教位次門,卷5,頂位,謨陀,謨,爱烦恼,陀,定善,不行·安住本位,,,安住,,「謨」表爱烦恼、「陀」表定善。相为对治，二俱无力，故不行。,手工逐组（门1–14 手写）,通則,餘並如前可知。,其餘位中。以阿彌陀善。與那謨惡相為對治。二俱無力。所以並不行也。,《選佛譜》卷第一・見取・L57,見取
2615,第10门,藏教位次門,卷5,頂位,謨佛,謨,爱烦恼,佛,无漏善慧,行,二果斯陀含,第10门,升,,「謨」表爱烦恼、「佛」表无漏善慧。余并如前可知，更无他胜进，成二果斯陀含。,手工逐组（门1–14 手写）,承注,餘並如前可知。,那佛。謨佛。亦仍初二果者。當教位中。更無他勝進故。,《選佛譜》卷第五・煖位・L69,煖位
2616,第10门,藏教位次門,卷5,頂位,阿阿,阿,施善,阿,施善,行,忍位,第10门,升,,「阿阿」二字俱表施善。善修四如意足，定慧均等，故进入忍位。,手工逐组（门1–14 手写）,承注,餘並如前可知。,阿阿等六。心既漸調。故階賢位。,《選佛譜》卷第五・五停心・L55,五停心
2617,第10门,藏教位次門,卷5,頂位,阿彌,阿,施善,彌,戒善,行,世第一位,第10门,升,,「阿」表施善、「彌」表戒善。善修四如意足，定慧均等，入世第一位。,手工逐组（门1–14 手写）,承注,餘並如前可知。,阿阿等六。心既漸調。故階賢位。,《選佛譜》卷第五・五停心・L55,五停心
2618,第10门,藏教位次門,卷5,頂位,阿陀,阿,施善,陀,定善,行,初果須陀洹,第10门,升,,「阿」表施善、「陀」表定善。定慧均等，观四谛境转更分明，成初果须陀洹。,手工逐组（门1–14 手写）,承注,餘並如前可知。,阿阿等六。心既漸調。故階賢位。,《選佛譜》卷第五・五停心・L55,五停心
2619,第10门,藏教位次門,卷5,頂位,阿佛,阿,施善,佛,无漏善慧,行,三果阿那含,第10门,升,,「阿」表施善、「佛」表无漏善慧。余并如前可知，遇佛字发真，成三果阿那含。,手工逐组（门1–14 手写）,承注,餘並如前可知。,阿佛。則進階修道。,《選佛譜》卷第五・五停心・L55,五停心
2620,第10门,藏教位次門,卷5,頂位,彌彌,彌,戒善,彌,戒善,行,初果須陀洹,第10门,升,,「彌彌」二字俱表戒善。定慧均等，观四谛境转更分明，成初果须陀洹。,手工逐组（门1–14 手写）,承注,餘並如前可知。,阿阿等六。心既漸調。故階賢位。,《選佛譜》卷第五・五停心・L55,五停心
2621,第10门,藏教位次門,卷5,頂位,彌陀,彌,戒善,陀,定善,行,二果斯陀含,第10门,升,,「彌」表戒善、「陀」表定善。定慧均等，观四谛境转更分明，成二果斯陀含。,手工逐组（门1–14 手写）,承注,餘並如前可知。,阿阿等六。心既漸調。故階賢位。,《選佛譜》卷第五・五停心・L55,五停心
2622,第10门,藏教位次門,卷5,頂位,彌佛,彌,戒善,佛,无漏善慧,行,四果阿羅漢,第10门,升,,「彌」表戒善、「佛」表无漏善慧。依前位之例，已修正观，急求出苦，成四果阿罗汉。,手工逐组（门1–14 手写）,承注,餘並如前可知。,彌佛。則轉入衍門。,《選佛譜》卷第五・五停心・L55,五停心
2623,第10门,藏教位次門,卷5,頂位,陀陀,陀,定善,陀,定善,行,三果阿那含,第10门,升,,「陀陀」二字俱表定善。定慧均等，观四谛境转更分明，成三果阿那含。,手工逐组（门1–14 手写）,承注,餘並如前可知。,阿阿等六。心既漸調。故階賢位。,《選佛譜》卷第五・五停心・L55,五停心
2624,第10门,藏教位次門,卷5,頂位,陀佛,陀,定善,佛,无漏善慧,行,中乘辟支佛果,第10门,升,,「陀」表定善、「佛」表无漏善慧。依前位之例，定力稍胜，能侵习气，成中乘辟支佛果。,手工逐组（门1–14 手写）,承注,餘並如前可知。,陀佛。則次第先見於空。,《選佛譜》卷第五・五停心・L55,五停心
2625,第10门,藏教位次門,卷5,頂位,佛佛,佛,无漏善慧,佛,无漏善慧,行,圓十信位,第13门,升,,「佛佛」二字俱表无漏善慧。开权显实，故入圆十信位。,手工逐组（门1–14 手写）,承注,餘並如前可知。,佛佛。則迴入如來願海。,《選佛譜》卷第五・五停心・L55,五停心
2626,第10门,藏教位次門,卷5,忍位,那那,那,见烦恼,那,见烦恼,不行·安住本位,,,安住,,「那那」二字俱表见烦恼。此位永不退堕，不起恶故，故不行。,手工逐组（门1–14 手写）,直說,那那等不行者。不起惡故。,那那等不行者。不起惡故。,《選佛譜》卷第五・忍位・L77,忍位
2627,第10门,藏教位次門,卷5,忍位,那謨,那,见烦恼,謨,爱烦恼,不行·安住本位,,,安住,,「那」表见烦恼、「謨」表爱烦恼。此位永不退堕，不起恶故，故不行。,手工逐组（门1–14 手写）,直說,那那等不行者。不起惡故。,那那等不行者。不起惡故。,《選佛譜》卷第五・忍位・L77,忍位
2628,第10门,藏教位次門,卷5,忍位,那阿,那,见烦恼,阿,施善,不行·安住本位,,,安住,,「那」表见烦恼、「阿」表施善。此位永不退堕，不起恶故，烦恼不复现起，故不行。,手工逐组（门1–14 手写）,通則,那那等不行者。不起惡故。,其餘位中。以阿彌陀善。與那謨惡相為對治。二俱無力。所以並不行也。,《選佛譜》卷第一・見取・L57,見取
2629,第10门,藏教位次門,卷5,忍位,那彌,那,见烦恼,彌,戒善,不行·安住本位,,,安住,,「那」表见烦恼、「彌」表戒善。此位永不退堕，不起恶故，烦恼不复现起，故不行。,手工逐组（门1–14 手写）,通則,那那等不行者。不起惡故。,其餘位中。以阿彌陀善。與那謨惡相為對治。二俱無力。所以並不行也。,《選佛譜》卷第一・見取・L57,見取
2630,第10门,藏教位次門,卷5,忍位,那陀,那,见烦恼,陀,定善,不行·安住本位,,,安住,,「那」表见烦恼、「陀」表定善。此位永不退堕，不起恶故，烦恼不复现起，故不行。,手工逐组（门1–14 手写）,通則,那那等不行者。不起惡故。,其餘位中。以阿彌陀善。與那謨惡相為對治。二俱無力。所以並不行也。,《選佛譜》卷第一・見取・L57,見取
2631,第10门,藏教位次門,卷5,忍位,那佛,那,见烦恼,佛,无漏善慧,行,初果須陀洹,第10门,升,,「那」表见烦恼、「佛」表无漏善慧。余并如前可知，遇佛字发真，成初果须陀洹。,手工逐组（门1–14 手写）,直說,,於如意足中。五種善法增進成根。於四諦中。堪忍樂欲。永不退墮。故名忍位也。,《選佛譜》卷第五・忍位・L77,忍位
2632,第10门,藏教位次門,卷5,忍位,謨謨,謨,爱烦恼,謨,爱烦恼,不行·安住本位,,,安住,,「謨謨」二字俱表爱烦恼。此位永不退堕，不起恶故，故不行。,手工逐组（门1–14 手写）,直說,那那等不行者。不起惡故。,那那等不行者。不起惡故。,《選佛譜》卷第五・忍位・L77,忍位
2633,第10门,藏教位次門,卷5,忍位,謨阿,謨,爱烦恼,阿,施善,不行·安住本位,,,安住,,「謨」表爱烦恼、「阿」表施善。此位永不退堕，不起恶故，烦恼不复现起，故不行。,手工逐组（门1–14 手写）,通則,那那等不行者。不起惡故。,其餘位中。以阿彌陀善。與那謨惡相為對治。二俱無力。所以並不行也。,《選佛譜》卷第一・見取・L57,見取
2634,第10门,藏教位次門,卷5,忍位,謨彌,謨,爱烦恼,彌,戒善,不行·安住本位,,,安住,,「謨」表爱烦恼、「彌」表戒善。此位永不退堕，不起恶故，烦恼不复现起，故不行。,手工逐组（门1–14 手写）,通則,那那等不行者。不起惡故。,其餘位中。以阿彌陀善。與那謨惡相為對治。二俱無力。所以並不行也。,《選佛譜》卷第一・見取・L57,見取
2635,第10门,藏教位次門,卷5,忍位,謨陀,謨,爱烦恼,陀,定善,不行·安住本位,,,安住,,「謨」表爱烦恼、「陀」表定善。此位永不退堕，不起恶故，烦恼不复现起，故不行。,手工逐组（门1–14 手写）,通則,那那等不行者。不起惡故。,其餘位中。以阿彌陀善。與那謨惡相為對治。二俱無力。所以並不行也。,《選佛譜》卷第一・見取・L57,見取
2636,第10门,藏教位次門,卷5,忍位,謨佛,謨,爱烦恼,佛,无漏善慧,行,二果斯陀含,第10门,升,,「謨」表爱烦恼、「佛」表无漏善慧。余并如前可知，遇佛字发真，成二果斯陀含。,手工逐组（门1–14 手写）,直說,,於如意足中。五種善法增進成根。於四諦中。堪忍樂欲。永不退墮。故名忍位也。,《選佛譜》卷第五・忍位・L77,忍位
2637,第10门,藏教位次門,卷5,忍位,阿阿,阿,施善,阿,施善,行,世第一位,第10门,升,,「阿阿」二字俱表施善。五善根增进成根，堪忍乐欲，入世第一位。,手工逐组（门1–14 手写）,承注,,阿阿等六。心既漸調。故階賢位。,《選佛譜》卷第五・五停心・L55,五停心
2638,第10门,藏教位次門,卷5,忍位,阿彌,阿,施善,彌,戒善,行,初果須陀洹,第10门,升,,「阿」表施善、「彌」表戒善。五善根增进成根，堪忍乐欲，成初果须陀洹。,手工逐组（门1–14 手写）,承注,,阿阿等六。心既漸調。故階賢位。,《選佛譜》卷第五・五停心・L55,五停心
2639,第10门,藏教位次門,卷5,忍位,阿陀,阿,施善,陀,定善,行,二果斯陀含,第10门,升,,「阿」表施善、「陀」表定善。五善根增进成根，堪忍乐欲，成二果斯陀含。,手工逐组（门1–14 手写）,承注,,阿阿等六。心既漸調。故階賢位。,《選佛譜》卷第五・五停心・L55,五停心
2640,第10门,藏教位次門,卷5,忍位,阿佛,阿,施善,佛,无漏善慧,行,三果阿那含,第10门,升,,「阿」表施善、「佛」表无漏善慧。余并如前可知，遇佛字发真，成三果阿那含。,手工逐组（门1–14 手写）,承注,,阿佛。則進階修道。,《選佛譜》卷第五・五停心・L55,五停心
2641,第10门,藏教位次門,卷5,忍位,彌彌,彌,戒善,彌,戒善,行,二果斯陀含,第10门,升,,「彌彌」二字俱表戒善。五善根增进成根，堪忍乐欲，成二果斯陀含。,手工逐组（门1–14 手写）,承注,,阿阿等六。心既漸調。故階賢位。,《選佛譜》卷第五・五停心・L55,五停心
2642,第10门,藏教位次門,卷5,忍位,彌陀,彌,戒善,陀,定善,行,三果阿那含,第10门,升,,「彌」表戒善、「陀」表定善。五善根增进成根，堪忍乐欲，成三果阿那含。,手工逐组（门1–14 手写）,承注,,阿阿等六。心既漸調。故階賢位。,《選佛譜》卷第五・五停心・L55,五停心
2643,第10门,藏教位次門,卷5,忍位,彌佛,彌,戒善,佛,无漏善慧,行,四果阿羅漢,第10门,升,,「彌」表戒善、「佛」表无漏善慧。依前位之例，已修正观，急求出苦，成四果阿罗汉。,手工逐组（门1–14 手写）,承注,,彌佛。則轉入衍門。,《選佛譜》卷第五・五停心・L55,五停心
2644,第10门,藏教位次門,卷5,忍位,陀陀,陀,定善,陀,定善,行,無煩天,第5门,升,,「陀陀」二字俱表定善。不得佛字，不能以金刚慧断细惑，但修夹熏禅，生无烦天。,手工逐组（门1–14 手写）,直說,陀陀無煩者。不得佛字。不能以金剛慧斷微細惑。但能修夾熏禪。生五淨居天也。,陀陀無煩者。不得佛字。不能以金剛慧斷微細惑。但能修夾熏禪。生五淨居天也。,《選佛譜》卷第五・忍位・L77,忍位
2645,第10门,藏教位次門,卷5,忍位,陀佛,陀,定善,佛,无漏善慧,行,中乘辟支佛果,第10门,升,,「陀」表定善、「佛」表无漏善慧。依前位之例，定力稍胜，能侵习气，成中乘辟支佛果。,手工逐组（门1–14 手写）,承注,,陀佛。則次第先見於空。,《選佛譜》卷第五・五停心・L55,五停心
2646,第10门,藏教位次門,卷5,忍位,佛佛,佛,无漏善慧,佛,无漏善慧,行,圓十信位,第13门,升,,「佛佛」二字俱表无漏善慧。开权显实，故入圆十信位。,手工逐组（门1–14 手写）,承注,,佛佛。則迴入如來願海。,《選佛譜》卷第五・五停心・L55,五停心
2647,第10门,藏教位次門,卷5,世第一位,那那,那,见烦恼,那,见烦恼,不行·安住本位,,,安住,,「那那」二字俱表见烦恼。此位无间必得发真无漏，不起恶故，故不行。,手工逐组（门1–14 手写）,承注,,那那等不行者。不起惡故。,《選佛譜》卷第五・忍位・L77,忍位
2648,第10门,藏教位次門,卷5,世第一位,那謨,那,见烦恼,謨,爱烦恼,不行·安住本位,,,安住,,「那」表见烦恼、「謨」表爱烦恼。此位无间必得发真无漏，不起恶故，故不行。,手工逐组（门1–14 手写）,承注,,那那等不行者。不起惡故。,《選佛譜》卷第五・忍位・L77,忍位
2649,第10门,藏教位次門,卷5,世第一位,那阿,那,见烦恼,阿,施善,不行·安住本位,,,安住,,「那」表见烦恼、「阿」表施善。此位无间必得发真无漏，不起恶故，烦恼不复现起，故不行。,手工逐组（门1–14 手写）,通則,,其餘位中。以阿彌陀善。與那謨惡相為對治。二俱無力。所以並不行也。,《選佛譜》卷第一・見取・L57,見取
2650,第10门,藏教位次門,卷5,世第一位,那彌,那,见烦恼,彌,戒善,不行·安住本位,,,安住,,「那」表见烦恼、「彌」表戒善。此位无间必得发真无漏，不起恶故，烦恼不复现起，故不行。,手工逐组（门1–14 手写）,通則,,其餘位中。以阿彌陀善。與那謨惡相為對治。二俱無力。所以並不行也。,《選佛譜》卷第一・見取・L57,見取
2651,第10门,藏教位次門,卷5,世第一位,那陀,那,见烦恼,陀,定善,不行·安住本位,,,安住,,「那」表见烦恼、「陀」表定善。此位无间必得发真无漏，不起恶故，烦恼不复现起，故不行。,手工逐组（门1–14 手写）,通則,,其餘位中。以阿彌陀善。與那謨惡相為對治。二俱無力。所以並不行也。,《選佛譜》卷第一・見取・L57,見取
2652,第10门,藏教位次門,卷5,世第一位,那佛,那,见烦恼,佛,无漏善慧,行,二果斯陀含,第10门,升,,「那」表见烦恼、「佛」表无漏善慧。功超忍位，故成二果斯陀含。,手工逐组（门1–14 手写）,直說,那佛二果等者。功超忍位故。,那佛二果等者。功超忍位故。,《選佛譜》卷第五・世第一位・L81,世第一位
2653,第10门,藏教位次門,卷5,世第一位,謨謨,謨,爱烦恼,謨,爱烦恼,不行·安住本位,,,安住,,「謨謨」二字俱表爱烦恼。此位无间必得发真无漏，不起恶故，故不行。,手工逐组（门1–14 手写）,承注,,那那等不行者。不起惡故。,《選佛譜》卷第五・忍位・L77,忍位
2654,第10门,藏教位次門,卷5,世第一位,謨阿,謨,爱烦恼,阿,施善,不行·安住本位,,,安住,,「謨」表爱烦恼、「阿」表施善。此位无间必得发真无漏，不起恶故，烦恼不复现起，故不行。,手工逐组（门1–14 手写）,通則,,其餘位中。以阿彌陀善。與那謨惡相為對治。二俱無力。所以並不行也。,《選佛譜》卷第一・見取・L57,見取
2655,第10门,藏教位次門,卷5,世第一位,謨彌,謨,爱烦恼,彌,戒善,不行·安住本位,,,安住,,「謨」表爱烦恼、「彌」表戒善。此位无间必得发真无漏，不起恶故，烦恼不复现起，故不行。,手工逐组（门1–14 手写）,通則,,其餘位中。以阿彌陀善。與那謨惡相為對治。二俱無力。所以並不行也。,《選佛譜》卷第一・見取・L57,見取
2656,第10门,藏教位次門,卷5,世第一位,謨陀,謨,爱烦恼,陀,定善,不行·安住本位,,,安住,,「謨」表爱烦恼、「陀」表定善。此位无间必得发真无漏，不起恶故，烦恼不复现起，故不行。,手工逐组（门1–14 手写）,通則,,其餘位中。以阿彌陀善。與那謨惡相為對治。二俱無力。所以並不行也。,《選佛譜》卷第一・見取・L57,見取
2657,第10门,藏教位次門,卷5,世第一位,謨佛,謨,爱烦恼,佛,无漏善慧,行,三果阿那含,第10门,升,,「謨」表爱烦恼、「佛」表无漏善慧。功超忍位，故成三果阿那含。,手工逐组（门1–14 手写）,直說,那佛二果等者。功超忍位故。,那佛二果等者。功超忍位故。,《選佛譜》卷第五・世第一位・L81,世第一位
2658,第10门,藏教位次門,卷5,世第一位,阿阿,阿,施善,阿,施善,行,初果須陀洹,第10门,升,,「阿阿」二字俱表施善。修习五根令更增长，能破恶障，成初果须陀洹。,手工逐组（门1–14 手写）,承注,,阿阿等六。心既漸調。故階賢位。,《選佛譜》卷第五・五停心・L55,五停心
2659,第10门,藏教位次門,卷5,世第一位,阿彌,阿,施善,彌,戒善,行,二果斯陀含,第10门,升,,「阿」表施善、「彌」表戒善。修习五根令更增长，能破恶障，成二果斯陀含。,手工逐组（门1–14 手写）,承注,,阿阿等六。心既漸調。故階賢位。,《選佛譜》卷第五・五停心・L55,五停心
2660,第10门,藏教位次門,卷5,世第一位,阿陀,阿,施善,陀,定善,行,三果阿那含,第10门,升,,「阿」表施善、「陀」表定善。修习五根令更增长，能破恶障，成三果阿那含。,手工逐组（门1–14 手写）,承注,,阿阿等六。心既漸調。故階賢位。,《選佛譜》卷第五・五停心・L55,五停心
2661,第10门,藏教位次門,卷5,世第一位,阿佛,阿,施善,佛,无漏善慧,行,四果阿羅漢,第10门,升,,「阿」表施善、「佛」表无漏善慧。五力破障，于世间法更无胜者，成四果阿罗汉。,手工逐组（门1–14 手写）,承注,那佛二果等者。功超忍位故。,阿佛。則進階修道。,《選佛譜》卷第五・五停心・L55,五停心
2662,第10门,藏教位次門,卷5,世第一位,彌彌,彌,戒善,彌,戒善,行,三果阿那含,第10门,升,,「彌彌」二字俱表戒善。修习五根令更增长，能破恶障，成三果阿那含。,手工逐组（门1–14 手写）,承注,,阿阿等六。心既漸調。故階賢位。,《選佛譜》卷第五・五停心・L55,五停心
2663,第10门,藏教位次門,卷5,世第一位,彌陀,彌,戒善,陀,定善,行,無煩天,第5门,升,,「彌」表戒善、「陀」表定善。不得佛字，不能断微细惑，但修夹熏禅，生无烦天。,手工逐组（门1–14 手写）,承注,,阿阿等六。心既漸調。故階賢位。,《選佛譜》卷第五・五停心・L55,五停心
2664,第10门,藏教位次門,卷5,世第一位,彌佛,彌,戒善,佛,无漏善慧,行,中乘辟支佛果,第10门,升,,「彌」表戒善、「佛」表无漏善慧。依前位之例，定力稍胜，能侵习气，成中乘辟支佛果。,手工逐组（门1–14 手写）,承注,那佛二果等者。功超忍位故。,彌佛。則轉入衍門。,《選佛譜》卷第五・五停心・L55,五停心
2665,第10门,藏教位次門,卷5,世第一位,陀陀,陀,定善,陀,定善,行,無熱天,第5门,升,,「陀陀」二字俱表定善。不得佛字，不能断微细惑，但修夹熏禅，生无热天。,手工逐组（门1–14 手写）,承注,,阿阿等六。心既漸調。故階賢位。,《選佛譜》卷第五・五停心・L55,五停心
2666,第10门,藏教位次門,卷5,世第一位,陀佛,陀,定善,佛,无漏善慧,行,圓十信位,第13门,升,,「陀」表定善、「佛」表无漏善慧。开权显实，故入圆十信位。,手工逐组（门1–14 手写）,承注,那佛二果等者。功超忍位故。,陀佛。則次第先見於空。,《選佛譜》卷第五・五停心・L55,五停心
2667,第10门,藏教位次門,卷5,世第一位,佛佛,佛,无漏善慧,佛,无漏善慧,行,上品上生,第14门,横超,,「佛佛」二字俱表无漏善慧。本于秽土第一，今仗佛力，即于净土为第一，得上品上生。,手工逐组（门1–14 手写）,直說,佛佛上品上生者。本於穢土第一。今仗佛力。即於淨土為第一故。,佛佛上品上生者。本於穢土第一。今仗佛力。即於淨土為第一故。,《選佛譜》卷第五・世第一位・L81,世第一位
2668,第10门,藏教位次門,卷5,初果須陀洹,那那,那,见烦恼,那,见烦恼,不行·安住本位,,,安住,,「那那」二字俱表见烦恼。此位已顿断三界分别烦恼种子，故不行。,手工逐组（门1–14 手写）,承注,,那那等不行者。不起惡故。,《選佛譜》卷第五・忍位・L77,忍位
2669,第10门,藏教位次門,卷5,初果須陀洹,那謨,那,见烦恼,謨,爱烦恼,不行·安住本位,,,安住,,「那」表见烦恼、「謨」表爱烦恼。此位已顿断三界分别烦恼种子，故不行。,手工逐组（门1–14 手写）,承注,,那那等不行者。不起惡故。,《選佛譜》卷第五・忍位・L77,忍位
2670,第10门,藏教位次門,卷5,初果須陀洹,那阿,那,见烦恼,阿,施善,不行·安住本位,,,安住,,「那」表见烦恼、「阿」表施善。此位已顿断三界分别烦恼种子，烦恼不复现起，故不行。,手工逐组（门1–14 手写）,通則,,其餘位中。以阿彌陀善。與那謨惡相為對治。二俱無力。所以並不行也。,《選佛譜》卷第一・見取・L57,見取
2671,第10门,藏教位次門,卷5,初果須陀洹,那彌,那,见烦恼,彌,戒善,不行·安住本位,,,安住,,「那」表见烦恼、「彌」表戒善。此位已顿断三界分别烦恼种子，烦恼不复现起，故不行。,手工逐组（门1–14 手写）,通則,,其餘位中。以阿彌陀善。與那謨惡相為對治。二俱無力。所以並不行也。,《選佛譜》卷第一・見取・L57,見取
2672,第10门,藏教位次門,卷5,初果須陀洹,那陀,那,见烦恼,陀,定善,不行·安住本位,,,安住,,「那」表见烦恼、「陀」表定善。此位已顿断三界分别烦恼种子，烦恼不复现起，故不行。,手工逐组（门1–14 手写）,通則,,其餘位中。以阿彌陀善。與那謨惡相為對治。二俱無力。所以並不行也。,《選佛譜》卷第一・見取・L57,見取
2673,第10门,藏教位次門,卷5,初果須陀洹,那佛,那,见烦恼,佛,无漏善慧,行,三果阿那含,第10门,升,,「那」表见烦恼、「佛」表无漏善慧。重虑缘真，进断思惑，故成三果阿那含。,手工逐组（门1–14 手写）,承注,,那佛二果等者。功超忍位故。,《選佛譜》卷第五・世第一位・L81,世第一位
2674,第10门,藏教位次門,卷5,初果須陀洹,謨謨,謨,爱烦恼,謨,爱烦恼,不行·安住本位,,,安住,,「謨謨」二字俱表爱烦恼。此位已顿断三界分别烦恼种子，故不行。,手工逐组（门1–14 手写）,承注,,那那等不行者。不起惡故。,《選佛譜》卷第五・忍位・L77,忍位
2675,第10门,藏教位次門,卷5,初果須陀洹,謨阿,謨,爱烦恼,阿,施善,不行·安住本位,,,安住,,「謨」表爱烦恼、「阿」表施善。此位已顿断三界分别烦恼种子，烦恼不复现起，故不行。,手工逐组（门1–14 手写）,通則,,其餘位中。以阿彌陀善。與那謨惡相為對治。二俱無力。所以並不行也。,《選佛譜》卷第一・見取・L57,見取
2676,第10门,藏教位次門,卷5,初果須陀洹,謨彌,謨,爱烦恼,彌,戒善,不行·安住本位,,,安住,,「謨」表爱烦恼、「彌」表戒善。此位已顿断三界分别烦恼种子，烦恼不复现起，故不行。,手工逐组（门1–14 手写）,通則,,其餘位中。以阿彌陀善。與那謨惡相為對治。二俱無力。所以並不行也。,《選佛譜》卷第一・見取・L57,見取
2677,第10门,藏教位次門,卷5,初果須陀洹,謨陀,謨,爱烦恼,陀,定善,不行·安住本位,,,安住,,「謨」表爱烦恼、「陀」表定善。此位已顿断三界分别烦恼种子，烦恼不复现起，故不行。,手工逐组（门1–14 手写）,通則,,其餘位中。以阿彌陀善。與那謨惡相為對治。二俱無力。所以並不行也。,《選佛譜》卷第一・見取・L57,見取
2678,第10门,藏教位次門,卷5,初果須陀洹,謨佛,謨,爱烦恼,佛,无漏善慧,行,四果阿羅漢,第10门,升,,「謨」表爱烦恼、「佛」表无漏善慧。重虑缘真，进断思惑，故成四果阿罗汉。,手工逐组（门1–14 手写）,承注,,那佛二果等者。功超忍位故。,《選佛譜》卷第五・世第一位・L81,世第一位
2679,第10门,藏教位次門,卷5,初果須陀洹,阿阿,阿,施善,阿,施善,行,二果斯陀含,第10门,升,,「阿阿」二字俱表施善。既见道已，重虑缘真，进断思惑，成二果斯陀含。,手工逐组（门1–14 手写）,承注,,阿阿等六。心既漸調。故階賢位。,《選佛譜》卷第五・五停心・L55,五停心
2680,第10门,藏教位次門,卷5,初果須陀洹,阿彌,阿,施善,彌,戒善,行,三果阿那含,第10门,升,,「阿」表施善、「彌」表戒善。既见道已，重虑缘真，进断思惑，成三果阿那含。,手工逐组（门1–14 手写）,承注,,阿阿等六。心既漸調。故階賢位。,《選佛譜》卷第五・五停心・L55,五停心
2681,第10门,藏教位次門,卷5,初果須陀洹,阿陀,阿,施善,陀,定善,行,無煩天,第5门,升,,「阿」表施善、「陀」表定善。不得佛字，不能断微细惑，但修夹熏禅，生无烦天。,手工逐组（门1–14 手写）,承注,,阿阿等六。心既漸調。故階賢位。,《選佛譜》卷第五・五停心・L55,五停心
2682,第10门,藏教位次門,卷5,初果須陀洹,阿佛,阿,施善,佛,无漏善慧,行,中乘辟支佛果,第10门,升,,「阿」表施善、「佛」表无漏善慧。第七生时值无佛世，能自断余惑，成中乘辟支佛果。,手工逐组（门1–14 手写）,直說,阿佛成辟支果者。第七生時。值無佛世。能自斷餘惑故。,阿佛成辟支果者。第七生時。值無佛世。能自斷餘惑故。,《選佛譜》卷第五・初果須陀洹・L85,初果須陀洹
2683,第10门,藏教位次門,卷5,初果須陀洹,彌彌,彌,戒善,彌,戒善,行,無煩天,第5门,升,,「彌彌」二字俱表戒善。不得佛字，不能断微细惑，但修夹熏禅，生无烦天。,手工逐组（门1–14 手写）,承注,,阿阿等六。心既漸調。故階賢位。,《選佛譜》卷第五・五停心・L55,五停心
2684,第10门,藏教位次門,卷5,初果須陀洹,彌陀,彌,戒善,陀,定善,行,無熱天,第5门,升,,「彌」表戒善、「陀」表定善。不得佛字，不能断微细惑，但修夹熏禅，生无热天。,手工逐组（门1–14 手写）,承注,,阿阿等六。心既漸調。故階賢位。,《選佛譜》卷第五・五停心・L55,五停心
2685,第10门,藏教位次門,卷5,初果須陀洹,彌佛,彌,戒善,佛,无漏善慧,行,七已辦地,第11门,升,,「彌」表戒善、「佛」表无漏善慧。悟无生门，必能即回心，故入通教七已办地。,手工逐组（门1–14 手写）,直說,彌佛成已辦地者。悟無生門。必能即迴心故。,彌佛成已辦地者。悟無生門。必能即迴心故。,《選佛譜》卷第五・初果須陀洹・L85,初果須陀洹
2686,第10门,藏教位次門,卷5,初果須陀洹,陀陀,陀,定善,陀,定善,行,善見天,第5门,升,,「陀陀」二字俱表定善。不得佛字，不能断微细惑，但修夹熏禅，生善见天。,手工逐组（门1–14 手写）,承注,,阿阿等六。心既漸調。故階賢位。,《選佛譜》卷第五・五停心・L55,五停心
2687,第10门,藏教位次門,卷5,初果須陀洹,陀佛,陀,定善,佛,无漏善慧,行,圓十信位,第13门,升,,「陀」表定善、「佛」表无漏善慧。仗如来力，不沉空滞寂，依等字例转入圆十信位。,手工逐组（门1–14 手写）,承注,,陀佛。則次第先見於空。,《選佛譜》卷第五・五停心・L55,五停心
2688,第10门,藏教位次門,卷5,初果須陀洹,佛佛,佛,无漏善慧,佛,无漏善慧,行,方便有餘淨土,第14门,横超,,「佛佛」二字俱表无漏善慧。仗如来力，不沉空滞寂，故生方便有余净土。,手工逐组（门1–14 手写）,直說,佛佛方便淨土者。仗如來力。不沈空滯寂故。,佛佛方便淨土者。仗如來力。不沈空滯寂故。,《選佛譜》卷第五・初果須陀洹・L85,初果須陀洹
2689,第10门,藏教位次門,卷5,二果斯陀含,那那,那,见烦恼,那,见烦恼,不行·安住本位,,,安住,,「那那」二字俱表见烦恼。此位已进断欲界微细烦恼六品，故不行。,手工逐组（门1–14 手写）,承注,,那那等不行者。不起惡故。,《選佛譜》卷第五・忍位・L77,忍位
2690,第10门,藏教位次門,卷5,二果斯陀含,那謨,那,见烦恼,謨,爱烦恼,不行·安住本位,,,安住,,「那」表见烦恼、「謨」表爱烦恼。此位已进断欲界微细烦恼六品，故不行。,手工逐组（门1–14 手写）,承注,,那那等不行者。不起惡故。,《選佛譜》卷第五・忍位・L77,忍位
2691,第10门,藏教位次門,卷5,二果斯陀含,那阿,那,见烦恼,阿,施善,不行·安住本位,,,安住,,「那」表见烦恼、「阿」表施善。此位已进断欲界微细烦恼六品，烦恼不复现起，故不行。,手工逐组（门1–14 手写）,通則,,其餘位中。以阿彌陀善。與那謨惡相為對治。二俱無力。所以並不行也。,《選佛譜》卷第一・見取・L57,見取
2692,第10门,藏教位次門,卷5,二果斯陀含,那彌,那,见烦恼,彌,戒善,不行·安住本位,,,安住,,「那」表见烦恼、「彌」表戒善。此位已进断欲界微细烦恼六品，烦恼不复现起，故不行。,手工逐组（门1–14 手写）,通則,,其餘位中。以阿彌陀善。與那謨惡相為對治。二俱無力。所以並不行也。,《選佛譜》卷第一・見取・L57,見取
2693,第10门,藏教位次門,卷5,二果斯陀含,那陀,那,见烦恼,陀,定善,不行·安住本位,,,安住,,「那」表见烦恼、「陀」表定善。此位已进断欲界微细烦恼六品，烦恼不复现起，故不行。,手工逐组（门1–14 手写）,通則,,其餘位中。以阿彌陀善。與那謨惡相為對治。二俱無力。所以並不行也。,《選佛譜》卷第一・見取・L57,見取
2694,第10门,藏教位次門,卷5,二果斯陀含,那佛,那,见烦恼,佛,无漏善慧,行,四果阿羅漢,第10门,升,,「那」表见烦恼、「佛」表无漏善慧。于修道中重虑缘真，进断余惑，成四果阿罗汉。,手工逐组（门1–14 手写）,承注,,那佛二果等者。功超忍位故。,《選佛譜》卷第五・世第一位・L81,世第一位
2695,第10门,藏教位次門,卷5,二果斯陀含,謨謨,謨,爱烦恼,謨,爱烦恼,不行·安住本位,,,安住,,「謨謨」二字俱表爱烦恼。此位已进断欲界微细烦恼六品，故不行。,手工逐组（门1–14 手写）,承注,,那那等不行者。不起惡故。,《選佛譜》卷第五・忍位・L77,忍位
2696,第10门,藏教位次門,卷5,二果斯陀含,謨阿,謨,爱烦恼,阿,施善,不行·安住本位,,,安住,,「謨」表爱烦恼、「阿」表施善。此位已进断欲界微细烦恼六品，烦恼不复现起，故不行。,手工逐组（门1–14 手写）,通則,,其餘位中。以阿彌陀善。與那謨惡相為對治。二俱無力。所以並不行也。,《選佛譜》卷第一・見取・L57,見取
2697,第10门,藏教位次門,卷5,二果斯陀含,謨彌,謨,爱烦恼,彌,戒善,不行·安住本位,,,安住,,「謨」表爱烦恼、「彌」表戒善。此位已进断欲界微细烦恼六品，烦恼不复现起，故不行。,手工逐组（门1–14 手写）,通則,,其餘位中。以阿彌陀善。與那謨惡相為對治。二俱無力。所以並不行也。,《選佛譜》卷第一・見取・L57,見取
2698,第10门,藏教位次門,卷5,二果斯陀含,謨陀,謨,爱烦恼,陀,定善,不行·安住本位,,,安住,,「謨」表爱烦恼、「陀」表定善。此位已进断欲界微细烦恼六品，烦恼不复现起，故不行。,手工逐组（门1–14 手写）,通則,,其餘位中。以阿彌陀善。與那謨惡相為對治。二俱無力。所以並不行也。,《選佛譜》卷第一・見取・L57,見取
2699,第10门,藏教位次門,卷5,二果斯陀含,謨佛,謨,爱烦恼,佛,无漏善慧,行,中乘辟支佛果,第10门,升,,「謨」表爱烦恼、「佛」表无漏善慧。正一来时值无佛世，能自觉悟，成中乘辟支佛果。,手工逐组（门1–14 手写）,直說,謨佛成支佛果者。正一來時。值無佛世。能自覺悟故。,謨佛成支佛果者。正一來時。值無佛世。能自覺悟故。,《選佛譜》卷第五・二果斯陀含・L91,二果斯陀含
2700,第10门,藏教位次門,卷5,二果斯陀含,阿阿,阿,施善,阿,施善,行,三果阿那含,第10门,升,,「阿阿」二字俱表施善。于修道中重虑缘真，进断余惑，成三果阿那含。,手工逐组（门1–14 手写）,承注,,阿阿等六。心既漸調。故階賢位。,《選佛譜》卷第五・五停心・L55,五停心
2701,第10门,藏教位次門,卷5,二果斯陀含,阿彌,阿,施善,彌,戒善,行,無煩天,第5门,升,,「阿」表施善、「彌」表戒善。不得佛字，不能断微细惑，但修夹熏禅，生无烦天。,手工逐组（门1–14 手写）,承注,,阿阿等六。心既漸調。故階賢位。,《選佛譜》卷第五・五停心・L55,五停心
2702,第10门,藏教位次門,卷5,二果斯陀含,阿陀,阿,施善,陀,定善,行,無熱天,第5门,升,,「阿」表施善、「陀」表定善。不得佛字，不能断微细惑，但修夹熏禅，生无热天。,手工逐组（门1–14 手写）,承注,,阿阿等六。心既漸調。故階賢位。,《選佛譜》卷第五・五停心・L55,五停心
2703,第10门,藏教位次門,卷5,二果斯陀含,阿佛,阿,施善,佛,无漏善慧,行,七已辦地,第11门,升,,「阿」表施善、「佛」表无漏善慧。功德力深，虽证无为，不滞空寂，入通教七已办地。,手工逐组（门1–14 手写）,直說,阿佛已辦等者。功德力深。雖證無為。不滯空寂故。,阿佛已辦等者。功德力深。雖證無為。不滯空寂故。,《選佛譜》卷第五・二果斯陀含・L91,二果斯陀含
2704,第10门,藏教位次門,卷5,二果斯陀含,彌彌,彌,戒善,彌,戒善,行,無熱天,第5门,升,,「彌彌」二字俱表戒善。不得佛字，不能断微细惑，但修夹熏禅，生无热天。,手工逐组（门1–14 手写）,承注,,阿阿等六。心既漸調。故階賢位。,《選佛譜》卷第五・五停心・L55,五停心
2705,第10门,藏教位次門,卷5,二果斯陀含,彌陀,彌,戒善,陀,定善,行,善見天,第5门,升,,「彌」表戒善、「陀」表定善。不得佛字，不能断微细惑，但修夹熏禅，生善见天。,手工逐组（门1–14 手写）,承注,,阿阿等六。心既漸調。故階賢位。,《選佛譜》卷第五・五停心・L55,五停心
2706,第10门,藏教位次門,卷5,二果斯陀含,彌佛,彌,戒善,佛,无漏善慧,行,八辟支佛地,第11门,升,,「彌」表戒善、「佛」表无漏善慧。悟无生门，必能即回心，故入通教八辟支佛地。,手工逐组（门1–14 手写）,直說,阿佛已辦等者。功德力深。雖證無為。不滯空寂故。,阿佛已辦等者。功德力深。雖證無為。不滯空寂故。,《選佛譜》卷第五・二果斯陀含・L91,二果斯陀含
2707,第10门,藏教位次門,卷5,二果斯陀含,陀陀,陀,定善,陀,定善,行,善現天,第5门,升,,「陀陀」二字俱表定善。不得佛字，不能断微细惑，但修夹熏禅，生善现天。,手工逐组（门1–14 手写）,承注,,阿阿等六。心既漸調。故階賢位。,《選佛譜》卷第五・五停心・L55,五停心
2708,第10门,藏教位次門,卷5,二果斯陀含,陀佛,陀,定善,佛,无漏善慧,行,圓十信位,第13门,升,,「陀」表定善、「佛」表无漏善慧。功德力深，虽证无为不滞空寂，依等字例入圆十信位。,手工逐组（门1–14 手写）,直說,阿佛已辦等者。功德力深。雖證無為。不滯空寂故。,阿佛已辦等者。功德力深。雖證無為。不滯空寂故。,《選佛譜》卷第五・二果斯陀含・L91,二果斯陀含
2709,第10门,藏教位次門,卷5,二果斯陀含,佛佛,佛,无漏善慧,佛,无漏善慧,行,方便有餘淨土,第14门,横超,,「佛佛」二字俱表无漏善慧。仗如来力，不沉空滞寂，故生方便有余净土。,手工逐组（门1–14 手写）,承注,阿佛已辦等者。功德力深。雖證無為。不滯空寂故。,佛佛。則迴入如來願海。,《選佛譜》卷第五・五停心・L55,五停心
2710,第10门,藏教位次門,卷5,三果阿那含,那那,那,见烦恼,那,见烦恼,不行·安住本位,,,安住,,「那那」二字俱表见烦恼。此位已断尽欲界烦恼，永不来欲界受生，故不行。,手工逐组（门1–14 手写）,承注,,那那等不行者。不起惡故。,《選佛譜》卷第五・忍位・L77,忍位
2711,第10门,藏教位次門,卷5,三果阿那含,那謨,那,见烦恼,謨,爱烦恼,不行·安住本位,,,安住,,「那」表见烦恼、「謨」表爱烦恼。此位已断尽欲界烦恼，永不来欲界受生，故不行。,手工逐组（门1–14 手写）,承注,,那那等不行者。不起惡故。,《選佛譜》卷第五・忍位・L77,忍位
2712,第10门,藏教位次門,卷5,三果阿那含,那阿,那,见烦恼,阿,施善,不行·安住本位,,,安住,,「那」表见烦恼、「阿」表施善。此位已断尽欲界烦恼，永不来欲界受生，烦恼不复现起，故不行。,手工逐组（门1–14 手写）,通則,,其餘位中。以阿彌陀善。與那謨惡相為對治。二俱無力。所以並不行也。,《選佛譜》卷第一・見取・L57,見取
2713,第10门,藏教位次門,卷5,三果阿那含,那彌,那,见烦恼,彌,戒善,不行·安住本位,,,安住,,「那」表见烦恼、「彌」表戒善。此位已断尽欲界烦恼，永不来欲界受生，烦恼不复现起，故不行。,手工逐组（门1–14 手写）,通則,,其餘位中。以阿彌陀善。與那謨惡相為對治。二俱無力。所以並不行也。,《選佛譜》卷第一・見取・L57,見取
2714,第10门,藏教位次門,卷5,三果阿那含,那陀,那,见烦恼,陀,定善,不行·安住本位,,,安住,,「那」表见烦恼、「陀」表定善。此位已断尽欲界烦恼，永不来欲界受生，烦恼不复现起，故不行。,手工逐组（门1–14 手写）,通則,,其餘位中。以阿彌陀善。與那謨惡相為對治。二俱無力。所以並不行也。,《選佛譜》卷第一・見取・L57,見取
2715,第10门,藏教位次門,卷5,三果阿那含,那佛,那,见烦恼,佛,无漏善慧,行,四果阿羅漢,第10门,升,,「那」表见烦恼、「佛」表无漏善慧。于色无色界进断余惑，故成四果阿罗汉。,手工逐组（门1–14 手写）,承注,,那佛二果等者。功超忍位故。,《選佛譜》卷第五・世第一位・L81,世第一位
2716,第10门,藏教位次門,卷5,三果阿那含,謨謨,謨,爱烦恼,謨,爱烦恼,不行·安住本位,,,安住,,「謨謨」二字俱表爱烦恼。此位已断尽欲界烦恼，永不来欲界受生，故不行。,手工逐组（门1–14 手写）,承注,,那那等不行者。不起惡故。,《選佛譜》卷第五・忍位・L77,忍位
2717,第10门,藏教位次門,卷5,三果阿那含,謨阿,謨,爱烦恼,阿,施善,不行·安住本位,,,安住,,「謨」表爱烦恼、「阿」表施善。此位已断尽欲界烦恼，永不来欲界受生，烦恼不复现起，故不行。,手工逐组（门1–14 手写）,通則,,其餘位中。以阿彌陀善。與那謨惡相為對治。二俱無力。所以並不行也。,《選佛譜》卷第一・見取・L57,見取
2718,第10门,藏教位次門,卷5,三果阿那含,謨彌,謨,爱烦恼,彌,戒善,不行·安住本位,,,安住,,「謨」表爱烦恼、「彌」表戒善。此位已断尽欲界烦恼，永不来欲界受生，烦恼不复现起，故不行。,手工逐组（门1–14 手写）,通則,,其餘位中。以阿彌陀善。與那謨惡相為對治。二俱無力。所以並不行也。,《選佛譜》卷第一・見取・L57,見取
2719,第10门,藏教位次門,卷5,三果阿那含,謨陀,謨,爱烦恼,陀,定善,不行·安住本位,,,安住,,「謨」表爱烦恼、「陀」表定善。此位已断尽欲界烦恼，永不来欲界受生，烦恼不复现起，故不行。,手工逐组（门1–14 手写）,通則,,其餘位中。以阿彌陀善。與那謨惡相為對治。二俱無力。所以並不行也。,《選佛譜》卷第一・見取・L57,見取
2720,第10门,藏教位次門,卷5,三果阿那含,謨佛,謨,爱烦恼,佛,无漏善慧,行,七已辦地,第11门,升,,「謨」表爱烦恼、「佛」表无漏善慧。既不受欲界身，功德力深不沉空滞寂，密入衍门七已办地。,手工逐组（门1–14 手写）,直說,謨佛已辦等者。既不受欲界身。即無成獨覺義。而功德力深。又不沈空滯寂。故得密入衍門也。,謨佛已辦等者。既不受欲界身。即無成獨覺義。而功德力深。又不沈空滯寂。故得密入衍門也。,《選佛譜》卷第五・三果阿那含・L95,三果阿那含
2721,第10门,藏教位次門,卷5,三果阿那含,阿阿,阿,施善,阿,施善,行,無煩天,第5门,升,,「阿阿」二字俱表施善。不得佛字，不能断微细惑，但修夹熏禅，生无烦天。,手工逐组（门1–14 手写）,承注,,阿阿等六。心既漸調。故階賢位。,《選佛譜》卷第五・五停心・L55,五停心
2722,第10门,藏教位次門,卷5,三果阿那含,阿彌,阿,施善,彌,戒善,行,無熱天,第5门,升,,「阿」表施善、「彌」表戒善。不得佛字，不能断微细惑，但修夹熏禅，生无热天。,手工逐组（门1–14 手写）,承注,,阿阿等六。心既漸調。故階賢位。,《選佛譜》卷第五・五停心・L55,五停心
2723,第10门,藏教位次門,卷5,三果阿那含,阿陀,阿,施善,陀,定善,行,善見天,第5门,升,,「阿」表施善、「陀」表定善。不得佛字，不能断微细惑，但修夹熏禅，生善见天。,手工逐组（门1–14 手写）,承注,,阿阿等六。心既漸調。故階賢位。,《選佛譜》卷第五・五停心・L55,五停心
2724,第10门,藏教位次門,卷5,三果阿那含,阿佛,阿,施善,佛,无漏善慧,行,八辟支佛地,第11门,升,,「阿」表施善、「佛」表无漏善慧。功德力深，不沉空滞寂，故密入衍门八辟支佛地。,手工逐组（门1–14 手写）,直說,謨佛已辦等者。既不受欲界身。即無成獨覺義。而功德力深。又不沈空滯寂。故得密入衍門也。,謨佛已辦等者。既不受欲界身。即無成獨覺義。而功德力深。又不沈空滯寂。故得密入衍門也。,《選佛譜》卷第五・三果阿那含・L95,三果阿那含
2725,第10门,藏教位次門,卷5,三果阿那含,彌彌,彌,戒善,彌,戒善,行,善見天,第5门,升,,「彌彌」二字俱表戒善。不得佛字，不能断微细惑，但修夹熏禅，生善见天。,手工逐组（门1–14 手写）,承注,,阿阿等六。心既漸調。故階賢位。,《選佛譜》卷第五・五停心・L55,五停心
2726,第10门,藏教位次門,卷5,三果阿那含,彌陀,彌,戒善,陀,定善,行,善現天,第5门,升,,「彌」表戒善、「陀」表定善。不得佛字，不能断微细惑，但修夹熏禅，生善现天。,手工逐组（门1–14 手写）,承注,,阿阿等六。心既漸調。故階賢位。,《選佛譜》卷第五・五停心・L55,五停心
2727,第10门,藏教位次門,卷5,三果阿那含,彌佛,彌,戒善,佛,无漏善慧,行,九菩薩地,第11门,升,,「彌」表戒善、「佛」表无漏善慧。既不受欲界身，功德力深，依等字例密入九菩萨地。,手工逐组（门1–14 手写）,直說,謨佛已辦等者。既不受欲界身。即無成獨覺義。而功德力深。又不沈空滯寂。故得密入衍門也。,謨佛已辦等者。既不受欲界身。即無成獨覺義。而功德力深。又不沈空滯寂。故得密入衍門也。,《選佛譜》卷第五・三果阿那含・L95,三果阿那含
2728,第10门,藏教位次門,卷5,三果阿那含,陀陀,陀,定善,陀,定善,行,色究竟天,第5门,升,,「陀陀」二字俱表定善。不得佛字，不能断微细惑，但修夹熏禅，生色究竟天。,手工逐组（门1–14 手写）,承注,,阿阿等六。心既漸調。故階賢位。,《選佛譜》卷第五・五停心・L55,五停心
2729,第10门,藏教位次門,卷5,三果阿那含,陀佛,陀,定善,佛,无漏善慧,行,圓十信位,第13门,升,,「陀」表定善、「佛」表无漏善慧。功德力深，不沉空滞寂，依等字例入圆十信位。,手工逐组（门1–14 手写）,直說,謨佛已辦等者。既不受欲界身。即無成獨覺義。而功德力深。又不沈空滯寂。故得密入衍門也。,謨佛已辦等者。既不受欲界身。即無成獨覺義。而功德力深。又不沈空滯寂。故得密入衍門也。,《選佛譜》卷第五・三果阿那含・L95,三果阿那含
2730,第10门,藏教位次門,卷5,三果阿那含,佛佛,佛,无漏善慧,佛,无漏善慧,行,方便有餘淨土,第14门,横超,,「佛佛」二字俱表无漏善慧。仗如来力，不沉空滞寂，故生方便有余净土。,手工逐组（门1–14 手写）,承注,謨佛已辦等者。既不受欲界身。即無成獨覺義。而功德力深。又不沈空滯寂。故得密入衍門也。,佛佛。則迴入如來願海。,《選佛譜》卷第五・五停心・L55,五停心
2731,第10门,藏教位次門,卷5,四果阿羅漢,那那,那,见烦恼,那,见烦恼,不行·安住本位,,,安住,,「那那」二字俱表见烦恼。定性声闻，我生已尽，不受后有，故不行。,手工逐组（门1–14 手写）,承注,此是定性聲聞。沈空滯寂。故阿阿等皆不復行。,那那等不行者。不起惡故。,《選佛譜》卷第五・忍位・L77,忍位
2732,第10门,藏教位次門,卷5,四果阿羅漢,那謨,那,见烦恼,謨,爱烦恼,不行·安住本位,,,安住,,「那」表见烦恼、「謨」表爱烦恼。定性声闻，我生已尽，不受后有，故不行。,手工逐组（门1–14 手写）,承注,此是定性聲聞。沈空滯寂。故阿阿等皆不復行。,那那等不行者。不起惡故。,《選佛譜》卷第五・忍位・L77,忍位
2733,第10门,藏教位次門,卷5,四果阿羅漢,那阿,那,见烦恼,阿,施善,不行·安住本位,,,安住,,「那」表见烦恼、「阿」表施善。定性声闻，我生已尽，不受后有，烦恼不复现起，故不行。,手工逐组（门1–14 手写）,通則,此是定性聲聞。沈空滯寂。故阿阿等皆不復行。,其餘位中。以阿彌陀善。與那謨惡相為對治。二俱無力。所以並不行也。,《選佛譜》卷第一・見取・L57,見取
2734,第10门,藏教位次門,卷5,四果阿羅漢,那彌,那,见烦恼,彌,戒善,不行·安住本位,,,安住,,「那」表见烦恼、「彌」表戒善。定性声闻，我生已尽，不受后有，烦恼不复现起，故不行。,手工逐组（门1–14 手写）,通則,此是定性聲聞。沈空滯寂。故阿阿等皆不復行。,其餘位中。以阿彌陀善。與那謨惡相為對治。二俱無力。所以並不行也。,《選佛譜》卷第一・見取・L57,見取
2735,第10门,藏教位次門,卷5,四果阿羅漢,那陀,那,见烦恼,陀,定善,不行·安住本位,,,安住,,「那」表见烦恼、「陀」表定善。定性声闻，我生已尽，不受后有，烦恼不复现起，故不行。,手工逐组（门1–14 手写）,通則,此是定性聲聞。沈空滯寂。故阿阿等皆不復行。,其餘位中。以阿彌陀善。與那謨惡相為對治。二俱無力。所以並不行也。,《選佛譜》卷第一・見取・L57,見取
2736,第10门,藏教位次門,卷5,四果阿羅漢,那佛,那,见烦恼,佛,无漏善慧,行,師子奮迅三昧,第8门,升,,「那」表见烦恼、「佛」表无漏善慧。仅入熏禅，故入师子奋迅三昧。,手工逐组（门1–14 手写）,直說,那佛。謨佛。僅入熏禪。,那佛。謨佛。僅入熏禪。,《選佛譜》卷第五・四果阿羅漢・L99,四果阿羅漢
2737,第10门,藏教位次門,卷5,四果阿羅漢,謨謨,謨,爱烦恼,謨,爱烦恼,不行·安住本位,,,安住,,「謨謨」二字俱表爱烦恼。定性声闻，我生已尽，不受后有，故不行。,手工逐组（门1–14 手写）,承注,此是定性聲聞。沈空滯寂。故阿阿等皆不復行。,那那等不行者。不起惡故。,《選佛譜》卷第五・忍位・L77,忍位
2738,第10门,藏教位次門,卷5,四果阿羅漢,謨阿,謨,爱烦恼,阿,施善,不行·安住本位,,,安住,,「謨」表爱烦恼、「阿」表施善。定性声闻，我生已尽，不受后有，烦恼不复现起，故不行。,手工逐组（门1–14 手写）,通則,此是定性聲聞。沈空滯寂。故阿阿等皆不復行。,其餘位中。以阿彌陀善。與那謨惡相為對治。二俱無力。所以並不行也。,《選佛譜》卷第一・見取・L57,見取
2739,第10门,藏教位次門,卷5,四果阿羅漢,謨彌,謨,爱烦恼,彌,戒善,不行·安住本位,,,安住,,「謨」表爱烦恼、「彌」表戒善。定性声闻，我生已尽，不受后有，烦恼不复现起，故不行。,手工逐组（门1–14 手写）,通則,此是定性聲聞。沈空滯寂。故阿阿等皆不復行。,其餘位中。以阿彌陀善。與那謨惡相為對治。二俱無力。所以並不行也。,《選佛譜》卷第一・見取・L57,見取
2740,第10门,藏教位次門,卷5,四果阿羅漢,謨陀,謨,爱烦恼,陀,定善,不行·安住本位,,,安住,,「謨」表爱烦恼、「陀」表定善。定性声闻，我生已尽，不受后有，烦恼不复现起，故不行。,手工逐组（门1–14 手写）,通則,此是定性聲聞。沈空滯寂。故阿阿等皆不復行。,其餘位中。以阿彌陀善。與那謨惡相為對治。二俱無力。所以並不行也。,《選佛譜》卷第一・見取・L57,見取
2741,第10门,藏教位次門,卷5,四果阿羅漢,謨佛,謨,爱烦恼,佛,无漏善慧,行,師子奮迅三昧,第8门,升,,「謨」表爱烦恼、「佛」表无漏善慧。仅入熏禅，故入师子奋迅三昧。,手工逐组（门1–14 手写）,直說,那佛。謨佛。僅入熏禪。,那佛。謨佛。僅入熏禪。,《選佛譜》卷第五・四果阿羅漢・L99,四果阿羅漢
2742,第10门,藏教位次門,卷5,四果阿羅漢,阿阿,阿,施善,阿,施善,不行·安住本位,,,安住,,「阿阿」二字俱表施善。定性声闻，沉空滞寂，故皆不复行。,手工逐组（门1–14 手写）,直說,此是定性聲聞。沈空滯寂。故阿阿等皆不復行。,此是定性聲聞。沈空滯寂。故阿阿等皆不復行。,《選佛譜》卷第五・四果阿羅漢・L99,四果阿羅漢
2743,第10门,藏教位次門,卷5,四果阿羅漢,阿彌,阿,施善,彌,戒善,不行·安住本位,,,安住,,「阿」表施善、「彌」表戒善。定性声闻，沉空滞寂，故皆不复行。,手工逐组（门1–14 手写）,直說,此是定性聲聞。沈空滯寂。故阿阿等皆不復行。,此是定性聲聞。沈空滯寂。故阿阿等皆不復行。,《選佛譜》卷第五・四果阿羅漢・L99,四果阿羅漢
2744,第10门,藏教位次門,卷5,四果阿羅漢,阿陀,阿,施善,陀,定善,不行·安住本位,,,安住,,「阿」表施善、「陀」表定善。定性声闻，沉空滞寂，故皆不复行。,手工逐组（门1–14 手写）,直說,此是定性聲聞。沈空滯寂。故阿阿等皆不復行。,此是定性聲聞。沈空滯寂。故阿阿等皆不復行。,《選佛譜》卷第五・四果阿羅漢・L99,四果阿羅漢
2745,第10门,藏教位次門,卷5,四果阿羅漢,阿佛,阿,施善,佛,无漏善慧,行,超越三昧,第8门,升,,「阿」表施善、「佛」表无漏善慧。仅入修禅，远作出真入俗之阶，故入超越三昧。,手工逐组（门1–14 手写）,直說,阿佛。僅入修禪。遠作出真入俗之階。,阿佛。僅入修禪。遠作出真入俗之階。,《選佛譜》卷第五・四果阿羅漢・L99,四果阿羅漢
2746,第10门,藏教位次門,卷5,四果阿羅漢,彌彌,彌,戒善,彌,戒善,不行·安住本位,,,安住,,「彌彌」二字俱表戒善。定性声闻，沉空滞寂，故皆不复行。,手工逐组（门1–14 手写）,直說,此是定性聲聞。沈空滯寂。故阿阿等皆不復行。,此是定性聲聞。沈空滯寂。故阿阿等皆不復行。,《選佛譜》卷第五・四果阿羅漢・L99,四果阿羅漢
2747,第10门,藏教位次門,卷5,四果阿羅漢,彌陀,彌,戒善,陀,定善,不行·安住本位,,,安住,,「彌」表戒善、「陀」表定善。定性声闻，沉空滞寂，故皆不复行。,手工逐组（门1–14 手写）,直說,此是定性聲聞。沈空滯寂。故阿阿等皆不復行。,此是定性聲聞。沈空滯寂。故阿阿等皆不復行。,《選佛譜》卷第五・四果阿羅漢・L99,四果阿羅漢
2748,第10门,藏教位次門,卷5,四果阿羅漢,彌佛,彌,戒善,佛,无漏善慧,行,圓十信位,第13门,升,,「彌」表戒善、「佛」表无漏善慧。开权显实，成按位妙，故入圆十信位。,手工逐组（门1–14 手写）,直說,彌佛。則開權顯實。成按位妙。,彌佛。則開權顯實。成按位妙。,《選佛譜》卷第五・四果阿羅漢・L99,四果阿羅漢
2749,第10门,藏教位次門,卷5,四果阿羅漢,陀陀,陀,定善,陀,定善,不行·安住本位,,,安住,,「陀陀」二字俱表定善。定性声闻，沉空滞寂，故皆不复行。,手工逐组（门1–14 手写）,直說,此是定性聲聞。沈空滯寂。故阿阿等皆不復行。,此是定性聲聞。沈空滯寂。故阿阿等皆不復行。,《選佛譜》卷第五・四果阿羅漢・L99,四果阿羅漢
2750,第10门,藏教位次門,卷5,四果阿羅漢,陀佛,陀,定善,佛,无漏善慧,行,方便有餘淨土,第14门,横超,,「陀」表定善、「佛」表无漏善慧。仗佛慈光，得意生身，故生方便有余净土。,手工逐组（门1–14 手写）,直說,陀佛。則仗佛慈光。得意生身。,陀佛。則仗佛慈光。得意生身。,《選佛譜》卷第五・四果阿羅漢・L99,四果阿羅漢
2751,第10门,藏教位次門,卷5,四果阿羅漢,佛佛,佛,无漏善慧,佛,无漏善慧,行,圓十住位,第13门,升,,「佛佛」二字俱表无漏善慧。亦开权显实，成胜进妙，故入圆十住位。,手工逐组（门1–14 手写）,直說,佛佛。亦開權顯實。成勝進妙也。,佛佛。亦開權顯實。成勝進妙也。,《選佛譜》卷第五・四果阿羅漢・L99,四果阿羅漢
2752,第10门,藏教位次門,卷5,中乘辟支佛果,那那,那,见烦恼,那,见烦恼,不行·安住本位,,,安住,,「那那」二字俱表见烦恼。定性辟支，以根利故不立分果，故不行。,手工逐组（门1–14 手写）,承注,此是定性辟支。故阿阿等亦皆不行。唯較四果似小勝耳。,那那等不行者。不起惡故。,《選佛譜》卷第五・忍位・L77,忍位
2753,第10门,藏教位次門,卷5,中乘辟支佛果,那謨,那,见烦恼,謨,爱烦恼,不行·安住本位,,,安住,,「那」表见烦恼、「謨」表爱烦恼。定性辟支，以根利故不立分果，故不行。,手工逐组（门1–14 手写）,承注,此是定性辟支。故阿阿等亦皆不行。唯較四果似小勝耳。,那那等不行者。不起惡故。,《選佛譜》卷第五・忍位・L77,忍位
2754,第10门,藏教位次門,卷5,中乘辟支佛果,那阿,那,见烦恼,阿,施善,不行·安住本位,,,安住,,「那」表见烦恼、「阿」表施善。定性辟支，以根利故不立分果，烦恼不复现起，故不行。,手工逐组（门1–14 手写）,通則,此是定性辟支。故阿阿等亦皆不行。唯較四果似小勝耳。,其餘位中。以阿彌陀善。與那謨惡相為對治。二俱無力。所以並不行也。,《選佛譜》卷第一・見取・L57,見取
2755,第10门,藏教位次門,卷5,中乘辟支佛果,那彌,那,见烦恼,彌,戒善,不行·安住本位,,,安住,,「那」表见烦恼、「彌」表戒善。定性辟支，以根利故不立分果，烦恼不复现起，故不行。,手工逐组（门1–14 手写）,通則,此是定性辟支。故阿阿等亦皆不行。唯較四果似小勝耳。,其餘位中。以阿彌陀善。與那謨惡相為對治。二俱無力。所以並不行也。,《選佛譜》卷第一・見取・L57,見取
2756,第10门,藏教位次門,卷5,中乘辟支佛果,那陀,那,见烦恼,陀,定善,不行·安住本位,,,安住,,「那」表见烦恼、「陀」表定善。定性辟支，以根利故不立分果，烦恼不复现起，故不行。,手工逐组（门1–14 手写）,通則,此是定性辟支。故阿阿等亦皆不行。唯較四果似小勝耳。,其餘位中。以阿彌陀善。與那謨惡相為對治。二俱無力。所以並不行也。,《選佛譜》卷第一・見取・L57,見取
2757,第10门,藏教位次門,卷5,中乘辟支佛果,那佛,那,见烦恼,佛,无漏善慧,行,超越三昧,第8门,升,,「那」表见烦恼、「佛」表无漏善慧。较四果似小胜，故入超越三昧。,手工逐组（门1–14 手写）,承注,,那佛。謨佛。僅入熏禪。,《選佛譜》卷第五・四果阿羅漢・L99,四果阿羅漢
2758,第10门,藏教位次門,卷5,中乘辟支佛果,謨謨,謨,爱烦恼,謨,爱烦恼,不行·安住本位,,,安住,,「謨謨」二字俱表爱烦恼。定性辟支，以根利故不立分果，故不行。,手工逐组（门1–14 手写）,承注,此是定性辟支。故阿阿等亦皆不行。唯較四果似小勝耳。,那那等不行者。不起惡故。,《選佛譜》卷第五・忍位・L77,忍位
2759,第10门,藏教位次門,卷5,中乘辟支佛果,謨阿,謨,爱烦恼,阿,施善,不行·安住本位,,,安住,,「謨」表爱烦恼、「阿」表施善。定性辟支，以根利故不立分果，烦恼不复现起，故不行。,手工逐组（门1–14 手写）,通則,此是定性辟支。故阿阿等亦皆不行。唯較四果似小勝耳。,其餘位中。以阿彌陀善。與那謨惡相為對治。二俱無力。所以並不行也。,《選佛譜》卷第一・見取・L57,見取
2760,第10门,藏教位次門,卷5,中乘辟支佛果,謨彌,謨,爱烦恼,彌,戒善,不行·安住本位,,,安住,,「謨」表爱烦恼、「彌」表戒善。定性辟支，以根利故不立分果，烦恼不复现起，故不行。,手工逐组（门1–14 手写）,通則,此是定性辟支。故阿阿等亦皆不行。唯較四果似小勝耳。,其餘位中。以阿彌陀善。與那謨惡相為對治。二俱無力。所以並不行也。,《選佛譜》卷第一・見取・L57,見取
2761,第10门,藏教位次門,卷5,中乘辟支佛果,謨陀,謨,爱烦恼,陀,定善,不行·安住本位,,,安住,,「謨」表爱烦恼、「陀」表定善。定性辟支，以根利故不立分果，烦恼不复现起，故不行。,手工逐组（门1–14 手写）,通則,此是定性辟支。故阿阿等亦皆不行。唯較四果似小勝耳。,其餘位中。以阿彌陀善。與那謨惡相為對治。二俱無力。所以並不行也。,《選佛譜》卷第一・見取・L57,見取
2762,第10门,藏教位次門,卷5,中乘辟支佛果,謨佛,謨,爱烦恼,佛,无漏善慧,行,超越三昧,第8门,升,,「謨」表爱烦恼、「佛」表无漏善慧。较四果似小胜，故入超越三昧。,手工逐组（门1–14 手写）,承注,,那佛。謨佛。僅入熏禪。,《選佛譜》卷第五・四果阿羅漢・L99,四果阿羅漢
2763,第10门,藏教位次門,卷5,中乘辟支佛果,阿阿,阿,施善,阿,施善,不行·安住本位,,,安住,,「阿阿」二字俱表施善。定性辟支，乐独善寂，故亦皆不行。,手工逐组（门1–14 手写）,直說,此是定性辟支。故阿阿等亦皆不行。唯較四果似小勝耳。,此是定性辟支。故阿阿等亦皆不行。唯較四果似小勝耳。,《選佛譜》卷第五・中乘辟支佛果・L103,中乘辟支佛果
2764,第10门,藏教位次門,卷5,中乘辟支佛果,阿彌,阿,施善,彌,戒善,不行·安住本位,,,安住,,「阿」表施善、「彌」表戒善。定性辟支，乐独善寂，故亦皆不行。,手工逐组（门1–14 手写）,直說,此是定性辟支。故阿阿等亦皆不行。唯較四果似小勝耳。,此是定性辟支。故阿阿等亦皆不行。唯較四果似小勝耳。,《選佛譜》卷第五・中乘辟支佛果・L103,中乘辟支佛果
2765,第10门,藏教位次門,卷5,中乘辟支佛果,阿陀,阿,施善,陀,定善,不行·安住本位,,,安住,,「阿」表施善、「陀」表定善。定性辟支，乐独善寂，故亦皆不行。,手工逐组（门1–14 手写）,直說,此是定性辟支。故阿阿等亦皆不行。唯較四果似小勝耳。,此是定性辟支。故阿阿等亦皆不行。唯較四果似小勝耳。,《選佛譜》卷第五・中乘辟支佛果・L103,中乘辟支佛果
2766,第10门,藏教位次門,卷5,中乘辟支佛果,阿佛,阿,施善,佛,无漏善慧,行,圓十信位,第13门,升,,「阿」表施善、「佛」表无漏善慧。以根利故不立分果，较四果似小胜，入圆十信位。,手工逐组（门1–14 手写）,承注,,阿佛。僅入修禪。遠作出真入俗之階。,《選佛譜》卷第五・四果阿羅漢・L99,四果阿羅漢
2767,第10门,藏教位次門,卷5,中乘辟支佛果,彌彌,彌,戒善,彌,戒善,不行·安住本位,,,安住,,「彌彌」二字俱表戒善。定性辟支，乐独善寂，故亦皆不行。,手工逐组（门1–14 手写）,直說,此是定性辟支。故阿阿等亦皆不行。唯較四果似小勝耳。,此是定性辟支。故阿阿等亦皆不行。唯較四果似小勝耳。,《選佛譜》卷第五・中乘辟支佛果・L103,中乘辟支佛果
2768,第10门,藏教位次門,卷5,中乘辟支佛果,彌陀,彌,戒善,陀,定善,不行·安住本位,,,安住,,「彌」表戒善、「陀」表定善。定性辟支，乐独善寂，故亦皆不行。,手工逐组（门1–14 手写）,直說,此是定性辟支。故阿阿等亦皆不行。唯較四果似小勝耳。,此是定性辟支。故阿阿等亦皆不行。唯較四果似小勝耳。,《選佛譜》卷第五・中乘辟支佛果・L103,中乘辟支佛果
2769,第10门,藏教位次門,卷5,中乘辟支佛果,彌佛,彌,戒善,佛,无漏善慧,行,圓十信位,第13门,升,,「彌」表戒善、「佛」表无漏善慧。以因深故兼侵余习，较四果似小胜，入圆十信位。,手工逐组（门1–14 手写）,承注,,彌佛。則開權顯實。成按位妙。,《選佛譜》卷第五・四果阿羅漢・L99,四果阿羅漢
2770,第10门,藏教位次門,卷5,中乘辟支佛果,陀陀,陀,定善,陀,定善,不行·安住本位,,,安住,,「陀陀」二字俱表定善。定性辟支，乐独善寂，故亦皆不行。,手工逐组（门1–14 手写）,直說,此是定性辟支。故阿阿等亦皆不行。唯較四果似小勝耳。,此是定性辟支。故阿阿等亦皆不行。唯較四果似小勝耳。,《選佛譜》卷第五・中乘辟支佛果・L103,中乘辟支佛果
2771,第10门,藏教位次門,卷5,中乘辟支佛果,陀佛,陀,定善,佛,无漏善慧,行,方便有餘淨土,第14门,横超,,「陀」表定善、「佛」表无漏善慧。仗佛慈光，得意生身，故生方便有余净土。,手工逐组（门1–14 手写）,承注,,陀佛。則仗佛慈光。得意生身。,《選佛譜》卷第五・四果阿羅漢・L99,四果阿羅漢
2772,第10门,藏教位次門,卷5,中乘辟支佛果,佛佛,佛,无漏善慧,佛,无漏善慧,行,圓十住位,第13门,升,,「佛佛」二字俱表无漏善慧。开权显实，成胜进妙，故入圆十住位。,手工逐组（门1–14 手写）,承注,,佛佛。亦開權顯實。成勝進妙也。,《選佛譜》卷第五・四果阿羅漢・L99,四果阿羅漢
2773,第10门,藏教位次門,卷5,大乘初阿僧祇滿,那那,那,见烦恼,那,见烦恼,不行·安住本位,,,安住,,「那那」二字俱表见烦恼。此位常离女身及四恶趣，精勤勇猛，故不行。,手工逐组（门1–14 手写）,承注,,那那等不行者。不起惡故。,《選佛譜》卷第五・忍位・L77,忍位
2774,第10门,藏教位次門,卷5,大乘初阿僧祇滿,那謨,那,见烦恼,謨,爱烦恼,不行·安住本位,,,安住,,「那」表见烦恼、「謨」表爱烦恼。此位常离女身及四恶趣，精勤勇猛，故不行。,手工逐组（门1–14 手写）,承注,,那那等不行者。不起惡故。,《選佛譜》卷第五・忍位・L77,忍位
2775,第10门,藏教位次門,卷5,大乘初阿僧祇滿,那阿,那,见烦恼,阿,施善,不行·安住本位,,,安住,,「那」表见烦恼、「阿」表施善。此位常离女身及四恶趣，精勤勇猛，烦恼不复现起，故不行。,手工逐组（门1–14 手写）,通則,,其餘位中。以阿彌陀善。與那謨惡相為對治。二俱無力。所以並不行也。,《選佛譜》卷第一・見取・L57,見取
2776,第10门,藏教位次門,卷5,大乘初阿僧祇滿,那彌,那,见烦恼,彌,戒善,不行·安住本位,,,安住,,「那」表见烦恼、「彌」表戒善。此位常离女身及四恶趣，精勤勇猛，烦恼不复现起，故不行。,手工逐组（门1–14 手写）,通則,,其餘位中。以阿彌陀善。與那謨惡相為對治。二俱無力。所以並不行也。,《選佛譜》卷第一・見取・L57,見取
2777,第10门,藏教位次門,卷5,大乘初阿僧祇滿,那陀,那,见烦恼,陀,定善,不行·安住本位,,,安住,,「那」表见烦恼、「陀」表定善。此位常离女身及四恶趣，精勤勇猛，烦恼不复现起，故不行。,手工逐组（门1–14 手写）,通則,,其餘位中。以阿彌陀善。與那謨惡相為對治。二俱無力。所以並不行也。,《選佛譜》卷第一・見取・L57,見取
2778,第10门,藏教位次門,卷5,大乘初阿僧祇滿,那佛,那,见烦恼,佛,无漏善慧,行,二阿僧祇滿,第10门,升,,「那」表见烦恼、「佛」表无漏善慧。据教门权说，此位未得煖法，故入二阿僧祇满。,手工逐组（门1–14 手写）,直說,故阿阿等三。及與那佛。則入二祇。,故阿阿等三。及與那佛。則入二祇。,《選佛譜》卷第五・大乘初阿僧祇滿・L107,大乘初阿僧祇滿
2779,第10门,藏教位次門,卷5,大乘初阿僧祇滿,謨謨,謨,爱烦恼,謨,爱烦恼,不行·安住本位,,,安住,,「謨謨」二字俱表爱烦恼。此位常离女身及四恶趣，精勤勇猛，故不行。,手工逐组（门1–14 手写）,承注,,那那等不行者。不起惡故。,《選佛譜》卷第五・忍位・L77,忍位
2780,第10门,藏教位次門,卷5,大乘初阿僧祇滿,謨阿,謨,爱烦恼,阿,施善,不行·安住本位,,,安住,,「謨」表爱烦恼、「阿」表施善。此位常离女身及四恶趣，精勤勇猛，烦恼不复现起，故不行。,手工逐组（门1–14 手写）,通則,,其餘位中。以阿彌陀善。與那謨惡相為對治。二俱無力。所以並不行也。,《選佛譜》卷第一・見取・L57,見取
2781,第10门,藏教位次門,卷5,大乘初阿僧祇滿,謨彌,謨,爱烦恼,彌,戒善,不行·安住本位,,,安住,,「謨」表爱烦恼、「彌」表戒善。此位常离女身及四恶趣，精勤勇猛，烦恼不复现起，故不行。,手工逐组（门1–14 手写）,通則,,其餘位中。以阿彌陀善。與那謨惡相為對治。二俱無力。所以並不行也。,《選佛譜》卷第一・見取・L57,見取
2782,第10门,藏教位次門,卷5,大乘初阿僧祇滿,謨陀,謨,爱烦恼,陀,定善,不行·安住本位,,,安住,,「謨」表爱烦恼、「陀」表定善。此位常离女身及四恶趣，精勤勇猛，烦恼不复现起，故不行。,手工逐组（门1–14 手写）,通則,,其餘位中。以阿彌陀善。與那謨惡相為對治。二俱無力。所以並不行也。,《選佛譜》卷第一・見取・L57,見取
2783,第10门,藏教位次門,卷5,大乘初阿僧祇滿,謨佛,謨,爱烦恼,佛,无漏善慧,行,三阿僧祇滿,第10门,升,,「謨」表爱烦恼、「佛」表无漏善慧。据教门权说，此位未得煖法，故入三阿僧祇满。,手工逐组（门1–14 手写）,直說,阿陀等三。及與謨佛。則入三祇。,阿陀等三。及與謨佛。則入三祇。,《選佛譜》卷第五・大乘初阿僧祇滿・L107,大乘初阿僧祇滿
2784,第10门,藏教位次門,卷5,大乘初阿僧祇滿,阿阿,阿,施善,阿,施善,行,二阿僧祇滿,第10门,升,,「阿阿」二字俱表施善。据教门权说，仅在四念处位未得煖法，入二阿僧祇满。,手工逐组（门1–14 手写）,直說,故阿阿等三。及與那佛。則入二祇。,故阿阿等三。及與那佛。則入二祇。,《選佛譜》卷第五・大乘初阿僧祇滿・L107,大乘初阿僧祇滿
2785,第10门,藏教位次門,卷5,大乘初阿僧祇滿,阿彌,阿,施善,彌,戒善,行,二阿僧祇滿,第10门,升,,「阿」表施善、「彌」表戒善。据教门权说，仅在四念处位未得煖法，入二阿僧祇满。,手工逐组（门1–14 手写）,直說,故阿阿等三。及與那佛。則入二祇。,故阿阿等三。及與那佛。則入二祇。,《選佛譜》卷第五・大乘初阿僧祇滿・L107,大乘初阿僧祇滿
2786,第10门,藏教位次門,卷5,大乘初阿僧祇滿,阿陀,阿,施善,陀,定善,行,三阿僧祇滿,第10门,升,,「阿」表施善、「陀」表定善。据教门权说，此位未得煖法，故入三阿僧祇满。,手工逐组（门1–14 手写）,直說,阿陀等三。及與謨佛。則入三祇。,阿陀等三。及與謨佛。則入三祇。,《選佛譜》卷第五・大乘初阿僧祇滿・L107,大乘初阿僧祇滿
2787,第10门,藏教位次門,卷5,大乘初阿僧祇滿,阿佛,阿,施善,佛,无漏善慧,行,四見地,第11门,升,,「阿」表施善、「佛」表无漏善慧。据大论破斥，决非具足三毒能集佛法，登通教四见地。,手工逐组（门1–14 手写）,直說,若據大論破斥。決非具足三毒。能集佛法。故阿佛便登見地。,若據大論破斥。決非具足三毒。能集佛法。故阿佛便登見地。,《選佛譜》卷第五・大乘初阿僧祇滿・L107,大乘初阿僧祇滿
2788,第10门,藏教位次門,卷5,大乘初阿僧祇滿,彌彌,彌,戒善,彌,戒善,行,二阿僧祇滿,第10门,升,,「彌彌」二字俱表戒善。据教门权说，仅在四念处位未得煖法，入二阿僧祇满。,手工逐组（门1–14 手写）,直說,故阿阿等三。及與那佛。則入二祇。,故阿阿等三。及與那佛。則入二祇。,《選佛譜》卷第五・大乘初阿僧祇滿・L107,大乘初阿僧祇滿
2789,第10门,藏教位次門,卷5,大乘初阿僧祇滿,彌陀,彌,戒善,陀,定善,行,三阿僧祇滿,第10门,升,,「彌」表戒善、「陀」表定善。据教门权说，此位未得煖法，故入三阿僧祇满。,手工逐组（门1–14 手写）,直說,阿陀等三。及與謨佛。則入三祇。,阿陀等三。及與謨佛。則入三祇。,《選佛譜》卷第五・大乘初阿僧祇滿・L107,大乘初阿僧祇滿
2790,第10门,藏教位次門,卷5,大乘初阿僧祇滿,彌佛,彌,戒善,佛,无漏善慧,行,九菩薩地,第11门,升,,「彌」表戒善、「佛」表无漏善慧。据大论破斥，决非具足三毒能集佛法，登通教九菩萨地。,手工逐组（门1–14 手写）,直說,彌佛登菩薩地。,彌佛登菩薩地。,《選佛譜》卷第五・大乘初阿僧祇滿・L107,大乘初阿僧祇滿
2791,第10门,藏教位次門,卷5,大乘初阿僧祇滿,陀陀,陀,定善,陀,定善,行,三阿僧祇滿,第10门,升,,「陀陀」二字俱表定善。据教门权说，此位未得煖法，故入三阿僧祇满。,手工逐组（门1–14 手写）,直說,阿陀等三。及與謨佛。則入三祇。,阿陀等三。及與謨佛。則入三祇。,《選佛譜》卷第五・大乘初阿僧祇滿・L107,大乘初阿僧祇滿
2792,第10门,藏教位次門,卷5,大乘初阿僧祇滿,陀佛,陀,定善,佛,无漏善慧,行,十法界無量迴向,第12门,升,,「陀」表定善、「佛」表无漏善慧。据瑜伽唯识，则资粮位满，故应同别教十回向。,手工逐组（门1–14 手写）,直說,若據瑜伽。唯識。則資糧位滿。故陀佛應同十向,若據瑜伽。唯識。則資糧位滿。故陀佛應同十向,《選佛譜》卷第五・大乘初阿僧祇滿・L107,大乘初阿僧祇滿
2793,第10门,藏教位次門,卷5,大乘初阿僧祇滿,佛佛,佛,无漏善慧,佛,无漏善慧,行,上品上生,第14门,横超,,「佛佛」二字俱表无漏善慧。闻阿弥陀佛大愿庄严，速证无生法忍，得上品上生。,手工逐组（门1–14 手写）,直說,若聞阿彌陀佛大願莊嚴。則速證無生法忍。故佛佛上品上生也。,若聞阿彌陀佛大願莊嚴。則速證無生法忍。故佛佛上品上生也。,《選佛譜》卷第五・大乘初阿僧祇滿・L107,大乘初阿僧祇滿
2794,第10门,藏教位次門,卷5,二阿僧祇滿,那那,那,见烦恼,那,见烦恼,不行·安住本位,,,安住,,「那那」二字俱表见烦恼。此位更修福慧，供佛利生，心无厌足，故不行。,手工逐组（门1–14 手写）,承注,,那那等不行者。不起惡故。,《選佛譜》卷第五・忍位・L77,忍位
2795,第10门,藏教位次門,卷5,二阿僧祇滿,那謨,那,见烦恼,謨,爱烦恼,不行·安住本位,,,安住,,「那」表见烦恼、「謨」表爱烦恼。此位更修福慧，供佛利生，心无厌足，故不行。,手工逐组（门1–14 手写）,承注,,那那等不行者。不起惡故。,《選佛譜》卷第五・忍位・L77,忍位
2796,第10门,藏教位次門,卷5,二阿僧祇滿,那阿,那,见烦恼,阿,施善,不行·安住本位,,,安住,,「那」表见烦恼、「阿」表施善。此位更修福慧，供佛利生，心无厌足，烦恼不复现起，故不行。,手工逐组（门1–14 手写）,通則,,其餘位中。以阿彌陀善。與那謨惡相為對治。二俱無力。所以並不行也。,《選佛譜》卷第一・見取・L57,見取
2797,第10门,藏教位次門,卷5,二阿僧祇滿,那彌,那,见烦恼,彌,戒善,不行·安住本位,,,安住,,「那」表见烦恼、「彌」表戒善。此位更修福慧，供佛利生，心无厌足，烦恼不复现起，故不行。,手工逐组（门1–14 手写）,通則,,其餘位中。以阿彌陀善。與那謨惡相為對治。二俱無力。所以並不行也。,《選佛譜》卷第一・見取・L57,見取
2798,第10门,藏教位次門,卷5,二阿僧祇滿,那陀,那,见烦恼,陀,定善,不行·安住本位,,,安住,,「那」表见烦恼、「陀」表定善。此位更修福慧，供佛利生，心无厌足，烦恼不复现起，故不行。,手工逐组（门1–14 手写）,通則,,其餘位中。以阿彌陀善。與那謨惡相為對治。二俱無力。所以並不行也。,《選佛譜》卷第一・見取・L57,見取
2799,第10门,藏教位次門,卷5,二阿僧祇滿,那佛,那,见烦恼,佛,无漏善慧,行,三阿僧祇滿,第10门,升,,「那」表见烦恼、「佛」表无漏善慧。若据权说，此位仅在煖位，故止入三阿僧祇满。,手工逐组（门1–14 手写）,直說,故阿阿等三。及與那佛。止入三祇。,若據權說。僅在煖位。故阿阿等三。及與那佛。止入三祇。,《選佛譜》卷第五・二阿僧祇滿・L111,二阿僧祇滿
2800,第10门,藏教位次門,卷5,二阿僧祇滿,謨謨,謨,爱烦恼,謨,爱烦恼,不行·安住本位,,,安住,,「謨謨」二字俱表爱烦恼。此位更修福慧，供佛利生，心无厌足，故不行。,手工逐组（门1–14 手写）,承注,,那那等不行者。不起惡故。,《選佛譜》卷第五・忍位・L77,忍位
2801,第10门,藏教位次門,卷5,二阿僧祇滿,謨阿,謨,爱烦恼,阿,施善,不行·安住本位,,,安住,,「謨」表爱烦恼、「阿」表施善。此位更修福慧，供佛利生，心无厌足，烦恼不复现起，故不行。,手工逐组（门1–14 手写）,通則,,其餘位中。以阿彌陀善。與那謨惡相為對治。二俱無力。所以並不行也。,《選佛譜》卷第一・見取・L57,見取
2802,第10门,藏教位次門,卷5,二阿僧祇滿,謨彌,謨,爱烦恼,彌,戒善,不行·安住本位,,,安住,,「謨」表爱烦恼、「彌」表戒善。此位更修福慧，供佛利生，心无厌足，烦恼不复现起，故不行。,手工逐组（门1–14 手写）,通則,,其餘位中。以阿彌陀善。與那謨惡相為對治。二俱無力。所以並不行也。,《選佛譜》卷第一・見取・L57,見取
2803,第10门,藏教位次門,卷5,二阿僧祇滿,謨陀,謨,爱烦恼,陀,定善,不行·安住本位,,,安住,,「謨」表爱烦恼、「陀」表定善。此位更修福慧，供佛利生，心无厌足，烦恼不复现起，故不行。,手工逐组（门1–14 手写）,通則,,其餘位中。以阿彌陀善。與那謨惡相為對治。二俱無力。所以並不行也。,《選佛譜》卷第一・見取・L57,見取
2804,第10门,藏教位次門,卷5,二阿僧祇滿,謨佛,謨,爱烦恼,佛,无漏善慧,行,四見地,第11门,升,,「謨」表爱烦恼、「佛」表无漏善慧。若据大乘，则倍胜初祇，故登通教四见地。,手工逐组（门1–14 手写）,直說,若據大乘。則倍勝初祇。故阿陀等三。及與謨佛。便登見地。,若據大乘。則倍勝初祇。故阿陀等三。及與謨佛。便登見地。,《選佛譜》卷第五・二阿僧祇滿・L111,二阿僧祇滿
2805,第10门,藏教位次門,卷5,二阿僧祇滿,阿阿,阿,施善,阿,施善,行,三阿僧祇滿,第10门,升,,「阿阿」二字俱表施善。若据权说，此位仅在煖位，故止入三阿僧祇满。,手工逐组（门1–14 手写）,直說,故阿阿等三。及與那佛。止入三祇。,若據權說。僅在煖位。故阿阿等三。及與那佛。止入三祇。,《選佛譜》卷第五・二阿僧祇滿・L111,二阿僧祇滿
2806,第10门,藏教位次門,卷5,二阿僧祇滿,阿彌,阿,施善,彌,戒善,行,三阿僧祇滿,第10门,升,,「阿」表施善、「彌」表戒善。若据权说，此位仅在煖位，故止入三阿僧祇满。,手工逐组（门1–14 手写）,直說,故阿阿等三。及與那佛。止入三祇。,若據權說。僅在煖位。故阿阿等三。及與那佛。止入三祇。,《選佛譜》卷第五・二阿僧祇滿・L111,二阿僧祇滿
2807,第10门,藏教位次門,卷5,二阿僧祇滿,阿陀,阿,施善,陀,定善,行,四見地,第11门,升,,「阿」表施善、「陀」表定善。若据大乘，则倍胜初祇，故登通教四见地。,手工逐组（门1–14 手写）,直說,若據大乘。則倍勝初祇。故阿陀等三。及與謨佛。便登見地。,若據大乘。則倍勝初祇。故阿陀等三。及與謨佛。便登見地。,《選佛譜》卷第五・二阿僧祇滿・L111,二阿僧祇滿
2808,第10门,藏教位次門,卷5,二阿僧祇滿,阿佛,阿,施善,佛,无漏善慧,行,九菩薩地,第11门,升,,「阿」表施善、「佛」表无漏善慧。若据大乘，倍胜初祇，便是通教九菩萨地。,手工逐组（门1–14 手写）,直說,阿佛。便是九菩薩地。,阿佛。便是九菩薩地。,《選佛譜》卷第五・二阿僧祇滿・L111,二阿僧祇滿
2809,第10门,藏教位次門,卷5,二阿僧祇滿,彌彌,彌,戒善,彌,戒善,行,三阿僧祇滿,第10门,升,,「彌彌」二字俱表戒善。若据权说，此位仅在煖位，故止入三阿僧祇满。,手工逐组（门1–14 手写）,直說,故阿阿等三。及與那佛。止入三祇。,若據權說。僅在煖位。故阿阿等三。及與那佛。止入三祇。,《選佛譜》卷第五・二阿僧祇滿・L111,二阿僧祇滿
2810,第10门,藏教位次門,卷5,二阿僧祇滿,彌陀,彌,戒善,陀,定善,行,四見地,第11门,升,,「彌」表戒善、「陀」表定善。若据大乘，则倍胜初祇，故登通教四见地。,手工逐组（门1–14 手写）,直說,若據大乘。則倍勝初祇。故阿陀等三。及與謨佛。便登見地。,若據大乘。則倍勝初祇。故阿陀等三。及與謨佛。便登見地。,《選佛譜》卷第五・二阿僧祇滿・L111,二阿僧祇滿
2811,第10门,藏教位次門,卷5,二阿僧祇滿,彌佛,彌,戒善,佛,无漏善慧,行,十法界無量迴向,第12门,升,,「彌」表戒善、「佛」表无漏善慧。若据大乘，倍胜初祇，便同别教十回向满足。,手工逐组（门1–14 手写）,直說,彌佛。便同十向滿足。,彌佛。便同十向滿足。,《選佛譜》卷第五・二阿僧祇滿・L111,二阿僧祇滿
2812,第10门,藏教位次門,卷5,二阿僧祇滿,陀陀,陀,定善,陀,定善,行,四見地,第11门,升,,「陀陀」二字俱表定善。若据大乘，则倍胜初祇，故登通教四见地。,手工逐组（门1–14 手写）,直說,若據大乘。則倍勝初祇。故阿陀等三。及與謨佛。便登見地。,若據大乘。則倍勝初祇。故阿陀等三。及與謨佛。便登見地。,《選佛譜》卷第五・二阿僧祇滿・L111,二阿僧祇滿
2813,第10门,藏教位次門,卷5,二阿僧祇滿,陀佛,陀,定善,佛,无漏善慧,行,八不動地,第12门,升,,「陀」表定善、「佛」表无漏善慧。据地论唯识论等，则入无功用道，故登八不动地。,手工逐组（门1–14 手写）,直說,若據地論唯識論等。則入無功用道。故陀佛登不動地。,若據地論唯識論等。則入無功用道。故陀佛登不動地。,《選佛譜》卷第五・二阿僧祇滿・L111,二阿僧祇滿
2814,第10门,藏教位次門,卷5,二阿僧祇滿,佛佛,佛,无漏善慧,佛,无漏善慧,行,圓十住位,第13门,升,,「佛佛」二字俱表无漏善慧。开权显实，则能八相成道，故登圆十住位。,手工逐组（门1–14 手写）,直說,若開權顯實。則能八相成道。故佛佛登圓住也。,若開權顯實。則能八相成道。故佛佛登圓住也。,《選佛譜》卷第五・二阿僧祇滿・L111,二阿僧祇滿
2815,第10门,藏教位次門,卷5,三阿僧祇滿,那那,那,见烦恼,那,见烦恼,不行·安住本位,,,安住,,「那那」二字俱表见烦恼。此位上弘下化，广集福慧，功行圆成，故不行。,手工逐组（门1–14 手写）,承注,,那那等不行者。不起惡故。,《選佛譜》卷第五・忍位・L77,忍位
2816,第10门,藏教位次門,卷5,三阿僧祇滿,那謨,那,见烦恼,謨,爱烦恼,不行·安住本位,,,安住,,「那」表见烦恼、「謨」表爱烦恼。此位上弘下化，广集福慧，功行圆成，故不行。,手工逐组（门1–14 手写）,承注,,那那等不行者。不起惡故。,《選佛譜》卷第五・忍位・L77,忍位
2817,第10门,藏教位次門,卷5,三阿僧祇滿,那阿,那,见烦恼,阿,施善,不行·安住本位,,,安住,,「那」表见烦恼、「阿」表施善。此位上弘下化，广集福慧，功行圆成，烦恼不复现起，故不行。,手工逐组（门1–14 手写）,通則,,其餘位中。以阿彌陀善。與那謨惡相為對治。二俱無力。所以並不行也。,《選佛譜》卷第一・見取・L57,見取
2818,第10门,藏教位次門,卷5,三阿僧祇滿,那彌,那,见烦恼,彌,戒善,不行·安住本位,,,安住,,「那」表见烦恼、「彌」表戒善。此位上弘下化，广集福慧，功行圆成，烦恼不复现起，故不行。,手工逐组（门1–14 手写）,通則,,其餘位中。以阿彌陀善。與那謨惡相為對治。二俱無力。所以並不行也。,《選佛譜》卷第一・見取・L57,見取
2819,第10门,藏教位次門,卷5,三阿僧祇滿,那陀,那,见烦恼,陀,定善,不行·安住本位,,,安住,,「那」表见烦恼、「陀」表定善。此位上弘下化，广集福慧，功行圆成，烦恼不复现起，故不行。,手工逐组（门1–14 手写）,通則,,其餘位中。以阿彌陀善。與那謨惡相為對治。二俱無力。所以並不行也。,《選佛譜》卷第一・見取・L57,見取
2820,第10门,藏教位次門,卷5,三阿僧祇滿,那佛,那,见烦恼,佛,无漏善慧,行,六現前地,第12门,升,,「那」表见烦恼、「佛」表无漏善慧。权教中更无可升进处，仅可借阶别教六现前地。,手工逐组（门1–14 手写）,直說,故阿阿等九。僅可借階別地。,於權教中。更無可升進處。而藏教佛果。實皆滿分二種法身示現。決非三祇伏惑所成。故阿阿等九。僅可借階別地。,《選佛譜》卷第五・三阿僧祇滿・L115,三阿僧祇滿
2821,第10门,藏教位次門,卷5,三阿僧祇滿,謨謨,謨,爱烦恼,謨,爱烦恼,不行·安住本位,,,安住,,「謨謨」二字俱表爱烦恼。此位上弘下化，广集福慧，功行圆成，故不行。,手工逐组（门1–14 手写）,承注,,那那等不行者。不起惡故。,《選佛譜》卷第五・忍位・L77,忍位
2822,第10门,藏教位次門,卷5,三阿僧祇滿,謨阿,謨,爱烦恼,阿,施善,不行·安住本位,,,安住,,「謨」表爱烦恼、「阿」表施善。此位上弘下化，广集福慧，功行圆成，烦恼不复现起，故不行。,手工逐组（门1–14 手写）,通則,,其餘位中。以阿彌陀善。與那謨惡相為對治。二俱無力。所以並不行也。,《選佛譜》卷第一・見取・L57,見取
2823,第10门,藏教位次門,卷5,三阿僧祇滿,謨彌,謨,爱烦恼,彌,戒善,不行·安住本位,,,安住,,「謨」表爱烦恼、「彌」表戒善。此位上弘下化，广集福慧，功行圆成，烦恼不复现起，故不行。,手工逐组（门1–14 手写）,通則,,其餘位中。以阿彌陀善。與那謨惡相為對治。二俱無力。所以並不行也。,《選佛譜》卷第一・見取・L57,見取
2824,第10门,藏教位次門,卷5,三阿僧祇滿,謨陀,謨,爱烦恼,陀,定善,不行·安住本位,,,安住,,「謨」表爱烦恼、「陀」表定善。此位上弘下化，广集福慧，功行圆成，烦恼不复现起，故不行。,手工逐组（门1–14 手写）,通則,,其餘位中。以阿彌陀善。與那謨惡相為對治。二俱無力。所以並不行也。,《選佛譜》卷第一・見取・L57,見取
2825,第10门,藏教位次門,卷5,三阿僧祇滿,謨佛,謨,爱烦恼,佛,无漏善慧,行,七遠行地,第12门,升,,「謨」表爱烦恼、「佛」表无漏善慧。权教中更无可升进处，仅可借阶别教七远行地。,手工逐组（门1–14 手写）,直說,故阿阿等九。僅可借階別地。,於權教中。更無可升進處。而藏教佛果。實皆滿分二種法身示現。決非三祇伏惑所成。故阿阿等九。僅可借階別地。,《選佛譜》卷第五・三阿僧祇滿・L115,三阿僧祇滿
2826,第10门,藏教位次門,卷5,三阿僧祇滿,阿阿,阿,施善,阿,施善,行,初歡喜地,第12门,升,,「阿阿」二字俱表施善。权教中更无可升进处，仅可借阶别教初欢喜地。,手工逐组（门1–14 手写）,直說,故阿阿等九。僅可借階別地。,於權教中。更無可升進處。而藏教佛果。實皆滿分二種法身示現。決非三祇伏惑所成。故阿阿等九。僅可借階別地。,《選佛譜》卷第五・三阿僧祇滿・L115,三阿僧祇滿
2827,第10门,藏教位次門,卷5,三阿僧祇滿,阿彌,阿,施善,彌,戒善,行,二離垢地,第12门,升,,「阿」表施善、「彌」表戒善。权教中更无可升进处，仅可借阶别教二离垢地。,手工逐组（门1–14 手写）,直說,故阿阿等九。僅可借階別地。,於權教中。更無可升進處。而藏教佛果。實皆滿分二種法身示現。決非三祇伏惑所成。故阿阿等九。僅可借階別地。,《選佛譜》卷第五・三阿僧祇滿・L115,三阿僧祇滿
2828,第10门,藏教位次門,卷5,三阿僧祇滿,阿陀,阿,施善,陀,定善,行,四燄慧地,第12门,升,,「阿」表施善、「陀」表定善。权教中更无可升进处，仅可借阶别教四焰慧地。,手工逐组（门1–14 手写）,直說,故阿阿等九。僅可借階別地。,於權教中。更無可升進處。而藏教佛果。實皆滿分二種法身示現。決非三祇伏惑所成。故阿阿等九。僅可借階別地。,《選佛譜》卷第五・三阿僧祇滿・L115,三阿僧祇滿
2829,第10门,藏教位次門,卷5,三阿僧祇滿,阿佛,阿,施善,佛,无漏善慧,行,八不動地,第12门,升,,「阿」表施善、「佛」表无漏善慧。权教中更无可升进处，仅可借阶别教八不动地。,手工逐组（门1–14 手写）,直說,故阿阿等九。僅可借階別地。,於權教中。更無可升進處。而藏教佛果。實皆滿分二種法身示現。決非三祇伏惑所成。故阿阿等九。僅可借階別地。,《選佛譜》卷第五・三阿僧祇滿・L115,三阿僧祇滿
2830,第10门,藏教位次門,卷5,三阿僧祇滿,彌彌,彌,戒善,彌,戒善,行,三發光地,第12门,升,,「彌彌」二字俱表戒善。权教中更无可升进处，仅可借阶别教三发光地。,手工逐组（门1–14 手写）,直說,故阿阿等九。僅可借階別地。,於權教中。更無可升進處。而藏教佛果。實皆滿分二種法身示現。決非三祇伏惑所成。故阿阿等九。僅可借階別地。,《選佛譜》卷第五・三阿僧祇滿・L115,三阿僧祇滿
2831,第10门,藏教位次門,卷5,三阿僧祇滿,彌陀,彌,戒善,陀,定善,行,五難勝地,第12门,升,,「彌」表戒善、「陀」表定善。权教中更无可升进处，仅可借阶别教五难胜地。,手工逐组（门1–14 手写）,直說,故阿阿等九。僅可借階別地。,於權教中。更無可升進處。而藏教佛果。實皆滿分二種法身示現。決非三祇伏惑所成。故阿阿等九。僅可借階別地。,《選佛譜》卷第五・三阿僧祇滿・L115,三阿僧祇滿
2832,第10门,藏教位次門,卷5,三阿僧祇滿,彌佛,彌,戒善,佛,无漏善慧,行,九善慧地,第12门,升,,「彌」表戒善、「佛」表无漏善慧。权教中更无可升进处，仅可借阶别教九善慧地。,手工逐组（门1–14 手写）,直說,故阿阿等九。僅可借階別地。,故阿阿等九。僅可借階別地。,《選佛譜》卷第五・三阿僧祇滿・L115,三阿僧祇滿
2833,第10门,藏教位次門,卷5,三阿僧祇滿,陀陀,陀,定善,陀,定善,行,六現前地,第12门,升,,「陀陀」二字俱表定善。权教中更无可升进处，仅可借阶别教六现前地。,手工逐组（门1–14 手写）,直說,故阿阿等九。僅可借階別地。,於權教中。更無可升進處。而藏教佛果。實皆滿分二種法身示現。決非三祇伏惑所成。故阿阿等九。僅可借階別地。,《選佛譜》卷第五・三阿僧祇滿・L115,三阿僧祇滿
2834,第10门,藏教位次門,卷5,三阿僧祇滿,陀佛,陀,定善,佛,无漏善慧,行,圓十住位,第13门,升,,「陀」表定善、「佛」表无漏善慧。定慧庄严，堪成圆十住位。,手工逐组（门1–14 手写）,直說,唯陀佛。則定慧莊嚴。堪成圓住。,唯陀佛。則定慧莊嚴。堪成圓住。,《選佛譜》卷第五・三阿僧祇滿・L115,三阿僧祇滿
2835,第10门,藏教位次門,卷5,三阿僧祇滿,佛佛,佛,无漏善慧,佛,无漏善慧,行,藏教佛果,第10门,升,,「佛佛」二字俱表无漏善慧。圆住愿力，示成八相于凡居，故示现藏教佛果。,手工逐组（门1–14 手写）,直說,若佛佛。則圓住願力。示成八相於凡居也。,若佛佛。則圓住願力。示成八相於凡居也。,《選佛譜》卷第五・三阿僧祇滿・L115,三阿僧祇滿
2836,第10门,藏教位次門,卷5,藏教佛果,那那,那,见烦恼,那,见烦恼,不行·安住本位,,,安住,,「那那」二字俱表见烦恼。此位顿断正使习气俱尽，得一切智，故不行。,手工逐组（门1–14 手写）,承注,,那那等不行者。不起惡故。,《選佛譜》卷第五・忍位・L77,忍位
2837,第10门,藏教位次門,卷5,藏教佛果,那謨,那,见烦恼,謨,爱烦恼,不行·安住本位,,,安住,,「那」表见烦恼、「謨」表爱烦恼。此位顿断正使习气俱尽，得一切智，故不行。,手工逐组（门1–14 手写）,承注,,那那等不行者。不起惡故。,《選佛譜》卷第五・忍位・L77,忍位
2838,第10门,藏教位次門,卷5,藏教佛果,那阿,那,见烦恼,阿,施善,不行·安住本位,,,安住,,「那」表见烦恼、「阿」表施善。此位顿断正使习气俱尽，得一切智，烦恼不复现起，故不行。,手工逐组（门1–14 手写）,通則,,其餘位中。以阿彌陀善。與那謨惡相為對治。二俱無力。所以並不行也。,《選佛譜》卷第一・見取・L57,見取
2839,第10门,藏教位次門,卷5,藏教佛果,那彌,那,见烦恼,彌,戒善,不行·安住本位,,,安住,,「那」表见烦恼、「彌」表戒善。此位顿断正使习气俱尽，得一切智，烦恼不复现起，故不行。,手工逐组（门1–14 手写）,通則,故阿阿乃至阿佛。皆可贈而不可行也。且此樹下生身。名為境本定身。是故三乘利根。即見其為如須彌山。菩薩大士。即見其為剎塵相海。如來種性。即見其為實相法身。,其餘位中。以阿彌陀善。與那謨惡相為對治。二俱無力。所以並不行也。,《選佛譜》卷第一・見取・L57,見取
2840,第10门,藏教位次門,卷5,藏教佛果,那陀,那,见烦恼,陀,定善,不行·安住本位,,,安住,,「那」表见烦恼、「陀」表定善。此位顿断正使习气俱尽，得一切智，烦恼不复现起，故不行。,手工逐组（门1–14 手写）,通則,故阿阿乃至阿佛。皆可贈而不可行也。且此樹下生身。名為境本定身。是故三乘利根。即見其為如須彌山。菩薩大士。即見其為剎塵相海。如來種性。即見其為實相法身。,其餘位中。以阿彌陀善。與那謨惡相為對治。二俱無力。所以並不行也。,《選佛譜》卷第一・見取・L57,見取
2841,第10门,藏教位次門,卷5,藏教佛果,那佛,那,见烦恼,佛,无漏善慧,贈掷·不移位,,,贈掷,贈一掷,「那」表见烦恼、「佛」表无漏善慧。既示佛果，无以显三身一体之义，皆可赠而不可行。,手工逐组（门1–14 手写）,直說,故阿阿乃至阿佛。皆可贈而不可行也。且此樹下生身。名為境本定身。是故三乘利根。即見其為如須彌山。菩薩大士。即見其為剎塵相海。如來種性。即見其為實相法身。,既示佛果。若仍升入菩薩位中。則破壞俗諦。亦無以顯三身一體之義。故阿阿乃至阿佛。皆可贈而不可行也。,《選佛譜》卷第五・藏教佛果・L119,藏教佛果
2842,第10门,藏教位次門,卷5,藏教佛果,謨謨,謨,爱烦恼,謨,爱烦恼,不行·安住本位,,,安住,,「謨謨」二字俱表爱烦恼。此位顿断正使习气俱尽，得一切智，故不行。,手工逐组（门1–14 手写）,承注,,那那等不行者。不起惡故。,《選佛譜》卷第五・忍位・L77,忍位
2843,第10门,藏教位次門,卷5,藏教佛果,謨阿,謨,爱烦恼,阿,施善,不行·安住本位,,,安住,,「謨」表爱烦恼、「阿」表施善。此位顿断正使习气俱尽，得一切智，烦恼不复现起，故不行。,手工逐组（门1–14 手写）,通則,,其餘位中。以阿彌陀善。與那謨惡相為對治。二俱無力。所以並不行也。,《選佛譜》卷第一・見取・L57,見取
2844,第10门,藏教位次門,卷5,藏教佛果,謨彌,謨,爱烦恼,彌,戒善,不行·安住本位,,,安住,,「謨」表爱烦恼、「彌」表戒善。此位顿断正使习气俱尽，得一切智，烦恼不复现起，故不行。,手工逐组（门1–14 手写）,通則,故阿阿乃至阿佛。皆可贈而不可行也。且此樹下生身。名為境本定身。是故三乘利根。即見其為如須彌山。菩薩大士。即見其為剎塵相海。如來種性。即見其為實相法身。,其餘位中。以阿彌陀善。與那謨惡相為對治。二俱無力。所以並不行也。,《選佛譜》卷第一・見取・L57,見取
2845,第10门,藏教位次門,卷5,藏教佛果,謨陀,謨,爱烦恼,陀,定善,不行·安住本位,,,安住,,「謨」表爱烦恼、「陀」表定善。此位顿断正使习气俱尽，得一切智，烦恼不复现起，故不行。,手工逐组（门1–14 手写）,通則,故阿阿乃至阿佛。皆可贈而不可行也。且此樹下生身。名為境本定身。是故三乘利根。即見其為如須彌山。菩薩大士。即見其為剎塵相海。如來種性。即見其為實相法身。,其餘位中。以阿彌陀善。與那謨惡相為對治。二俱無力。所以並不行也。,《選佛譜》卷第一・見取・L57,見取
2846,第10门,藏教位次門,卷5,藏教佛果,謨佛,謨,爱烦恼,佛,无漏善慧,贈掷·不移位,,,贈掷,贈二掷,「謨」表爱烦恼、「佛」表无漏善慧。既示佛果，无以显三身一体之义，皆可赠而不可行。,手工逐组（门1–14 手写）,直說,故阿阿乃至阿佛。皆可贈而不可行也。且此樹下生身。名為境本定身。是故三乘利根。即見其為如須彌山。菩薩大士。即見其為剎塵相海。如來種性。即見其為實相法身。,既示佛果。若仍升入菩薩位中。則破壞俗諦。亦無以顯三身一體之義。故阿阿乃至阿佛。皆可贈而不可行也。,《選佛譜》卷第五・藏教佛果・L119,藏教佛果
2847,第10门,藏教位次門,卷5,藏教佛果,阿阿,阿,施善,阿,施善,贈掷·不移位,,,贈掷,贈一掷,「阿阿」二字俱表施善。既示佛果，若仍升入菩萨位则破坏俗谛，皆可赠而不可行。,手工逐组（门1–14 手写）,直說,故阿阿乃至阿佛。皆可贈而不可行也。且此樹下生身。名為境本定身。是故三乘利根。即見其為如須彌山。菩薩大士。即見其為剎塵相海。如來種性。即見其為實相法身。,既示佛果。若仍升入菩薩位中。則破壞俗諦。亦無以顯三身一體之義。故阿阿乃至阿佛。皆可贈而不可行也。,《選佛譜》卷第五・藏教佛果・L119,藏教佛果
2848,第10门,藏教位次門,卷5,藏教佛果,阿彌,阿,施善,彌,戒善,贈掷·不移位,,,贈掷,贈一掷,「阿」表施善、「彌」表戒善。既示佛果，若仍升入菩萨位则破坏俗谛，皆可赠而不可行。,手工逐组（门1–14 手写）,直說,故阿阿乃至阿佛。皆可贈而不可行也。且此樹下生身。名為境本定身。是故三乘利根。即見其為如須彌山。菩薩大士。即見其為剎塵相海。如來種性。即見其為實相法身。,既示佛果。若仍升入菩薩位中。則破壞俗諦。亦無以顯三身一體之義。故阿阿乃至阿佛。皆可贈而不可行也。,《選佛譜》卷第五・藏教佛果・L119,藏教佛果
2849,第10门,藏教位次門,卷5,藏教佛果,阿陀,阿,施善,陀,定善,贈掷·不移位,,,贈掷,贈二掷,「阿」表施善、「陀」表定善。既示佛果，若仍升入菩萨位则破坏俗谛，皆可赠而不可行。,手工逐组（门1–14 手写）,直說,故阿阿乃至阿佛。皆可贈而不可行也。且此樹下生身。名為境本定身。是故三乘利根。即見其為如須彌山。菩薩大士。即見其為剎塵相海。如來種性。即見其為實相法身。,既示佛果。若仍升入菩薩位中。則破壞俗諦。亦無以顯三身一體之義。故阿阿乃至阿佛。皆可贈而不可行也。,《選佛譜》卷第五・藏教佛果・L119,藏教佛果
2850,第10门,藏教位次門,卷5,藏教佛果,阿佛,阿,施善,佛,无漏善慧,贈掷·不移位,,,贈掷,贈三掷,「阿」表施善、「佛」表无漏善慧。既示佛果，无以显三身一体之义，皆可赠而不可行。,手工逐组（门1–14 手写）,直說,故阿阿乃至阿佛。皆可贈而不可行也。且此樹下生身。名為境本定身。是故三乘利根。即見其為如須彌山。菩薩大士。即見其為剎塵相海。如來種性。即見其為實相法身。,既示佛果。若仍升入菩薩位中。則破壞俗諦。亦無以顯三身一體之義。故阿阿乃至阿佛。皆可贈而不可行也。,《選佛譜》卷第五・藏教佛果・L119,藏教佛果
2851,第10门,藏教位次門,卷5,藏教佛果,彌彌,彌,戒善,彌,戒善,贈掷·不移位,,,贈掷,贈一掷,「彌彌」二字俱表戒善。既示佛果，若仍升入菩萨位则破坏俗谛，皆可赠而不可行。,手工逐组（门1–14 手写）,直說,故阿阿乃至阿佛。皆可贈而不可行也。且此樹下生身。名為境本定身。是故三乘利根。即見其為如須彌山。菩薩大士。即見其為剎塵相海。如來種性。即見其為實相法身。,既示佛果。若仍升入菩薩位中。則破壞俗諦。亦無以顯三身一體之義。故阿阿乃至阿佛。皆可贈而不可行也。,《選佛譜》卷第五・藏教佛果・L119,藏教佛果
2852,第10门,藏教位次門,卷5,藏教佛果,彌陀,彌,戒善,陀,定善,贈掷·不移位,,,贈掷,贈二掷,「彌」表戒善、「陀」表定善。既示佛果，若仍升入菩萨位则破坏俗谛，皆可赠而不可行。,手工逐组（门1–14 手写）,直說,故阿阿乃至阿佛。皆可贈而不可行也。且此樹下生身。名為境本定身。是故三乘利根。即見其為如須彌山。菩薩大士。即見其為剎塵相海。如來種性。即見其為實相法身。,既示佛果。若仍升入菩薩位中。則破壞俗諦。亦無以顯三身一體之義。故阿阿乃至阿佛。皆可贈而不可行也。,《選佛譜》卷第五・藏教佛果・L119,藏教佛果
2853,第10门,藏教位次門,卷5,藏教佛果,彌佛,彌,戒善,佛,无漏善慧,行,十佛地,第11门,升,,「彌」表戒善、「佛」表无漏善慧。即劣应而胜应，故入通教十佛地。,手工逐组（门1–14 手写）,直說,今彌佛通佛地者。即劣應而勝應也。,今彌佛通佛地者。即劣應而勝應也。,《選佛譜》卷第五・藏教佛果・L119,藏教佛果
2854,第10门,藏教位次門,卷5,藏教佛果,陀陀,陀,定善,陀,定善,贈掷·不移位,,,贈掷,贈二掷,「陀陀」二字俱表定善。既示佛果，若仍升入菩萨位则破坏俗谛，皆可赠而不可行。,手工逐组（门1–14 手写）,直說,故阿阿乃至阿佛。皆可贈而不可行也。且此樹下生身。名為境本定身。是故三乘利根。即見其為如須彌山。菩薩大士。即見其為剎塵相海。如來種性。即見其為實相法身。,既示佛果。若仍升入菩薩位中。則破壞俗諦。亦無以顯三身一體之義。故阿阿乃至阿佛。皆可贈而不可行也。,《選佛譜》卷第五・藏教佛果・L119,藏教佛果
2855,第10门,藏教位次門,卷5,藏教佛果,陀佛,陀,定善,佛,无漏善慧,行,別教妙覺佛位,第12门,升,,「陀」表定善、「佛」表无漏善慧。即应化而实报，故成别教妙觉佛位。,手工逐组（门1–14 手写）,直說,陀佛別妙覺者。即應化而實報也。,陀佛別妙覺者。即應化而實報也。,《選佛譜》卷第五・藏教佛果・L119,藏教佛果
2856,第10门,藏教位次門,卷5,藏教佛果,佛佛,佛,无漏善慧,佛,无漏善慧,行,佛,第15门,升,,「佛佛」二字俱表无漏善慧。即报化而法身，故成圆教究竟妙觉位。,手工逐组（门1–14 手写）,直說,佛佛圓妙覺者。即報化而法身也。,佛佛圓妙覺者。即報化而法身也。,《選佛譜》卷第五・藏教佛果・L119,藏教佛果
2857,第11门,通教位次門,卷5,初乾慧地,那那,那,见烦恼,那,见烦恼,行,取相懺,第6门,降,,「那那」二字俱表见烦恼。惑染既强，须修五悔，故入取相忏。,手工逐组（门1–14 手写）,直說,那那等三。惑染既強。須修五悔。,那那等三。惑染既強。須修五悔。,《選佛譜》卷第五・初乾慧地・L129,初乾慧地
2858,第11门,通教位次門,卷5,初乾慧地,那謨,那,见烦恼,謨,爱烦恼,行,取相懺,第6门,降,,「那」表见烦恼、「謨」表爱烦恼。惑染既强，须修五悔，故入取相忏。,手工逐组（门1–14 手写）,直說,那那等三。惑染既強。須修五悔。,那那等三。惑染既強。須修五悔。,《選佛譜》卷第五・初乾慧地・L129,初乾慧地
2859,第11门,通教位次門,卷5,初乾慧地,那阿,那,见烦恼,阿,施善,不行·安住本位,,,安住,,「那」表见烦恼、「阿」表施善。相为对治，二俱无力，故不行。,手工逐组（门1–14 手写）,通則,,其餘位中。以阿彌陀善。與那謨惡相為對治。二俱無力。所以並不行也。,《選佛譜》卷第一・見取・L57,見取
2860,第11门,通教位次門,卷5,初乾慧地,那彌,那,见烦恼,彌,戒善,不行·安住本位,,,安住,,「那」表见烦恼、「彌」表戒善。相为对治，二俱无力，故不行。,手工逐组（门1–14 手写）,通則,,其餘位中。以阿彌陀善。與那謨惡相為對治。二俱無力。所以並不行也。,《選佛譜》卷第一・見取・L57,見取
2861,第11门,通教位次門,卷5,初乾慧地,那陀,那,见烦恼,陀,定善,不行·安住本位,,,安住,,「那」表见烦恼、「陀」表定善。相为对治，二俱无力，故不行。,手工逐组（门1–14 手写）,通則,,其餘位中。以阿彌陀善。與那謨惡相為對治。二俱無力。所以並不行也。,《選佛譜》卷第一・見取・L57,見取
2862,第11门,通教位次門,卷5,初乾慧地,那佛,那,见烦恼,佛,无漏善慧,行,三八人地,第11门,升,,「那」表见烦恼、「佛」表无漏善慧。犹未断见，故居三八人地。,手工逐组（门1–14 手写）,直說,那佛。猶未斷見。故居八人。,那佛。猶未斷見。故居八人。,《選佛譜》卷第五・初乾慧地・L129,初乾慧地
2863,第11门,通教位次門,卷5,初乾慧地,謨謨,謨,爱烦恼,謨,爱烦恼,行,取相懺,第6门,降,,「謨謨」二字俱表爱烦恼。惑染既强，须修五悔，故入取相忏。,手工逐组（门1–14 手写）,直說,那那等三。惑染既強。須修五悔。,那那等三。惑染既強。須修五悔。,《選佛譜》卷第五・初乾慧地・L129,初乾慧地
2864,第11门,通教位次門,卷5,初乾慧地,謨阿,謨,爱烦恼,阿,施善,不行·安住本位,,,安住,,「謨」表爱烦恼、「阿」表施善。相为对治，二俱无力，故不行。,手工逐组（门1–14 手写）,通則,,其餘位中。以阿彌陀善。與那謨惡相為對治。二俱無力。所以並不行也。,《選佛譜》卷第一・見取・L57,見取
2865,第11门,通教位次門,卷5,初乾慧地,謨彌,謨,爱烦恼,彌,戒善,不行·安住本位,,,安住,,「謨」表爱烦恼、「彌」表戒善。相为对治，二俱无力，故不行。,手工逐组（门1–14 手写）,通則,,其餘位中。以阿彌陀善。與那謨惡相為對治。二俱無力。所以並不行也。,《選佛譜》卷第一・見取・L57,見取
2866,第11门,通教位次門,卷5,初乾慧地,謨陀,謨,爱烦恼,陀,定善,不行·安住本位,,,安住,,「謨」表爱烦恼、「陀」表定善。相为对治，二俱无力，故不行。,手工逐组（门1–14 手写）,通則,,其餘位中。以阿彌陀善。與那謨惡相為對治。二俱無力。所以並不行也。,《選佛譜》卷第一・見取・L57,見取
2867,第11门,通教位次門,卷5,初乾慧地,謨佛,謨,爱烦恼,佛,无漏善慧,行,四見地,第11门,升,,「謨」表爱烦恼、「佛」表无漏善慧。见断思存，故登四见地。,手工逐组（门1–14 手写）,直說,謨佛。見斷思存。故登見地。,謨佛。見斷思存。故登見地。,《選佛譜》卷第五・初乾慧地・L129,初乾慧地
2868,第11门,通教位次門,卷5,初乾慧地,阿阿,阿,施善,阿,施善,行,二性地,第11门,升,,「阿阿」二字俱表施善。善法既集，应阶上地，故入二性地。,手工逐组（门1–14 手写）,直說,阿阿等六。善法既集。應階上地。,阿阿等六。善法既集。應階上地。,《選佛譜》卷第五・初乾慧地・L129,初乾慧地
2869,第11门,通教位次門,卷5,初乾慧地,阿彌,阿,施善,彌,戒善,行,三八人地,第11门,升,,「阿」表施善、「彌」表戒善。善法既集，应阶上地，故入三八人地。,手工逐组（门1–14 手写）,直說,阿阿等六。善法既集。應階上地。,阿阿等六。善法既集。應階上地。,《選佛譜》卷第五・初乾慧地・L129,初乾慧地
2870,第11门,通教位次門,卷5,初乾慧地,阿陀,阿,施善,陀,定善,行,四見地,第11门,升,,「阿」表施善、「陀」表定善。善法既集，应阶上地，故入四见地。,手工逐组（门1–14 手写）,直說,阿阿等六。善法既集。應階上地。,阿阿等六。善法既集。應階上地。,《選佛譜》卷第五・初乾慧地・L129,初乾慧地
2871,第11门,通教位次門,卷5,初乾慧地,阿佛,阿,施善,佛,无漏善慧,行,七已辦地,第11门,升,,「阿」表施善、「佛」表无漏善慧。三界惑尽，故入七已办地。,手工逐组（门1–14 手写）,直說,阿佛。則三界惑盡。,阿佛。則三界惑盡。,《選佛譜》卷第五・初乾慧地・L129,初乾慧地
2872,第11门,通教位次門,卷5,初乾慧地,彌彌,彌,戒善,彌,戒善,行,四見地,第11门,升,,「彌彌」二字俱表戒善。善法既集，应阶上地，故入四见地。,手工逐组（门1–14 手写）,直說,阿阿等六。善法既集。應階上地。,阿阿等六。善法既集。應階上地。,《選佛譜》卷第五・初乾慧地・L129,初乾慧地
2873,第11门,通教位次門,卷5,初乾慧地,彌陀,彌,戒善,陀,定善,行,五薄地,第11门,升,,「彌」表戒善、「陀」表定善。善法既集，应阶上地，故入五薄地。,手工逐组（门1–14 手写）,直說,阿阿等六。善法既集。應階上地。,阿阿等六。善法既集。應階上地。,《選佛譜》卷第五・初乾慧地・L129,初乾慧地
2874,第11门,通教位次門,卷5,初乾慧地,彌佛,彌,戒善,佛,无漏善慧,行,八辟支佛地,第11门,升,,「彌」表戒善、「佛」表无漏善慧。习亦稍侵，故入八辟支佛地。,手工逐组（门1–14 手写）,直說,彌佛。則習亦稍侵。,彌佛。則習亦稍侵。,《選佛譜》卷第五・初乾慧地・L129,初乾慧地
2875,第11门,通教位次門,卷5,初乾慧地,陀陀,陀,定善,陀,定善,行,六離欲地,第11门,升,,「陀陀」二字俱表定善。善法既集，应阶上地，故入六离欲地。,手工逐组（门1–14 手写）,直說,阿阿等六。善法既集。應階上地。,阿阿等六。善法既集。應階上地。,《選佛譜》卷第五・初乾慧地・L129,初乾慧地
2876,第11门,通教位次門,卷5,初乾慧地,陀佛,陀,定善,佛,无漏善慧,行,九菩薩地,第11门,升,,「陀」表定善、「佛」表无漏善慧。道观双流，故入九菩萨地。,手工逐组（门1–14 手写）,直說,陀佛。則道觀雙流。,陀佛。則道觀雙流。,《選佛譜》卷第五・初乾慧地・L129,初乾慧地
2877,第11门,通教位次門,卷5,初乾慧地,佛佛,佛,无漏善慧,佛,无漏善慧,行,圓十信位,第13门,升,,「佛佛」二字俱表无漏善慧。开权显实，然通教佛相只与圆信齐，故入圆十信位。,手工逐组（门1–14 手写）,直說,佛佛。則開權顯實也。問。前於體空觀中。則佛佛便登佛地。今於乾慧地中。乃佛佛僅成圓信。何耶。答。前表一念不生。即如如佛。乃不落階級義。今表從因至果。事非一蹴。乃化道儀軌義。然剋論通教佛相。未說斷迷中惑。亦祇與圓信齊耳。,佛佛。則開權顯實也。,《選佛譜》卷第五・初乾慧地・L129,初乾慧地
2878,第11门,通教位次門,卷5,二性地,那那,那,见烦恼,那,见烦恼,行,無生懺,第6门,降,,「那那」二字俱表见烦恼。烦恼未断，须无生忏以拔罪根，故入无生忏。,手工逐组（门1–14 手写）,直說,那那等三。煩惱未斷。須無生懺。以拔罪根。,那那等三。煩惱未斷。須無生懺。以拔罪根。,《選佛譜》卷第五・二性地・L133,二性地
2879,第11门,通教位次門,卷5,二性地,那謨,那,见烦恼,謨,爱烦恼,行,無生懺,第6门,降,,「那」表见烦恼、「謨」表爱烦恼。烦恼未断，须无生忏以拔罪根，故入无生忏。,手工逐组（门1–14 手写）,直說,那那等三。煩惱未斷。須無生懺。以拔罪根。,那那等三。煩惱未斷。須無生懺。以拔罪根。,《選佛譜》卷第五・二性地・L133,二性地
2880,第11门,通教位次門,卷5,二性地,那阿,那,见烦恼,阿,施善,不行·安住本位,,,安住,,「那」表见烦恼、「阿」表施善。相为对治，二俱无力，故不行。,手工逐组（门1–14 手写）,通則,,其餘位中。以阿彌陀善。與那謨惡相為對治。二俱無力。所以並不行也。,《選佛譜》卷第一・見取・L57,見取
2881,第11门,通教位次門,卷5,二性地,那彌,那,见烦恼,彌,戒善,不行·安住本位,,,安住,,「那」表见烦恼、「彌」表戒善。相为对治，二俱无力，故不行。,手工逐组（门1–14 手写）,通則,,其餘位中。以阿彌陀善。與那謨惡相為對治。二俱無力。所以並不行也。,《選佛譜》卷第一・見取・L57,見取
2882,第11门,通教位次門,卷5,二性地,那陀,那,见烦恼,陀,定善,不行·安住本位,,,安住,,「那」表见烦恼、「陀」表定善。相为对治，二俱无力，故不行。,手工逐组（门1–14 手写）,通則,,其餘位中。以阿彌陀善。與那謨惡相為對治。二俱無力。所以並不行也。,《選佛譜》卷第一・見取・L57,見取
2883,第11门,通教位次門,卷5,二性地,那佛,那,见烦恼,佛,无漏善慧,行,四見地,第11门,升,,「那」表见烦恼、「佛」表无漏善慧。胜前一筹，例则可解，故登四见地。,手工逐组（门1–14 手写）,承注,阿阿以去。勝前一籌。例則可解。,那佛。猶未斷見。故居八人。,《選佛譜》卷第五・初乾慧地・L129,初乾慧地
2884,第11门,通教位次門,卷5,二性地,謨謨,謨,爱烦恼,謨,爱烦恼,行,無生懺,第6门,降,,「謨謨」二字俱表爱烦恼。烦恼未断，须无生忏以拔罪根，故入无生忏。,手工逐组（门1–14 手写）,直說,那那等三。煩惱未斷。須無生懺。以拔罪根。,那那等三。煩惱未斷。須無生懺。以拔罪根。,《選佛譜》卷第五・二性地・L133,二性地
2885,第11门,通教位次門,卷5,二性地,謨阿,謨,爱烦恼,阿,施善,不行·安住本位,,,安住,,「謨」表爱烦恼、「阿」表施善。相为对治，二俱无力，故不行。,手工逐组（门1–14 手写）,通則,,其餘位中。以阿彌陀善。與那謨惡相為對治。二俱無力。所以並不行也。,《選佛譜》卷第一・見取・L57,見取
2886,第11门,通教位次門,卷5,二性地,謨彌,謨,爱烦恼,彌,戒善,不行·安住本位,,,安住,,「謨」表爱烦恼、「彌」表戒善。相为对治，二俱无力，故不行。,手工逐组（门1–14 手写）,通則,,其餘位中。以阿彌陀善。與那謨惡相為對治。二俱無力。所以並不行也。,《選佛譜》卷第一・見取・L57,見取
2887,第11门,通教位次門,卷5,二性地,謨陀,謨,爱烦恼,陀,定善,不行·安住本位,,,安住,,「謨」表爱烦恼、「陀」表定善。相为对治，二俱无力，故不行。,手工逐组（门1–14 手写）,通則,,其餘位中。以阿彌陀善。與那謨惡相為對治。二俱無力。所以並不行也。,《選佛譜》卷第一・見取・L57,見取
2888,第11门,通教位次門,卷5,二性地,謨佛,謨,爱烦恼,佛,无漏善慧,行,五薄地,第11门,升,,「謨」表爱烦恼、「佛」表无漏善慧。胜前一筹，例则可解，故登五薄地。,手工逐组（门1–14 手写）,承注,阿阿以去。勝前一籌。例則可解。,謨佛。見斷思存。故登見地。,《選佛譜》卷第五・初乾慧地・L129,初乾慧地
2889,第11门,通教位次門,卷5,二性地,阿阿,阿,施善,阿,施善,行,三八人地,第11门,升,,「阿阿」二字俱表施善。得相似无漏性水，胜前一筹，故入三八人地。,手工逐组（门1–14 手写）,承注,阿阿以去。勝前一籌。例則可解。,阿阿等六。善法既集。應階上地。,《選佛譜》卷第五・初乾慧地・L129,初乾慧地
2890,第11门,通教位次門,卷5,二性地,阿彌,阿,施善,彌,戒善,行,四見地,第11门,升,,「阿」表施善、「彌」表戒善。得相似无漏性水，胜前一筹，故入四见地。,手工逐组（门1–14 手写）,承注,阿阿以去。勝前一籌。例則可解。,阿阿等六。善法既集。應階上地。,《選佛譜》卷第五・初乾慧地・L129,初乾慧地
2891,第11门,通教位次門,卷5,二性地,阿陀,阿,施善,陀,定善,行,五薄地,第11门,升,,「阿」表施善、「陀」表定善。得相似无漏性水，胜前一筹，故入五薄地。,手工逐组（门1–14 手写）,承注,阿阿以去。勝前一籌。例則可解。,阿阿等六。善法既集。應階上地。,《選佛譜》卷第五・初乾慧地・L129,初乾慧地
2892,第11门,通教位次門,卷5,二性地,阿佛,阿,施善,佛,无漏善慧,行,八辟支佛地,第11门,升,,「阿」表施善、「佛」表无漏善慧。胜前一筹，例则可解，故入八辟支佛地。,手工逐组（门1–14 手写）,承注,阿阿以去。勝前一籌。例則可解。,阿佛。則三界惑盡。,《選佛譜》卷第五・初乾慧地・L129,初乾慧地
2893,第11门,通教位次門,卷5,二性地,彌彌,彌,戒善,彌,戒善,行,五薄地,第11门,升,,「彌彌」二字俱表戒善。得相似无漏性水，胜前一筹，故入五薄地。,手工逐组（门1–14 手写）,承注,阿阿以去。勝前一籌。例則可解。,阿阿等六。善法既集。應階上地。,《選佛譜》卷第五・初乾慧地・L129,初乾慧地
2894,第11门,通教位次門,卷5,二性地,彌陀,彌,戒善,陀,定善,行,六離欲地,第11门,升,,「彌」表戒善、「陀」表定善。得相似无漏性水，胜前一筹，故入六离欲地。,手工逐组（门1–14 手写）,承注,阿阿以去。勝前一籌。例則可解。,阿阿等六。善法既集。應階上地。,《選佛譜》卷第五・初乾慧地・L129,初乾慧地
2895,第11门,通教位次門,卷5,二性地,彌佛,彌,戒善,佛,无漏善慧,行,九菩薩地,第11门,升,,「彌」表戒善、「佛」表无漏善慧。胜前一筹，例则可解，故入九菩萨地。,手工逐组（门1–14 手写）,承注,阿阿以去。勝前一籌。例則可解。,彌佛。則習亦稍侵。,《選佛譜》卷第五・初乾慧地・L129,初乾慧地
2896,第11门,通教位次門,卷5,二性地,陀陀,陀,定善,陀,定善,行,七已辦地,第11门,升,,「陀陀」二字俱表定善。得相似无漏性水，胜前一筹，故入七已办地。,手工逐组（门1–14 手写）,承注,阿阿以去。勝前一籌。例則可解。,阿阿等六。善法既集。應階上地。,《選佛譜》卷第五・初乾慧地・L129,初乾慧地
2897,第11门,通教位次門,卷5,二性地,陀佛,陀,定善,佛,无漏善慧,行,十灌頂住,第12门,升,,「陀」表定善、「佛」表无漏善慧。转入次第门，故入别教十灌顶住。,手工逐组（门1–14 手写）,直說,陀佛別十住者。轉入次第門故。,陀佛別十住者。轉入次第門故。,《選佛譜》卷第五・二性地・L133,二性地
2898,第11门,通教位次門,卷5,二性地,佛佛,佛,无漏善慧,佛,无漏善慧,行,圓十信位,第13门,升,,「佛佛」二字俱表无漏善慧。开权显实，然通教佛相只与圆信齐，故入圆十信位。,手工逐组（门1–14 手写）,承注,阿阿以去。勝前一籌。例則可解。,佛佛。則開權顯實也。,《選佛譜》卷第五・初乾慧地・L129,初乾慧地
2899,第11门,通教位次門,卷5,三八人地,那那,那,见烦恼,那,见烦恼,不行·安住本位,,,安住,,「那那」二字俱表见烦恼。一切烦恼不复现前，故永不行。,手工逐组（门1–14 手写）,直說,一切煩惱不復現前。故那那等三。俱永不行。,一切煩惱不復現前。故那那等三。俱永不行。,《選佛譜》卷第五・三八人地・L137,三八人地
2900,第11门,通教位次門,卷5,三八人地,那謨,那,见烦恼,謨,爱烦恼,不行·安住本位,,,安住,,「那」表见烦恼、「謨」表爱烦恼。一切烦恼不复现前，故永不行。,手工逐组（门1–14 手写）,直說,一切煩惱不復現前。故那那等三。俱永不行。,一切煩惱不復現前。故那那等三。俱永不行。,《選佛譜》卷第五・三八人地・L137,三八人地
2901,第11门,通教位次門,卷5,三八人地,那阿,那,见烦恼,阿,施善,不行·安住本位,,,安住,,「那」表见烦恼、「阿」表施善。一切烦恼不复现前，故不行。,手工逐组（门1–14 手写）,通則,俱永不行。,其餘位中。以阿彌陀善。與那謨惡相為對治。二俱無力。所以並不行也。,《選佛譜》卷第一・見取・L57,見取
2902,第11门,通教位次門,卷5,三八人地,那彌,那,见烦恼,彌,戒善,不行·安住本位,,,安住,,「那」表见烦恼、「彌」表戒善。一切烦恼不复现前，故不行。,手工逐组（门1–14 手写）,通則,俱永不行。,其餘位中。以阿彌陀善。與那謨惡相為對治。二俱無力。所以並不行也。,《選佛譜》卷第一・見取・L57,見取
2903,第11门,通教位次門,卷5,三八人地,那陀,那,见烦恼,陀,定善,不行·安住本位,,,安住,,「那」表见烦恼、「陀」表定善。一切烦恼不复现前，故不行。,手工逐组（门1–14 手写）,通則,俱永不行。,其餘位中。以阿彌陀善。與那謨惡相為對治。二俱無力。所以並不行也。,《選佛譜》卷第一・見取・L57,見取
2904,第11门,通教位次門,卷5,三八人地,那佛,那,见烦恼,佛,无漏善慧,行,五薄地,第11门,升,,「那」表见烦恼、「佛」表无漏善慧。八忍具足而智少一分，故登五薄地。,手工逐组（门1–14 手写）,推演,,"那佛。猶未斷見。故居八人。謨佛。見斷思存。故登見地。
阿阿等六。善法既集。應階上地。","《選佛譜》卷第五・初乾慧地・L129
《選佛譜》卷第五・初乾慧地・L129",初乾慧地
2905,第11门,通教位次門,卷5,三八人地,謨謨,謨,爱烦恼,謨,爱烦恼,不行·安住本位,,,安住,,「謨謨」二字俱表爱烦恼。一切烦恼不复现前，故永不行。,手工逐组（门1–14 手写）,直說,一切煩惱不復現前。故那那等三。俱永不行。,一切煩惱不復現前。故那那等三。俱永不行。,《選佛譜》卷第五・三八人地・L137,三八人地
2906,第11门,通教位次門,卷5,三八人地,謨阿,謨,爱烦恼,阿,施善,不行·安住本位,,,安住,,「謨」表爱烦恼、「阿」表施善。一切烦恼不复现前，故不行。,手工逐组（门1–14 手写）,通則,俱永不行。,其餘位中。以阿彌陀善。與那謨惡相為對治。二俱無力。所以並不行也。,《選佛譜》卷第一・見取・L57,見取
2907,第11门,通教位次門,卷5,三八人地,謨彌,謨,爱烦恼,彌,戒善,不行·安住本位,,,安住,,「謨」表爱烦恼、「彌」表戒善。一切烦恼不复现前，故不行。,手工逐组（门1–14 手写）,通則,俱永不行。,其餘位中。以阿彌陀善。與那謨惡相為對治。二俱無力。所以並不行也。,《選佛譜》卷第一・見取・L57,見取
2908,第11门,通教位次門,卷5,三八人地,謨陀,謨,爱烦恼,陀,定善,不行·安住本位,,,安住,,「謨」表爱烦恼、「陀」表定善。一切烦恼不复现前，故不行。,手工逐组（门1–14 手写）,通則,俱永不行。,其餘位中。以阿彌陀善。與那謨惡相為對治。二俱無力。所以並不行也。,《選佛譜》卷第一・見取・L57,見取
2909,第11门,通教位次門,卷5,三八人地,謨佛,謨,爱烦恼,佛,无漏善慧,行,六離欲地,第11门,升,,「謨」表爱烦恼、「佛」表无漏善慧。八忍具足而智少一分，故登六离欲地。,手工逐组（门1–14 手写）,推演,,"那佛。猶未斷見。故居八人。謨佛。見斷思存。故登見地。
阿阿等六。善法既集。應階上地。","《選佛譜》卷第五・初乾慧地・L129
《選佛譜》卷第五・初乾慧地・L129",初乾慧地
2910,第11门,通教位次門,卷5,三八人地,阿阿,阿,施善,阿,施善,行,四見地,第11门,升,,「阿阿」二字俱表施善。八忍具足，善法既集而阶上地，故入四见地。,手工逐组（门1–14 手写）,承注,,阿阿等六。善法既集。應階上地。,《選佛譜》卷第五・初乾慧地・L129,初乾慧地
2911,第11门,通教位次門,卷5,三八人地,阿彌,阿,施善,彌,戒善,行,五薄地,第11门,升,,「阿」表施善、「彌」表戒善。八忍具足，善法既集而阶上地，故入五薄地。,手工逐组（门1–14 手写）,承注,,阿阿等六。善法既集。應階上地。,《選佛譜》卷第五・初乾慧地・L129,初乾慧地
2912,第11门,通教位次門,卷5,三八人地,阿陀,阿,施善,陀,定善,行,六離欲地,第11门,升,,「阿」表施善、「陀」表定善。八忍具足，善法既集而阶上地，入六离欲地。,手工逐组（门1–14 手写）,承注,,阿阿等六。善法既集。應階上地。,《選佛譜》卷第五・初乾慧地・L129,初乾慧地
2913,第11门,通教位次門,卷5,三八人地,阿佛,阿,施善,佛,无漏善慧,行,十法界無量迴向,第12门,升,,「阿」表施善、「佛」表无漏善慧。按位接入别教，故入十法界无量回向。,手工逐组（门1–14 手写）,直說,阿佛十迴向者。按位接入別故。,阿佛十迴向者。按位接入別故。,《選佛譜》卷第五・三八人地・L137,三八人地
2914,第11门,通教位次門,卷5,三八人地,彌彌,彌,戒善,彌,戒善,行,六離欲地,第11门,升,,「彌彌」二字俱表戒善。八忍具足，善法既集而阶上地，入六离欲地。,手工逐组（门1–14 手写）,承注,,阿阿等六。善法既集。應階上地。,《選佛譜》卷第五・初乾慧地・L129,初乾慧地
2915,第11门,通教位次門,卷5,三八人地,彌陀,彌,戒善,陀,定善,行,七已辦地,第11门,升,,「彌」表戒善、「陀」表定善。八忍具足，善法既集而阶上地，入七已办地。,手工逐组（门1–14 手写）,承注,,阿阿等六。善法既集。應階上地。,《選佛譜》卷第五・初乾慧地・L129,初乾慧地
2916,第11门,通教位次門,卷5,三八人地,彌佛,彌,戒善,佛,无漏善慧,行,初歡喜地,第12门,升,,「彌」表戒善、「佛」表无漏善慧。胜进接入别教，故入初欢喜地。,手工逐组（门1–14 手写）,直說,彌佛歡喜地者。勝進接入別故。,彌佛歡喜地者。勝進接入別故。,《選佛譜》卷第五・三八人地・L137,三八人地
2917,第11门,通教位次門,卷5,三八人地,陀陀,陀,定善,陀,定善,行,八辟支佛地,第11门,升,,「陀陀」二字俱表定善。八忍具足，善法既集而阶上地，入八辟支佛地。,手工逐组（门1–14 手写）,承注,,阿阿等六。善法既集。應階上地。,《選佛譜》卷第五・初乾慧地・L129,初乾慧地
2918,第11门,通教位次門,卷5,三八人地,陀佛,陀,定善,佛,无漏善慧,行,圓十信位,第13门,升,,「陀」表定善、「佛」表无漏善慧。按位接入圆教，故入圆十信位。,手工逐组（门1–14 手写）,直說,陀佛圓信者。按位接入圓故。,陀佛圓信者。按位接入圓故。,《選佛譜》卷第五・三八人地・L137,三八人地
2919,第11门,通教位次門,卷5,三八人地,佛佛,佛,无漏善慧,佛,无漏善慧,行,圓十住位,第13门,升,,「佛佛」二字俱表无漏善慧。胜进接入圆教，故入圆十住位。,手工逐组（门1–14 手写）,直說,佛佛圓住者。勝進接入圓故。上根三地四地被接。此之謂也。,佛佛圓住者。勝進接入圓故。上根三地四地被接。此之謂也。,《選佛譜》卷第五・三八人地・L137,三八人地
2920,第11门,通教位次門,卷5,四見地,那那,那,见烦恼,那,见烦恼,不行·安住本位,,,安住,,「那那」二字俱表见烦恼。此位断尽见惑种子，烦恼不复现前，故永不行。,手工逐组（门1–14 手写）,承注,,一切煩惱不復現前。故那那等三。俱永不行。,《選佛譜》卷第五・三八人地・L137,三八人地
2921,第11门,通教位次門,卷5,四見地,那謨,那,见烦恼,謨,爱烦恼,不行·安住本位,,,安住,,「那」表见烦恼、「謨」表爱烦恼。此位断尽见惑种子，烦恼不复现前，故永不行。,手工逐组（门1–14 手写）,承注,,一切煩惱不復現前。故那那等三。俱永不行。,《選佛譜》卷第五・三八人地・L137,三八人地
2922,第11门,通教位次門,卷5,四見地,那阿,那,见烦恼,阿,施善,不行·安住本位,,,安住,,「那」表见烦恼、「阿」表施善。此位断尽见惑种子，烦恼不复现前，故不行。,手工逐组（门1–14 手写）,通則,,其餘位中。以阿彌陀善。與那謨惡相為對治。二俱無力。所以並不行也。,《選佛譜》卷第一・見取・L57,見取
2923,第11门,通教位次門,卷5,四見地,那彌,那,见烦恼,彌,戒善,不行·安住本位,,,安住,,「那」表见烦恼、「彌」表戒善。此位断尽见惑种子，烦恼不复现前，故不行。,手工逐组（门1–14 手写）,通則,,其餘位中。以阿彌陀善。與那謨惡相為對治。二俱無力。所以並不行也。,《選佛譜》卷第一・見取・L57,見取
2924,第11门,通教位次門,卷5,四見地,那陀,那,见烦恼,陀,定善,不行·安住本位,,,安住,,「那」表见烦恼、「陀」表定善。此位断尽见惑种子，烦恼不复现前，故不行。,手工逐组（门1–14 手写）,通則,,其餘位中。以阿彌陀善。與那謨惡相為對治。二俱無力。所以並不行也。,《選佛譜》卷第一・見取・L57,見取
2925,第11门,通教位次門,卷5,四見地,那佛,那,见烦恼,佛,无漏善慧,行,六離欲地,第11门,升,,「那」表见烦恼、「佛」表无漏善慧。八智具足断尽见惑种子，故登六离欲地。,手工逐组（门1–14 手写）,推演,,"那佛。猶未斷見。故居八人。謨佛。見斷思存。故登見地。
阿阿等六。善法既集。應階上地。","《選佛譜》卷第五・初乾慧地・L129
《選佛譜》卷第五・初乾慧地・L129",初乾慧地
2926,第11门,通教位次門,卷5,四見地,謨謨,謨,爱烦恼,謨,爱烦恼,不行·安住本位,,,安住,,「謨謨」二字俱表爱烦恼。此位断尽见惑种子，烦恼不复现前，故永不行。,手工逐组（门1–14 手写）,承注,,一切煩惱不復現前。故那那等三。俱永不行。,《選佛譜》卷第五・三八人地・L137,三八人地
2927,第11门,通教位次門,卷5,四見地,謨阿,謨,爱烦恼,阿,施善,不行·安住本位,,,安住,,「謨」表爱烦恼、「阿」表施善。此位断尽见惑种子，烦恼不复现前，故不行。,手工逐组（门1–14 手写）,通則,,其餘位中。以阿彌陀善。與那謨惡相為對治。二俱無力。所以並不行也。,《選佛譜》卷第一・見取・L57,見取
2928,第11门,通教位次門,卷5,四見地,謨彌,謨,爱烦恼,彌,戒善,不行·安住本位,,,安住,,「謨」表爱烦恼、「彌」表戒善。此位断尽见惑种子，烦恼不复现前，故不行。,手工逐组（门1–14 手写）,通則,,其餘位中。以阿彌陀善。與那謨惡相為對治。二俱無力。所以並不行也。,《選佛譜》卷第一・見取・L57,見取
2929,第11门,通教位次門,卷5,四見地,謨陀,謨,爱烦恼,陀,定善,不行·安住本位,,,安住,,「謨」表爱烦恼、「陀」表定善。此位断尽见惑种子，烦恼不复现前，故不行。,手工逐组（门1–14 手写）,通則,,其餘位中。以阿彌陀善。與那謨惡相為對治。二俱無力。所以並不行也。,《選佛譜》卷第一・見取・L57,見取
2930,第11门,通教位次門,卷5,四見地,謨佛,謨,爱烦恼,佛,无漏善慧,行,七已辦地,第11门,升,,「謨」表爱烦恼、「佛」表无漏善慧。八智具足断尽见惑种子，故登七已办地。,手工逐组（门1–14 手写）,推演,,"那佛。猶未斷見。故居八人。謨佛。見斷思存。故登見地。
阿阿等六。善法既集。應階上地。","《選佛譜》卷第五・初乾慧地・L129
《選佛譜》卷第五・初乾慧地・L129",初乾慧地
2931,第11门,通教位次門,卷5,四見地,阿阿,阿,施善,阿,施善,行,五薄地,第11门,升,,「阿阿」二字俱表施善。八智具足见真空理，善法既集而阶上地，入五薄地。,手工逐组（门1–14 手写）,直說,,八智具足見真空理。斷盡見惑種子。故名見地。,《選佛譜》卷第五・四見地・L141,四見地
2932,第11门,通教位次門,卷5,四見地,阿彌,阿,施善,彌,戒善,行,六離欲地,第11门,升,,「阿」表施善、「彌」表戒善。八智具足见真空理，善法既集而阶上地，入六离欲地。,手工逐组（门1–14 手写）,承注,,阿阿等六。善法既集。應階上地。,《選佛譜》卷第五・初乾慧地・L129,初乾慧地
2933,第11门,通教位次門,卷5,四見地,阿陀,阿,施善,陀,定善,行,七已辦地,第11门,升,,「阿」表施善、「陀」表定善。八智具足见真空理，善法既集，入七已办地。,手工逐组（门1–14 手写）,承注,,阿阿等六。善法既集。應階上地。,《選佛譜》卷第五・初乾慧地・L129,初乾慧地
2934,第11门,通教位次門,卷5,四見地,阿佛,阿,施善,佛,无漏善慧,行,十法界無量迴向,第12门,升,,「阿」表施善、「佛」表无漏善慧。依前位之例，按位接入别教，入十法界无量回向。,手工逐组（门1–14 手写）,承注,,阿佛十迴向者。按位接入別故。,《選佛譜》卷第五・三八人地・L137,三八人地
2935,第11门,通教位次門,卷5,四見地,彌彌,彌,戒善,彌,戒善,行,七已辦地,第11门,升,,「彌彌」二字俱表戒善。八智具足见真空理，善法既集，入七已办地。,手工逐组（门1–14 手写）,承注,,阿阿等六。善法既集。應階上地。,《選佛譜》卷第五・初乾慧地・L129,初乾慧地
2936,第11门,通教位次門,卷5,四見地,彌陀,彌,戒善,陀,定善,行,八辟支佛地,第11门,升,,「彌」表戒善、「陀」表定善。八智具足见真空理，善法既集，入八辟支佛地。,手工逐组（门1–14 手写）,承注,,阿阿等六。善法既集。應階上地。,《選佛譜》卷第五・初乾慧地・L129,初乾慧地
2937,第11门,通教位次門,卷5,四見地,彌佛,彌,戒善,佛,无漏善慧,行,初歡喜地,第12门,升,,「彌」表戒善、「佛」表无漏善慧。依前位之例，胜进接入别教，故入初欢喜地。,手工逐组（门1–14 手写）,承注,,彌佛歡喜地者。勝進接入別故。,《選佛譜》卷第五・三八人地・L137,三八人地
2938,第11门,通教位次門,卷5,四見地,陀陀,陀,定善,陀,定善,行,九菩薩地,第11门,升,,「陀陀」二字俱表定善。八智具足见真空理，善法既集，入九菩萨地。,手工逐组（门1–14 手写）,承注,,阿阿等六。善法既集。應階上地。,《選佛譜》卷第五・初乾慧地・L129,初乾慧地
2939,第11门,通教位次門,卷5,四見地,陀佛,陀,定善,佛,无漏善慧,行,圓十信位,第13门,升,,「陀」表定善、「佛」表无漏善慧。依前位之例，按位接入圆教，故入圆十信位。,手工逐组（门1–14 手写）,承注,,陀佛圓信者。按位接入圓故。,《選佛譜》卷第五・三八人地・L137,三八人地
2940,第11门,通教位次門,卷5,四見地,佛佛,佛,无漏善慧,佛,无漏善慧,行,圓十住位,第13门,升,,「佛佛」二字俱表无漏善慧。依前位之例，胜进接入圆教，故入圆十住位。,手工逐组（门1–14 手写）,承注,,佛佛圓住者。勝進接入圓故。上根三地四地被接。此之謂也。,《選佛譜》卷第五・三八人地・L137,三八人地
2941,第11门,通教位次門,卷5,五薄地,那那,那,见烦恼,那,见烦恼,不行·安住本位,,,安住,,「那那」二字俱表见烦恼。此位烦恼渐薄，一切烦恼不复现前，故永不行。,手工逐组（门1–14 手写）,承注,,一切煩惱不復現前。故那那等三。俱永不行。,《選佛譜》卷第五・三八人地・L137,三八人地
2942,第11门,通教位次門,卷5,五薄地,那謨,那,见烦恼,謨,爱烦恼,不行·安住本位,,,安住,,「那」表见烦恼、「謨」表爱烦恼。此位烦恼渐薄，一切烦恼不复现前，故永不行。,手工逐组（门1–14 手写）,承注,,一切煩惱不復現前。故那那等三。俱永不行。,《選佛譜》卷第五・三八人地・L137,三八人地
2943,第11门,通教位次門,卷5,五薄地,那阿,那,见烦恼,阿,施善,不行·安住本位,,,安住,,「那」表见烦恼、「阿」表施善。此位烦恼渐薄，一切烦恼不复现前，故不行。,手工逐组（门1–14 手写）,通則,,其餘位中。以阿彌陀善。與那謨惡相為對治。二俱無力。所以並不行也。,《選佛譜》卷第一・見取・L57,見取
2944,第11门,通教位次門,卷5,五薄地,那彌,那,见烦恼,彌,戒善,不行·安住本位,,,安住,,「那」表见烦恼、「彌」表戒善。此位烦恼渐薄，一切烦恼不复现前，故不行。,手工逐组（门1–14 手写）,通則,,其餘位中。以阿彌陀善。與那謨惡相為對治。二俱無力。所以並不行也。,《選佛譜》卷第一・見取・L57,見取
2945,第11门,通教位次門,卷5,五薄地,那陀,那,见烦恼,陀,定善,不行·安住本位,,,安住,,「那」表见烦恼、「陀」表定善。此位烦恼渐薄，一切烦恼不复现前，故不行。,手工逐组（门1–14 手写）,通則,,其餘位中。以阿彌陀善。與那謨惡相為對治。二俱無力。所以並不行也。,《選佛譜》卷第一・見取・L57,見取
2946,第11门,通教位次門,卷5,五薄地,那佛,那,见烦恼,佛,无漏善慧,行,七已辦地,第11门,升,,「那」表见烦恼、「佛」表无漏善慧。烦恼渐薄，例则可解，故登七已办地。,手工逐组（门1–14 手写）,推演,,"那佛。猶未斷見。故居八人。謨佛。見斷思存。故登見地。
阿阿等六。善法既集。應階上地。","《選佛譜》卷第五・初乾慧地・L129
《選佛譜》卷第五・初乾慧地・L129",初乾慧地
2947,第11门,通教位次門,卷5,五薄地,謨謨,謨,爱烦恼,謨,爱烦恼,不行·安住本位,,,安住,,「謨謨」二字俱表爱烦恼。此位烦恼渐薄，一切烦恼不复现前，故永不行。,手工逐组（门1–14 手写）,承注,,一切煩惱不復現前。故那那等三。俱永不行。,《選佛譜》卷第五・三八人地・L137,三八人地
2948,第11门,通教位次門,卷5,五薄地,謨阿,謨,爱烦恼,阿,施善,不行·安住本位,,,安住,,「謨」表爱烦恼、「阿」表施善。此位烦恼渐薄，一切烦恼不复现前，故不行。,手工逐组（门1–14 手写）,通則,,其餘位中。以阿彌陀善。與那謨惡相為對治。二俱無力。所以並不行也。,《選佛譜》卷第一・見取・L57,見取
2949,第11门,通教位次門,卷5,五薄地,謨彌,謨,爱烦恼,彌,戒善,不行·安住本位,,,安住,,「謨」表爱烦恼、「彌」表戒善。此位烦恼渐薄，一切烦恼不复现前，故不行。,手工逐组（门1–14 手写）,通則,,其餘位中。以阿彌陀善。與那謨惡相為對治。二俱無力。所以並不行也。,《選佛譜》卷第一・見取・L57,見取
2950,第11门,通教位次門,卷5,五薄地,謨陀,謨,爱烦恼,陀,定善,不行·安住本位,,,安住,,「謨」表爱烦恼、「陀」表定善。此位烦恼渐薄，一切烦恼不复现前，故不行。,手工逐组（门1–14 手写）,通則,,其餘位中。以阿彌陀善。與那謨惡相為對治。二俱無力。所以並不行也。,《選佛譜》卷第一・見取・L57,見取
2951,第11门,通教位次門,卷5,五薄地,謨佛,謨,爱烦恼,佛,无漏善慧,行,八辟支佛地,第11门,升,,「謨」表爱烦恼、「佛」表无漏善慧。烦恼渐薄，例则可解，故登八辟支佛地。,手工逐组（门1–14 手写）,推演,,"那佛。猶未斷見。故居八人。謨佛。見斷思存。故登見地。
阿阿等六。善法既集。應階上地。","《選佛譜》卷第五・初乾慧地・L129
《選佛譜》卷第五・初乾慧地・L129",初乾慧地
2952,第11门,通教位次門,卷5,五薄地,阿阿,阿,施善,阿,施善,行,六離欲地,第11门,升,,「阿阿」二字俱表施善。已断欲界六品思惑，善法既集，故入六离欲地。,手工逐组（门1–14 手写）,承注,,阿阿等六。善法既集。應階上地。,《選佛譜》卷第五・初乾慧地・L129,初乾慧地
2953,第11门,通教位次門,卷5,五薄地,阿彌,阿,施善,彌,戒善,行,七已辦地,第11门,升,,「阿」表施善、「彌」表戒善。已断欲界六品思惑，善法既集，故入七已办地。,手工逐组（门1–14 手写）,承注,,阿阿等六。善法既集。應階上地。,《選佛譜》卷第五・初乾慧地・L129,初乾慧地
2954,第11门,通教位次門,卷5,五薄地,阿陀,阿,施善,陀,定善,行,八辟支佛地,第11门,升,,「阿」表施善、「陀」表定善。已断欲界六品思惑，善法既集，入八辟支佛地。,手工逐组（门1–14 手写）,承注,,阿阿等六。善法既集。應階上地。,《選佛譜》卷第五・初乾慧地・L129,初乾慧地
2955,第11门,通教位次門,卷5,五薄地,阿佛,阿,施善,佛,无漏善慧,行,十法界無量迴向,第12门,升,,「阿」表施善、「佛」表无漏善慧。中根五地六地被接，按位接入别教，入十回向。,手工逐组（门1–14 手写）,直說,阿佛十向等者。所謂中根五地六地被接也。,阿佛十向等者。所謂中根五地六地被接也。,《選佛譜》卷第五・五薄地・L145,五薄地
2956,第11门,通教位次門,卷5,五薄地,彌彌,彌,戒善,彌,戒善,行,八辟支佛地,第11门,升,,「彌彌」二字俱表戒善。已断欲界六品思惑，善法既集，入八辟支佛地。,手工逐组（门1–14 手写）,承注,,阿阿等六。善法既集。應階上地。,《選佛譜》卷第五・初乾慧地・L129,初乾慧地
2957,第11门,通教位次門,卷5,五薄地,彌陀,彌,戒善,陀,定善,行,九菩薩地,第11门,升,,「彌」表戒善、「陀」表定善。已断欲界六品思惑，善法既集，故入九菩萨地。,手工逐组（门1–14 手写）,承注,,阿阿等六。善法既集。應階上地。,《選佛譜》卷第五・初乾慧地・L129,初乾慧地
2958,第11门,通教位次門,卷5,五薄地,彌佛,彌,戒善,佛,无漏善慧,行,初歡喜地,第12门,升,,「彌」表戒善、「佛」表无漏善慧。中根五地六地被接，胜进接入别教，入初欢喜地。,手工逐组（门1–14 手写）,直說,阿佛十向等者。所謂中根五地六地被接也。,阿佛十向等者。所謂中根五地六地被接也。,《選佛譜》卷第五・五薄地・L145,五薄地
2959,第11门,通教位次門,卷5,五薄地,陀陀,陀,定善,陀,定善,行,十灌頂住,第12门,升,,「陀陀」二字俱表定善。定力已过九菩萨地，故入别教十灌顶住。,手工逐组（门1–14 手写）,直說,陀陀十住者。已過九菩薩地故。,陀陀十住者。已過九菩薩地故。,《選佛譜》卷第五・五薄地・L145,五薄地
2960,第11门,通教位次門,卷5,五薄地,陀佛,陀,定善,佛,无漏善慧,行,圓十信位,第13门,升,,「陀」表定善、「佛」表无漏善慧。中根五地六地被接，按位接入圆教，入圆十信位。,手工逐组（门1–14 手写）,直說,阿佛十向等者。所謂中根五地六地被接也。,阿佛十向等者。所謂中根五地六地被接也。,《選佛譜》卷第五・五薄地・L145,五薄地
2961,第11门,通教位次門,卷5,五薄地,佛佛,佛,无漏善慧,佛,无漏善慧,行,圓十住位,第13门,升,,「佛佛」二字俱表无漏善慧。中根五地六地被接，胜进接入圆教，故入圆十住位。,手工逐组（门1–14 手写）,直說,阿佛十向等者。所謂中根五地六地被接也。,阿佛十向等者。所謂中根五地六地被接也。,《選佛譜》卷第五・五薄地・L145,五薄地
2962,第11门,通教位次門,卷5,六離欲地,那那,那,见烦恼,那,见烦恼,不行·安住本位,,,安住,,「那那」二字俱表见烦恼。此位已尽欲界思惑，烦恼不复现前，故永不行。,手工逐组（门1–14 手写）,承注,,一切煩惱不復現前。故那那等三。俱永不行。,《選佛譜》卷第五・三八人地・L137,三八人地
2963,第11门,通教位次門,卷5,六離欲地,那謨,那,见烦恼,謨,爱烦恼,不行·安住本位,,,安住,,「那」表见烦恼、「謨」表爱烦恼。此位已尽欲界思惑，烦恼不复现前，故永不行。,手工逐组（门1–14 手写）,承注,,一切煩惱不復現前。故那那等三。俱永不行。,《選佛譜》卷第五・三八人地・L137,三八人地
2964,第11门,通教位次門,卷5,六離欲地,那阿,那,见烦恼,阿,施善,不行·安住本位,,,安住,,「那」表见烦恼、「阿」表施善。此位已尽欲界思惑，烦恼不复现前，故不行。,手工逐组（门1–14 手写）,通則,,其餘位中。以阿彌陀善。與那謨惡相為對治。二俱無力。所以並不行也。,《選佛譜》卷第一・見取・L57,見取
2965,第11门,通教位次門,卷5,六離欲地,那彌,那,见烦恼,彌,戒善,不行·安住本位,,,安住,,「那」表见烦恼、「彌」表戒善。此位已尽欲界思惑，烦恼不复现前，故不行。,手工逐组（门1–14 手写）,通則,,其餘位中。以阿彌陀善。與那謨惡相為對治。二俱無力。所以並不行也。,《選佛譜》卷第一・見取・L57,見取
2966,第11门,通教位次門,卷5,六離欲地,那陀,那,见烦恼,陀,定善,不行·安住本位,,,安住,,「那」表见烦恼、「陀」表定善。此位已尽欲界思惑，烦恼不复现前，故不行。,手工逐组（门1–14 手写）,通則,,其餘位中。以阿彌陀善。與那謨惡相為對治。二俱無力。所以並不行也。,《選佛譜》卷第一・見取・L57,見取
2967,第11门,通教位次門,卷5,六離欲地,那佛,那,见烦恼,佛,无漏善慧,行,八辟支佛地,第11门,升,,「那」表见烦恼、「佛」表无漏善慧。已尽欲界思惑，例则可解，入八辟支佛地。,手工逐组（门1–14 手写）,推演,,"那佛。猶未斷見。故居八人。謨佛。見斷思存。故登見地。
阿阿等六。善法既集。應階上地。","《選佛譜》卷第五・初乾慧地・L129
《選佛譜》卷第五・初乾慧地・L129",初乾慧地
2968,第11门,通教位次門,卷5,六離欲地,謨謨,謨,爱烦恼,謨,爱烦恼,不行·安住本位,,,安住,,「謨謨」二字俱表爱烦恼。此位已尽欲界思惑，烦恼不复现前，故永不行。,手工逐组（门1–14 手写）,承注,,一切煩惱不復現前。故那那等三。俱永不行。,《選佛譜》卷第五・三八人地・L137,三八人地
2969,第11门,通教位次門,卷5,六離欲地,謨阿,謨,爱烦恼,阿,施善,不行·安住本位,,,安住,,「謨」表爱烦恼、「阿」表施善。此位已尽欲界思惑，烦恼不复现前，故不行。,手工逐组（门1–14 手写）,通則,,其餘位中。以阿彌陀善。與那謨惡相為對治。二俱無力。所以並不行也。,《選佛譜》卷第一・見取・L57,見取
2970,第11门,通教位次門,卷5,六離欲地,謨彌,謨,爱烦恼,彌,戒善,不行·安住本位,,,安住,,「謨」表爱烦恼、「彌」表戒善。此位已尽欲界思惑，烦恼不复现前，故不行。,手工逐组（门1–14 手写）,通則,,其餘位中。以阿彌陀善。與那謨惡相為對治。二俱無力。所以並不行也。,《選佛譜》卷第一・見取・L57,見取
2971,第11门,通教位次門,卷5,六離欲地,謨陀,謨,爱烦恼,陀,定善,不行·安住本位,,,安住,,「謨」表爱烦恼、「陀」表定善。此位已尽欲界思惑，烦恼不复现前，故不行。,手工逐组（门1–14 手写）,通則,,其餘位中。以阿彌陀善。與那謨惡相為對治。二俱無力。所以並不行也。,《選佛譜》卷第一・見取・L57,見取
2972,第11门,通教位次門,卷5,六離欲地,謨佛,謨,爱烦恼,佛,无漏善慧,行,九菩薩地,第11门,升,,「謨」表爱烦恼、「佛」表无漏善慧。已尽欲界思惑，例则可解，故登九菩萨地。,手工逐组（门1–14 手写）,推演,,"那佛。猶未斷見。故居八人。謨佛。見斷思存。故登見地。
阿阿等六。善法既集。應階上地。","《選佛譜》卷第五・初乾慧地・L129
《選佛譜》卷第五・初乾慧地・L129",初乾慧地
2973,第11门,通教位次門,卷5,六離欲地,阿阿,阿,施善,阿,施善,行,七已辦地,第11门,升,,「阿阿」二字俱表施善。已尽欲界思惑，善法既集，故入七已办地。,手工逐组（门1–14 手写）,直說,,已盡欲界思惑。進斷上八地思。名離欲地也。,《選佛譜》卷第五・六離欲地・L149,六離欲地
2974,第11门,通教位次門,卷5,六離欲地,阿彌,阿,施善,彌,戒善,行,八辟支佛地,第11门,升,,「阿」表施善、「彌」表戒善。已尽欲界思惑，善法既集，故入八辟支佛地。,手工逐组（门1–14 手写）,承注,,阿阿等六。善法既集。應階上地。,《選佛譜》卷第五・初乾慧地・L129,初乾慧地
2975,第11门,通教位次門,卷5,六離欲地,阿陀,阿,施善,陀,定善,行,九菩薩地,第11门,升,,「阿」表施善、「陀」表定善。已尽欲界思惑，善法既集，故入九菩萨地。,手工逐组（门1–14 手写）,承注,,阿阿等六。善法既集。應階上地。,《選佛譜》卷第五・初乾慧地・L129,初乾慧地
2976,第11门,通教位次門,卷5,六離欲地,阿佛,阿,施善,佛,无漏善慧,行,十法界無量迴向,第12门,升,,「阿」表施善、「佛」表无漏善慧。依前位之例，中根六地被接，按位接入别教十回向。,手工逐组（门1–14 手写）,承注,,阿佛十迴向者。按位接入別故。,《選佛譜》卷第五・三八人地・L137,三八人地
2977,第11门,通教位次門,卷5,六離欲地,彌彌,彌,戒善,彌,戒善,行,九菩薩地,第11门,升,,「彌彌」二字俱表戒善。已尽欲界思惑，善法既集，故入九菩萨地。,手工逐组（门1–14 手写）,承注,,阿阿等六。善法既集。應階上地。,《選佛譜》卷第五・初乾慧地・L129,初乾慧地
2978,第11门,通教位次門,卷5,六離欲地,彌陀,彌,戒善,陀,定善,行,十灌頂住,第12门,升,,「彌」表戒善、「陀」表定善。进断上八地思，已过九菩萨地，入十灌顶住。,手工逐组（门1–14 手写）,承注,,阿阿等六。善法既集。應階上地。,《選佛譜》卷第五・初乾慧地・L129,初乾慧地
2979,第11门,通教位次門,卷5,六離欲地,彌佛,彌,戒善,佛,无漏善慧,行,初歡喜地,第12门,升,,「彌」表戒善、「佛」表无漏善慧。依前位之例，中根六地被接，胜进接入别教初欢喜地。,手工逐组（门1–14 手写）,承注,,彌佛歡喜地者。勝進接入別故。,《選佛譜》卷第五・三八人地・L137,三八人地
2980,第11门,通教位次門,卷5,六離欲地,陀陀,陀,定善,陀,定善,行,初歡喜行,第12门,升,,「陀陀」二字俱表定善。进断上八地思，已过九菩萨地，入初欢喜行。,手工逐组（门1–14 手写）,承注,,阿阿等六。善法既集。應階上地。,《選佛譜》卷第五・初乾慧地・L129,初乾慧地
2981,第11门,通教位次門,卷5,六離欲地,陀佛,陀,定善,佛,无漏善慧,行,圓十信位,第13门,升,,「陀」表定善、「佛」表无漏善慧。依前位之例，按位接入圆教，故入圆十信位。,手工逐组（门1–14 手写）,承注,,陀佛圓信者。按位接入圓故。,《選佛譜》卷第五・三八人地・L137,三八人地
2982,第11门,通教位次門,卷5,六離欲地,佛佛,佛,无漏善慧,佛,无漏善慧,行,圓十住位,第13门,升,,「佛佛」二字俱表无漏善慧。依前位之例，胜进接入圆教，故入圆十住位。,手工逐组（门1–14 手写）,承注,,佛佛圓住者。勝進接入圓故。上根三地四地被接。此之謂也。,《選佛譜》卷第五・三八人地・L137,三八人地
2983,第11门,通教位次門,卷5,七已辦地,那那,那,见烦恼,那,见烦恼,不行·安住本位,,,安住,,「那那」二字俱表见烦恼。此位已断三界惑尽，烦恼不复现前，故永不行。,手工逐组（门1–14 手写）,承注,,一切煩惱不復現前。故那那等三。俱永不行。,《選佛譜》卷第五・三八人地・L137,三八人地
2984,第11门,通教位次門,卷5,七已辦地,那謨,那,见烦恼,謨,爱烦恼,不行·安住本位,,,安住,,「那」表见烦恼、「謨」表爱烦恼。此位已断三界惑尽，烦恼不复现前，故永不行。,手工逐组（门1–14 手写）,承注,,一切煩惱不復現前。故那那等三。俱永不行。,《選佛譜》卷第五・三八人地・L137,三八人地
2985,第11门,通教位次門,卷5,七已辦地,那阿,那,见烦恼,阿,施善,不行·安住本位,,,安住,,「那」表见烦恼、「阿」表施善。此位已断三界惑尽，烦恼不复现前，故不行。,手工逐组（门1–14 手写）,通則,,其餘位中。以阿彌陀善。與那謨惡相為對治。二俱無力。所以並不行也。,《選佛譜》卷第一・見取・L57,見取
2986,第11门,通教位次門,卷5,七已辦地,那彌,那,见烦恼,彌,戒善,不行·安住本位,,,安住,,「那」表见烦恼、「彌」表戒善。此位已断三界惑尽，烦恼不复现前，故不行。,手工逐组（门1–14 手写）,通則,,其餘位中。以阿彌陀善。與那謨惡相為對治。二俱無力。所以並不行也。,《選佛譜》卷第一・見取・L57,見取
2987,第11门,通教位次門,卷5,七已辦地,那陀,那,见烦恼,陀,定善,不行·安住本位,,,安住,,「那」表见烦恼、「陀」表定善。此位已断三界惑尽，烦恼不复现前，故不行。,手工逐组（门1–14 手写）,通則,,其餘位中。以阿彌陀善。與那謨惡相為對治。二俱無力。所以並不行也。,《選佛譜》卷第一・見取・L57,見取
2988,第11门,通教位次門,卷5,七已辦地,那佛,那,见烦恼,佛,无漏善慧,行,九菩薩地,第11门,升,,「那」表见烦恼、「佛」表无漏善慧。已断三界惑尽，例则可解，故登九菩萨地。,手工逐组（门1–14 手写）,推演,,"那佛。猶未斷見。故居八人。謨佛。見斷思存。故登見地。
阿阿等六。善法既集。應階上地。","《選佛譜》卷第五・初乾慧地・L129
《選佛譜》卷第五・初乾慧地・L129",初乾慧地
2989,第11门,通教位次門,卷5,七已辦地,謨謨,謨,爱烦恼,謨,爱烦恼,不行·安住本位,,,安住,,「謨謨」二字俱表爱烦恼。此位已断三界惑尽，烦恼不复现前，故永不行。,手工逐组（门1–14 手写）,承注,,一切煩惱不復現前。故那那等三。俱永不行。,《選佛譜》卷第五・三八人地・L137,三八人地
2990,第11门,通教位次門,卷5,七已辦地,謨阿,謨,爱烦恼,阿,施善,不行·安住本位,,,安住,,「謨」表爱烦恼、「阿」表施善。此位已断三界惑尽，烦恼不复现前，故不行。,手工逐组（门1–14 手写）,通則,,其餘位中。以阿彌陀善。與那謨惡相為對治。二俱無力。所以並不行也。,《選佛譜》卷第一・見取・L57,見取
2991,第11门,通教位次門,卷5,七已辦地,謨彌,謨,爱烦恼,彌,戒善,不行·安住本位,,,安住,,「謨」表爱烦恼、「彌」表戒善。此位已断三界惑尽，烦恼不复现前，故不行。,手工逐组（门1–14 手写）,通則,,其餘位中。以阿彌陀善。與那謨惡相為對治。二俱無力。所以並不行也。,《選佛譜》卷第一・見取・L57,見取
2992,第11门,通教位次門,卷5,七已辦地,謨陀,謨,爱烦恼,陀,定善,不行·安住本位,,,安住,,「謨」表爱烦恼、「陀」表定善。此位已断三界惑尽，烦恼不复现前，故不行。,手工逐组（门1–14 手写）,通則,,其餘位中。以阿彌陀善。與那謨惡相為對治。二俱無力。所以並不行也。,《選佛譜》卷第一・見取・L57,見取
2993,第11门,通教位次門,卷5,七已辦地,謨佛,謨,爱烦恼,佛,无漏善慧,行,十灌頂住,第12门,升,,「謨」表爱烦恼、「佛」表无漏善慧。已断三界惑尽，菩萨过而不住，入十灌顶住。,手工逐组（门1–14 手写）,推演,,"那佛。猶未斷見。故居八人。謨佛。見斷思存。故登見地。
阿阿等六。善法既集。應階上地。","《選佛譜》卷第五・初乾慧地・L129
《選佛譜》卷第五・初乾慧地・L129",初乾慧地
2994,第11门,通教位次門,卷5,七已辦地,阿阿,阿,施善,阿,施善,行,八辟支佛地,第11门,升,,「阿阿」二字俱表施善。菩萨从此过而不住，善法既集，入八辟支佛地。,手工逐组（门1–14 手写）,承注,,阿阿等六。善法既集。應階上地。,《選佛譜》卷第五・初乾慧地・L129,初乾慧地
2995,第11门,通教位次門,卷5,七已辦地,阿彌,阿,施善,彌,戒善,行,九菩薩地,第11门,升,,「阿」表施善、「彌」表戒善。菩萨从此过而不住，善法既集，故入九菩萨地。,手工逐组（门1–14 手写）,承注,,阿阿等六。善法既集。應階上地。,《選佛譜》卷第五・初乾慧地・L129,初乾慧地
2996,第11门,通教位次門,卷5,七已辦地,阿陀,阿,施善,陀,定善,行,十灌頂住,第12门,升,,「阿」表施善、「陀」表定善。菩萨过而不住，已过九菩萨地，入十灌顶住。,手工逐组（门1–14 手写）,承注,,阿阿等六。善法既集。應階上地。,《選佛譜》卷第五・初乾慧地・L129,初乾慧地
2997,第11门,通教位次門,卷5,七已辦地,阿佛,阿,施善,佛,无漏善慧,行,十法界無量迴向,第12门,升,,「阿」表施善、「佛」表无漏善慧。下根七地八地被接，按位接入别教，入十回向。,手工逐组（门1–14 手写）,直說,阿佛亦十向等者。所謂下根七地八地被接也。,已斷三界惑盡。成阿羅漢。故名已辦地也。聲聞則從此止而不前。菩薩則從此過而不住。阿佛亦十向等者。所謂下根七地八地被接也。,《選佛譜》卷第五・七已辦地・L153,七已辦地
2998,第11门,通教位次門,卷5,七已辦地,彌彌,彌,戒善,彌,戒善,行,十灌頂住,第12门,升,,「彌彌」二字俱表戒善。菩萨过而不住，已过九菩萨地，入十灌顶住。,手工逐组（门1–14 手写）,承注,,阿阿等六。善法既集。應階上地。,《選佛譜》卷第五・初乾慧地・L129,初乾慧地
2999,第11门,通教位次門,卷5,七已辦地,彌陀,彌,戒善,陀,定善,行,初歡喜行,第12门,升,,「彌」表戒善、「陀」表定善。菩萨过而不住，已过九菩萨地，入初欢喜行。,手工逐组（门1–14 手写）,承注,,阿阿等六。善法既集。應階上地。,《選佛譜》卷第五・初乾慧地・L129,初乾慧地
3000,第11门,通教位次門,卷5,七已辦地,彌佛,彌,戒善,佛,无漏善慧,行,初歡喜地,第12门,升,,「彌」表戒善、「佛」表无漏善慧。下根七地八地被接，胜进接入别教，入初欢喜地。,手工逐组（门1–14 手写）,直說,阿佛亦十向等者。所謂下根七地八地被接也。,已斷三界惑盡。成阿羅漢。故名已辦地也。聲聞則從此止而不前。菩薩則從此過而不住。阿佛亦十向等者。所謂下根七地八地被接也。,《選佛譜》卷第五・七已辦地・L153,七已辦地
3001,第11门,通教位次門,卷5,七已辦地,陀陀,陀,定善,陀,定善,行,二饒益行,第12门,升,,「陀陀」二字俱表定善。菩萨过而不住，已过九菩萨地，入二饶益行。,手工逐组（门1–14 手写）,承注,,阿阿等六。善法既集。應階上地。,《選佛譜》卷第五・初乾慧地・L129,初乾慧地
3002,第11门,通教位次門,卷5,七已辦地,陀佛,陀,定善,佛,无漏善慧,行,圓十信位,第13门,升,,「陀」表定善、「佛」表无漏善慧。下根七地八地被接，按位接入圆教，入圆十信位。,手工逐组（门1–14 手写）,直說,阿佛亦十向等者。所謂下根七地八地被接也。,已斷三界惑盡。成阿羅漢。故名已辦地也。聲聞則從此止而不前。菩薩則從此過而不住。阿佛亦十向等者。所謂下根七地八地被接也。,《選佛譜》卷第五・七已辦地・L153,七已辦地
3003,第11门,通教位次門,卷5,七已辦地,佛佛,佛,无漏善慧,佛,无漏善慧,行,圓十住位,第13门,升,,「佛佛」二字俱表无漏善慧。下根七地八地被接，胜进接入圆教，故入圆十住位。,手工逐组（门1–14 手写）,直說,阿佛亦十向等者。所謂下根七地八地被接也。,已斷三界惑盡。成阿羅漢。故名已辦地也。聲聞則從此止而不前。菩薩則從此過而不住。阿佛亦十向等者。所謂下根七地八地被接也。,《選佛譜》卷第五・七已辦地・L153,七已辦地
3004,第11门,通教位次門,卷5,八辟支佛地,那那,那,见烦恼,那,见烦恼,不行·安住本位,,,安住,,「那那」二字俱表见烦恼。此位既断正使又侵余习，烦恼不复现前，故永不行。,手工逐组（门1–14 手写）,承注,,一切煩惱不復現前。故那那等三。俱永不行。,《選佛譜》卷第五・三八人地・L137,三八人地
3005,第11门,通教位次門,卷5,八辟支佛地,那謨,那,见烦恼,謨,爱烦恼,不行·安住本位,,,安住,,「那」表见烦恼、「謨」表爱烦恼。此位既断正使又侵余习，烦恼不复现前，故永不行。,手工逐组（门1–14 手写）,承注,,一切煩惱不復現前。故那那等三。俱永不行。,《選佛譜》卷第五・三八人地・L137,三八人地
3006,第11门,通教位次門,卷5,八辟支佛地,那阿,那,见烦恼,阿,施善,不行·安住本位,,,安住,,「那」表见烦恼、「阿」表施善。此位既断正使又侵余习，烦恼不复现前，故不行。,手工逐组（门1–14 手写）,通則,,其餘位中。以阿彌陀善。與那謨惡相為對治。二俱無力。所以並不行也。,《選佛譜》卷第一・見取・L57,見取
3007,第11门,通教位次門,卷5,八辟支佛地,那彌,那,见烦恼,彌,戒善,不行·安住本位,,,安住,,「那」表见烦恼、「彌」表戒善。此位既断正使又侵余习，烦恼不复现前，故不行。,手工逐组（门1–14 手写）,通則,,其餘位中。以阿彌陀善。與那謨惡相為對治。二俱無力。所以並不行也。,《選佛譜》卷第一・見取・L57,見取
3008,第11门,通教位次門,卷5,八辟支佛地,那陀,那,见烦恼,陀,定善,不行·安住本位,,,安住,,「那」表见烦恼、「陀」表定善。此位既断正使又侵余习，烦恼不复现前，故不行。,手工逐组（门1–14 手写）,通則,,其餘位中。以阿彌陀善。與那謨惡相為對治。二俱無力。所以並不行也。,《選佛譜》卷第一・見取・L57,見取
3009,第11门,通教位次門,卷5,八辟支佛地,那佛,那,见烦恼,佛,无漏善慧,行,十灌頂住,第12门,升,,「那」表见烦恼、「佛」表无漏善慧。既断正使又侵余习，例则可解，入十灌顶住。,手工逐组（门1–14 手写）,推演,,"那佛。猶未斷見。故居八人。謨佛。見斷思存。故登見地。
阿阿等六。善法既集。應階上地。","《選佛譜》卷第五・初乾慧地・L129
《選佛譜》卷第五・初乾慧地・L129",初乾慧地
3010,第11门,通教位次門,卷5,八辟支佛地,謨謨,謨,爱烦恼,謨,爱烦恼,不行·安住本位,,,安住,,「謨謨」二字俱表爱烦恼。此位既断正使又侵余习，烦恼不复现前，故永不行。,手工逐组（门1–14 手写）,承注,,一切煩惱不復現前。故那那等三。俱永不行。,《選佛譜》卷第五・三八人地・L137,三八人地
3011,第11门,通教位次門,卷5,八辟支佛地,謨阿,謨,爱烦恼,阿,施善,不行·安住本位,,,安住,,「謨」表爱烦恼、「阿」表施善。此位既断正使又侵余习，烦恼不复现前，故不行。,手工逐组（门1–14 手写）,通則,,其餘位中。以阿彌陀善。與那謨惡相為對治。二俱無力。所以並不行也。,《選佛譜》卷第一・見取・L57,見取
3012,第11门,通教位次門,卷5,八辟支佛地,謨彌,謨,爱烦恼,彌,戒善,不行·安住本位,,,安住,,「謨」表爱烦恼、「彌」表戒善。此位既断正使又侵余习，烦恼不复现前，故不行。,手工逐组（门1–14 手写）,通則,,其餘位中。以阿彌陀善。與那謨惡相為對治。二俱無力。所以並不行也。,《選佛譜》卷第一・見取・L57,見取
3013,第11门,通教位次門,卷5,八辟支佛地,謨陀,謨,爱烦恼,陀,定善,不行·安住本位,,,安住,,「謨」表爱烦恼、「陀」表定善。此位既断正使又侵余习，烦恼不复现前，故不行。,手工逐组（门1–14 手写）,通則,,其餘位中。以阿彌陀善。與那謨惡相為對治。二俱無力。所以並不行也。,《選佛譜》卷第一・見取・L57,見取
3014,第11门,通教位次門,卷5,八辟支佛地,謨佛,謨,爱烦恼,佛,无漏善慧,行,初歡喜行,第12门,升,,「謨」表爱烦恼、「佛」表无漏善慧。既断正使又侵余习，例则可解，入初欢喜行。,手工逐组（门1–14 手写）,推演,,"那佛。猶未斷見。故居八人。謨佛。見斷思存。故登見地。
阿阿等六。善法既集。應階上地。","《選佛譜》卷第五・初乾慧地・L129
《選佛譜》卷第五・初乾慧地・L129",初乾慧地
3015,第11门,通教位次門,卷5,八辟支佛地,阿阿,阿,施善,阿,施善,行,九菩薩地,第11门,升,,「阿阿」二字俱表施善。菩萨亦不取证，善法既集，故入九菩萨地。,手工逐组（门1–14 手写）,直說,,既斷正使。又侵餘習。中乘根性。止此不前。故名辟支佛地。菩薩亦不取證也。,《選佛譜》卷第五・八辟支佛地・L157,八辟支佛地
3016,第11门,通教位次門,卷5,八辟支佛地,阿彌,阿,施善,彌,戒善,行,十灌頂住,第12门,升,,「阿」表施善、「彌」表戒善。菩萨不取证，已过九菩萨地，入十灌顶住。,手工逐组（门1–14 手写）,承注,,阿阿等六。善法既集。應階上地。,《選佛譜》卷第五・初乾慧地・L129,初乾慧地
3017,第11门,通教位次門,卷5,八辟支佛地,阿陀,阿,施善,陀,定善,行,初歡喜行,第12门,升,,「阿」表施善、「陀」表定善。菩萨不取证，已过九菩萨地，入初欢喜行。,手工逐组（门1–14 手写）,承注,,阿阿等六。善法既集。應階上地。,《選佛譜》卷第五・初乾慧地・L129,初乾慧地
3018,第11门,通教位次門,卷5,八辟支佛地,阿佛,阿,施善,佛,无漏善慧,行,十法界無量迴向,第12门,升,,「阿」表施善、「佛」表无漏善慧。依前位之例，下根八地被接，按位接入别教十回向。,手工逐组（门1–14 手写）,承注,,阿佛十迴向者。按位接入別故。,《選佛譜》卷第五・三八人地・L137,三八人地
3019,第11门,通教位次門,卷5,八辟支佛地,彌彌,彌,戒善,彌,戒善,行,初歡喜行,第12门,升,,「彌彌」二字俱表戒善。菩萨不取证，已过九菩萨地，入初欢喜行。,手工逐组（门1–14 手写）,承注,,阿阿等六。善法既集。應階上地。,《選佛譜》卷第五・初乾慧地・L129,初乾慧地
3020,第11门,通教位次門,卷5,八辟支佛地,彌陀,彌,戒善,陀,定善,行,二饒益行,第12门,升,,「彌」表戒善、「陀」表定善。菩萨不取证，已过九菩萨地，入二饶益行。,手工逐组（门1–14 手写）,承注,,阿阿等六。善法既集。應階上地。,《選佛譜》卷第五・初乾慧地・L129,初乾慧地
3021,第11门,通教位次門,卷5,八辟支佛地,彌佛,彌,戒善,佛,无漏善慧,行,初歡喜地,第12门,升,,「彌」表戒善、「佛」表无漏善慧。依前位之例，下根八地被接，胜进接入别教初欢喜地。,手工逐组（门1–14 手写）,承注,,彌佛歡喜地者。勝進接入別故。,《選佛譜》卷第五・三八人地・L137,三八人地
3022,第11门,通教位次門,卷5,八辟支佛地,陀陀,陀,定善,陀,定善,行,三無瞋恨行,第12门,升,,「陀陀」二字俱表定善。菩萨不取证，已过九菩萨地，入三无瞋恨行。,手工逐组（门1–14 手写）,承注,,阿阿等六。善法既集。應階上地。,《選佛譜》卷第五・初乾慧地・L129,初乾慧地
3023,第11门,通教位次門,卷5,八辟支佛地,陀佛,陀,定善,佛,无漏善慧,行,圓十信位,第13门,升,,「陀」表定善、「佛」表无漏善慧。依前位之例，按位接入圆教，故入圆十信位。,手工逐组（门1–14 手写）,承注,,陀佛圓信者。按位接入圓故。,《選佛譜》卷第五・三八人地・L137,三八人地
3024,第11门,通教位次門,卷5,八辟支佛地,佛佛,佛,无漏善慧,佛,无漏善慧,行,圓十住位,第13门,升,,「佛佛」二字俱表无漏善慧。依前位之例，胜进接入圆教，故入圆十住位。,手工逐组（门1–14 手写）,承注,,佛佛圓住者。勝進接入圓故。上根三地四地被接。此之謂也。,《選佛譜》卷第五・三八人地・L137,三八人地
3025,第11门,通教位次門,卷5,九菩薩地,那那,那,见烦恼,那,见烦恼,不行·安住本位,,,安住,,「那那」二字俱表见烦恼。此位正使断尽，烦恼不复现前，故永不行。,手工逐组（门1–14 手写）,承注,,一切煩惱不復現前。故那那等三。俱永不行。,《選佛譜》卷第五・三八人地・L137,三八人地
3026,第11门,通教位次門,卷5,九菩薩地,那謨,那,见烦恼,謨,爱烦恼,不行·安住本位,,,安住,,「那」表见烦恼、「謨」表爱烦恼。此位正使断尽，烦恼不复现前，故永不行。,手工逐组（门1–14 手写）,承注,,一切煩惱不復現前。故那那等三。俱永不行。,《選佛譜》卷第五・三八人地・L137,三八人地
3027,第11门,通教位次門,卷5,九菩薩地,那阿,那,见烦恼,阿,施善,不行·安住本位,,,安住,,「那」表见烦恼、「阿」表施善。此位正使断尽，烦恼不复现前，故不行。,手工逐组（门1–14 手写）,通則,,其餘位中。以阿彌陀善。與那謨惡相為對治。二俱無力。所以並不行也。,《選佛譜》卷第一・見取・L57,見取
3028,第11门,通教位次門,卷5,九菩薩地,那彌,那,见烦恼,彌,戒善,不行·安住本位,,,安住,,「那」表见烦恼、「彌」表戒善。此位正使断尽，烦恼不复现前，故不行。,手工逐组（门1–14 手写）,通則,,其餘位中。以阿彌陀善。與那謨惡相為對治。二俱無力。所以並不行也。,《選佛譜》卷第一・見取・L57,見取
3029,第11门,通教位次門,卷5,九菩薩地,那陀,那,见烦恼,陀,定善,不行·安住本位,,,安住,,「那」表见烦恼、「陀」表定善。此位正使断尽，烦恼不复现前，故不行。,手工逐组（门1–14 手写）,通則,,其餘位中。以阿彌陀善。與那謨惡相為對治。二俱無力。所以並不行也。,《選佛譜》卷第一・見取・L57,見取
3030,第11门,通教位次門,卷5,九菩薩地,那佛,那,见烦恼,佛,无漏善慧,行,初歡喜行,第12门,升,,「那」表见烦恼、「佛」表无漏善慧。此地永超二乘境界，扶习润生，入初欢喜行。,手工逐组（门1–14 手写）,推演,,"那佛。猶未斷見。故居八人。謨佛。見斷思存。故登見地。
阿阿等六。善法既集。應階上地。","《選佛譜》卷第五・初乾慧地・L129
《選佛譜》卷第五・初乾慧地・L129",初乾慧地
3031,第11门,通教位次門,卷5,九菩薩地,謨謨,謨,爱烦恼,謨,爱烦恼,不行·安住本位,,,安住,,「謨謨」二字俱表爱烦恼。此位正使断尽，烦恼不复现前，故永不行。,手工逐组（门1–14 手写）,承注,,一切煩惱不復現前。故那那等三。俱永不行。,《選佛譜》卷第五・三八人地・L137,三八人地
3032,第11门,通教位次門,卷5,九菩薩地,謨阿,謨,爱烦恼,阿,施善,不行·安住本位,,,安住,,「謨」表爱烦恼、「阿」表施善。此位正使断尽，烦恼不复现前，故不行。,手工逐组（门1–14 手写）,通則,,其餘位中。以阿彌陀善。與那謨惡相為對治。二俱無力。所以並不行也。,《選佛譜》卷第一・見取・L57,見取
3033,第11门,通教位次門,卷5,九菩薩地,謨彌,謨,爱烦恼,彌,戒善,不行·安住本位,,,安住,,「謨」表爱烦恼、「彌」表戒善。此位正使断尽，烦恼不复现前，故不行。,手工逐组（门1–14 手写）,通則,,其餘位中。以阿彌陀善。與那謨惡相為對治。二俱無力。所以並不行也。,《選佛譜》卷第一・見取・L57,見取
3034,第11门,通教位次門,卷5,九菩薩地,謨陀,謨,爱烦恼,陀,定善,不行·安住本位,,,安住,,「謨」表爱烦恼、「陀」表定善。此位正使断尽，烦恼不复现前，故不行。,手工逐组（门1–14 手写）,通則,,其餘位中。以阿彌陀善。與那謨惡相為對治。二俱無力。所以並不行也。,《選佛譜》卷第一・見取・L57,見取
3035,第11门,通教位次門,卷5,九菩薩地,謨佛,謨,爱烦恼,佛,无漏善慧,行,二饒益行,第12门,升,,「謨」表爱烦恼、「佛」表无漏善慧。此地永超二乘境界，扶习润生，入二饶益行。,手工逐组（门1–14 手写）,推演,,"那佛。猶未斷見。故居八人。謨佛。見斷思存。故登見地。
阿阿等六。善法既集。應階上地。","《選佛譜》卷第五・初乾慧地・L129
《選佛譜》卷第五・初乾慧地・L129",初乾慧地
3036,第11门,通教位次門,卷5,九菩薩地,阿阿,阿,施善,阿,施善,行,十灌頂住,第12门,升,,「阿阿」二字俱表施善。勤修化道，游戏神通，净佛国土，入十灌顶住。,手工逐组（门1–14 手写）,承注,,阿阿等六。善法既集。應階上地。,《選佛譜》卷第五・初乾慧地・L129,初乾慧地
3037,第11门,通教位次門,卷5,九菩薩地,阿彌,阿,施善,彌,戒善,行,初歡喜行,第12门,升,,「阿」表施善、「彌」表戒善。勤修化道，游戏神通，净佛国土，入初欢喜行。,手工逐组（门1–14 手写）,承注,,阿阿等六。善法既集。應階上地。,《選佛譜》卷第五・初乾慧地・L129,初乾慧地
3038,第11门,通教位次門,卷5,九菩薩地,阿陀,阿,施善,陀,定善,行,二饒益行,第12门,升,,「阿」表施善、「陀」表定善。勤修化道，游戏神通，净佛国土，入二饶益行。,手工逐组（门1–14 手写）,承注,,阿阿等六。善法既集。應階上地。,《選佛譜》卷第五・初乾慧地・L129,初乾慧地
3039,第11门,通教位次門,卷5,九菩薩地,阿佛,阿,施善,佛,无漏善慧,行,初歡喜地,第12门,升,,「阿」表施善、「佛」表无漏善慧。创舍法执，故登别教初欢喜地。,手工逐组（门1–14 手写）,直說,但阿佛。則創捨法執。故登初地。,但阿佛。則創捨法執。故登初地。,《選佛譜》卷第五・九菩薩地・L161,九菩薩地
3040,第11门,通教位次門,卷5,九菩薩地,彌彌,彌,戒善,彌,戒善,行,二饒益行,第12门,升,,「彌彌」二字俱表戒善。勤修化道，游戏神通，净佛国土，入二饶益行。,手工逐组（门1–14 手写）,承注,,阿阿等六。善法既集。應階上地。,《選佛譜》卷第五・初乾慧地・L129,初乾慧地
3041,第11门,通教位次門,卷5,九菩薩地,彌陀,彌,戒善,陀,定善,行,三無瞋恨行,第12门,升,,「彌」表戒善、「陀」表定善。勤修化道，净佛国土，故入三无瞋恨行。,手工逐组（门1–14 手写）,承注,,阿阿等六。善法既集。應階上地。,《選佛譜》卷第五・初乾慧地・L129,初乾慧地
3042,第11门,通教位次門,卷5,九菩薩地,彌佛,彌,戒善,佛,无漏善慧,行,圓十信位,第13门,升,,「彌」表戒善、「佛」表无漏善慧。善观中道，故成圆十信位。,手工逐组（门1–14 手写）,直說,彌佛。則善觀中道。故成圓信。,彌佛。則善觀中道。故成圓信。,《選佛譜》卷第五・九菩薩地・L161,九菩薩地
3043,第11门,通教位次門,卷5,九菩薩地,陀陀,陀,定善,陀,定善,行,四無盡行,第12门,升,,「陀陀」二字俱表定善。勤修化道，净佛国土，故入四无尽行。,手工逐组（门1–14 手写）,承注,,阿阿等六。善法既集。應階上地。,《選佛譜》卷第五・初乾慧地・L129,初乾慧地
3044,第11门,通教位次門,卷5,九菩薩地,陀佛,陀,定善,佛,无漏善慧,行,圓十住位,第13门,升,,「陀」表定善、「佛」表无漏善慧。定慧庄严，故阶圆十住位。,手工逐组（门1–14 手写）,直說,陀佛。則定慧莊嚴。故階圓住。,陀佛。則定慧莊嚴。故階圓住。,《選佛譜》卷第五・九菩薩地・L161,九菩薩地
3045,第11门,通教位次門,卷5,九菩薩地,佛佛,佛,无漏善慧,佛,无漏善慧,行,十佛地,第11门,升,,「佛佛」二字俱表无漏善慧。示成八相，故为十佛地。,手工逐组（门1–14 手写）,直說,佛佛。則示成八相。故為佛地也。,佛佛。則示成八相。故為佛地也。,《選佛譜》卷第五・九菩薩地・L161,九菩薩地
3046,第11门,通教位次門,卷5,十佛地,那那,那,见烦恼,那,见烦恼,不行·安住本位,,,安住,,「那那」二字俱表见烦恼。此位断余残习，示成无上菩提，故不行。,手工逐组（门1–14 手写）,承注,,一切煩惱不復現前。故那那等三。俱永不行。,《選佛譜》卷第五・三八人地・L137,三八人地
3047,第11门,通教位次門,卷5,十佛地,那謨,那,见烦恼,謨,爱烦恼,不行·安住本位,,,安住,,「那」表见烦恼、「謨」表爱烦恼。此位断余残习，示成无上菩提，故不行。,手工逐组（门1–14 手写）,承注,,一切煩惱不復現前。故那那等三。俱永不行。,《選佛譜》卷第五・三八人地・L137,三八人地
3048,第11门,通教位次門,卷5,十佛地,那阿,那,见烦恼,阿,施善,不行·安住本位,,,安住,,「那」表见烦恼、「阿」表施善。此位断余残习，示成无上菩提，烦恼不复现起，故不行。,手工逐组（门1–14 手写）,通則,,其餘位中。以阿彌陀善。與那謨惡相為對治。二俱無力。所以並不行也。,《選佛譜》卷第一・見取・L57,見取
3049,第11门,通教位次門,卷5,十佛地,那彌,那,见烦恼,彌,戒善,不行·安住本位,,,安住,,「那」表见烦恼、「彌」表戒善。此位断余残习，示成无上菩提，烦恼不复现起，故不行。,手工逐组（门1–14 手写）,通則,餘如藏教佛果中說。,其餘位中。以阿彌陀善。與那謨惡相為對治。二俱無力。所以並不行也。,《選佛譜》卷第一・見取・L57,見取
3050,第11门,通教位次門,卷5,十佛地,那陀,那,见烦恼,陀,定善,不行·安住本位,,,安住,,「那」表见烦恼、「陀」表定善。此位断余残习，示成无上菩提，烦恼不复现起，故不行。,手工逐组（门1–14 手写）,通則,餘如藏教佛果中說。,其餘位中。以阿彌陀善。與那謨惡相為對治。二俱無力。所以並不行也。,《選佛譜》卷第一・見取・L57,見取
3051,第11门,通教位次門,卷5,十佛地,那佛,那,见烦恼,佛,无漏善慧,贈掷·不移位,,,贈掷,贈一掷,「那」表见烦恼、「佛」表无漏善慧。并是法身所垂应化，非通教菩萨所成，可赠不可行。,手工逐组（门1–14 手写）,直說,餘如藏教佛果中說。,既示佛果。若仍升入菩薩位中。則破壞俗諦。亦無以顯三身一體之義。故阿阿乃至阿佛。皆可贈而不可行也。,《選佛譜》卷第五・藏教佛果・L119,藏教佛果
3052,第11门,通教位次門,卷5,十佛地,謨謨,謨,爱烦恼,謨,爱烦恼,不行·安住本位,,,安住,,「謨謨」二字俱表爱烦恼。此位断余残习，示成无上菩提，故不行。,手工逐组（门1–14 手写）,承注,,一切煩惱不復現前。故那那等三。俱永不行。,《選佛譜》卷第五・三八人地・L137,三八人地
3053,第11门,通教位次門,卷5,十佛地,謨阿,謨,爱烦恼,阿,施善,不行·安住本位,,,安住,,「謨」表爱烦恼、「阿」表施善。此位断余残习，示成无上菩提，烦恼不复现起，故不行。,手工逐组（门1–14 手写）,通則,,其餘位中。以阿彌陀善。與那謨惡相為對治。二俱無力。所以並不行也。,《選佛譜》卷第一・見取・L57,見取
3054,第11门,通教位次門,卷5,十佛地,謨彌,謨,爱烦恼,彌,戒善,不行·安住本位,,,安住,,「謨」表爱烦恼、「彌」表戒善。此位断余残习，示成无上菩提，烦恼不复现起，故不行。,手工逐组（门1–14 手写）,通則,餘如藏教佛果中說。,其餘位中。以阿彌陀善。與那謨惡相為對治。二俱無力。所以並不行也。,《選佛譜》卷第一・見取・L57,見取
3055,第11门,通教位次門,卷5,十佛地,謨陀,謨,爱烦恼,陀,定善,不行·安住本位,,,安住,,「謨」表爱烦恼、「陀」表定善。此位断余残习，示成无上菩提，烦恼不复现起，故不行。,手工逐组（门1–14 手写）,通則,餘如藏教佛果中說。,其餘位中。以阿彌陀善。與那謨惡相為對治。二俱無力。所以並不行也。,《選佛譜》卷第一・見取・L57,見取
3056,第11门,通教位次門,卷5,十佛地,謨佛,謨,爱烦恼,佛,无漏善慧,贈掷·不移位,,,贈掷,贈二掷,「謨」表爱烦恼、「佛」表无漏善慧。并是法身所垂应化，非通教菩萨所成，可赠不可行。,手工逐组（门1–14 手写）,直說,餘如藏教佛果中說。,既示佛果。若仍升入菩薩位中。則破壞俗諦。亦無以顯三身一體之義。故阿阿乃至阿佛。皆可贈而不可行也。,《選佛譜》卷第五・藏教佛果・L119,藏教佛果
3057,第11门,通教位次門,卷5,十佛地,阿阿,阿,施善,阿,施善,贈掷·不移位,,,贈掷,贈一掷,「阿阿」二字俱表施善。既示佛果，若仍升入菩萨位则破坏俗谛，皆可赠而不可行。,手工逐组（门1–14 手写）,直說,餘如藏教佛果中說。,既示佛果。若仍升入菩薩位中。則破壞俗諦。亦無以顯三身一體之義。故阿阿乃至阿佛。皆可贈而不可行也。,《選佛譜》卷第五・藏教佛果・L119,藏教佛果
3058,第11门,通教位次門,卷5,十佛地,阿彌,阿,施善,彌,戒善,贈掷·不移位,,,贈掷,贈一掷,「阿」表施善、「彌」表戒善。既示佛果，若仍升入菩萨位则破坏俗谛，皆可赠而不可行。,手工逐组（门1–14 手写）,直說,餘如藏教佛果中說。,既示佛果。若仍升入菩薩位中。則破壞俗諦。亦無以顯三身一體之義。故阿阿乃至阿佛。皆可贈而不可行也。,《選佛譜》卷第五・藏教佛果・L119,藏教佛果
3059,第11门,通教位次門,卷5,十佛地,阿陀,阿,施善,陀,定善,贈掷·不移位,,,贈掷,贈二掷,「阿」表施善、「陀」表定善。既示佛果，若仍升入菩萨位则破坏俗谛，皆可赠而不可行。,手工逐组（门1–14 手写）,直說,餘如藏教佛果中說。,既示佛果。若仍升入菩薩位中。則破壞俗諦。亦無以顯三身一體之義。故阿阿乃至阿佛。皆可贈而不可行也。,《選佛譜》卷第五・藏教佛果・L119,藏教佛果
3060,第11门,通教位次門,卷5,十佛地,阿佛,阿,施善,佛,无漏善慧,贈掷·不移位,,,贈掷,贈三掷,「阿」表施善、「佛」表无漏善慧。并是法身所垂应化，非通教菩萨所成，皆可赠而不可行。,手工逐组（门1–14 手写）,直說,餘如藏教佛果中說。,既示佛果。若仍升入菩薩位中。則破壞俗諦。亦無以顯三身一體之義。故阿阿乃至阿佛。皆可贈而不可行也。,《選佛譜》卷第五・藏教佛果・L119,藏教佛果
3061,第11门,通教位次門,卷5,十佛地,彌彌,彌,戒善,彌,戒善,贈掷·不移位,,,贈掷,贈一掷,「彌彌」二字俱表戒善。既示佛果，若仍升入菩萨位则破坏俗谛，皆可赠而不可行。,手工逐组（门1–14 手写）,直說,餘如藏教佛果中說。,既示佛果。若仍升入菩薩位中。則破壞俗諦。亦無以顯三身一體之義。故阿阿乃至阿佛。皆可贈而不可行也。,《選佛譜》卷第五・藏教佛果・L119,藏教佛果
3062,第11门,通教位次門,卷5,十佛地,彌陀,彌,戒善,陀,定善,贈掷·不移位,,,贈掷,贈二掷,「彌」表戒善、「陀」表定善。既示佛果，若仍升入菩萨位则破坏俗谛，皆可赠而不可行。,手工逐组（门1–14 手写）,直說,餘如藏教佛果中說。,既示佛果。若仍升入菩薩位中。則破壞俗諦。亦無以顯三身一體之義。故阿阿乃至阿佛。皆可贈而不可行也。,《選佛譜》卷第五・藏教佛果・L119,藏教佛果
3063,第11门,通教位次門,卷5,十佛地,彌佛,彌,戒善,佛,无漏善慧,贈掷·不移位,,,贈掷,贈四掷,「彌」表戒善、「佛」表无漏善慧。并是法身所垂应化，非通教菩萨所成，皆可赠而不可行。,手工逐组（门1–14 手写）,直說,餘如藏教佛果中說。,既示佛果。若仍升入菩薩位中。則破壞俗諦。亦無以顯三身一體之義。故阿阿乃至阿佛。皆可贈而不可行也。,《選佛譜》卷第五・藏教佛果・L119,藏教佛果
3064,第11门,通教位次門,卷5,十佛地,陀陀,陀,定善,陀,定善,贈掷·不移位,,,贈掷,贈二掷,「陀陀」二字俱表定善。既示佛果，若仍升入菩萨位则破坏俗谛，皆可赠而不可行。,手工逐组（门1–14 手写）,直說,餘如藏教佛果中說。,既示佛果。若仍升入菩薩位中。則破壞俗諦。亦無以顯三身一體之義。故阿阿乃至阿佛。皆可贈而不可行也。,《選佛譜》卷第五・藏教佛果・L119,藏教佛果
3065,第11门,通教位次門,卷5,十佛地,陀佛,陀,定善,佛,无漏善慧,行,別教妙覺佛位,第12门,升,,「陀」表定善、「佛」表无漏善慧。即应化而实报，故成别教妙觉佛位。,手工逐组（门1–14 手写）,直說,餘如藏教佛果中說。,陀佛別妙覺者。即應化而實報也。,《選佛譜》卷第五・藏教佛果・L119,藏教佛果
3066,第11门,通教位次門,卷5,十佛地,佛佛,佛,无漏善慧,佛,无漏善慧,行,佛,第15门,升,,「佛佛」二字俱表无漏善慧。即报化而法身，故成圆教究竟妙觉位。,手工逐组（门1–14 手写）,直說,餘如藏教佛果中說。,佛佛圓妙覺者。即報化而法身也。,《選佛譜》卷第五・藏教佛果・L119,藏教佛果
3067,第12门,別教位次門,卷6,初信心,那那,那,见烦恼,那,见烦恼,行,五停心,第10门,降,,「那那」二字俱表见烦恼。烦恼障重，须修助道，故借用三藏五停心。,手工逐组（门1–14 手写）,直說,那那等三。煩惱障重。須修助道。故借用三藏五停心也。,那那等三。煩惱障重。須修助道。故借用三藏五停心也。,《選佛譜》卷第六・初信心・L17,初信心
3068,第12门,別教位次門,卷6,初信心,那謨,那,见烦恼,謨,爱烦恼,行,五停心,第10门,降,,「那」表见烦恼、「謨」表爱烦恼。烦恼障重，须修助道，故借用三藏五停心。,手工逐组（门1–14 手写）,直說,那那等三。煩惱障重。須修助道。故借用三藏五停心也。,那那等三。煩惱障重。須修助道。故借用三藏五停心也。,《選佛譜》卷第六・初信心・L17,初信心
3069,第12门,別教位次門,卷6,初信心,那阿,那,见烦恼,阿,施善,不行·安住本位,,,安住,,「那」表见烦恼、「阿」表施善。相为对治，二俱无力，故不行。,手工逐组（门1–14 手写）,通則,,其餘位中。以阿彌陀善。與那謨惡相為對治。二俱無力。所以並不行也。,《選佛譜》卷第一・見取・L57,見取
3070,第12门,別教位次門,卷6,初信心,那彌,那,见烦恼,彌,戒善,不行·安住本位,,,安住,,「那」表见烦恼、「彌」表戒善。相为对治，二俱无力，故不行。,手工逐组（门1–14 手写）,通則,,其餘位中。以阿彌陀善。與那謨惡相為對治。二俱無力。所以並不行也。,《選佛譜》卷第一・見取・L57,見取
3071,第12门,別教位次門,卷6,初信心,那陀,那,见烦恼,陀,定善,不行·安住本位,,,安住,,「那」表见烦恼、「陀」表定善。相为对治，二俱无力，故不行。,手工逐组（门1–14 手写）,通則,,其餘位中。以阿彌陀善。與那謨惡相為對治。二俱無力。所以並不行也。,《選佛譜》卷第一・見取・L57,見取
3072,第12门,別教位次門,卷6,初信心,那佛,那,见烦恼,佛,无漏善慧,行,五定心,第12门,升,,「那」表见烦恼、「佛」表无漏善慧。随顺不疑，如次升进，故入五定心。,手工逐组（门1–14 手写）,直說,阿阿以下。如次升進。,阿阿以下。如次升進。,《選佛譜》卷第六・初信心・L17,初信心
3073,第12门,別教位次門,卷6,初信心,謨謨,謨,爱烦恼,謨,爱烦恼,行,五停心,第10门,降,,「謨謨」二字俱表爱烦恼。烦恼障重，须修助道，故借用三藏五停心。,手工逐组（门1–14 手写）,直說,那那等三。煩惱障重。須修助道。故借用三藏五停心也。,那那等三。煩惱障重。須修助道。故借用三藏五停心也。,《選佛譜》卷第六・初信心・L17,初信心
3074,第12门,別教位次門,卷6,初信心,謨阿,謨,爱烦恼,阿,施善,不行·安住本位,,,安住,,「謨」表爱烦恼、「阿」表施善。相为对治，二俱无力，故不行。,手工逐组（门1–14 手写）,通則,,其餘位中。以阿彌陀善。與那謨惡相為對治。二俱無力。所以並不行也。,《選佛譜》卷第一・見取・L57,見取
3075,第12门,別教位次門,卷6,初信心,謨彌,謨,爱烦恼,彌,戒善,不行·安住本位,,,安住,,「謨」表爱烦恼、「彌」表戒善。相为对治，二俱无力，故不行。,手工逐组（门1–14 手写）,通則,,其餘位中。以阿彌陀善。與那謨惡相為對治。二俱無力。所以並不行也。,《選佛譜》卷第一・見取・L57,見取
3076,第12门,別教位次門,卷6,初信心,謨陀,謨,爱烦恼,陀,定善,不行·安住本位,,,安住,,「謨」表爱烦恼、「陀」表定善。相为对治，二俱无力，故不行。,手工逐组（门1–14 手写）,通則,,其餘位中。以阿彌陀善。與那謨惡相為對治。二俱無力。所以並不行也。,《選佛譜》卷第一・見取・L57,見取
3077,第12门,別教位次門,卷6,初信心,謨佛,謨,爱烦恼,佛,无漏善慧,行,六不退心,第12门,升,,「謨」表爱烦恼、「佛」表无漏善慧。随顺不疑，如次升进，故入六不退心。,手工逐组（门1–14 手写）,直說,阿阿以下。如次升進。,阿阿以下。如次升進。,《選佛譜》卷第六・初信心・L17,初信心
3078,第12门,別教位次門,卷6,初信心,阿阿,阿,施善,阿,施善,行,二念心,第12门,升,,「阿阿」二字俱表施善。随顺不疑，如次升进，故入二念心。,手工逐组（门1–14 手写）,直說,阿阿以下。如次升進。,阿阿以下。如次升進。,《選佛譜》卷第六・初信心・L17,初信心
3079,第12门,別教位次門,卷6,初信心,阿彌,阿,施善,彌,戒善,行,三精進心,第12门,升,,「阿」表施善、「彌」表戒善。随顺不疑，如次升进，故入三精进心。,手工逐组（门1–14 手写）,直說,阿阿以下。如次升進。,阿阿以下。如次升進。,《選佛譜》卷第六・初信心・L17,初信心
3080,第12门,別教位次門,卷6,初信心,阿陀,阿,施善,陀,定善,行,四慧心,第12门,升,,「阿」表施善、「陀」表定善。随顺不疑，如次升进，故入四慧心。,手工逐组（门1–14 手写）,直說,阿阿以下。如次升進。,阿阿以下。如次升進。,《選佛譜》卷第六・初信心・L17,初信心
3081,第12门,別教位次門,卷6,初信心,阿佛,阿,施善,佛,无漏善慧,行,初發心住,第12门,升,,「阿」表施善、「佛」表无漏善慧。本教虽无顿超之义，亦有渐超义，故登初发心住。,手工逐组（门1–14 手写）,直說,阿佛登初住者。於本教中。雖無頓超之義。亦有漸超義故。,阿佛登初住者。於本教中。雖無頓超之義。亦有漸超義故。,《選佛譜》卷第六・初信心・L17,初信心
3082,第12门,別教位次門,卷6,初信心,彌彌,彌,戒善,彌,戒善,行,四慧心,第12门,升,,「彌彌」二字俱表戒善。随顺不疑，如次升进，故入四慧心。,手工逐组（门1–14 手写）,直說,阿阿以下。如次升進。,阿阿以下。如次升進。,《選佛譜》卷第六・初信心・L17,初信心
3083,第12门,別教位次門,卷6,初信心,彌陀,彌,戒善,陀,定善,行,五定心,第12门,升,,「彌」表戒善、「陀」表定善。随顺不疑，如次升进，故入五定心。,手工逐组（门1–14 手写）,直說,阿阿以下。如次升進。,阿阿以下。如次升進。,《選佛譜》卷第六・初信心・L17,初信心
3084,第12门,別教位次門,卷6,初信心,彌佛,彌,戒善,佛,无漏善慧,行,圓五品位,第13门,升,,「彌」表戒善、「佛」表无漏善慧。按位转入圆教，故入圆五品位。,手工逐组（门1–14 手写）,直說,彌佛圓五品者。按位轉入故。,彌佛圓五品者。按位轉入故。,《選佛譜》卷第六・初信心・L17,初信心
3085,第12门,別教位次門,卷6,初信心,陀陀,陀,定善,陀,定善,行,六不退心,第12门,升,,「陀陀」二字俱表定善。随顺不疑，如次升进，故入六不退心。,手工逐组（门1–14 手写）,直說,阿阿以下。如次升進。,阿阿以下。如次升進。,《選佛譜》卷第六・初信心・L17,初信心
3086,第12门,別教位次門,卷6,初信心,陀佛,陀,定善,佛,无漏善慧,行,圓十信位,第13门,升,,「陀」表定善、「佛」表无漏善慧。开粗成妙，故入圆十信位。,手工逐组（门1–14 手写）,直說,陀佛圓十信者。開麤成妙故。,陀佛圓十信者。開麤成妙故。,《選佛譜》卷第六・初信心・L17,初信心
3087,第12门,別教位次門,卷6,初信心,佛佛,佛,无漏善慧,佛,无漏善慧,行,上品上生,第14门,横超,,「佛佛」二字俱表无漏善慧。既信大乘又承佛力，必速悟无生法忍，得上品上生。,手工逐组（门1–14 手写）,直說,佛佛上品上生者。既信大乘。又承佛力。必速悟無生法忍故。,佛佛上品上生者。既信大乘。又承佛力。必速悟無生法忍故。,《選佛譜》卷第六・初信心・L17,初信心
3088,第12门,別教位次門,卷6,二念心,那那,那,见烦恼,那,见烦恼,行,五停心,第10门,降,,「那那」二字俱表见烦恼。依门首准知，烦恼障重，须修助道，故借用三藏五停心。,手工逐组（门1–14 手写）,承注,,那那等三。煩惱障重。須修助道。故借用三藏五停心也。,《選佛譜》卷第六・初信心・L17,初信心
3089,第12门,別教位次門,卷6,二念心,那謨,那,见烦恼,謨,爱烦恼,行,五停心,第10门,降,,「那」表见烦恼、「謨」表爱烦恼。依门首准知，烦恼障重，须修助道，故借用三藏五停心。,手工逐组（门1–14 手写）,承注,,那那等三。煩惱障重。須修助道。故借用三藏五停心也。,《選佛譜》卷第六・初信心・L17,初信心
3090,第12门,別教位次門,卷6,二念心,那阿,那,见烦恼,阿,施善,不行·安住本位,,,安住,,「那」表见烦恼、「阿」表施善。相为对治，二俱无力，故不行。,手工逐组（门1–14 手写）,通則,,其餘位中。以阿彌陀善。與那謨惡相為對治。二俱無力。所以並不行也。,《選佛譜》卷第一・見取・L57,見取
3091,第12门,別教位次門,卷6,二念心,那彌,那,见烦恼,彌,戒善,不行·安住本位,,,安住,,「那」表见烦恼、「彌」表戒善。相为对治，二俱无力，故不行。,手工逐组（门1–14 手写）,通則,,其餘位中。以阿彌陀善。與那謨惡相為對治。二俱無力。所以並不行也。,《選佛譜》卷第一・見取・L57,見取
3092,第12门,別教位次門,卷6,二念心,那陀,那,见烦恼,陀,定善,不行·安住本位,,,安住,,「那」表见烦恼、「陀」表定善。相为对治，二俱无力，故不行。,手工逐组（门1–14 手写）,通則,,其餘位中。以阿彌陀善。與那謨惡相為對治。二俱無力。所以並不行也。,《選佛譜》卷第一・見取・L57,見取
3093,第12门,別教位次門,卷6,二念心,那佛,那,见烦恼,佛,无漏善慧,行,六不退心,第12门,升,,「那」表见烦恼、「佛」表无漏善慧。忆念不忘，如次升进，故入六不退心。,手工逐组（门1–14 手写）,承注,,阿阿以下。如次升進。,《選佛譜》卷第六・初信心・L17,初信心
3094,第12门,別教位次門,卷6,二念心,謨謨,謨,爱烦恼,謨,爱烦恼,行,初信心,第12门,降,,「謨謨」二字俱表爱烦恼。依门首准知，烦恼障重，故退入初信心。,手工逐组（门1–14 手写）,承注,,那那等三。煩惱障重。須修助道。故借用三藏五停心也。,《選佛譜》卷第六・初信心・L17,初信心
3095,第12门,別教位次門,卷6,二念心,謨阿,謨,爱烦恼,阿,施善,不行·安住本位,,,安住,,「謨」表爱烦恼、「阿」表施善。相为对治，二俱无力，故不行。,手工逐组（门1–14 手写）,通則,,其餘位中。以阿彌陀善。與那謨惡相為對治。二俱無力。所以並不行也。,《選佛譜》卷第一・見取・L57,見取
3096,第12门,別教位次門,卷6,二念心,謨彌,謨,爱烦恼,彌,戒善,不行·安住本位,,,安住,,「謨」表爱烦恼、「彌」表戒善。相为对治，二俱无力，故不行。,手工逐组（门1–14 手写）,通則,,其餘位中。以阿彌陀善。與那謨惡相為對治。二俱無力。所以並不行也。,《選佛譜》卷第一・見取・L57,見取
3097,第12门,別教位次門,卷6,二念心,謨陀,謨,爱烦恼,陀,定善,不行·安住本位,,,安住,,「謨」表爱烦恼、「陀」表定善。相为对治，二俱无力，故不行。,手工逐组（门1–14 手写）,通則,,其餘位中。以阿彌陀善。與那謨惡相為對治。二俱無力。所以並不行也。,《選佛譜》卷第一・見取・L57,見取
3098,第12门,別教位次門,卷6,二念心,謨佛,謨,爱烦恼,佛,无漏善慧,行,七護法心,第12门,升,,「謨」表爱烦恼、「佛」表无漏善慧。忆念不忘，如次升进，故入七护法心。,手工逐组（门1–14 手写）,承注,,阿阿以下。如次升進。,《選佛譜》卷第六・初信心・L17,初信心
3099,第12门,別教位次門,卷6,二念心,阿阿,阿,施善,阿,施善,行,三精進心,第12门,升,,「阿阿」二字俱表施善。忆念不忘，发菩提心，如次升进，入三精进心。,手工逐组（门1–14 手写）,承注,,阿阿以下。如次升進。,《選佛譜》卷第六・初信心・L17,初信心
3100,第12门,別教位次門,卷6,二念心,阿彌,阿,施善,彌,戒善,行,四慧心,第12门,升,,「阿」表施善、「彌」表戒善。忆念不忘，发菩提心，如次升进，故入四慧心。,手工逐组（门1–14 手写）,承注,,阿阿以下。如次升進。,《選佛譜》卷第六・初信心・L17,初信心
3101,第12门,別教位次門,卷6,二念心,阿陀,阿,施善,陀,定善,行,五定心,第12门,升,,「阿」表施善、「陀」表定善。忆念不忘，发菩提心，如次升进，故入五定心。,手工逐组（门1–14 手写）,承注,,阿阿以下。如次升進。,《選佛譜》卷第六・初信心・L17,初信心
3102,第12门,別教位次門,卷6,二念心,阿佛,阿,施善,佛,无漏善慧,行,二治地住,第12门,升,,「阿」表施善、「佛」表无漏善慧。依门首准知，亦有渐超义，故登二治地住。,手工逐组（门1–14 手写）,承注,,阿佛登初住者。於本教中。雖無頓超之義。亦有漸超義故。,《選佛譜》卷第六・初信心・L17,初信心
3103,第12门,別教位次門,卷6,二念心,彌彌,彌,戒善,彌,戒善,行,五定心,第12门,升,,「彌彌」二字俱表戒善。忆念不忘，发菩提心，如次升进，故入五定心。,手工逐组（门1–14 手写）,承注,,阿阿以下。如次升進。,《選佛譜》卷第六・初信心・L17,初信心
3104,第12门,別教位次門,卷6,二念心,彌陀,彌,戒善,陀,定善,行,六不退心,第12门,升,,「彌」表戒善、「陀」表定善。披弘誓铠，如次升进，故入六不退心。,手工逐组（门1–14 手写）,承注,,阿阿以下。如次升進。,《選佛譜》卷第六・初信心・L17,初信心
3105,第12门,別教位次門,卷6,二念心,彌佛,彌,戒善,佛,无漏善慧,行,圓五品位,第13门,升,,「彌」表戒善、「佛」表无漏善慧。依门首准知，按位转入圆教，故入圆五品位。,手工逐组（门1–14 手写）,承注,,彌佛圓五品者。按位轉入故。,《選佛譜》卷第六・初信心・L17,初信心
3106,第12门,別教位次門,卷6,二念心,陀陀,陀,定善,陀,定善,行,七護法心,第12门,升,,「陀陀」二字俱表定善。披弘誓铠，如次升进，故入七护法心。,手工逐组（门1–14 手写）,承注,,阿阿以下。如次升進。,《選佛譜》卷第六・初信心・L17,初信心
3107,第12门,別教位次門,卷6,二念心,陀佛,陀,定善,佛,无漏善慧,行,圓十信位,第13门,升,,「陀」表定善、「佛」表无漏善慧。依门首准知，开粗成妙，故入圆十信位。,手工逐组（门1–14 手写）,承注,,陀佛圓十信者。開麤成妙故。,《選佛譜》卷第六・初信心・L17,初信心
3108,第12门,別教位次門,卷6,二念心,佛佛,佛,无漏善慧,佛,无漏善慧,行,上品上生,第14门,横超,,「佛佛」二字俱表无漏善慧。依门首准知，既信大乘又承佛力，必速悟无生法忍，得上品上生。,手工逐组（门1–14 手写）,承注,,佛佛上品上生者。既信大乘。又承佛力。必速悟無生法忍故。,《選佛譜》卷第六・初信心・L17,初信心
3109,第12门,別教位次門,卷6,三精進心,那那,那,见烦恼,那,见烦恼,行,五停心,第10门,降,,「那那」二字俱表见烦恼。依门首准知，烦恼障重，须修助道，故借用三藏五停心。,手工逐组（门1–14 手写）,承注,,那那等三。煩惱障重。須修助道。故借用三藏五停心也。,《選佛譜》卷第六・初信心・L17,初信心
3110,第12门,別教位次門,卷6,三精進心,那謨,那,见烦恼,謨,爱烦恼,行,初信心,第12门,降,,「那」表见烦恼、「謨」表爱烦恼。依门首准知，烦恼障重，故退入初信心。,手工逐组（门1–14 手写）,承注,,那那等三。煩惱障重。須修助道。故借用三藏五停心也。,《選佛譜》卷第六・初信心・L17,初信心
3111,第12门,別教位次門,卷6,三精進心,那阿,那,见烦恼,阿,施善,不行·安住本位,,,安住,,「那」表见烦恼、「阿」表施善。相为对治，二俱无力，故不行。,手工逐组（门1–14 手写）,通則,,其餘位中。以阿彌陀善。與那謨惡相為對治。二俱無力。所以並不行也。,《選佛譜》卷第一・見取・L57,見取
3112,第12门,別教位次門,卷6,三精進心,那彌,那,见烦恼,彌,戒善,不行·安住本位,,,安住,,「那」表见烦恼、「彌」表戒善。相为对治，二俱无力，故不行。,手工逐组（门1–14 手写）,通則,,其餘位中。以阿彌陀善。與那謨惡相為對治。二俱無力。所以並不行也。,《選佛譜》卷第一・見取・L57,見取
3113,第12门,別教位次門,卷6,三精進心,那陀,那,见烦恼,陀,定善,不行·安住本位,,,安住,,「那」表见烦恼、「陀」表定善。相为对治，二俱无力，故不行。,手工逐组（门1–14 手写）,通則,,其餘位中。以阿彌陀善。與那謨惡相為對治。二俱無力。所以並不行也。,《選佛譜》卷第一・見取・L57,見取
3114,第12门,別教位次門,卷6,三精進心,那佛,那,见烦恼,佛,无漏善慧,行,七護法心,第12门,升,,「那」表见烦恼、「佛」表无漏善慧。勤修止观，如次升进，故入七护法心。,手工逐组（门1–14 手写）,承注,,阿阿以下。如次升進。,《選佛譜》卷第六・初信心・L17,初信心
3115,第12门,別教位次門,卷6,三精進心,謨謨,謨,爱烦恼,謨,爱烦恼,行,二念心,第12门,降,,「謨謨」二字俱表爱烦恼。依门首准知，烦恼障重，故退入二念心。,手工逐组（门1–14 手写）,承注,,那那等三。煩惱障重。須修助道。故借用三藏五停心也。,《選佛譜》卷第六・初信心・L17,初信心
3116,第12门,別教位次門,卷6,三精進心,謨阿,謨,爱烦恼,阿,施善,不行·安住本位,,,安住,,「謨」表爱烦恼、「阿」表施善。相为对治，二俱无力，故不行。,手工逐组（门1–14 手写）,通則,,其餘位中。以阿彌陀善。與那謨惡相為對治。二俱無力。所以並不行也。,《選佛譜》卷第一・見取・L57,見取
3117,第12门,別教位次門,卷6,三精進心,謨彌,謨,爱烦恼,彌,戒善,不行·安住本位,,,安住,,「謨」表爱烦恼、「彌」表戒善。相为对治，二俱无力，故不行。,手工逐组（门1–14 手写）,通則,,其餘位中。以阿彌陀善。與那謨惡相為對治。二俱無力。所以並不行也。,《選佛譜》卷第一・見取・L57,見取
3118,第12门,別教位次門,卷6,三精進心,謨陀,謨,爱烦恼,陀,定善,不行·安住本位,,,安住,,「謨」表爱烦恼、「陀」表定善。相为对治，二俱无力，故不行。,手工逐组（门1–14 手写）,通則,,其餘位中。以阿彌陀善。與那謨惡相為對治。二俱無力。所以並不行也。,《選佛譜》卷第一・見取・L57,見取
3119,第12门,別教位次門,卷6,三精進心,謨佛,謨,爱烦恼,佛,无漏善慧,行,八迴向心,第12门,升,,「謨」表爱烦恼、「佛」表无漏善慧。勤修止观，如次升进，故入八回向心。,手工逐组（门1–14 手写）,承注,,阿阿以下。如次升進。,《選佛譜》卷第六・初信心・L17,初信心
3120,第12门,別教位次門,卷6,三精進心,阿阿,阿,施善,阿,施善,行,四慧心,第12门,升,,「阿阿」二字俱表施善。既发大心，勤修止观，如次升进，故入四慧心。,手工逐组（门1–14 手写）,承注,,阿阿以下。如次升進。,《選佛譜》卷第六・初信心・L17,初信心
3121,第12门,別教位次門,卷6,三精進心,阿彌,阿,施善,彌,戒善,行,五定心,第12门,升,,「阿」表施善、「彌」表戒善。既发大心，勤修止观，如次升进，故入五定心。,手工逐组（门1–14 手写）,承注,,阿阿以下。如次升進。,《選佛譜》卷第六・初信心・L17,初信心
3122,第12门,別教位次門,卷6,三精進心,阿陀,阿,施善,陀,定善,行,六不退心,第12门,升,,「阿」表施善、「陀」表定善。勤修止观，如次升进，故入六不退心。,手工逐组（门1–14 手写）,承注,,阿阿以下。如次升進。,《選佛譜》卷第六・初信心・L17,初信心
3123,第12门,別教位次門,卷6,三精進心,阿佛,阿,施善,佛,无漏善慧,行,三修行住,第12门,升,,「阿」表施善、「佛」表无漏善慧。依门首准知，亦有渐超义，故登三修行住。,手工逐组（门1–14 手写）,承注,,阿佛登初住者。於本教中。雖無頓超之義。亦有漸超義故。,《選佛譜》卷第六・初信心・L17,初信心
3124,第12门,別教位次門,卷6,三精進心,彌彌,彌,戒善,彌,戒善,行,六不退心,第12门,升,,「彌彌」二字俱表戒善。勤修止观，如次升进，故入六不退心。,手工逐组（门1–14 手写）,承注,,阿阿以下。如次升進。,《選佛譜》卷第六・初信心・L17,初信心
3125,第12门,別教位次門,卷6,三精進心,彌陀,彌,戒善,陀,定善,行,七護法心,第12门,升,,「彌」表戒善、「陀」表定善。勤修止观，如次升进，故入七护法心。,手工逐组（门1–14 手写）,承注,,阿阿以下。如次升進。,《選佛譜》卷第六・初信心・L17,初信心
3126,第12门,別教位次門,卷6,三精進心,彌佛,彌,戒善,佛,无漏善慧,行,圓五品位,第13门,升,,「彌」表戒善、「佛」表无漏善慧。依门首准知，按位转入圆教，故入圆五品位。,手工逐组（门1–14 手写）,承注,,彌佛圓五品者。按位轉入故。,《選佛譜》卷第六・初信心・L17,初信心
3127,第12门,別教位次門,卷6,三精進心,陀陀,陀,定善,陀,定善,行,八迴向心,第12门,升,,「陀陀」二字俱表定善。勤修止观，如次升进，故入八回向心。,手工逐组（门1–14 手写）,承注,,阿阿以下。如次升進。,《選佛譜》卷第六・初信心・L17,初信心
3128,第12门,別教位次門,卷6,三精進心,陀佛,陀,定善,佛,无漏善慧,行,圓十信位,第13门,升,,「陀」表定善、「佛」表无漏善慧。依门首准知，开粗成妙，故入圆十信位。,手工逐组（门1–14 手写）,承注,,陀佛圓十信者。開麤成妙故。,《選佛譜》卷第六・初信心・L17,初信心
3129,第12门,別教位次門,卷6,三精進心,佛佛,佛,无漏善慧,佛,无漏善慧,行,上品上生,第14门,横超,,「佛佛」二字俱表无漏善慧。依门首准知，既信大乘又承佛力，必速悟无生法忍，得上品上生。,手工逐组（门1–14 手写）,承注,,佛佛上品上生者。既信大乘。又承佛力。必速悟無生法忍故。,《選佛譜》卷第六・初信心・L17,初信心
3130,第12门,別教位次門,卷6,四慧心,那那,那,见烦恼,那,见烦恼,行,初信心,第12门,降,,「那那」二字俱表见烦恼。依门首准知，烦恼障重，故退入初信心。,手工逐组（门1–14 手写）,承注,,那那等三。煩惱障重。須修助道。故借用三藏五停心也。,《選佛譜》卷第六・初信心・L17,初信心
3131,第12门,別教位次門,卷6,四慧心,那謨,那,见烦恼,謨,爱烦恼,行,二念心,第12门,降,,「那」表见烦恼、「謨」表爱烦恼。依门首准知，烦恼障重，故退入二念心。,手工逐组（门1–14 手写）,承注,,那那等三。煩惱障重。須修助道。故借用三藏五停心也。,《選佛譜》卷第六・初信心・L17,初信心
3132,第12门,別教位次門,卷6,四慧心,那阿,那,见烦恼,阿,施善,不行·安住本位,,,安住,,「那」表见烦恼、「阿」表施善。相为对治，二俱无力，故不行。,手工逐组（门1–14 手写）,通則,,其餘位中。以阿彌陀善。與那謨惡相為對治。二俱無力。所以並不行也。,《選佛譜》卷第一・見取・L57,見取
3133,第12门,別教位次門,卷6,四慧心,那彌,那,见烦恼,彌,戒善,不行·安住本位,,,安住,,「那」表见烦恼、「彌」表戒善。相为对治，二俱无力，故不行。,手工逐组（门1–14 手写）,通則,,其餘位中。以阿彌陀善。與那謨惡相為對治。二俱無力。所以並不行也。,《選佛譜》卷第一・見取・L57,見取
3134,第12门,別教位次門,卷6,四慧心,那陀,那,见烦恼,陀,定善,不行·安住本位,,,安住,,「那」表见烦恼、「陀」表定善。相为对治，二俱无力，故不行。,手工逐组（门1–14 手写）,通則,,其餘位中。以阿彌陀善。與那謨惡相為對治。二俱無力。所以並不行也。,《選佛譜》卷第一・見取・L57,見取
3135,第12门,別教位次門,卷6,四慧心,那佛,那,见烦恼,佛,无漏善慧,行,八迴向心,第12门,升,,「那」表见烦恼、「佛」表无漏善慧。以止观次第破惑，如次升进，故入八回向心。,手工逐组（门1–14 手写）,承注,,阿阿以下。如次升進。,《選佛譜》卷第六・初信心・L17,初信心
3136,第12门,別教位次門,卷6,四慧心,謨謨,謨,爱烦恼,謨,爱烦恼,行,三精進心,第12门,降,,「謨謨」二字俱表爱烦恼。依门首准知，烦恼障重，故退入三精进心。,手工逐组（门1–14 手写）,承注,,那那等三。煩惱障重。須修助道。故借用三藏五停心也。,《選佛譜》卷第六・初信心・L17,初信心
3137,第12门,別教位次門,卷6,四慧心,謨阿,謨,爱烦恼,阿,施善,不行·安住本位,,,安住,,「謨」表爱烦恼、「阿」表施善。相为对治，二俱无力，故不行。,手工逐组（门1–14 手写）,通則,,其餘位中。以阿彌陀善。與那謨惡相為對治。二俱無力。所以並不行也。,《選佛譜》卷第一・見取・L57,見取
3138,第12门,別教位次門,卷6,四慧心,謨彌,謨,爱烦恼,彌,戒善,不行·安住本位,,,安住,,「謨」表爱烦恼、「彌」表戒善。相为对治，二俱无力，故不行。,手工逐组（门1–14 手写）,通則,,其餘位中。以阿彌陀善。與那謨惡相為對治。二俱無力。所以並不行也。,《選佛譜》卷第一・見取・L57,見取
3139,第12门,別教位次門,卷6,四慧心,謨陀,謨,爱烦恼,陀,定善,不行·安住本位,,,安住,,「謨」表爱烦恼、「陀」表定善。相为对治，二俱无力，故不行。,手工逐组（门1–14 手写）,通則,,其餘位中。以阿彌陀善。與那謨惡相為對治。二俱無力。所以並不行也。,《選佛譜》卷第一・見取・L57,見取
3140,第12门,別教位次門,卷6,四慧心,謨佛,謨,爱烦恼,佛,无漏善慧,行,九戒心,第12门,升,,「謨」表爱烦恼、「佛」表无漏善慧。以止观次第破惑，如次升进，故入九戒心。,手工逐组（门1–14 手写）,承注,,阿阿以下。如次升進。,《選佛譜》卷第六・初信心・L17,初信心
3141,第12门,別教位次門,卷6,四慧心,阿阿,阿,施善,阿,施善,行,五定心,第12门,升,,「阿阿」二字俱表施善。以止观次第破惑，如次升进，故入五定心。,手工逐组（门1–14 手写）,承注,,阿阿以下。如次升進。,《選佛譜》卷第六・初信心・L17,初信心
3142,第12门,別教位次門,卷6,四慧心,阿彌,阿,施善,彌,戒善,行,六不退心,第12门,升,,「阿」表施善、「彌」表戒善。以止观次第破惑，如次升进，故入六不退心。,手工逐组（门1–14 手写）,承注,,阿阿以下。如次升進。,《選佛譜》卷第六・初信心・L17,初信心
3143,第12门,別教位次門,卷6,四慧心,阿陀,阿,施善,陀,定善,行,七護法心,第12门,升,,「阿」表施善、「陀」表定善。以止观次第破惑，如次升进，故入七护法心。,手工逐组（门1–14 手写）,承注,,阿阿以下。如次升進。,《選佛譜》卷第六・初信心・L17,初信心
3144,第12门,別教位次門,卷6,四慧心,阿佛,阿,施善,佛,无漏善慧,行,四生貴住,第12门,升,,「阿」表施善、「佛」表无漏善慧。依门首准知，亦有渐超义，故登四生贵住。,手工逐组（门1–14 手写）,承注,,阿佛登初住者。於本教中。雖無頓超之義。亦有漸超義故。,《選佛譜》卷第六・初信心・L17,初信心
3145,第12门,別教位次門,卷6,四慧心,彌彌,彌,戒善,彌,戒善,行,七護法心,第12门,升,,「彌彌」二字俱表戒善。以止观次第破惑，如次升进，故入七护法心。,手工逐组（门1–14 手写）,承注,,阿阿以下。如次升進。,《選佛譜》卷第六・初信心・L17,初信心
3146,第12门,別教位次門,卷6,四慧心,彌陀,彌,戒善,陀,定善,行,八迴向心,第12门,升,,「彌」表戒善、「陀」表定善。以止观次第破惑，如次升进，故入八回向心。,手工逐组（门1–14 手写）,承注,,阿阿以下。如次升進。,《選佛譜》卷第六・初信心・L17,初信心
3147,第12门,別教位次門,卷6,四慧心,彌佛,彌,戒善,佛,无漏善慧,行,圓五品位,第13门,升,,「彌」表戒善、「佛」表无漏善慧。依门首准知，按位转入圆教，故入圆五品位。,手工逐组（门1–14 手写）,承注,,彌佛圓五品者。按位轉入故。,《選佛譜》卷第六・初信心・L17,初信心
3148,第12门,別教位次門,卷6,四慧心,陀陀,陀,定善,陀,定善,行,九戒心,第12门,升,,「陀陀」二字俱表定善。以止观次第破惑，如次升进，故入九戒心。,手工逐组（门1–14 手写）,承注,,阿阿以下。如次升進。,《選佛譜》卷第六・初信心・L17,初信心
3149,第12门,別教位次門,卷6,四慧心,陀佛,陀,定善,佛,无漏善慧,行,圓十信位,第13门,升,,「陀」表定善、「佛」表无漏善慧。依门首准知，开粗成妙，故入圆十信位。,手工逐组（门1–14 手写）,承注,,陀佛圓十信者。開麤成妙故。,《選佛譜》卷第六・初信心・L17,初信心
3150,第12门,別教位次門,卷6,四慧心,佛佛,佛,无漏善慧,佛,无漏善慧,行,上品上生,第14门,横超,,「佛佛」二字俱表无漏善慧。依门首准知，既信大乘又承佛力，必速悟无生法忍，得上品上生。,手工逐组（门1–14 手写）,承注,,佛佛上品上生者。既信大乘。又承佛力。必速悟無生法忍故。,《選佛譜》卷第六・初信心・L17,初信心
3151,第12门,別教位次門,卷6,五定心,那那,那,见烦恼,那,见烦恼,行,二念心,第12门,降,,「那那」二字俱表见烦恼。依门首准知，烦恼障重，故退入二念心。,手工逐组（门1–14 手写）,承注,,那那等三。煩惱障重。須修助道。故借用三藏五停心也。,《選佛譜》卷第六・初信心・L17,初信心
3152,第12门,別教位次門,卷6,五定心,那謨,那,见烦恼,謨,爱烦恼,行,三精進心,第12门,降,,「那」表见烦恼、「謨」表爱烦恼。依门首准知，烦恼障重，故退入三精进心。,手工逐组（门1–14 手写）,承注,,那那等三。煩惱障重。須修助道。故借用三藏五停心也。,《選佛譜》卷第六・初信心・L17,初信心
3153,第12门,別教位次門,卷6,五定心,那阿,那,见烦恼,阿,施善,不行·安住本位,,,安住,,「那」表见烦恼、「阿」表施善。相为对治，二俱无力，故不行。,手工逐组（门1–14 手写）,通則,,其餘位中。以阿彌陀善。與那謨惡相為對治。二俱無力。所以並不行也。,《選佛譜》卷第一・見取・L57,見取
3154,第12门,別教位次門,卷6,五定心,那彌,那,见烦恼,彌,戒善,不行·安住本位,,,安住,,「那」表见烦恼、「彌」表戒善。相为对治，二俱无力，故不行。,手工逐组（门1–14 手写）,通則,,其餘位中。以阿彌陀善。與那謨惡相為對治。二俱無力。所以並不行也。,《選佛譜》卷第一・見取・L57,見取
3155,第12门,別教位次門,卷6,五定心,那陀,那,见烦恼,陀,定善,不行·安住本位,,,安住,,「那」表见烦恼、「陀」表定善。相为对治，二俱无力，故不行。,手工逐组（门1–14 手写）,通則,,其餘位中。以阿彌陀善。與那謨惡相為對治。二俱無力。所以並不行也。,《選佛譜》卷第一・見取・L57,見取
3156,第12门,別教位次門,卷6,五定心,那佛,那,见烦恼,佛,无漏善慧,行,九戒心,第12门,升,,「那」表见烦恼、「佛」表无漏善慧。去膜护珠，如次升进，故入九戒心。,手工逐组（门1–14 手写）,承注,,阿阿以下。如次升進。,《選佛譜》卷第六・初信心・L17,初信心
3157,第12门,別教位次門,卷6,五定心,謨謨,謨,爱烦恼,謨,爱烦恼,行,四慧心,第12门,降,,「謨謨」二字俱表爱烦恼。依门首准知，烦恼障重，故退入四慧心。,手工逐组（门1–14 手写）,承注,,那那等三。煩惱障重。須修助道。故借用三藏五停心也。,《選佛譜》卷第六・初信心・L17,初信心
3158,第12门,別教位次門,卷6,五定心,謨阿,謨,爱烦恼,阿,施善,不行·安住本位,,,安住,,「謨」表爱烦恼、「阿」表施善。相为对治，二俱无力，故不行。,手工逐组（门1–14 手写）,通則,,其餘位中。以阿彌陀善。與那謨惡相為對治。二俱無力。所以並不行也。,《選佛譜》卷第一・見取・L57,見取
3159,第12门,別教位次門,卷6,五定心,謨彌,謨,爱烦恼,彌,戒善,不行·安住本位,,,安住,,「謨」表爱烦恼、「彌」表戒善。相为对治，二俱无力，故不行。,手工逐组（门1–14 手写）,通則,,其餘位中。以阿彌陀善。與那謨惡相為對治。二俱無力。所以並不行也。,《選佛譜》卷第一・見取・L57,見取
3160,第12门,別教位次門,卷6,五定心,謨陀,謨,爱烦恼,陀,定善,不行·安住本位,,,安住,,「謨」表爱烦恼、「陀」表定善。相为对治，二俱无力，故不行。,手工逐组（门1–14 手写）,通則,,其餘位中。以阿彌陀善。與那謨惡相為對治。二俱無力。所以並不行也。,《選佛譜》卷第一・見取・L57,見取
3161,第12门,別教位次門,卷6,五定心,謨佛,謨,爱烦恼,佛,无漏善慧,行,十願心,第12门,升,,「謨」表爱烦恼、「佛」表无漏善慧。去膜护珠，如次升进，故入十愿心。,手工逐组（门1–14 手写）,承注,,阿阿以下。如次升進。,《選佛譜》卷第六・初信心・L17,初信心
3162,第12门,別教位次門,卷6,五定心,阿阿,阿,施善,阿,施善,行,六不退心,第12门,升,,「阿阿」二字俱表施善。去膜护珠，但除其病而不除法，故入六不退心。,手工逐组（门1–14 手写）,承注,,阿阿以下。如次升進。,《選佛譜》卷第六・初信心・L17,初信心
3163,第12门,別教位次門,卷6,五定心,阿彌,阿,施善,彌,戒善,行,七護法心,第12门,升,,「阿」表施善、「彌」表戒善。去膜护珠，但除其病而不除法，故入七护法心。,手工逐组（门1–14 手写）,承注,,阿阿以下。如次升進。,《選佛譜》卷第六・初信心・L17,初信心
3164,第12门,別教位次門,卷6,五定心,阿陀,阿,施善,陀,定善,行,八迴向心,第12门,升,,「阿」表施善、「陀」表定善。去膜护珠，如次升进，故入八回向心。,手工逐组（门1–14 手写）,承注,,阿阿以下。如次升進。,《選佛譜》卷第六・初信心・L17,初信心
3165,第12门,別教位次門,卷6,五定心,阿佛,阿,施善,佛,无漏善慧,行,五方便具足住,第12门,升,,「阿」表施善、「佛」表无漏善慧。依门首准知，亦有渐超义，故登五方便具足住。,手工逐组（门1–14 手写）,承注,,阿佛登初住者。於本教中。雖無頓超之義。亦有漸超義故。,《選佛譜》卷第六・初信心・L17,初信心
3166,第12门,別教位次門,卷6,五定心,彌彌,彌,戒善,彌,戒善,行,八迴向心,第12门,升,,「彌彌」二字俱表戒善。去膜护珠，如次升进，故入八回向心。,手工逐组（门1–14 手写）,承注,,阿阿以下。如次升進。,《選佛譜》卷第六・初信心・L17,初信心
3167,第12门,別教位次門,卷6,五定心,彌陀,彌,戒善,陀,定善,行,九戒心,第12门,升,,「彌」表戒善、「陀」表定善。去膜护珠，如次升进，故入九戒心。,手工逐组（门1–14 手写）,承注,,阿阿以下。如次升進。,《選佛譜》卷第六・初信心・L17,初信心
3168,第12门,別教位次門,卷6,五定心,彌佛,彌,戒善,佛,无漏善慧,行,圓五品位,第13门,升,,「彌」表戒善、「佛」表无漏善慧。依门首准知，按位转入圆教，故入圆五品位。,手工逐组（门1–14 手写）,承注,,彌佛圓五品者。按位轉入故。,《選佛譜》卷第六・初信心・L17,初信心
3169,第12门,別教位次門,卷6,五定心,陀陀,陀,定善,陀,定善,行,十願心,第12门,升,,「陀陀」二字俱表定善。去膜护珠，如次升进，故入十愿心。,手工逐组（门1–14 手写）,承注,,阿阿以下。如次升進。,《選佛譜》卷第六・初信心・L17,初信心
3170,第12门,別教位次門,卷6,五定心,陀佛,陀,定善,佛,无漏善慧,行,圓十信位,第13门,升,,「陀」表定善、「佛」表无漏善慧。依门首准知，开粗成妙，故入圆十信位。,手工逐组（门1–14 手写）,承注,,陀佛圓十信者。開麤成妙故。,《選佛譜》卷第六・初信心・L17,初信心
3171,第12门,別教位次門,卷6,五定心,佛佛,佛,无漏善慧,佛,无漏善慧,行,上品上生,第14门,横超,,「佛佛」二字俱表无漏善慧。依门首准知，既信大乘又承佛力，必速悟无生法忍，得上品上生。,手工逐组（门1–14 手写）,承注,,佛佛上品上生者。既信大乘。又承佛力。必速悟無生法忍故。,《選佛譜》卷第六・初信心・L17,初信心
3172,第12门,別教位次門,卷6,六不退心,那那,那,见烦恼,那,见烦恼,行,四慧心,第12门,降,,「那那」二字俱表见烦恼。纯见犹未能永伏，故退入四慧心。,手工逐组（门1–14 手写）,直說,而那那純見。謨謨純愛。猶未能永伏也。,而那那純見。謨謨純愛。猶未能永伏也。,《選佛譜》卷第六・六不退心・L37,六不退心
3173,第12门,別教位次門,卷6,六不退心,那謨,那,见烦恼,謨,爱烦恼,不行·安住本位,,,安住,,「那」表见烦恼、「謨」表爱烦恼。此位已能伏烦恼，那谟相杂可不行。,手工逐组（门1–14 手写）,直說,故那謨相雜。雖可不行。,然猶未證三種不退。但較前五心稍堅固耳。故那謨相雜。雖可不行。,《選佛譜》卷第六・六不退心・L37,六不退心
3174,第12门,別教位次門,卷6,六不退心,那阿,那,见烦恼,阿,施善,不行·安住本位,,,安住,,「那」表见烦恼、「阿」表施善。相为对治，二俱无力，故不行。,手工逐组（门1–14 手写）,通則,雖可不行。,其餘位中。以阿彌陀善。與那謨惡相為對治。二俱無力。所以並不行也。,《選佛譜》卷第一・見取・L57,見取
3175,第12门,別教位次門,卷6,六不退心,那彌,那,见烦恼,彌,戒善,不行·安住本位,,,安住,,「那」表见烦恼、「彌」表戒善。相为对治，二俱无力，故不行。,手工逐组（门1–14 手写）,通則,雖可不行。,其餘位中。以阿彌陀善。與那謨惡相為對治。二俱無力。所以並不行也。,《選佛譜》卷第一・見取・L57,見取
3176,第12门,別教位次門,卷6,六不退心,那陀,那,见烦恼,陀,定善,不行·安住本位,,,安住,,「那」表见烦恼、「陀」表定善。相为对治，二俱无力，故不行。,手工逐组（门1–14 手写）,通則,雖可不行。,其餘位中。以阿彌陀善。與那謨惡相為對治。二俱無力。所以並不行也。,《選佛譜》卷第一・見取・L57,見取
3177,第12门,別教位次門,卷6,六不退心,那佛,那,见烦恼,佛,无漏善慧,行,十願心,第12门,升,,「那」表见烦恼、「佛」表无漏善慧。能伏烦恼，如次升进，故入十愿心。,手工逐组（门1–14 手写）,承注,,阿阿以下。如次升進。,《選佛譜》卷第六・初信心・L17,初信心
3178,第12门,別教位次門,卷6,六不退心,謨謨,謨,爱烦恼,謨,爱烦恼,行,五定心,第12门,降,,「謨謨」二字俱表爱烦恼。纯爱犹未能永伏，故退入五定心。,手工逐组（门1–14 手写）,直說,而那那純見。謨謨純愛。猶未能永伏也。,而那那純見。謨謨純愛。猶未能永伏也。,《選佛譜》卷第六・六不退心・L37,六不退心
3179,第12门,別教位次門,卷6,六不退心,謨阿,謨,爱烦恼,阿,施善,不行·安住本位,,,安住,,「謨」表爱烦恼、「阿」表施善。相为对治，二俱无力，故不行。,手工逐组（门1–14 手写）,通則,雖可不行。,其餘位中。以阿彌陀善。與那謨惡相為對治。二俱無力。所以並不行也。,《選佛譜》卷第一・見取・L57,見取
3180,第12门,別教位次門,卷6,六不退心,謨彌,謨,爱烦恼,彌,戒善,不行·安住本位,,,安住,,「謨」表爱烦恼、「彌」表戒善。相为对治，二俱无力，故不行。,手工逐组（门1–14 手写）,通則,雖可不行。,其餘位中。以阿彌陀善。與那謨惡相為對治。二俱無力。所以並不行也。,《選佛譜》卷第一・見取・L57,見取
3181,第12门,別教位次門,卷6,六不退心,謨陀,謨,爱烦恼,陀,定善,不行·安住本位,,,安住,,「謨」表爱烦恼、「陀」表定善。相为对治，二俱无力，故不行。,手工逐组（门1–14 手写）,通則,雖可不行。,其餘位中。以阿彌陀善。與那謨惡相為對治。二俱無力。所以並不行也。,《選佛譜》卷第一・見取・L57,見取
3182,第12门,別教位次門,卷6,六不退心,謨佛,謨,爱烦恼,佛,无漏善慧,行,初發心住,第12门,升,,「謨」表爱烦恼、「佛」表无漏善慧。能伏烦恼，如次升进，故登初发心住。,手工逐组（门1–14 手写）,承注,,阿阿以下。如次升進。,《選佛譜》卷第六・初信心・L17,初信心
3183,第12门,別教位次門,卷6,六不退心,阿阿,阿,施善,阿,施善,行,七護法心,第12门,升,,「阿阿」二字俱表施善。修行三十七品令其调适，如次升进，入七护法心。,手工逐组（门1–14 手写）,承注,,阿阿以下。如次升進。,《選佛譜》卷第六・初信心・L17,初信心
3184,第12门,別教位次門,卷6,六不退心,阿彌,阿,施善,彌,戒善,行,八迴向心,第12门,升,,「阿」表施善、「彌」表戒善。修行三十七品令其调适，如次升进，入八回向心。,手工逐组（门1–14 手写）,承注,,阿阿以下。如次升進。,《選佛譜》卷第六・初信心・L17,初信心
3185,第12门,別教位次門,卷6,六不退心,阿陀,阿,施善,陀,定善,行,九戒心,第12门,升,,「阿」表施善、「陀」表定善。修行三十七品，能伏烦恼，故入九戒心。,手工逐组（门1–14 手写）,承注,,阿阿以下。如次升進。,《選佛譜》卷第六・初信心・L17,初信心
3186,第12门,別教位次門,卷6,六不退心,阿佛,阿,施善,佛,无漏善慧,行,六正心住,第12门,升,,「阿」表施善、「佛」表无漏善慧。依门首准知，亦有渐超义，故登六正心住。,手工逐组（门1–14 手写）,承注,,阿佛登初住者。於本教中。雖無頓超之義。亦有漸超義故。,《選佛譜》卷第六・初信心・L17,初信心
3187,第12门,別教位次門,卷6,六不退心,彌彌,彌,戒善,彌,戒善,行,九戒心,第12门,升,,「彌彌」二字俱表戒善。修行三十七品，能伏烦恼，故入九戒心。,手工逐组（门1–14 手写）,承注,,阿阿以下。如次升進。,《選佛譜》卷第六・初信心・L17,初信心
3188,第12门,別教位次門,卷6,六不退心,彌陀,彌,戒善,陀,定善,行,十願心,第12门,升,,「彌」表戒善、「陀」表定善。修行三十七品，能伏烦恼，故入十愿心。,手工逐组（门1–14 手写）,承注,,阿阿以下。如次升進。,《選佛譜》卷第六・初信心・L17,初信心
3189,第12门,別教位次門,卷6,六不退心,彌佛,彌,戒善,佛,无漏善慧,行,圓五品位,第13门,升,,「彌」表戒善、「佛」表无漏善慧。依门首准知，按位转入圆教，故入圆五品位。,手工逐组（门1–14 手写）,承注,,彌佛圓五品者。按位轉入故。,《選佛譜》卷第六・初信心・L17,初信心
3190,第12门,別教位次門,卷6,六不退心,陀陀,陀,定善,陀,定善,行,初發心住,第12门,升,,「陀陀」二字俱表定善。较前五心稍坚固，如次升进，故登初发心住。,手工逐组（门1–14 手写）,承注,,阿阿以下。如次升進。,《選佛譜》卷第六・初信心・L17,初信心
3191,第12门,別教位次門,卷6,六不退心,陀佛,陀,定善,佛,无漏善慧,行,圓十信位,第13门,升,,「陀」表定善、「佛」表无漏善慧。依门首准知，开粗成妙，故入圆十信位。,手工逐组（门1–14 手写）,承注,,陀佛圓十信者。開麤成妙故。,《選佛譜》卷第六・初信心・L17,初信心
3192,第12门,別教位次門,卷6,六不退心,佛佛,佛,无漏善慧,佛,无漏善慧,行,上品上生,第14门,横超,,「佛佛」二字俱表无漏善慧。依门首准知，既信大乘又承佛力，必速悟无生法忍，得上品上生。,手工逐组（门1–14 手写）,承注,,佛佛上品上生者。既信大乘。又承佛力。必速悟無生法忍故。,《選佛譜》卷第六・初信心・L17,初信心
3193,第12门,別教位次門,卷6,七護法心,那那,那,见烦恼,那,见烦恼,行,五定心,第12门,降,,「那那」二字俱表见烦恼。纯见犹未能永伏，故退入五定心。,手工逐组（门1–14 手写）,承注,,那那等三。煩惱障重。須修助道。故借用三藏五停心也。,《選佛譜》卷第六・初信心・L17,初信心
3194,第12门,別教位次門,卷6,七護法心,那謨,那,见烦恼,謨,爱烦恼,不行·安住本位,,,安住,,「那」表见烦恼、「謨」表爱烦恼。那谟相杂，二惑相治虽可不行。,手工逐组（门1–14 手写）,承注,,然猶未證三種不退。但較前五心稍堅固耳。故那謨相雜。雖可不行。,《選佛譜》卷第六・六不退心・L37,六不退心
3195,第12门,別教位次門,卷6,七護法心,那阿,那,见烦恼,阿,施善,不行·安住本位,,,安住,,「那」表见烦恼、「阿」表施善。相为对治，二俱无力，故不行。,手工逐组（门1–14 手写）,通則,,其餘位中。以阿彌陀善。與那謨惡相為對治。二俱無力。所以並不行也。,《選佛譜》卷第一・見取・L57,見取
3196,第12门,別教位次門,卷6,七護法心,那彌,那,见烦恼,彌,戒善,不行·安住本位,,,安住,,「那」表见烦恼、「彌」表戒善。相为对治，二俱无力，故不行。,手工逐组（门1–14 手写）,通則,,其餘位中。以阿彌陀善。與那謨惡相為對治。二俱無力。所以並不行也。,《選佛譜》卷第一・見取・L57,見取
3197,第12门,別教位次門,卷6,七護法心,那陀,那,见烦恼,陀,定善,不行·安住本位,,,安住,,「那」表见烦恼、「陀」表定善。相为对治，二俱无力，故不行。,手工逐组（门1–14 手写）,通則,,其餘位中。以阿彌陀善。與那謨惡相為對治。二俱無力。所以並不行也。,《選佛譜》卷第一・見取・L57,見取
3198,第12门,別教位次門,卷6,七護法心,那佛,那,见烦恼,佛,无漏善慧,行,初發心住,第12门,升,,「那」表见烦恼、「佛」表无漏善慧。令观慧法保持不失，如次升进，登初发心住。,手工逐组（门1–14 手写）,承注,,阿阿以下。如次升進。,《選佛譜》卷第六・初信心・L17,初信心
3199,第12门,別教位次門,卷6,七護法心,謨謨,謨,爱烦恼,謨,爱烦恼,行,六不退心,第12门,降,,「謨謨」二字俱表爱烦恼。纯爱犹未能永伏，故退入六不退心。,手工逐组（门1–14 手写）,承注,,那那等三。煩惱障重。須修助道。故借用三藏五停心也。,《選佛譜》卷第六・初信心・L17,初信心
3200,第12门,別教位次門,卷6,七護法心,謨阿,謨,爱烦恼,阿,施善,不行·安住本位,,,安住,,「謨」表爱烦恼、「阿」表施善。相为对治，二俱无力，故不行。,手工逐组（门1–14 手写）,通則,,其餘位中。以阿彌陀善。與那謨惡相為對治。二俱無力。所以並不行也。,《選佛譜》卷第一・見取・L57,見取
3201,第12门,別教位次門,卷6,七護法心,謨彌,謨,爱烦恼,彌,戒善,不行·安住本位,,,安住,,「謨」表爱烦恼、「彌」表戒善。相为对治，二俱无力，故不行。,手工逐组（门1–14 手写）,通則,,其餘位中。以阿彌陀善。與那謨惡相為對治。二俱無力。所以並不行也。,《選佛譜》卷第一・見取・L57,見取
3202,第12门,別教位次門,卷6,七護法心,謨陀,謨,爱烦恼,陀,定善,不行·安住本位,,,安住,,「謨」表爱烦恼、「陀」表定善。相为对治，二俱无力，故不行。,手工逐组（门1–14 手写）,通則,,其餘位中。以阿彌陀善。與那謨惡相為對治。二俱無力。所以並不行也。,《選佛譜》卷第一・見取・L57,見取
3203,第12门,別教位次門,卷6,七護法心,謨佛,謨,爱烦恼,佛,无漏善慧,行,二治地住,第12门,升,,「謨」表爱烦恼、「佛」表无漏善慧。令观慧法保持不失，如次升进，登二治地住。,手工逐组（门1–14 手写）,承注,,阿阿以下。如次升進。,《選佛譜》卷第六・初信心・L17,初信心
3204,第12门,別教位次門,卷6,七護法心,阿阿,阿,施善,阿,施善,行,八迴向心,第12门,升,,「阿阿」二字俱表施善。善修助道，以事扶理，如次升进，入八回向心。,手工逐组（门1–14 手写）,承注,,阿阿以下。如次升進。,《選佛譜》卷第六・初信心・L17,初信心
3205,第12门,別教位次門,卷6,七護法心,阿彌,阿,施善,彌,戒善,行,九戒心,第12门,升,,「阿」表施善、「彌」表戒善。善修助道，以事扶理，如次升进，故入九戒心。,手工逐组（门1–14 手写）,承注,,阿阿以下。如次升進。,《選佛譜》卷第六・初信心・L17,初信心
3206,第12门,別教位次門,卷6,七護法心,阿陀,阿,施善,陀,定善,行,十願心,第12门,升,,「阿」表施善、「陀」表定善。以事扶理，保持不失，故入十愿心。,手工逐组（门1–14 手写）,承注,,阿阿以下。如次升進。,《選佛譜》卷第六・初信心・L17,初信心
3207,第12门,別教位次門,卷6,七護法心,阿佛,阿,施善,佛,无漏善慧,行,七不退住,第12门,升,,「阿」表施善、「佛」表无漏善慧。依门首准知，亦有渐超义，故登七不退住。,手工逐组（门1–14 手写）,承注,,阿佛登初住者。於本教中。雖無頓超之義。亦有漸超義故。,《選佛譜》卷第六・初信心・L17,初信心
3208,第12门,別教位次門,卷6,七護法心,彌彌,彌,戒善,彌,戒善,行,十願心,第12门,升,,「彌彌」二字俱表戒善。以事扶理，保持不失，故入十愿心。,手工逐组（门1–14 手写）,承注,,阿阿以下。如次升進。,《選佛譜》卷第六・初信心・L17,初信心
3209,第12门,別教位次門,卷6,七護法心,彌陀,彌,戒善,陀,定善,行,初發心住,第12门,升,,「彌」表戒善、「陀」表定善。以事扶理，保持不失，故登初发心住。,手工逐组（门1–14 手写）,承注,,阿阿以下。如次升進。,《選佛譜》卷第六・初信心・L17,初信心
3210,第12门,別教位次門,卷6,七護法心,彌佛,彌,戒善,佛,无漏善慧,行,圓五品位,第13门,升,,「彌」表戒善、「佛」表无漏善慧。依门首准知，按位转入圆教，故入圆五品位。,手工逐组（门1–14 手写）,承注,,彌佛圓五品者。按位轉入故。,《選佛譜》卷第六・初信心・L17,初信心
3211,第12门,別教位次門,卷6,七護法心,陀陀,陀,定善,陀,定善,行,二治地住,第12门,升,,「陀陀」二字俱表定善。以事扶理，保持不失，故登二治地住。,手工逐组（门1–14 手写）,承注,,阿阿以下。如次升進。,《選佛譜》卷第六・初信心・L17,初信心
3212,第12门,別教位次門,卷6,七護法心,陀佛,陀,定善,佛,无漏善慧,行,圓十信位,第13门,升,,「陀」表定善、「佛」表无漏善慧。依门首准知，开粗成妙，故入圆十信位。,手工逐组（门1–14 手写）,承注,,陀佛圓十信者。開麤成妙故。,《選佛譜》卷第六・初信心・L17,初信心
3213,第12门,別教位次門,卷6,七護法心,佛佛,佛,无漏善慧,佛,无漏善慧,行,上品上生,第14门,横超,,「佛佛」二字俱表无漏善慧。依门首准知，既信大乘又承佛力，必速悟无生法忍，得上品上生。,手工逐组（门1–14 手写）,承注,,佛佛上品上生者。既信大乘。又承佛力。必速悟無生法忍故。,《選佛譜》卷第六・初信心・L17,初信心
3214,第12门,別教位次門,卷6,八迴向心,那那,那,见烦恼,那,见烦恼,行,六不退心,第12门,降,,「那那」二字俱表见烦恼。纯见犹未能永伏，故退入六不退心。,手工逐组（门1–14 手写）,承注,,那那等三。煩惱障重。須修助道。故借用三藏五停心也。,《選佛譜》卷第六・初信心・L17,初信心
3215,第12门,別教位次門,卷6,八迴向心,那謨,那,见烦恼,謨,爱烦恼,不行·安住本位,,,安住,,「那」表见烦恼、「謨」表爱烦恼。那谟相杂，二惑相治虽可不行。,手工逐组（门1–14 手写）,承注,,然猶未證三種不退。但較前五心稍堅固耳。故那謨相雜。雖可不行。,《選佛譜》卷第六・六不退心・L37,六不退心
3216,第12门,別教位次門,卷6,八迴向心,那阿,那,见烦恼,阿,施善,不行·安住本位,,,安住,,「那」表见烦恼、「阿」表施善。相为对治，二俱无力，故不行。,手工逐组（门1–14 手写）,通則,,其餘位中。以阿彌陀善。與那謨惡相為對治。二俱無力。所以並不行也。,《選佛譜》卷第一・見取・L57,見取
3217,第12门,別教位次門,卷6,八迴向心,那彌,那,见烦恼,彌,戒善,不行·安住本位,,,安住,,「那」表见烦恼、「彌」表戒善。相为对治，二俱无力，故不行。,手工逐组（门1–14 手写）,通則,,其餘位中。以阿彌陀善。與那謨惡相為對治。二俱無力。所以並不行也。,《選佛譜》卷第一・見取・L57,見取
3218,第12门,別教位次門,卷6,八迴向心,那陀,那,见烦恼,陀,定善,不行·安住本位,,,安住,,「那」表见烦恼、「陀」表定善。相为对治，二俱无力，故不行。,手工逐组（门1–14 手写）,通則,,其餘位中。以阿彌陀善。與那謨惡相為對治。二俱無力。所以並不行也。,《選佛譜》卷第一・見取・L57,見取
3219,第12门,別教位次門,卷6,八迴向心,那佛,那,见烦恼,佛,无漏善慧,行,二治地住,第12门,升,,「那」表见烦恼、「佛」表无漏善慧。善能回因向果，如次升进，故登二治地住。,手工逐组（门1–14 手写）,承注,,阿阿以下。如次升進。,《選佛譜》卷第六・初信心・L17,初信心
3220,第12门,別教位次門,卷6,八迴向心,謨謨,謨,爱烦恼,謨,爱烦恼,行,七護法心,第12门,降,,「謨謨」二字俱表爱烦恼。纯爱犹未能永伏，故退入七护法心。,手工逐组（门1–14 手写）,承注,,那那等三。煩惱障重。須修助道。故借用三藏五停心也。,《選佛譜》卷第六・初信心・L17,初信心
3221,第12门,別教位次門,卷6,八迴向心,謨阿,謨,爱烦恼,阿,施善,不行·安住本位,,,安住,,「謨」表爱烦恼、「阿」表施善。相为对治，二俱无力，故不行。,手工逐组（门1–14 手写）,通則,,其餘位中。以阿彌陀善。與那謨惡相為對治。二俱無力。所以並不行也。,《選佛譜》卷第一・見取・L57,見取
3222,第12门,別教位次門,卷6,八迴向心,謨彌,謨,爱烦恼,彌,戒善,不行·安住本位,,,安住,,「謨」表爱烦恼、「彌」表戒善。相为对治，二俱无力，故不行。,手工逐组（门1–14 手写）,通則,,其餘位中。以阿彌陀善。與那謨惡相為對治。二俱無力。所以並不行也。,《選佛譜》卷第一・見取・L57,見取
3223,第12门,別教位次門,卷6,八迴向心,謨陀,謨,爱烦恼,陀,定善,不行·安住本位,,,安住,,「謨」表爱烦恼、「陀」表定善。相为对治，二俱无力，故不行。,手工逐组（门1–14 手写）,通則,,其餘位中。以阿彌陀善。與那謨惡相為對治。二俱無力。所以並不行也。,《選佛譜》卷第一・見取・L57,見取
3224,第12门,別教位次門,卷6,八迴向心,謨佛,謨,爱烦恼,佛,无漏善慧,行,三修行住,第12门,升,,「謨」表爱烦恼、「佛」表无漏善慧。善能回因向果，如次升进，故登三修行住。,手工逐组（门1–14 手写）,承注,,阿阿以下。如次升進。,《選佛譜》卷第六・初信心・L17,初信心
3225,第12门,別教位次門,卷6,八迴向心,阿阿,阿,施善,阿,施善,行,九戒心,第12门,升,,「阿阿」二字俱表施善。不生增上慢心，明识次位，故入九戒心。,手工逐组（门1–14 手写）,承注,,阿阿以下。如次升進。,《選佛譜》卷第六・初信心・L17,初信心
3226,第12门,別教位次門,卷6,八迴向心,阿彌,阿,施善,彌,戒善,行,十願心,第12门,升,,「阿」表施善、「彌」表戒善。不生增上慢心，明识次位，故入十愿心。,手工逐组（门1–14 手写）,承注,,阿阿以下。如次升進。,《選佛譜》卷第六・初信心・L17,初信心
3227,第12门,別教位次門,卷6,八迴向心,阿陀,阿,施善,陀,定善,行,初發心住,第12门,升,,「阿」表施善、「陀」表定善。明识次位，善能回因向果，故登初发心住。,手工逐组（门1–14 手写）,承注,,阿阿以下。如次升進。,《選佛譜》卷第六・初信心・L17,初信心
3228,第12门,別教位次門,卷6,八迴向心,阿佛,阿,施善,佛,无漏善慧,行,八童真住,第12门,升,,「阿」表施善、「佛」表无漏善慧。依门首准知，亦有渐超义，故登八童真住。,手工逐组（门1–14 手写）,承注,,阿佛登初住者。於本教中。雖無頓超之義。亦有漸超義故。,《選佛譜》卷第六・初信心・L17,初信心
3229,第12门,別教位次門,卷6,八迴向心,彌彌,彌,戒善,彌,戒善,行,初發心住,第12门,升,,「彌彌」二字俱表戒善。明识次位，善能回因向果，故登初发心住。,手工逐组（门1–14 手写）,承注,,阿阿以下。如次升進。,《選佛譜》卷第六・初信心・L17,初信心
3230,第12门,別教位次門,卷6,八迴向心,彌陀,彌,戒善,陀,定善,行,二治地住,第12门,升,,「彌」表戒善、「陀」表定善。明识次位，善能回因向果，故登二治地住。,手工逐组（门1–14 手写）,承注,,阿阿以下。如次升進。,《選佛譜》卷第六・初信心・L17,初信心
3231,第12门,別教位次門,卷6,八迴向心,彌佛,彌,戒善,佛,无漏善慧,行,圓五品位,第13门,升,,「彌」表戒善、「佛」表无漏善慧。依门首准知，按位转入圆教，故入圆五品位。,手工逐组（门1–14 手写）,承注,,彌佛圓五品者。按位轉入故。,《選佛譜》卷第六・初信心・L17,初信心
3232,第12门,別教位次門,卷6,八迴向心,陀陀,陀,定善,陀,定善,行,三修行住,第12门,升,,「陀陀」二字俱表定善。明识次位，善能回因向果，故登三修行住。,手工逐组（门1–14 手写）,承注,,阿阿以下。如次升進。,《選佛譜》卷第六・初信心・L17,初信心
3233,第12门,別教位次門,卷6,八迴向心,陀佛,陀,定善,佛,无漏善慧,行,圓十信位,第13门,升,,「陀」表定善、「佛」表无漏善慧。依门首准知，开粗成妙，故入圆十信位。,手工逐组（门1–14 手写）,承注,,陀佛圓十信者。開麤成妙故。,《選佛譜》卷第六・初信心・L17,初信心
3234,第12门,別教位次門,卷6,八迴向心,佛佛,佛,无漏善慧,佛,无漏善慧,行,上品上生,第14门,横超,,「佛佛」二字俱表无漏善慧。依门首准知，既信大乘又承佛力，必速悟无生法忍，得上品上生。,手工逐组（门1–14 手写）,承注,,佛佛上品上生者。既信大乘。又承佛力。必速悟無生法忍故。,《選佛譜》卷第六・初信心・L17,初信心
3235,第12门,別教位次門,卷6,九戒心,那那,那,见烦恼,那,见烦恼,行,七護法心,第12门,降,,「那那」二字俱表见烦恼。纯见犹未能永伏，故退入七护法心。,手工逐组（门1–14 手写）,承注,,那那等三。煩惱障重。須修助道。故借用三藏五停心也。,《選佛譜》卷第六・初信心・L17,初信心
3236,第12门,別教位次門,卷6,九戒心,那謨,那,见烦恼,謨,爱烦恼,不行·安住本位,,,安住,,「那」表见烦恼、「謨」表爱烦恼。那谟相杂，二惑相治虽可不行。,手工逐组（门1–14 手写）,承注,,然猶未證三種不退。但較前五心稍堅固耳。故那謨相雜。雖可不行。,《選佛譜》卷第六・六不退心・L37,六不退心
3237,第12门,別教位次門,卷6,九戒心,那阿,那,见烦恼,阿,施善,不行·安住本位,,,安住,,「那」表见烦恼、「阿」表施善。相为对治，二俱无力，故不行。,手工逐组（门1–14 手写）,通則,,其餘位中。以阿彌陀善。與那謨惡相為對治。二俱無力。所以並不行也。,《選佛譜》卷第一・見取・L57,見取
3238,第12门,別教位次門,卷6,九戒心,那彌,那,见烦恼,彌,戒善,不行·安住本位,,,安住,,「那」表见烦恼、「彌」表戒善。相为对治，二俱无力，故不行。,手工逐组（门1–14 手写）,通則,,其餘位中。以阿彌陀善。與那謨惡相為對治。二俱無力。所以並不行也。,《選佛譜》卷第一・見取・L57,見取
3239,第12门,別教位次門,卷6,九戒心,那陀,那,见烦恼,陀,定善,不行·安住本位,,,安住,,「那」表见烦恼、「陀」表定善。相为对治，二俱无力，故不行。,手工逐组（门1–14 手写）,通則,,其餘位中。以阿彌陀善。與那謨惡相為對治。二俱無力。所以並不行也。,《選佛譜》卷第一・見取・L57,見取
3240,第12门,別教位次門,卷6,九戒心,那佛,那,见烦恼,佛,无漏善慧,行,三修行住,第12门,升,,「那」表见烦恼、「佛」表无漏善慧。护净善根，如次升进，故登三修行住。,手工逐组（门1–14 手写）,承注,,阿阿以下。如次升進。,《選佛譜》卷第六・初信心・L17,初信心
3241,第12门,別教位次門,卷6,九戒心,謨謨,謨,爱烦恼,謨,爱烦恼,行,八迴向心,第12门,降,,「謨謨」二字俱表爱烦恼。纯爱犹未能永伏，故退入八回向心。,手工逐组（门1–14 手写）,承注,,那那等三。煩惱障重。須修助道。故借用三藏五停心也。,《選佛譜》卷第六・初信心・L17,初信心
3242,第12门,別教位次門,卷6,九戒心,謨阿,謨,爱烦恼,阿,施善,不行·安住本位,,,安住,,「謨」表爱烦恼、「阿」表施善。相为对治，二俱无力，故不行。,手工逐组（门1–14 手写）,通則,,其餘位中。以阿彌陀善。與那謨惡相為對治。二俱無力。所以並不行也。,《選佛譜》卷第一・見取・L57,見取
3243,第12门,別教位次門,卷6,九戒心,謨彌,謨,爱烦恼,彌,戒善,不行·安住本位,,,安住,,「謨」表爱烦恼、「彌」表戒善。相为对治，二俱无力，故不行。,手工逐组（门1–14 手写）,通則,,其餘位中。以阿彌陀善。與那謨惡相為對治。二俱無力。所以並不行也。,《選佛譜》卷第一・見取・L57,見取
3244,第12门,別教位次門,卷6,九戒心,謨陀,謨,爱烦恼,陀,定善,不行·安住本位,,,安住,,「謨」表爱烦恼、「陀」表定善。相为对治，二俱无力，故不行。,手工逐组（门1–14 手写）,通則,,其餘位中。以阿彌陀善。與那謨惡相為對治。二俱無力。所以並不行也。,《選佛譜》卷第一・見取・L57,見取
3245,第12门,別教位次門,卷6,九戒心,謨佛,謨,爱烦恼,佛,无漏善慧,行,四生貴住,第12门,升,,「謨」表爱烦恼、「佛」表无漏善慧。护净善根，如次升进，故登四生贵住。,手工逐组（门1–14 手写）,承注,,阿阿以下。如次升進。,《選佛譜》卷第六・初信心・L17,初信心
3246,第12门,別教位次門,卷6,九戒心,阿阿,阿,施善,阿,施善,行,十願心,第12门,升,,「阿阿」二字俱表施善。安忍不动，防非止过，故入十愿心。,手工逐组（门1–14 手写）,承注,,阿阿以下。如次升進。,《選佛譜》卷第六・初信心・L17,初信心
3247,第12门,別教位次門,卷6,九戒心,阿彌,阿,施善,彌,戒善,行,初發心住,第12门,升,,「阿」表施善、「彌」表戒善。安忍不动，防非止过，故登初发心住。,手工逐组（门1–14 手写）,承注,,阿阿以下。如次升進。,《選佛譜》卷第六・初信心・L17,初信心
3248,第12门,別教位次門,卷6,九戒心,阿陀,阿,施善,陀,定善,行,二治地住,第12门,升,,「阿」表施善、「陀」表定善。防非止过，护净善根，故登二治地住。,手工逐组（门1–14 手写）,承注,,阿阿以下。如次升進。,《選佛譜》卷第六・初信心・L17,初信心
3249,第12门,別教位次門,卷6,九戒心,阿佛,阿,施善,佛,无漏善慧,行,九法王子住,第12门,升,,「阿」表施善、「佛」表无漏善慧。依门首准知，亦有渐超义，故登九法王子住。,手工逐组（门1–14 手写）,承注,,阿佛登初住者。於本教中。雖無頓超之義。亦有漸超義故。,《選佛譜》卷第六・初信心・L17,初信心
3250,第12门,別教位次門,卷6,九戒心,彌彌,彌,戒善,彌,戒善,行,二治地住,第12门,升,,「彌彌」二字俱表戒善。防非止过，护净善根，故登二治地住。,手工逐组（门1–14 手写）,承注,,阿阿以下。如次升進。,《選佛譜》卷第六・初信心・L17,初信心
3251,第12门,別教位次門,卷6,九戒心,彌陀,彌,戒善,陀,定善,行,三修行住,第12门,升,,「彌」表戒善、「陀」表定善。防非止过，护净善根，故登三修行住。,手工逐组（门1–14 手写）,承注,,阿阿以下。如次升進。,《選佛譜》卷第六・初信心・L17,初信心
3252,第12门,別教位次門,卷6,九戒心,彌佛,彌,戒善,佛,无漏善慧,行,圓五品位,第13门,升,,「彌」表戒善、「佛」表无漏善慧。依门首准知，按位转入圆教，故入圆五品位。,手工逐组（门1–14 手写）,承注,,彌佛圓五品者。按位轉入故。,《選佛譜》卷第六・初信心・L17,初信心
3253,第12门,別教位次門,卷6,九戒心,陀陀,陀,定善,陀,定善,行,四生貴住,第12门,升,,「陀陀」二字俱表定善。防非止过，护净善根，故登四生贵住。,手工逐组（门1–14 手写）,承注,,阿阿以下。如次升進。,《選佛譜》卷第六・初信心・L17,初信心
3254,第12门,別教位次門,卷6,九戒心,陀佛,陀,定善,佛,无漏善慧,行,圓十信位,第13门,升,,「陀」表定善、「佛」表无漏善慧。依门首准知，开粗成妙，故入圆十信位。,手工逐组（门1–14 手写）,承注,,陀佛圓十信者。開麤成妙故。,《選佛譜》卷第六・初信心・L17,初信心
3255,第12门,別教位次門,卷6,九戒心,佛佛,佛,无漏善慧,佛,无漏善慧,行,上品上生,第14门,横超,,「佛佛」二字俱表无漏善慧。依门首准知，既信大乘又承佛力，必速悟无生法忍，得上品上生。,手工逐组（门1–14 手写）,承注,,佛佛上品上生者。既信大乘。又承佛力。必速悟無生法忍故。,《選佛譜》卷第六・初信心・L17,初信心
3256,第12门,別教位次門,卷6,十願心,那那,那,见烦恼,那,见烦恼,行,八迴向心,第12门,降,,「那那」二字俱表见烦恼。纯见犹未能永伏，故退入八回向心。,手工逐组（门1–14 手写）,承注,,那那等三。煩惱障重。須修助道。故借用三藏五停心也。,《選佛譜》卷第六・初信心・L17,初信心
3257,第12门,別教位次門,卷6,十願心,那謨,那,见烦恼,謨,爱烦恼,不行·安住本位,,,安住,,「那」表见烦恼、「謨」表爱烦恼。那谟相杂，二惑相治虽可不行。,手工逐组（门1–14 手写）,承注,,然猶未證三種不退。但較前五心稍堅固耳。故那謨相雜。雖可不行。,《選佛譜》卷第六・六不退心・L37,六不退心
3258,第12门,別教位次門,卷6,十願心,那阿,那,见烦恼,阿,施善,不行·安住本位,,,安住,,「那」表见烦恼、「阿」表施善。相为对治，二俱无力，故不行。,手工逐组（门1–14 手写）,通則,,其餘位中。以阿彌陀善。與那謨惡相為對治。二俱無力。所以並不行也。,《選佛譜》卷第一・見取・L57,見取
3259,第12门,別教位次門,卷6,十願心,那彌,那,见烦恼,彌,戒善,不行·安住本位,,,安住,,「那」表见烦恼、「彌」表戒善。相为对治，二俱无力，故不行。,手工逐组（门1–14 手写）,通則,,其餘位中。以阿彌陀善。與那謨惡相為對治。二俱無力。所以並不行也。,《選佛譜》卷第一・見取・L57,見取
3260,第12门,別教位次門,卷6,十願心,那陀,那,见烦恼,陀,定善,不行·安住本位,,,安住,,「那」表见烦恼、「陀」表定善。相为对治，二俱无力，故不行。,手工逐组（门1–14 手写）,通則,,其餘位中。以阿彌陀善。與那謨惡相為對治。二俱無力。所以並不行也。,《選佛譜》卷第一・見取・L57,見取
3261,第12门,別教位次門,卷6,十願心,那佛,那,见烦恼,佛,无漏善慧,行,四生貴住,第12门,升,,「那」表见烦恼、「佛」表无漏善慧。但观可化众生之处，随愿往生，登四生贵住。,手工逐组（门1–14 手写）,承注,,阿阿以下。如次升進。,《選佛譜》卷第六・初信心・L17,初信心
3262,第12门,別教位次門,卷6,十願心,謨謨,謨,爱烦恼,謨,爱烦恼,行,九戒心,第12门,降,,「謨謨」二字俱表爱烦恼。纯爱犹未能永伏，故退入九戒心。,手工逐组（门1–14 手写）,承注,,那那等三。煩惱障重。須修助道。故借用三藏五停心也。,《選佛譜》卷第六・初信心・L17,初信心
3263,第12门,別教位次門,卷6,十願心,謨阿,謨,爱烦恼,阿,施善,不行·安住本位,,,安住,,「謨」表爱烦恼、「阿」表施善。相为对治，二俱无力，故不行。,手工逐组（门1–14 手写）,通則,,其餘位中。以阿彌陀善。與那謨惡相為對治。二俱無力。所以並不行也。,《選佛譜》卷第一・見取・L57,見取
3264,第12门,別教位次門,卷6,十願心,謨彌,謨,爱烦恼,彌,戒善,不行·安住本位,,,安住,,「謨」表爱烦恼、「彌」表戒善。相为对治，二俱无力，故不行。,手工逐组（门1–14 手写）,通則,,其餘位中。以阿彌陀善。與那謨惡相為對治。二俱無力。所以並不行也。,《選佛譜》卷第一・見取・L57,見取
3265,第12门,別教位次門,卷6,十願心,謨陀,謨,爱烦恼,陀,定善,不行·安住本位,,,安住,,「謨」表爱烦恼、「陀」表定善。相为对治，二俱无力，故不行。,手工逐组（门1–14 手写）,通則,,其餘位中。以阿彌陀善。與那謨惡相為對治。二俱無力。所以並不行也。,《選佛譜》卷第一・見取・L57,見取
3266,第12门,別教位次門,卷6,十願心,謨佛,謨,爱烦恼,佛,无漏善慧,行,五方便具足住,第12门,升,,「謨」表爱烦恼、「佛」表无漏善慧。随愿往生，如次升进，故登五方便具足住。,手工逐组（门1–14 手写）,承注,,阿阿以下。如次升進。,《選佛譜》卷第六・初信心・L17,初信心
3267,第12门,別教位次門,卷6,十願心,阿阿,阿,施善,阿,施善,行,初發心住,第12门,升,,「阿阿」二字俱表施善。不著有漏似道法爱，如次升进，登初发心住。,手工逐组（门1–14 手写）,承注,,阿阿以下。如次升進。,《選佛譜》卷第六・初信心・L17,初信心
3268,第12门,別教位次門,卷6,十願心,阿彌,阿,施善,彌,戒善,行,二治地住,第12门,升,,「阿」表施善、「彌」表戒善。不著有漏似道法爱，如次升进，故登二治地住。,手工逐组（门1–14 手写）,承注,,阿阿以下。如次升進。,《選佛譜》卷第六・初信心・L17,初信心
3269,第12门,別教位次門,卷6,十願心,阿陀,阿,施善,陀,定善,行,三修行住,第12门,升,,「阿」表施善、「陀」表定善。不随禅受生，如次升进，故登三修行住。,手工逐组（门1–14 手写）,承注,,阿阿以下。如次升進。,《選佛譜》卷第六・初信心・L17,初信心
3270,第12门,別教位次門,卷6,十願心,阿佛,阿,施善,佛,无漏善慧,行,十灌頂住,第12门,升,,「阿」表施善、「佛」表无漏善慧。依门首准知，亦有渐超义，故登十灌顶住。,手工逐组（门1–14 手写）,承注,,阿佛登初住者。於本教中。雖無頓超之義。亦有漸超義故。,《選佛譜》卷第六・初信心・L17,初信心
3271,第12门,別教位次門,卷6,十願心,彌彌,彌,戒善,彌,戒善,行,三修行住,第12门,升,,「彌彌」二字俱表戒善。不随禅受生，如次升进，故登三修行住。,手工逐组（门1–14 手写）,承注,,阿阿以下。如次升進。,《選佛譜》卷第六・初信心・L17,初信心
3272,第12门,別教位次門,卷6,十願心,彌陀,彌,戒善,陀,定善,行,四生貴住,第12门,升,,「彌」表戒善、「陀」表定善。不随禅受生，如次升进，故登四生贵住。,手工逐组（门1–14 手写）,承注,,阿阿以下。如次升進。,《選佛譜》卷第六・初信心・L17,初信心
3273,第12门,別教位次門,卷6,十願心,彌佛,彌,戒善,佛,无漏善慧,行,圓十信位,第13门,升,,「彌」表戒善、「佛」表无漏善慧。依门首准知，按位转入圆教，故入圆十信位。,手工逐组（门1–14 手写）,承注,,彌佛圓五品者。按位轉入故。,《選佛譜》卷第六・初信心・L17,初信心
3274,第12门,別教位次門,卷6,十願心,陀陀,陀,定善,陀,定善,行,五方便具足住,第12门,升,,「陀陀」二字俱表定善。不随禅受生，如次升进，故登五方便具足住。,手工逐组（门1–14 手写）,承注,,阿阿以下。如次升進。,《選佛譜》卷第六・初信心・L17,初信心
3275,第12门,別教位次門,卷6,十願心,陀佛,陀,定善,佛,无漏善慧,行,上品中生,第14门,横超,,「陀」表定善、「佛」表无漏善慧。依门首准知，随愿往生，又承佛力，故得上品中生。,手工逐组（门1–14 手写）,承注,,陀佛圓十信者。開麤成妙故。,《選佛譜》卷第六・初信心・L17,初信心
3276,第12门,別教位次門,卷6,十願心,佛佛,佛,无漏善慧,佛,无漏善慧,行,上品上生,第14门,横超,,「佛佛」二字俱表无漏善慧。依门首准知，既信大乘又承佛力，必速悟无生法忍，得上品上生。,手工逐组（门1–14 手写）,承注,,佛佛上品上生者。既信大乘。又承佛力。必速悟無生法忍故。,《選佛譜》卷第六・初信心・L17,初信心
3277,第12门,別教位次門,卷6,初發心住,那那,那,见烦恼,那,见烦恼,行,無生懺,第6门,降,,「那那」二字俱表见烦恼。遇大违缘则分别心生退菩提愿，故须修无生忏。,手工逐组（门1–14 手写）,直說,那那須修無生懺也。,是故六住已前。煩惑未盡。猶得有退轉義。那那須修無生懺也。,《選佛譜》卷第六・初發心住・L57,初發心住
3278,第12门,別教位次門,卷6,初發心住,那謨,那,见烦恼,謨,爱烦恼,不行·安住本位,,,安住,,「那」表见烦恼、「謨」表爱烦恼。相为对治，二俱无力，故不行。,手工逐组（门1–14 手写）,推演,,於定心中。如次修行三十七品。令其調適。能伏煩惱。名不退心。然猶未證三種不退。但較前五心稍堅固耳。故那謨相雜。雖可不行。,《選佛譜》卷第六・六不退心・L37,六不退心
3279,第12门,別教位次門,卷6,初發心住,那阿,那,见烦恼,阿,施善,不行·安住本位,,,安住,,「那」表见烦恼、「阿」表施善。相为对治，二俱无力，故不行。,手工逐组（门1–14 手写）,通則,,其餘位中。以阿彌陀善。與那謨惡相為對治。二俱無力。所以並不行也。,《選佛譜》卷第一・見取・L57,見取
3280,第12门,別教位次門,卷6,初發心住,那彌,那,见烦恼,彌,戒善,不行·安住本位,,,安住,,「那」表见烦恼、「彌」表戒善。相为对治，二俱无力，故不行。,手工逐组（门1–14 手写）,通則,,其餘位中。以阿彌陀善。與那謨惡相為對治。二俱無力。所以並不行也。,《選佛譜》卷第一・見取・L57,見取
3281,第12门,別教位次門,卷6,初發心住,那陀,那,见烦恼,陀,定善,不行·安住本位,,,安住,,「那」表见烦恼、「陀」表定善。相为对治，二俱无力，故不行。,手工逐组（门1–14 手写）,通則,,其餘位中。以阿彌陀善。與那謨惡相為對治。二俱無力。所以並不行也。,《選佛譜》卷第一・見取・L57,見取
3282,第12门,別教位次門,卷6,初發心住,那佛,那,见烦恼,佛,无漏善慧,行,五方便具足住,第12门,升,,「那」表见烦恼、「佛」表无漏善慧。按位渐进，如常可知，故入五方便具足住。,手工逐组（门1–14 手写）,直說,阿阿等八。按位漸進。如常可知。,阿阿等八。按位漸進。如常可知。,《選佛譜》卷第六・初發心住・L57,初發心住
3283,第12门,別教位次門,卷6,初發心住,謨謨,謨,爱烦恼,謨,爱烦恼,不行·安住本位,,,安住,,「謨謨」二字俱表爱烦恼。此位已断从分别所起恶烦恼业，故不行。,手工逐组（门1–14 手写）,推演,,"菩薩於多劫中。修行信心。已得成就。能斷分別我見。及從分別所起惡煩惱業。創見真空寂滅之理。
良由菩薩化物心重。自行則輕。不務斷結。從十信心。即便出假。既出假後遇大違緣。則分別心生。退菩提願。如舍利弗。往昔已曾得六住心。由婆羅門乞眼因緣。捨其大願。還趨小果。","《選佛譜》卷第六・初發心住・L57
《選佛譜》卷第六・初發心住・L57",初發心住
3284,第12门,別教位次門,卷6,初發心住,謨阿,謨,爱烦恼,阿,施善,不行·安住本位,,,安住,,「謨」表爱烦恼、「阿」表施善。相为对治，二俱无力，故不行。,手工逐组（门1–14 手写）,通則,,其餘位中。以阿彌陀善。與那謨惡相為對治。二俱無力。所以並不行也。,《選佛譜》卷第一・見取・L57,見取
3285,第12门,別教位次門,卷6,初發心住,謨彌,謨,爱烦恼,彌,戒善,不行·安住本位,,,安住,,「謨」表爱烦恼、「彌」表戒善。相为对治，二俱无力，故不行。,手工逐组（门1–14 手写）,通則,,其餘位中。以阿彌陀善。與那謨惡相為對治。二俱無力。所以並不行也。,《選佛譜》卷第一・見取・L57,見取
3286,第12门,別教位次門,卷6,初發心住,謨陀,謨,爱烦恼,陀,定善,不行·安住本位,,,安住,,「謨」表爱烦恼、「陀」表定善。相为对治，二俱无力，故不行。,手工逐组（门1–14 手写）,通則,,其餘位中。以阿彌陀善。與那謨惡相為對治。二俱無力。所以並不行也。,《選佛譜》卷第一・見取・L57,見取
3287,第12门,別教位次門,卷6,初發心住,謨佛,謨,爱烦恼,佛,无漏善慧,行,六正心住,第12门,升,,「謨」表爱烦恼、「佛」表无漏善慧。按位渐进，如常可知，故入六正心住。,手工逐组（门1–14 手写）,直說,阿阿等八。按位漸進。如常可知。,阿阿等八。按位漸進。如常可知。,《選佛譜》卷第六・初發心住・L57,初發心住
3288,第12门,別教位次門,卷6,初發心住,阿阿,阿,施善,阿,施善,行,二治地住,第12门,升,,「阿阿」二字俱表施善。按位渐进，如常可知，故入二治地住。,手工逐组（门1–14 手写）,直說,阿阿等八。按位漸進。如常可知。,阿阿等八。按位漸進。如常可知。,《選佛譜》卷第六・初發心住・L57,初發心住
3289,第12门,別教位次門,卷6,初發心住,阿彌,阿,施善,彌,戒善,行,三修行住,第12门,升,,「阿」表施善、「彌」表戒善。按位渐进，如常可知，故入三修行住。,手工逐组（门1–14 手写）,直說,阿阿等八。按位漸進。如常可知。,阿阿等八。按位漸進。如常可知。,《選佛譜》卷第六・初發心住・L57,初發心住
3290,第12门,別教位次門,卷6,初發心住,阿陀,阿,施善,陀,定善,行,四生貴住,第12门,升,,「阿」表施善、「陀」表定善。按位渐进，如常可知，故入四生贵住。,手工逐组（门1–14 手写）,直說,阿阿等八。按位漸進。如常可知。,阿阿等八。按位漸進。如常可知。,《選佛譜》卷第六・初發心住・L57,初發心住
3291,第12门,別教位次門,卷6,初發心住,阿佛,阿,施善,佛,无漏善慧,行,初歡喜行,第12门,升,,「阿」表施善、「佛」表无漏善慧。亦得渐超，故阶初欢喜行。,手工逐组（门1–14 手写）,直說,阿佛亦得漸超。故階初行。,阿佛亦得漸超。故階初行。,《選佛譜》卷第六・初發心住・L57,初發心住
3292,第12门,別教位次門,卷6,初發心住,彌彌,彌,戒善,彌,戒善,行,四生貴住,第12门,升,,「彌彌」二字俱表戒善。按位渐进，如常可知，故入四生贵住。,手工逐组（门1–14 手写）,直說,阿阿等八。按位漸進。如常可知。,阿阿等八。按位漸進。如常可知。,《選佛譜》卷第六・初發心住・L57,初發心住
3293,第12门,別教位次門,卷6,初發心住,彌陀,彌,戒善,陀,定善,行,五方便具足住,第12门,升,,「彌」表戒善、「陀」表定善。按位渐进，如常可知，故入五方便具足住。,手工逐组（门1–14 手写）,直說,阿阿等八。按位漸進。如常可知。,阿阿等八。按位漸進。如常可知。,《選佛譜》卷第六・初發心住・L57,初發心住
3294,第12门,別教位次門,卷6,初發心住,彌佛,彌,戒善,佛,无漏善慧,行,圓十信位,第13门,升,,「彌」表戒善、「佛」表无漏善慧。按位可接，故成圆十信位。,手工逐组（门1–14 手写）,直說,彌佛按位可接。故成圓信。,彌佛按位可接。故成圓信。,《選佛譜》卷第六・初發心住・L57,初發心住
3295,第12门,別教位次門,卷6,初發心住,陀陀,陀,定善,陀,定善,行,六正心住,第12门,升,,「陀陀」二字俱表定善。按位渐进，如常可知，故入六正心住。,手工逐组（门1–14 手写）,直說,阿阿等八。按位漸進。如常可知。,阿阿等八。按位漸進。如常可知。,《選佛譜》卷第六・初發心住・L57,初發心住
3296,第12门,別教位次門,卷6,初發心住,陀佛,陀,定善,佛,无漏善慧,行,方便有餘淨土,第14门,横超,,「陀」表定善、「佛」表无漏善慧。归方便净，永离退缘，故生方便有余净土。,手工逐组（门1–14 手写）,直說,陀佛歸方便淨。永離退緣。,陀佛歸方便淨。永離退緣。,《選佛譜》卷第六・初發心住・L57,初發心住
3297,第12门,別教位次門,卷6,初發心住,佛佛,佛,无漏善慧,佛,无漏善慧,行,圓十住位,第13门,升,,「佛佛」二字俱表无漏善慧。开粗显妙，亦是胜进接，故入圆十住位。,手工逐组（门1–14 手写）,直說,佛佛開麤顯妙。亦是勝進接也。,佛佛開麤顯妙。亦是勝進接也。,《選佛譜》卷第六・初發心住・L57,初發心住
3298,第12门,別教位次門,卷6,二治地住,那那,那,见烦恼,那,见烦恼,行,無生懺,第6门,降,,「那那」二字俱表见烦恼。六住已前烦惑未尽，犹有退转义，故须修无生忏。,手工逐组（门1–14 手写）,承注,,是故六住已前。煩惑未盡。猶得有退轉義。那那須修無生懺也。,《選佛譜》卷第六・初發心住・L57,初發心住
3299,第12门,別教位次門,卷6,二治地住,那謨,那,见烦恼,謨,爱烦恼,不行·安住本位,,,安住,,「那」表见烦恼、「謨」表爱烦恼。相为对治，二俱无力，故不行。,手工逐组（门1–14 手写）,推演,,於定心中。如次修行三十七品。令其調適。能伏煩惱。名不退心。然猶未證三種不退。但較前五心稍堅固耳。故那謨相雜。雖可不行。,《選佛譜》卷第六・六不退心・L37,六不退心
3300,第12门,別教位次門,卷6,二治地住,那阿,那,见烦恼,阿,施善,不行·安住本位,,,安住,,「那」表见烦恼、「阿」表施善。相为对治，二俱无力，故不行。,手工逐组（门1–14 手写）,通則,,其餘位中。以阿彌陀善。與那謨惡相為對治。二俱無力。所以並不行也。,《選佛譜》卷第一・見取・L57,見取
3301,第12门,別教位次門,卷6,二治地住,那彌,那,见烦恼,彌,戒善,不行·安住本位,,,安住,,「那」表见烦恼、「彌」表戒善。相为对治，二俱无力，故不行。,手工逐组（门1–14 手写）,通則,,其餘位中。以阿彌陀善。與那謨惡相為對治。二俱無力。所以並不行也。,《選佛譜》卷第一・見取・L57,見取
3302,第12门,別教位次門,卷6,二治地住,那陀,那,见烦恼,陀,定善,不行·安住本位,,,安住,,「那」表见烦恼、「陀」表定善。相为对治，二俱无力，故不行。,手工逐组（门1–14 手写）,通則,,其餘位中。以阿彌陀善。與那謨惡相為對治。二俱無力。所以並不行也。,《選佛譜》卷第一・見取・L57,見取
3303,第12门,別教位次門,卷6,二治地住,那佛,那,见烦恼,佛,无漏善慧,行,六正心住,第12门,升,,「那」表见烦恼、「佛」表无漏善慧。准位应同斯陀含向，按位渐进，入六正心住。,手工逐组（门1–14 手写）,承注,,阿阿等八。按位漸進。如常可知。,《選佛譜》卷第六・初發心住・L57,初發心住
3304,第12门,別教位次門,卷6,二治地住,謨謨,謨,爱烦恼,謨,爱烦恼,不行·安住本位,,,安住,,「謨謨」二字俱表爱烦恼。常随空心，净诸法门，故不行。,手工逐组（门1–14 手写）,推演,,"菩薩於多劫中。修行信心。已得成就。能斷分別我見。及從分別所起惡煩惱業。創見真空寂滅之理。
良由菩薩化物心重。自行則輕。不務斷結。從十信心。即便出假。既出假後遇大違緣。則分別心生。退菩提願。如舍利弗。往昔已曾得六住心。由婆羅門乞眼因緣。捨其大願。還趨小果。","《選佛譜》卷第六・初發心住・L57
《選佛譜》卷第六・初發心住・L57",初發心住
3305,第12门,別教位次門,卷6,二治地住,謨阿,謨,爱烦恼,阿,施善,不行·安住本位,,,安住,,「謨」表爱烦恼、「阿」表施善。相为对治，二俱无力，故不行。,手工逐组（门1–14 手写）,通則,,其餘位中。以阿彌陀善。與那謨惡相為對治。二俱無力。所以並不行也。,《選佛譜》卷第一・見取・L57,見取
3306,第12门,別教位次門,卷6,二治地住,謨彌,謨,爱烦恼,彌,戒善,不行·安住本位,,,安住,,「謨」表爱烦恼、「彌」表戒善。相为对治，二俱无力，故不行。,手工逐组（门1–14 手写）,通則,,其餘位中。以阿彌陀善。與那謨惡相為對治。二俱無力。所以並不行也。,《選佛譜》卷第一・見取・L57,見取
3307,第12门,別教位次門,卷6,二治地住,謨陀,謨,爱烦恼,陀,定善,不行·安住本位,,,安住,,「謨」表爱烦恼、「陀」表定善。相为对治，二俱无力，故不行。,手工逐组（门1–14 手写）,通則,,其餘位中。以阿彌陀善。與那謨惡相為對治。二俱無力。所以並不行也。,《選佛譜》卷第一・見取・L57,見取
3308,第12门,別教位次門,卷6,二治地住,謨佛,謨,爱烦恼,佛,无漏善慧,行,七不退住,第12门,升,,「謨」表爱烦恼、「佛」表无漏善慧。准位应同斯陀含向，按位渐进，入七不退住。,手工逐组（门1–14 手写）,承注,,阿阿等八。按位漸進。如常可知。,《選佛譜》卷第六・初發心住・L57,初發心住
3309,第12门,別教位次門,卷6,二治地住,阿阿,阿,施善,阿,施善,行,三修行住,第12门,升,,「阿阿」二字俱表施善。常随空心，按位渐进，故入三修行住。,手工逐组（门1–14 手写）,承注,,阿阿等八。按位漸進。如常可知。,《選佛譜》卷第六・初發心住・L57,初發心住
3310,第12门,別教位次門,卷6,二治地住,阿彌,阿,施善,彌,戒善,行,四生貴住,第12门,升,,「阿」表施善、「彌」表戒善。常随空心，按位渐进，故入四生贵住。,手工逐组（门1–14 手写）,承注,,阿阿等八。按位漸進。如常可知。,《選佛譜》卷第六・初發心住・L57,初發心住
3311,第12门,別教位次門,卷6,二治地住,阿陀,阿,施善,陀,定善,行,五方便具足住,第12门,升,,「阿」表施善、「陀」表定善。净诸法门，按位渐进，故入五方便具足住。,手工逐组（门1–14 手写）,承注,,阿阿等八。按位漸進。如常可知。,《選佛譜》卷第六・初發心住・L57,初發心住
3312,第12门,別教位次門,卷6,二治地住,阿佛,阿,施善,佛,无漏善慧,行,二饒益行,第12门,升,,「阿」表施善、「佛」表无漏善慧。亦得渐超，故阶二饶益行。,手工逐组（门1–14 手写）,承注,,阿佛亦得漸超。故階初行。,《選佛譜》卷第六・初發心住・L57,初發心住
3313,第12门,別教位次門,卷6,二治地住,彌彌,彌,戒善,彌,戒善,行,五方便具足住,第12门,升,,「彌彌」二字俱表戒善。净诸法门，按位渐进，故入五方便具足住。,手工逐组（门1–14 手写）,承注,,阿阿等八。按位漸進。如常可知。,《選佛譜》卷第六・初發心住・L57,初發心住
3314,第12门,別教位次門,卷6,二治地住,彌陀,彌,戒善,陀,定善,行,六正心住,第12门,升,,「彌」表戒善、「陀」表定善。净诸法门，按位渐进，故入六正心住。,手工逐组（门1–14 手写）,承注,,阿阿等八。按位漸進。如常可知。,《選佛譜》卷第六・初發心住・L57,初發心住
3315,第12门,別教位次門,卷6,二治地住,彌佛,彌,戒善,佛,无漏善慧,行,圓十信位,第13门,升,,「彌」表戒善、「佛」表无漏善慧。按位可接，故成圆十信位。,手工逐组（门1–14 手写）,承注,,彌佛按位可接。故成圓信。,《選佛譜》卷第六・初發心住・L57,初發心住
3316,第12门,別教位次門,卷6,二治地住,陀陀,陀,定善,陀,定善,行,七不退住,第12门,升,,「陀陀」二字俱表定善。净诸法门，按位渐进，故入七不退住。,手工逐组（门1–14 手写）,承注,,阿阿等八。按位漸進。如常可知。,《選佛譜》卷第六・初發心住・L57,初發心住
3317,第12门,別教位次門,卷6,二治地住,陀佛,陀,定善,佛,无漏善慧,行,方便有餘淨土,第14门,横超,,「陀」表定善、「佛」表无漏善慧。归方便净，永离退缘，故生方便有余净土。,手工逐组（门1–14 手写）,承注,,陀佛歸方便淨。永離退緣。,《選佛譜》卷第六・初發心住・L57,初發心住
3318,第12门,別教位次門,卷6,二治地住,佛佛,佛,无漏善慧,佛,无漏善慧,行,圓十住位,第13门,升,,「佛佛」二字俱表无漏善慧。开粗显妙，亦是胜进接，故入圆十住位。,手工逐组（门1–14 手写）,承注,,佛佛開麤顯妙。亦是勝進接也。,《選佛譜》卷第六・初發心住・L57,初發心住
3319,第12门,別教位次門,卷6,三修行住,那那,那,见烦恼,那,见烦恼,行,無生懺,第6门,降,,「那那」二字俱表见烦恼。六住已前烦惑未尽，犹有退转义，故须修无生忏。,手工逐组（门1–14 手写）,承注,,是故六住已前。煩惑未盡。猶得有退轉義。那那須修無生懺也。,《選佛譜》卷第六・初發心住・L57,初發心住
3320,第12门,別教位次門,卷6,三修行住,那謨,那,见烦恼,謨,爱烦恼,不行·安住本位,,,安住,,「那」表见烦恼、「謨」表爱烦恼。相为对治，二俱无力，故不行。,手工逐组（门1–14 手写）,推演,,於定心中。如次修行三十七品。令其調適。能伏煩惱。名不退心。然猶未證三種不退。但較前五心稍堅固耳。故那謨相雜。雖可不行。,《選佛譜》卷第六・六不退心・L37,六不退心
3321,第12门,別教位次門,卷6,三修行住,那阿,那,见烦恼,阿,施善,不行·安住本位,,,安住,,「那」表见烦恼、「阿」表施善。相为对治，二俱无力，故不行。,手工逐组（门1–14 手写）,通則,,其餘位中。以阿彌陀善。與那謨惡相為對治。二俱無力。所以並不行也。,《選佛譜》卷第一・見取・L57,見取
3322,第12门,別教位次門,卷6,三修行住,那彌,那,见烦恼,彌,戒善,不行·安住本位,,,安住,,「那」表见烦恼、「彌」表戒善。相为对治，二俱无力，故不行。,手工逐组（门1–14 手写）,通則,,其餘位中。以阿彌陀善。與那謨惡相為對治。二俱無力。所以並不行也。,《選佛譜》卷第一・見取・L57,見取
3323,第12门,別教位次門,卷6,三修行住,那陀,那,见烦恼,陀,定善,不行·安住本位,,,安住,,「那」表见烦恼、「陀」表定善。相为对治，二俱无力，故不行。,手工逐组（门1–14 手写）,通則,,其餘位中。以阿彌陀善。與那謨惡相為對治。二俱無力。所以並不行也。,《選佛譜》卷第一・見取・L57,見取
3324,第12门,別教位次門,卷6,三修行住,那佛,那,见烦恼,佛,无漏善慧,行,七不退住,第12门,升,,「那」表见烦恼、「佛」表无漏善慧。准位应同斯陀含果，按位渐进，入七不退住。,手工逐组（门1–14 手写）,承注,,阿阿等八。按位漸進。如常可知。,《選佛譜》卷第六・初發心住・L57,初發心住
3325,第12门,別教位次門,卷6,三修行住,謨謨,謨,爱烦恼,謨,爱烦恼,不行·安住本位,,,安住,,「謨謨」二字俱表爱烦恼。此位长养众善，故不行。,手工逐组（门1–14 手写）,推演,,"菩薩於多劫中。修行信心。已得成就。能斷分別我見。及從分別所起惡煩惱業。創見真空寂滅之理。
良由菩薩化物心重。自行則輕。不務斷結。從十信心。即便出假。既出假後遇大違緣。則分別心生。退菩提願。如舍利弗。往昔已曾得六住心。由婆羅門乞眼因緣。捨其大願。還趨小果。","《選佛譜》卷第六・初發心住・L57
《選佛譜》卷第六・初發心住・L57",初發心住
3326,第12门,別教位次門,卷6,三修行住,謨阿,謨,爱烦恼,阿,施善,不行·安住本位,,,安住,,「謨」表爱烦恼、「阿」表施善。相为对治，二俱无力，故不行。,手工逐组（门1–14 手写）,通則,,其餘位中。以阿彌陀善。與那謨惡相為對治。二俱無力。所以並不行也。,《選佛譜》卷第一・見取・L57,見取
3327,第12门,別教位次門,卷6,三修行住,謨彌,謨,爱烦恼,彌,戒善,不行·安住本位,,,安住,,「謨」表爱烦恼、「彌」表戒善。相为对治，二俱无力，故不行。,手工逐组（门1–14 手写）,通則,,其餘位中。以阿彌陀善。與那謨惡相為對治。二俱無力。所以並不行也。,《選佛譜》卷第一・見取・L57,見取
3328,第12门,別教位次門,卷6,三修行住,謨陀,謨,爱烦恼,陀,定善,不行·安住本位,,,安住,,「謨」表爱烦恼、「陀」表定善。相为对治，二俱无力，故不行。,手工逐组（门1–14 手写）,通則,,其餘位中。以阿彌陀善。與那謨惡相為對治。二俱無力。所以並不行也。,《選佛譜》卷第一・見取・L57,見取
3329,第12门,別教位次門,卷6,三修行住,謨佛,謨,爱烦恼,佛,无漏善慧,行,八童真住,第12门,升,,「謨」表爱烦恼、「佛」表无漏善慧。准位应同斯陀含果，按位渐进，入八童真住。,手工逐组（门1–14 手写）,承注,,阿阿等八。按位漸進。如常可知。,《選佛譜》卷第六・初發心住・L57,初發心住
3330,第12门,別教位次門,卷6,三修行住,阿阿,阿,施善,阿,施善,行,四生貴住,第12门,升,,「阿阿」二字俱表施善。长养众善，按位渐进，故入四生贵住。,手工逐组（门1–14 手写）,承注,,阿阿等八。按位漸進。如常可知。,《選佛譜》卷第六・初發心住・L57,初發心住
3331,第12门,別教位次門,卷6,三修行住,阿彌,阿,施善,彌,戒善,行,五方便具足住,第12门,升,,「阿」表施善、「彌」表戒善。长养众善，按位渐进，故入五方便具足住。,手工逐组（门1–14 手写）,承注,,阿阿等八。按位漸進。如常可知。,《選佛譜》卷第六・初發心住・L57,初發心住
3332,第12门,別教位次門,卷6,三修行住,阿陀,阿,施善,陀,定善,行,六正心住,第12门,升,,「阿」表施善、「陀」表定善。长养众善，按位渐进，故入六正心住。,手工逐组（门1–14 手写）,承注,,阿阿等八。按位漸進。如常可知。,《選佛譜》卷第六・初發心住・L57,初發心住
3333,第12门,別教位次門,卷6,三修行住,阿佛,阿,施善,佛,无漏善慧,行,三無瞋恨行,第12门,升,,「阿」表施善、「佛」表无漏善慧。亦得渐超，故阶三无瞋恨行。,手工逐组（门1–14 手写）,承注,,阿佛亦得漸超。故階初行。,《選佛譜》卷第六・初發心住・L57,初發心住
3334,第12门,別教位次門,卷6,三修行住,彌彌,彌,戒善,彌,戒善,行,六正心住,第12门,升,,「彌彌」二字俱表戒善。长养众善，按位渐进，故入六正心住。,手工逐组（门1–14 手写）,承注,,阿阿等八。按位漸進。如常可知。,《選佛譜》卷第六・初發心住・L57,初發心住
3335,第12门,別教位次門,卷6,三修行住,彌陀,彌,戒善,陀,定善,行,七不退住,第12门,升,,「彌」表戒善、「陀」表定善。长养众善，按位渐进，故入七不退住。,手工逐组（门1–14 手写）,承注,,阿阿等八。按位漸進。如常可知。,《選佛譜》卷第六・初發心住・L57,初發心住
3336,第12门,別教位次門,卷6,三修行住,彌佛,彌,戒善,佛,无漏善慧,行,圓十信位,第13门,升,,「彌」表戒善、「佛」表无漏善慧。按位可接，故成圆十信位。,手工逐组（门1–14 手写）,承注,,彌佛按位可接。故成圓信。,《選佛譜》卷第六・初發心住・L57,初發心住
3337,第12门,別教位次門,卷6,三修行住,陀陀,陀,定善,陀,定善,行,八童真住,第12门,升,,「陀陀」二字俱表定善。长养众善，按位渐进，故入八童真住。,手工逐组（门1–14 手写）,承注,,阿阿等八。按位漸進。如常可知。,《選佛譜》卷第六・初發心住・L57,初發心住
3338,第12门,別教位次門,卷6,三修行住,陀佛,陀,定善,佛,无漏善慧,行,方便有餘淨土,第14门,横超,,「陀」表定善、「佛」表无漏善慧。归方便净，永离退缘，故生方便有余净土。,手工逐组（门1–14 手写）,承注,,陀佛歸方便淨。永離退緣。,《選佛譜》卷第六・初發心住・L57,初發心住
3339,第12门,別教位次門,卷6,三修行住,佛佛,佛,无漏善慧,佛,无漏善慧,行,圓十住位,第13门,升,,「佛佛」二字俱表无漏善慧。开粗显妙，亦是胜进接，故入圆十住位。,手工逐组（门1–14 手写）,承注,,佛佛開麤顯妙。亦是勝進接也。,《選佛譜》卷第六・初發心住・L57,初發心住
3340,第12门,別教位次門,卷6,四生貴住,那那,那,见烦恼,那,见烦恼,行,無生懺,第6门,降,,「那那」二字俱表见烦恼。六住已前烦惑未尽，犹有退转义，故须修无生忏。,手工逐组（门1–14 手写）,承注,,是故六住已前。煩惑未盡。猶得有退轉義。那那須修無生懺也。,《選佛譜》卷第六・初發心住・L57,初發心住
3341,第12门,別教位次門,卷6,四生貴住,那謨,那,见烦恼,謨,爱烦恼,不行·安住本位,,,安住,,「那」表见烦恼、「謨」表爱烦恼。相为对治，二俱无力，故不行。,手工逐组（门1–14 手写）,推演,,於定心中。如次修行三十七品。令其調適。能伏煩惱。名不退心。然猶未證三種不退。但較前五心稍堅固耳。故那謨相雜。雖可不行。,《選佛譜》卷第六・六不退心・L37,六不退心
3342,第12门,別教位次門,卷6,四生貴住,那阿,那,见烦恼,阿,施善,不行·安住本位,,,安住,,「那」表见烦恼、「阿」表施善。相为对治，二俱无力，故不行。,手工逐组（门1–14 手写）,通則,,其餘位中。以阿彌陀善。與那謨惡相為對治。二俱無力。所以並不行也。,《選佛譜》卷第一・見取・L57,見取
3343,第12门,別教位次門,卷6,四生貴住,那彌,那,见烦恼,彌,戒善,不行·安住本位,,,安住,,「那」表见烦恼、「彌」表戒善。相为对治，二俱无力，故不行。,手工逐组（门1–14 手写）,通則,,其餘位中。以阿彌陀善。與那謨惡相為對治。二俱無力。所以並不行也。,《選佛譜》卷第一・見取・L57,見取
3344,第12门,別教位次門,卷6,四生貴住,那陀,那,见烦恼,陀,定善,不行·安住本位,,,安住,,「那」表见烦恼、「陀」表定善。相为对治，二俱无力，故不行。,手工逐组（门1–14 手写）,通則,,其餘位中。以阿彌陀善。與那謨惡相為對治。二俱無力。所以並不行也。,《選佛譜》卷第一・見取・L57,見取
3345,第12门,別教位次門,卷6,四生貴住,那佛,那,见烦恼,佛,无漏善慧,行,八童真住,第12门,升,,「那」表见烦恼、「佛」表无漏善慧。准位应同阿那含向，按位渐进，入八童真住。,手工逐组（门1–14 手写）,承注,,阿阿等八。按位漸進。如常可知。,《選佛譜》卷第六・初發心住・L57,初發心住
3346,第12门,別教位次門,卷6,四生貴住,謨謨,謨,爱烦恼,謨,爱烦恼,不行·安住本位,,,安住,,「謨謨」二字俱表爱烦恼。此位生在佛家，种性清净，故不行。,手工逐组（门1–14 手写）,推演,,"菩薩於多劫中。修行信心。已得成就。能斷分別我見。及從分別所起惡煩惱業。創見真空寂滅之理。
良由菩薩化物心重。自行則輕。不務斷結。從十信心。即便出假。既出假後遇大違緣。則分別心生。退菩提願。如舍利弗。往昔已曾得六住心。由婆羅門乞眼因緣。捨其大願。還趨小果。","《選佛譜》卷第六・初發心住・L57
《選佛譜》卷第六・初發心住・L57",初發心住
3347,第12门,別教位次門,卷6,四生貴住,謨阿,謨,爱烦恼,阿,施善,不行·安住本位,,,安住,,「謨」表爱烦恼、「阿」表施善。相为对治，二俱无力，故不行。,手工逐组（门1–14 手写）,通則,,其餘位中。以阿彌陀善。與那謨惡相為對治。二俱無力。所以並不行也。,《選佛譜》卷第一・見取・L57,見取
3348,第12门,別教位次門,卷6,四生貴住,謨彌,謨,爱烦恼,彌,戒善,不行·安住本位,,,安住,,「謨」表爱烦恼、「彌」表戒善。相为对治，二俱无力，故不行。,手工逐组（门1–14 手写）,通則,,其餘位中。以阿彌陀善。與那謨惡相為對治。二俱無力。所以並不行也。,《選佛譜》卷第一・見取・L57,見取
3349,第12门,別教位次門,卷6,四生貴住,謨陀,謨,爱烦恼,陀,定善,不行·安住本位,,,安住,,「謨」表爱烦恼、「陀」表定善。相为对治，二俱无力，故不行。,手工逐组（门1–14 手写）,通則,,其餘位中。以阿彌陀善。與那謨惡相為對治。二俱無力。所以並不行也。,《選佛譜》卷第一・見取・L57,見取
3350,第12门,別教位次門,卷6,四生貴住,謨佛,謨,爱烦恼,佛,无漏善慧,行,九法王子住,第12门,升,,「謨」表爱烦恼、「佛」表无漏善慧。准位应同阿那含向，按位渐进，入九法王子住。,手工逐组（门1–14 手写）,承注,,阿阿等八。按位漸進。如常可知。,《選佛譜》卷第六・初發心住・L57,初發心住
3351,第12门,別教位次門,卷6,四生貴住,阿阿,阿,施善,阿,施善,行,五方便具足住,第12门,升,,「阿阿」二字俱表施善。种性清净，按位渐进，故入五方便具足住。,手工逐组（门1–14 手写）,承注,,阿阿等八。按位漸進。如常可知。,《選佛譜》卷第六・初發心住・L57,初發心住
3352,第12门,別教位次門,卷6,四生貴住,阿彌,阿,施善,彌,戒善,行,六正心住,第12门,升,,「阿」表施善、「彌」表戒善。种性清净，按位渐进，故入六正心住。,手工逐组（门1–14 手写）,承注,,阿阿等八。按位漸進。如常可知。,《選佛譜》卷第六・初發心住・L57,初發心住
3353,第12门,別教位次門,卷6,四生貴住,阿陀,阿,施善,陀,定善,行,七不退住,第12门,升,,「阿」表施善、「陀」表定善。种性清净，按位渐进，故入七不退住。,手工逐组（门1–14 手写）,承注,,阿阿等八。按位漸進。如常可知。,《選佛譜》卷第六・初發心住・L57,初發心住
3354,第12门,別教位次門,卷6,四生貴住,阿佛,阿,施善,佛,无漏善慧,行,四無盡行,第12门,升,,「阿」表施善、「佛」表无漏善慧。亦得渐超，故阶四无尽行。,手工逐组（门1–14 手写）,承注,,阿佛亦得漸超。故階初行。,《選佛譜》卷第六・初發心住・L57,初發心住
3355,第12门,別教位次門,卷6,四生貴住,彌彌,彌,戒善,彌,戒善,行,七不退住,第12门,升,,「彌彌」二字俱表戒善。种性清净，按位渐进，故入七不退住。,手工逐组（门1–14 手写）,承注,,阿阿等八。按位漸進。如常可知。,《選佛譜》卷第六・初發心住・L57,初發心住
3356,第12门,別教位次門,卷6,四生貴住,彌陀,彌,戒善,陀,定善,行,八童真住,第12门,升,,「彌」表戒善、「陀」表定善。种性清净，按位渐进，故入八童真住。,手工逐组（门1–14 手写）,承注,,阿阿等八。按位漸進。如常可知。,《選佛譜》卷第六・初發心住・L57,初發心住
3357,第12门,別教位次門,卷6,四生貴住,彌佛,彌,戒善,佛,无漏善慧,行,圓十信位,第13门,升,,「彌」表戒善、「佛」表无漏善慧。按位可接，故成圆十信位。,手工逐组（门1–14 手写）,承注,,彌佛按位可接。故成圓信。,《選佛譜》卷第六・初發心住・L57,初發心住
3358,第12门,別教位次門,卷6,四生貴住,陀陀,陀,定善,陀,定善,行,九法王子住,第12门,升,,「陀陀」二字俱表定善。种性清净，按位渐进，故入九法王子住。,手工逐组（门1–14 手写）,承注,,阿阿等八。按位漸進。如常可知。,《選佛譜》卷第六・初發心住・L57,初發心住
3359,第12门,別教位次門,卷6,四生貴住,陀佛,陀,定善,佛,无漏善慧,行,方便有餘淨土,第14门,横超,,「陀」表定善、「佛」表无漏善慧。归方便净，永离退缘，故生方便有余净土。,手工逐组（门1–14 手写）,承注,,陀佛歸方便淨。永離退緣。,《選佛譜》卷第六・初發心住・L57,初發心住
3360,第12门,別教位次門,卷6,四生貴住,佛佛,佛,无漏善慧,佛,无漏善慧,行,圓十住位,第13门,升,,「佛佛」二字俱表无漏善慧。开粗显妙，亦是胜进接，故入圆十住位。,手工逐组（门1–14 手写）,承注,,佛佛開麤顯妙。亦是勝進接也。,《選佛譜》卷第六・初發心住・L57,初發心住
3361,第12门,別教位次門,卷6,五方便具足住,那那,那,见烦恼,那,见烦恼,行,無生懺,第6门,降,,「那那」二字俱表见烦恼。六住已前烦惑未尽，犹有退转义，故须修无生忏。,手工逐组（门1–14 手写）,承注,,是故六住已前。煩惑未盡。猶得有退轉義。那那須修無生懺也。,《選佛譜》卷第六・初發心住・L57,初發心住
3362,第12门,別教位次門,卷6,五方便具足住,那謨,那,见烦恼,謨,爱烦恼,不行·安住本位,,,安住,,「那」表见烦恼、「謨」表爱烦恼。相为对治，二俱无力，故不行。,手工逐组（门1–14 手写）,推演,,於定心中。如次修行三十七品。令其調適。能伏煩惱。名不退心。然猶未證三種不退。但較前五心稍堅固耳。故那謨相雜。雖可不行。,《選佛譜》卷第六・六不退心・L37,六不退心
3363,第12门,別教位次門,卷6,五方便具足住,那阿,那,见烦恼,阿,施善,不行·安住本位,,,安住,,「那」表见烦恼、「阿」表施善。相为对治，二俱无力，故不行。,手工逐组（门1–14 手写）,通則,,其餘位中。以阿彌陀善。與那謨惡相為對治。二俱無力。所以並不行也。,《選佛譜》卷第一・見取・L57,見取
3364,第12门,別教位次門,卷6,五方便具足住,那彌,那,见烦恼,彌,戒善,不行·安住本位,,,安住,,「那」表见烦恼、「彌」表戒善。相为对治，二俱无力，故不行。,手工逐组（门1–14 手写）,通則,,其餘位中。以阿彌陀善。與那謨惡相為對治。二俱無力。所以並不行也。,《選佛譜》卷第一・見取・L57,見取
3365,第12门,別教位次門,卷6,五方便具足住,那陀,那,见烦恼,陀,定善,不行·安住本位,,,安住,,「那」表见烦恼、「陀」表定善。相为对治，二俱无力，故不行。,手工逐组（门1–14 手写）,通則,,其餘位中。以阿彌陀善。與那謨惡相為對治。二俱無力。所以並不行也。,《選佛譜》卷第一・見取・L57,見取
3366,第12门,別教位次門,卷6,五方便具足住,那佛,那,见烦恼,佛,无漏善慧,行,九法王子住,第12门,升,,「那」表见烦恼、「佛」表无漏善慧。准位应同阿那含果，按位渐进，入九法王子住。,手工逐组（门1–14 手写）,承注,,阿阿等八。按位漸進。如常可知。,《選佛譜》卷第六・初發心住・L57,初發心住
3367,第12门,別教位次門,卷6,五方便具足住,謨謨,謨,爱烦恼,謨,爱烦恼,不行·安住本位,,,安住,,「謨謨」二字俱表爱烦恼。此位多习无量善根，故不行。,手工逐组（门1–14 手写）,推演,,"菩薩於多劫中。修行信心。已得成就。能斷分別我見。及從分別所起惡煩惱業。創見真空寂滅之理。
良由菩薩化物心重。自行則輕。不務斷結。從十信心。即便出假。既出假後遇大違緣。則分別心生。退菩提願。如舍利弗。往昔已曾得六住心。由婆羅門乞眼因緣。捨其大願。還趨小果。","《選佛譜》卷第六・初發心住・L57
《選佛譜》卷第六・初發心住・L57",初發心住
3368,第12门,別教位次門,卷6,五方便具足住,謨阿,謨,爱烦恼,阿,施善,不行·安住本位,,,安住,,「謨」表爱烦恼、「阿」表施善。相为对治，二俱无力，故不行。,手工逐组（门1–14 手写）,通則,,其餘位中。以阿彌陀善。與那謨惡相為對治。二俱無力。所以並不行也。,《選佛譜》卷第一・見取・L57,見取
3369,第12门,別教位次門,卷6,五方便具足住,謨彌,謨,爱烦恼,彌,戒善,不行·安住本位,,,安住,,「謨」表爱烦恼、「彌」表戒善。相为对治，二俱无力，故不行。,手工逐组（门1–14 手写）,通則,,其餘位中。以阿彌陀善。與那謨惡相為對治。二俱無力。所以並不行也。,《選佛譜》卷第一・見取・L57,見取
3370,第12门,別教位次門,卷6,五方便具足住,謨陀,謨,爱烦恼,陀,定善,不行·安住本位,,,安住,,「謨」表爱烦恼、「陀」表定善。相为对治，二俱无力，故不行。,手工逐组（门1–14 手写）,通則,,其餘位中。以阿彌陀善。與那謨惡相為對治。二俱無力。所以並不行也。,《選佛譜》卷第一・見取・L57,見取
3371,第12门,別教位次門,卷6,五方便具足住,謨佛,謨,爱烦恼,佛,无漏善慧,行,十灌頂住,第12门,升,,「謨」表爱烦恼、「佛」表无漏善慧。准位应同阿那含果，按位渐进，入十灌顶住。,手工逐组（门1–14 手写）,承注,,阿阿等八。按位漸進。如常可知。,《選佛譜》卷第六・初發心住・L57,初發心住
3372,第12门,別教位次門,卷6,五方便具足住,阿阿,阿,施善,阿,施善,行,六正心住,第12门,升,,「阿阿」二字俱表施善。多习无量善根，按位渐进，故入六正心住。,手工逐组（门1–14 手写）,承注,,阿阿等八。按位漸進。如常可知。,《選佛譜》卷第六・初發心住・L57,初發心住
3373,第12门,別教位次門,卷6,五方便具足住,阿彌,阿,施善,彌,戒善,行,七不退住,第12门,升,,「阿」表施善、「彌」表戒善。多习无量善根，按位渐进，故入七不退住。,手工逐组（门1–14 手写）,承注,,阿阿等八。按位漸進。如常可知。,《選佛譜》卷第六・初發心住・L57,初發心住
3374,第12门,別教位次門,卷6,五方便具足住,阿陀,阿,施善,陀,定善,行,八童真住,第12门,升,,「阿」表施善、「陀」表定善。多习无量善根，按位渐进，故入八童真住。,手工逐组（门1–14 手写）,承注,,阿阿等八。按位漸進。如常可知。,《選佛譜》卷第六・初發心住・L57,初發心住
3375,第12门,別教位次門,卷6,五方便具足住,阿佛,阿,施善,佛,无漏善慧,行,五離癡亂行,第12门,升,,「阿」表施善、「佛」表无漏善慧。亦得渐超，故阶五离痴乱行。,手工逐组（门1–14 手写）,承注,,阿佛亦得漸超。故階初行。,《選佛譜》卷第六・初發心住・L57,初發心住
3376,第12门,別教位次門,卷6,五方便具足住,彌彌,彌,戒善,彌,戒善,行,八童真住,第12门,升,,「彌彌」二字俱表戒善。多习无量善根，按位渐进，故入八童真住。,手工逐组（门1–14 手写）,承注,,阿阿等八。按位漸進。如常可知。,《選佛譜》卷第六・初發心住・L57,初發心住
3377,第12门,別教位次門,卷6,五方便具足住,彌陀,彌,戒善,陀,定善,行,九法王子住,第12门,升,,「彌」表戒善、「陀」表定善。多习无量善根，按位渐进，入九法王子住。,手工逐组（门1–14 手写）,承注,,阿阿等八。按位漸進。如常可知。,《選佛譜》卷第六・初發心住・L57,初發心住
3378,第12门,別教位次門,卷6,五方便具足住,彌佛,彌,戒善,佛,无漏善慧,行,圓十信位,第13门,升,,「彌」表戒善、「佛」表无漏善慧。按位可接，故成圆十信位。,手工逐组（门1–14 手写）,承注,,彌佛按位可接。故成圓信。,《選佛譜》卷第六・初發心住・L57,初發心住
3379,第12门,別教位次門,卷6,五方便具足住,陀陀,陀,定善,陀,定善,行,十灌頂住,第12门,升,,「陀陀」二字俱表定善。多习无量善根，按位渐进，故入十灌顶住。,手工逐组（门1–14 手写）,承注,,阿阿等八。按位漸進。如常可知。,《選佛譜》卷第六・初發心住・L57,初發心住
3380,第12门,別教位次門,卷6,五方便具足住,陀佛,陀,定善,佛,无漏善慧,行,方便有餘淨土,第14门,横超,,「陀」表定善、「佛」表无漏善慧。归方便净，永离退缘，故生方便有余净土。,手工逐组（门1–14 手写）,承注,,陀佛歸方便淨。永離退緣。,《選佛譜》卷第六・初發心住・L57,初發心住
3381,第12门,別教位次門,卷6,五方便具足住,佛佛,佛,无漏善慧,佛,无漏善慧,行,圓十住位,第13门,升,,「佛佛」二字俱表无漏善慧。开粗显妙，亦是胜进接，故入圆十住位。,手工逐组（门1–14 手写）,承注,,佛佛開麤顯妙。亦是勝進接也。,《選佛譜》卷第六・初發心住・L57,初發心住
3382,第12门,別教位次門,卷6,六正心住,那那,那,见烦恼,那,见烦恼,行,無生懺,第6门,降,,「那那」二字俱表见烦恼。六住已前烦惑未尽，犹有退转义，故须修无生忏。,手工逐组（门1–14 手写）,承注,,是故六住已前。煩惑未盡。猶得有退轉義。那那須修無生懺也。,《選佛譜》卷第六・初發心住・L57,初發心住
3383,第12门,別教位次門,卷6,六正心住,那謨,那,见烦恼,謨,爱烦恼,不行·安住本位,,,安住,,「那」表见烦恼、「謨」表爱烦恼。相为对治，二俱无力，故不行。,手工逐组（门1–14 手写）,推演,,於定心中。如次修行三十七品。令其調適。能伏煩惱。名不退心。然猶未證三種不退。但較前五心稍堅固耳。故那謨相雜。雖可不行。,《選佛譜》卷第六・六不退心・L37,六不退心
3384,第12门,別教位次門,卷6,六正心住,那阿,那,见烦恼,阿,施善,不行·安住本位,,,安住,,「那」表见烦恼、「阿」表施善。相为对治，二俱无力，故不行。,手工逐组（门1–14 手写）,通則,,其餘位中。以阿彌陀善。與那謨惡相為對治。二俱無力。所以並不行也。,《選佛譜》卷第一・見取・L57,見取
3385,第12门,別教位次門,卷6,六正心住,那彌,那,见烦恼,彌,戒善,不行·安住本位,,,安住,,「那」表见烦恼、「彌」表戒善。相为对治，二俱无力，故不行。,手工逐组（门1–14 手写）,通則,,其餘位中。以阿彌陀善。與那謨惡相為對治。二俱無力。所以並不行也。,《選佛譜》卷第一・見取・L57,見取
3386,第12门,別教位次門,卷6,六正心住,那陀,那,见烦恼,陀,定善,不行·安住本位,,,安住,,「那」表见烦恼、「陀」表定善。相为对治，二俱无力，故不行。,手工逐组（门1–14 手写）,通則,,其餘位中。以阿彌陀善。與那謨惡相為對治。二俱無力。所以並不行也。,《選佛譜》卷第一・見取・L57,見取
3387,第12门,別教位次門,卷6,六正心住,那佛,那,见烦恼,佛,无漏善慧,行,十灌頂住,第12门,升,,「那」表见烦恼、「佛」表无漏善慧。准位应同阿罗汉向，按位渐进，故入十灌顶住。,手工逐组（门1–14 手写）,承注,,阿阿等八。按位漸進。如常可知。,《選佛譜》卷第六・初發心住・L57,初發心住
3388,第12门,別教位次門,卷6,六正心住,謨謨,謨,爱烦恼,謨,爱烦恼,不行·安住本位,,,安住,,「謨謨」二字俱表爱烦恼。此位成就第六般若法门，故不行。,手工逐组（门1–14 手写）,推演,,"菩薩於多劫中。修行信心。已得成就。能斷分別我見。及從分別所起惡煩惱業。創見真空寂滅之理。
良由菩薩化物心重。自行則輕。不務斷結。從十信心。即便出假。既出假後遇大違緣。則分別心生。退菩提願。如舍利弗。往昔已曾得六住心。由婆羅門乞眼因緣。捨其大願。還趨小果。","《選佛譜》卷第六・初發心住・L57
《選佛譜》卷第六・初發心住・L57",初發心住
3389,第12门,別教位次門,卷6,六正心住,謨阿,謨,爱烦恼,阿,施善,不行·安住本位,,,安住,,「謨」表爱烦恼、「阿」表施善。相为对治，二俱无力，故不行。,手工逐组（门1–14 手写）,通則,,其餘位中。以阿彌陀善。與那謨惡相為對治。二俱無力。所以並不行也。,《選佛譜》卷第一・見取・L57,見取
3390,第12门,別教位次門,卷6,六正心住,謨彌,謨,爱烦恼,彌,戒善,不行·安住本位,,,安住,,「謨」表爱烦恼、「彌」表戒善。相为对治，二俱无力，故不行。,手工逐组（门1–14 手写）,通則,,其餘位中。以阿彌陀善。與那謨惡相為對治。二俱無力。所以並不行也。,《選佛譜》卷第一・見取・L57,見取
3391,第12门,別教位次門,卷6,六正心住,謨陀,謨,爱烦恼,陀,定善,不行·安住本位,,,安住,,「謨」表爱烦恼、「陀」表定善。相为对治，二俱无力，故不行。,手工逐组（门1–14 手写）,通則,,其餘位中。以阿彌陀善。與那謨惡相為對治。二俱無力。所以並不行也。,《選佛譜》卷第一・見取・L57,見取
3392,第12门,別教位次門,卷6,六正心住,謨佛,謨,爱烦恼,佛,无漏善慧,行,初歡喜行,第12门,升,,「謨」表爱烦恼、「佛」表无漏善慧。准位应同阿罗汉向，按位渐进，故入初欢喜行。,手工逐组（门1–14 手写）,承注,,阿阿等八。按位漸進。如常可知。,《選佛譜》卷第六・初發心住・L57,初發心住
3393,第12门,別教位次門,卷6,六正心住,阿阿,阿,施善,阿,施善,行,七不退住,第12门,升,,「阿阿」二字俱表施善。成就第六般若法门，按位渐进，入七不退住。,手工逐组（门1–14 手写）,承注,,阿阿等八。按位漸進。如常可知。,《選佛譜》卷第六・初發心住・L57,初發心住
3394,第12门,別教位次門,卷6,六正心住,阿彌,阿,施善,彌,戒善,行,八童真住,第12门,升,,「阿」表施善、「彌」表戒善。成就第六般若法门，按位渐进，入八童真住。,手工逐组（门1–14 手写）,承注,,阿阿等八。按位漸進。如常可知。,《選佛譜》卷第六・初發心住・L57,初發心住
3395,第12门,別教位次門,卷6,六正心住,阿陀,阿,施善,陀,定善,行,九法王子住,第12门,升,,「阿」表施善、「陀」表定善。成就第六般若法门，按位渐进，入九法王子住。,手工逐组（门1–14 手写）,承注,,阿阿等八。按位漸進。如常可知。,《選佛譜》卷第六・初發心住・L57,初發心住
3396,第12门,別教位次門,卷6,六正心住,阿佛,阿,施善,佛,无漏善慧,行,六善現行,第12门,升,,「阿」表施善、「佛」表无漏善慧。亦得渐超，故阶六善现行。,手工逐组（门1–14 手写）,承注,,阿佛亦得漸超。故階初行。,《選佛譜》卷第六・初發心住・L57,初發心住
3397,第12门,別教位次門,卷6,六正心住,彌彌,彌,戒善,彌,戒善,行,九法王子住,第12门,升,,「彌彌」二字俱表戒善。成就第六般若法门，按位渐进，入九法王子住。,手工逐组（门1–14 手写）,承注,,阿阿等八。按位漸進。如常可知。,《選佛譜》卷第六・初發心住・L57,初發心住
3398,第12门,別教位次門,卷6,六正心住,彌陀,彌,戒善,陀,定善,行,十灌頂住,第12门,升,,「彌」表戒善、「陀」表定善。成就第六般若法门，按位渐进，入十灌顶住。,手工逐组（门1–14 手写）,承注,,阿阿等八。按位漸進。如常可知。,《選佛譜》卷第六・初發心住・L57,初發心住
3399,第12门,別教位次門,卷6,六正心住,彌佛,彌,戒善,佛,无漏善慧,行,圓十信位,第13门,升,,「彌」表戒善、「佛」表无漏善慧。按位可接，故成圆十信位。,手工逐组（门1–14 手写）,承注,,彌佛按位可接。故成圓信。,《選佛譜》卷第六・初發心住・L57,初發心住
3400,第12门,別教位次門,卷6,六正心住,陀陀,陀,定善,陀,定善,行,初歡喜行,第12门,升,,「陀陀」二字俱表定善。成就第六般若法门，按位渐进，入初欢喜行。,手工逐组（门1–14 手写）,承注,,阿阿等八。按位漸進。如常可知。,《選佛譜》卷第六・初發心住・L57,初發心住
3401,第12门,別教位次門,卷6,六正心住,陀佛,陀,定善,佛,无漏善慧,行,方便有餘淨土,第14门,横超,,「陀」表定善、「佛」表无漏善慧。归方便净，永离退缘，故生方便有余净土。,手工逐组（门1–14 手写）,承注,,陀佛歸方便淨。永離退緣。,《選佛譜》卷第六・初發心住・L57,初發心住
3402,第12门,別教位次門,卷6,六正心住,佛佛,佛,无漏善慧,佛,无漏善慧,行,圓十住位,第13门,升,,「佛佛」二字俱表无漏善慧。开粗显妙，亦是胜进接，故入圆十住位。,手工逐组（门1–14 手写）,承注,,佛佛開麤顯妙。亦是勝進接也。,《選佛譜》卷第六・初發心住・L57,初發心住
3403,第12门,別教位次門,卷6,七不退住,那那,那,见烦恼,那,见烦恼,不行·安住本位,,,安住,,「那那」二字俱表见烦恼。此位入于无生毕竟空界，故不行。,手工逐组（门1–14 手写）,推演,,"是故六住已前。煩惑未盡。猶得有退轉義。那那須修無生懺也。
入於無生畢竟空界。名不退住。准位應同阿羅漢果。已辦地也。","《選佛譜》卷第六・初發心住・L57
《選佛譜》卷第六・七不退住・L81",初發心住、七不退住
3404,第12门,別教位次門,卷6,七不退住,那謨,那,见烦恼,謨,爱烦恼,不行·安住本位,,,安住,,「那」表见烦恼、「謨」表爱烦恼。此位入于无生毕竟空界，烦恼不复现起，故不行。,手工逐组（门1–14 手写）,推演,,於定心中。如次修行三十七品。令其調適。能伏煩惱。名不退心。然猶未證三種不退。但較前五心稍堅固耳。故那謨相雜。雖可不行。,《選佛譜》卷第六・六不退心・L37,六不退心
3405,第12门,別教位次門,卷6,七不退住,那阿,那,见烦恼,阿,施善,不行·安住本位,,,安住,,「那」表见烦恼、「阿」表施善。此位入于无生毕竟空界，烦恼不复现起，故不行。,手工逐组（门1–14 手写）,通則,,其餘位中。以阿彌陀善。與那謨惡相為對治。二俱無力。所以並不行也。,《選佛譜》卷第一・見取・L57,見取
3406,第12门,別教位次門,卷6,七不退住,那彌,那,见烦恼,彌,戒善,不行·安住本位,,,安住,,「那」表见烦恼、「彌」表戒善。此位入于无生毕竟空界，烦恼不复现起，故不行。,手工逐组（门1–14 手写）,通則,,其餘位中。以阿彌陀善。與那謨惡相為對治。二俱無力。所以並不行也。,《選佛譜》卷第一・見取・L57,見取
3407,第12门,別教位次門,卷6,七不退住,那陀,那,见烦恼,陀,定善,不行·安住本位,,,安住,,「那」表见烦恼、「陀」表定善。此位入于无生毕竟空界，烦恼不复现起，故不行。,手工逐组（门1–14 手写）,通則,,其餘位中。以阿彌陀善。與那謨惡相為對治。二俱無力。所以並不行也。,《選佛譜》卷第一・見取・L57,見取
3408,第12门,別教位次門,卷6,七不退住,那佛,那,见烦恼,佛,无漏善慧,行,初歡喜行,第12门,升,,「那」表见烦恼、「佛」表无漏善慧。准位应同阿罗汉果，按位渐进，故入初欢喜行。,手工逐组（门1–14 手写）,承注,,阿阿等八。按位漸進。如常可知。,《選佛譜》卷第六・初發心住・L57,初發心住
3409,第12门,別教位次門,卷6,七不退住,謨謨,謨,爱烦恼,謨,爱烦恼,不行·安住本位,,,安住,,「謨謨」二字俱表爱烦恼。此位入于无生毕竟空界，故不行。,手工逐组（门1–14 手写）,推演,,"菩薩於多劫中。修行信心。已得成就。能斷分別我見。及從分別所起惡煩惱業。創見真空寂滅之理。
良由菩薩化物心重。自行則輕。不務斷結。從十信心。即便出假。既出假後遇大違緣。則分別心生。退菩提願。如舍利弗。往昔已曾得六住心。由婆羅門乞眼因緣。捨其大願。還趨小果。","《選佛譜》卷第六・初發心住・L57
《選佛譜》卷第六・初發心住・L57",初發心住
3410,第12门,別教位次門,卷6,七不退住,謨阿,謨,爱烦恼,阿,施善,不行·安住本位,,,安住,,「謨」表爱烦恼、「阿」表施善。此位入于无生毕竟空界，烦恼不复现起，故不行。,手工逐组（门1–14 手写）,通則,,其餘位中。以阿彌陀善。與那謨惡相為對治。二俱無力。所以並不行也。,《選佛譜》卷第一・見取・L57,見取
3411,第12门,別教位次門,卷6,七不退住,謨彌,謨,爱烦恼,彌,戒善,不行·安住本位,,,安住,,「謨」表爱烦恼、「彌」表戒善。此位入于无生毕竟空界，烦恼不复现起，故不行。,手工逐组（门1–14 手写）,通則,,其餘位中。以阿彌陀善。與那謨惡相為對治。二俱無力。所以並不行也。,《選佛譜》卷第一・見取・L57,見取
3412,第12门,別教位次門,卷6,七不退住,謨陀,謨,爱烦恼,陀,定善,不行·安住本位,,,安住,,「謨」表爱烦恼、「陀」表定善。此位入于无生毕竟空界，烦恼不复现起，故不行。,手工逐组（门1–14 手写）,通則,,其餘位中。以阿彌陀善。與那謨惡相為對治。二俱無力。所以並不行也。,《選佛譜》卷第一・見取・L57,見取
3413,第12门,別教位次門,卷6,七不退住,謨佛,謨,爱烦恼,佛,无漏善慧,行,二饒益行,第12门,升,,「謨」表爱烦恼、「佛」表无漏善慧。准位应同阿罗汉果，按位渐进，故入二饶益行。,手工逐组（门1–14 手写）,承注,,阿阿等八。按位漸進。如常可知。,《選佛譜》卷第六・初發心住・L57,初發心住
3414,第12门,別教位次門,卷6,七不退住,阿阿,阿,施善,阿,施善,行,八童真住,第12门,升,,「阿阿」二字俱表施善。入于无生毕竟空界，按位渐进，故入八童真住。,手工逐组（门1–14 手写）,承注,,阿阿等八。按位漸進。如常可知。,《選佛譜》卷第六・初發心住・L57,初發心住
3415,第12门,別教位次門,卷6,七不退住,阿彌,阿,施善,彌,戒善,行,九法王子住,第12门,升,,「阿」表施善、「彌」表戒善。入于无生毕竟空界，按位渐进，入九法王子住。,手工逐组（门1–14 手写）,承注,,阿阿等八。按位漸進。如常可知。,《選佛譜》卷第六・初發心住・L57,初發心住
3416,第12门,別教位次門,卷6,七不退住,阿陀,阿,施善,陀,定善,行,十灌頂住,第12门,升,,「阿」表施善、「陀」表定善。入于无生毕竟空界，按位渐进，故入十灌顶住。,手工逐组（门1–14 手写）,承注,,阿阿等八。按位漸進。如常可知。,《選佛譜》卷第六・初發心住・L57,初發心住
3417,第12门,別教位次門,卷6,七不退住,阿佛,阿,施善,佛,无漏善慧,行,七無著行,第12门,升,,「阿」表施善、「佛」表无漏善慧。亦得渐超，故阶七无著行。,手工逐组（门1–14 手写）,承注,,阿佛亦得漸超。故階初行。,《選佛譜》卷第六・初發心住・L57,初發心住
3418,第12门,別教位次門,卷6,七不退住,彌彌,彌,戒善,彌,戒善,行,十灌頂住,第12门,升,,「彌彌」二字俱表戒善。入于无生毕竟空界，按位渐进，故入十灌顶住。,手工逐组（门1–14 手写）,承注,,阿阿等八。按位漸進。如常可知。,《選佛譜》卷第六・初發心住・L57,初發心住
3419,第12门,別教位次門,卷6,七不退住,彌陀,彌,戒善,陀,定善,行,初歡喜行,第12门,升,,「彌」表戒善、「陀」表定善。入于无生毕竟空界，按位渐进，故入初欢喜行。,手工逐组（门1–14 手写）,承注,,阿阿等八。按位漸進。如常可知。,《選佛譜》卷第六・初發心住・L57,初發心住
3420,第12门,別教位次門,卷6,七不退住,彌佛,彌,戒善,佛,无漏善慧,行,圓十信位,第13门,升,,「彌」表戒善、「佛」表无漏善慧。按位可接，故成圆十信位。,手工逐组（门1–14 手写）,承注,,彌佛按位可接。故成圓信。,《選佛譜》卷第六・初發心住・L57,初發心住
3421,第12门,別教位次門,卷6,七不退住,陀陀,陀,定善,陀,定善,行,二饒益行,第12门,升,,「陀陀」二字俱表定善。入于无生毕竟空界，按位渐进，故入二饶益行。,手工逐组（门1–14 手写）,承注,,阿阿等八。按位漸進。如常可知。,《選佛譜》卷第六・初發心住・L57,初發心住
3422,第12门,別教位次門,卷6,七不退住,陀佛,陀,定善,佛,无漏善慧,行,方便有餘淨土,第14门,横超,,「陀」表定善、「佛」表无漏善慧。归方便净，永离退缘，故生方便有余净土。,手工逐组（门1–14 手写）,承注,,陀佛歸方便淨。永離退緣。,《選佛譜》卷第六・初發心住・L57,初發心住
3423,第12门,別教位次門,卷6,七不退住,佛佛,佛,无漏善慧,佛,无漏善慧,行,圓十住位,第13门,升,,「佛佛」二字俱表无漏善慧。开粗显妙，亦是胜进接，故入圆十住位。,手工逐组（门1–14 手写）,承注,,佛佛開麤顯妙。亦是勝進接也。,《選佛譜》卷第六・初發心住・L57,初發心住
3424,第12门,別教位次門,卷6,八童真住,那那,那,见烦恼,那,见烦恼,不行·安住本位,,,安住,,「那那」二字俱表见烦恼。此位不以邪倒破菩提心，故不行。,手工逐组（门1–14 手写）,推演,,"是故六住已前。煩惑未盡。猶得有退轉義。那那須修無生懺也。
入於無生畢竟空界。名不退住。准位應同阿羅漢果。已辦地也。","《選佛譜》卷第六・初發心住・L57
《選佛譜》卷第六・七不退住・L81",初發心住、七不退住
3425,第12门,別教位次門,卷6,八童真住,那謨,那,见烦恼,謨,爱烦恼,不行·安住本位,,,安住,,「那」表见烦恼、「謨」表爱烦恼。此位不以邪倒破菩提心，烦恼不复现起，故不行。,手工逐组（门1–14 手写）,推演,,於定心中。如次修行三十七品。令其調適。能伏煩惱。名不退心。然猶未證三種不退。但較前五心稍堅固耳。故那謨相雜。雖可不行。,《選佛譜》卷第六・六不退心・L37,六不退心
3426,第12门,別教位次門,卷6,八童真住,那阿,那,见烦恼,阿,施善,不行·安住本位,,,安住,,「那」表见烦恼、「阿」表施善。此位不以邪倒破菩提心，烦恼不复现起，故不行。,手工逐组（门1–14 手写）,通則,,其餘位中。以阿彌陀善。與那謨惡相為對治。二俱無力。所以並不行也。,《選佛譜》卷第一・見取・L57,見取
3427,第12门,別教位次門,卷6,八童真住,那彌,那,见烦恼,彌,戒善,不行·安住本位,,,安住,,「那」表见烦恼、「彌」表戒善。此位不以邪倒破菩提心，烦恼不复现起，故不行。,手工逐组（门1–14 手写）,通則,,其餘位中。以阿彌陀善。與那謨惡相為對治。二俱無力。所以並不行也。,《選佛譜》卷第一・見取・L57,見取
3428,第12门,別教位次門,卷6,八童真住,那陀,那,见烦恼,陀,定善,不行·安住本位,,,安住,,「那」表见烦恼、「陀」表定善。此位不以邪倒破菩提心，烦恼不复现起，故不行。,手工逐组（门1–14 手写）,通則,,其餘位中。以阿彌陀善。與那謨惡相為對治。二俱無力。所以並不行也。,《選佛譜》卷第一・見取・L57,見取
3429,第12门,別教位次門,卷6,八童真住,那佛,那,见烦恼,佛,无漏善慧,行,二饒益行,第12门,升,,「那」表见烦恼、「佛」表无漏善慧。准位应同辟支佛地，能侵习，故入二饶益行。,手工逐组（门1–14 手写）,承注,,阿阿等八。按位漸進。如常可知。,《選佛譜》卷第六・初發心住・L57,初發心住
3430,第12门,別教位次門,卷6,八童真住,謨謨,謨,爱烦恼,謨,爱烦恼,不行·安住本位,,,安住,,「謨謨」二字俱表爱烦恼。此位离诸过失，故不行。,手工逐组（门1–14 手写）,推演,,"菩薩於多劫中。修行信心。已得成就。能斷分別我見。及從分別所起惡煩惱業。創見真空寂滅之理。
良由菩薩化物心重。自行則輕。不務斷結。從十信心。即便出假。既出假後遇大違緣。則分別心生。退菩提願。如舍利弗。往昔已曾得六住心。由婆羅門乞眼因緣。捨其大願。還趨小果。","《選佛譜》卷第六・初發心住・L57
《選佛譜》卷第六・初發心住・L57",初發心住
3431,第12门,別教位次門,卷6,八童真住,謨阿,謨,爱烦恼,阿,施善,不行·安住本位,,,安住,,「謨」表爱烦恼、「阿」表施善。此位不以邪倒破菩提心，烦恼不复现起，故不行。,手工逐组（门1–14 手写）,通則,,其餘位中。以阿彌陀善。與那謨惡相為對治。二俱無力。所以並不行也。,《選佛譜》卷第一・見取・L57,見取
3432,第12门,別教位次門,卷6,八童真住,謨彌,謨,爱烦恼,彌,戒善,不行·安住本位,,,安住,,「謨」表爱烦恼、「彌」表戒善。此位不以邪倒破菩提心，烦恼不复现起，故不行。,手工逐组（门1–14 手写）,通則,,其餘位中。以阿彌陀善。與那謨惡相為對治。二俱無力。所以並不行也。,《選佛譜》卷第一・見取・L57,見取
3433,第12门,別教位次門,卷6,八童真住,謨陀,謨,爱烦恼,陀,定善,不行·安住本位,,,安住,,「謨」表爱烦恼、「陀」表定善。此位不以邪倒破菩提心，烦恼不复现起，故不行。,手工逐组（门1–14 手写）,通則,,其餘位中。以阿彌陀善。與那謨惡相為對治。二俱無力。所以並不行也。,《選佛譜》卷第一・見取・L57,見取
3434,第12门,別教位次門,卷6,八童真住,謨佛,謨,爱烦恼,佛,无漏善慧,行,三無瞋恨行,第12门,升,,「謨」表爱烦恼、「佛」表无漏善慧。准位应同辟支佛地，能侵习，入三无瞋恨行。,手工逐组（门1–14 手写）,承注,,阿阿等八。按位漸進。如常可知。,《選佛譜》卷第六・初發心住・L57,初發心住
3435,第12门,別教位次門,卷6,八童真住,阿阿,阿,施善,阿,施善,行,九法王子住,第12门,升,,「阿阿」二字俱表施善。离诸过失，按位渐进，故入九法王子住。,手工逐组（门1–14 手写）,承注,,阿阿等八。按位漸進。如常可知。,《選佛譜》卷第六・初發心住・L57,初發心住
3436,第12门,別教位次門,卷6,八童真住,阿彌,阿,施善,彌,戒善,行,十灌頂住,第12门,升,,「阿」表施善、「彌」表戒善。离诸过失，按位渐进，故入十灌顶住。,手工逐组（门1–14 手写）,承注,,阿阿等八。按位漸進。如常可知。,《選佛譜》卷第六・初發心住・L57,初發心住
3437,第12门,別教位次門,卷6,八童真住,阿陀,阿,施善,陀,定善,行,初歡喜行,第12门,升,,「阿」表施善、「陀」表定善。离诸过失，按位渐进，故入初欢喜行。,手工逐组（门1–14 手写）,承注,,阿阿等八。按位漸進。如常可知。,《選佛譜》卷第六・初發心住・L57,初發心住
3438,第12门,別教位次門,卷6,八童真住,阿佛,阿,施善,佛,无漏善慧,行,八尊重行,第12门,升,,「阿」表施善、「佛」表无漏善慧。亦得渐超，故阶八尊重行。,手工逐组（门1–14 手写）,承注,,阿佛亦得漸超。故階初行。,《選佛譜》卷第六・初發心住・L57,初發心住
3439,第12门,別教位次門,卷6,八童真住,彌彌,彌,戒善,彌,戒善,行,初歡喜行,第12门,升,,「彌彌」二字俱表戒善。离诸过失，按位渐进，故入初欢喜行。,手工逐组（门1–14 手写）,承注,,阿阿等八。按位漸進。如常可知。,《選佛譜》卷第六・初發心住・L57,初發心住
3440,第12门,別教位次門,卷6,八童真住,彌陀,彌,戒善,陀,定善,行,二饒益行,第12门,升,,「彌」表戒善、「陀」表定善。离诸过失，按位渐进，故入二饶益行。,手工逐组（门1–14 手写）,承注,,阿阿等八。按位漸進。如常可知。,《選佛譜》卷第六・初發心住・L57,初發心住
3441,第12门,別教位次門,卷6,八童真住,彌佛,彌,戒善,佛,无漏善慧,行,圓十信位,第13门,升,,「彌」表戒善、「佛」表无漏善慧。按位可接，故成圆十信位。,手工逐组（门1–14 手写）,承注,,彌佛按位可接。故成圓信。,《選佛譜》卷第六・初發心住・L57,初發心住
3442,第12门,別教位次門,卷6,八童真住,陀陀,陀,定善,陀,定善,行,三無瞋恨行,第12门,升,,「陀陀」二字俱表定善。离诸过失，按位渐进，故入三无瞋恨行。,手工逐组（门1–14 手写）,承注,,阿阿等八。按位漸進。如常可知。,《選佛譜》卷第六・初發心住・L57,初發心住
3443,第12门,別教位次門,卷6,八童真住,陀佛,陀,定善,佛,无漏善慧,行,方便有餘淨土,第14门,横超,,「陀」表定善、「佛」表无漏善慧。归方便净，永离退缘，故生方便有余净土。,手工逐组（门1–14 手写）,承注,,陀佛歸方便淨。永離退緣。,《選佛譜》卷第六・初發心住・L57,初發心住
3444,第12门,別教位次門,卷6,八童真住,佛佛,佛,无漏善慧,佛,无漏善慧,行,圓十住位,第13门,升,,「佛佛」二字俱表无漏善慧。开粗显妙，亦是胜进接，故入圆十住位。,手工逐组（门1–14 手写）,承注,,佛佛開麤顯妙。亦是勝進接也。,《選佛譜》卷第六・初發心住・L57,初發心住
3445,第12门,別教位次門,卷6,九法王子住,那那,那,见烦恼,那,见烦恼,不行·安住本位,,,安住,,「那那」二字俱表见烦恼。此位从佛法生解，当绍佛位，故不行。,手工逐组（门1–14 手写）,推演,,"是故六住已前。煩惑未盡。猶得有退轉義。那那須修無生懺也。
入於無生畢竟空界。名不退住。准位應同阿羅漢果。已辦地也。","《選佛譜》卷第六・初發心住・L57
《選佛譜》卷第六・七不退住・L81",初發心住、七不退住
3446,第12门,別教位次門,卷6,九法王子住,那謨,那,见烦恼,謨,爱烦恼,不行·安住本位,,,安住,,「那」表见烦恼、「謨」表爱烦恼。此位从佛法生解，当绍佛位，烦恼不复现起，故不行。,手工逐组（门1–14 手写）,推演,,於定心中。如次修行三十七品。令其調適。能伏煩惱。名不退心。然猶未證三種不退。但較前五心稍堅固耳。故那謨相雜。雖可不行。,《選佛譜》卷第六・六不退心・L37,六不退心
3447,第12门,別教位次門,卷6,九法王子住,那阿,那,见烦恼,阿,施善,不行·安住本位,,,安住,,「那」表见烦恼、「阿」表施善。此位从佛法生解，当绍佛位，烦恼不复现起，故不行。,手工逐组（门1–14 手写）,通則,,其餘位中。以阿彌陀善。與那謨惡相為對治。二俱無力。所以並不行也。,《選佛譜》卷第一・見取・L57,見取
3448,第12门,別教位次門,卷6,九法王子住,那彌,那,见烦恼,彌,戒善,不行·安住本位,,,安住,,「那」表见烦恼、「彌」表戒善。此位从佛法生解，当绍佛位，烦恼不复现起，故不行。,手工逐组（门1–14 手写）,通則,,其餘位中。以阿彌陀善。與那謨惡相為對治。二俱無力。所以並不行也。,《選佛譜》卷第一・見取・L57,見取
3449,第12门,別教位次門,卷6,九法王子住,那陀,那,见烦恼,陀,定善,不行·安住本位,,,安住,,「那」表见烦恼、「陀」表定善。此位从佛法生解，当绍佛位，烦恼不复现起，故不行。,手工逐组（门1–14 手写）,通則,,其餘位中。以阿彌陀善。與那謨惡相為對治。二俱無力。所以並不行也。,《選佛譜》卷第一・見取・L57,見取
3450,第12门,別教位次門,卷6,九法王子住,那佛,那,见烦恼,佛,无漏善慧,行,三無瞋恨行,第12门,升,,「那」表见烦恼、「佛」表无漏善慧。应同通教菩萨地，按位渐进，入三无瞋恨行。,手工逐组（门1–14 手写）,承注,,阿阿等八。按位漸進。如常可知。,《選佛譜》卷第六・初發心住・L57,初發心住
3451,第12门,別教位次門,卷6,九法王子住,謨謨,謨,爱烦恼,謨,爱烦恼,不行·安住本位,,,安住,,「謨謨」二字俱表爱烦恼。此位从佛法生解，当绍佛位，故不行。,手工逐组（门1–14 手写）,推演,,"菩薩於多劫中。修行信心。已得成就。能斷分別我見。及從分別所起惡煩惱業。創見真空寂滅之理。
良由菩薩化物心重。自行則輕。不務斷結。從十信心。即便出假。既出假後遇大違緣。則分別心生。退菩提願。如舍利弗。往昔已曾得六住心。由婆羅門乞眼因緣。捨其大願。還趨小果。","《選佛譜》卷第六・初發心住・L57
《選佛譜》卷第六・初發心住・L57",初發心住
3452,第12门,別教位次門,卷6,九法王子住,謨阿,謨,爱烦恼,阿,施善,不行·安住本位,,,安住,,「謨」表爱烦恼、「阿」表施善。此位从佛法生解，当绍佛位，烦恼不复现起，故不行。,手工逐组（门1–14 手写）,通則,,其餘位中。以阿彌陀善。與那謨惡相為對治。二俱無力。所以並不行也。,《選佛譜》卷第一・見取・L57,見取
3453,第12门,別教位次門,卷6,九法王子住,謨彌,謨,爱烦恼,彌,戒善,不行·安住本位,,,安住,,「謨」表爱烦恼、「彌」表戒善。此位从佛法生解，当绍佛位，烦恼不复现起，故不行。,手工逐组（门1–14 手写）,通則,,其餘位中。以阿彌陀善。與那謨惡相為對治。二俱無力。所以並不行也。,《選佛譜》卷第一・見取・L57,見取
3454,第12门,別教位次門,卷6,九法王子住,謨陀,謨,爱烦恼,陀,定善,不行·安住本位,,,安住,,「謨」表爱烦恼、「陀」表定善。此位从佛法生解，当绍佛位，烦恼不复现起，故不行。,手工逐组（门1–14 手写）,通則,,其餘位中。以阿彌陀善。與那謨惡相為對治。二俱無力。所以並不行也。,《選佛譜》卷第一・見取・L57,見取
3455,第12门,別教位次門,卷6,九法王子住,謨佛,謨,爱烦恼,佛,无漏善慧,行,四無盡行,第12门,升,,「謨」表爱烦恼、「佛」表无漏善慧。应同通教菩萨地，按位渐进，故入四无尽行。,手工逐组（门1–14 手写）,承注,,阿阿等八。按位漸進。如常可知。,《選佛譜》卷第六・初發心住・L57,初發心住
3456,第12门,別教位次門,卷6,九法王子住,阿阿,阿,施善,阿,施善,行,十灌頂住,第12门,升,,「阿阿」二字俱表施善。从佛法生解，按位渐进，故入十灌顶住。,手工逐组（门1–14 手写）,承注,,阿阿等八。按位漸進。如常可知。,《選佛譜》卷第六・初發心住・L57,初發心住
3457,第12门,別教位次門,卷6,九法王子住,阿彌,阿,施善,彌,戒善,行,初歡喜行,第12门,升,,「阿」表施善、「彌」表戒善。从佛法生解，按位渐进，故入初欢喜行。,手工逐组（门1–14 手写）,承注,,阿阿等八。按位漸進。如常可知。,《選佛譜》卷第六・初發心住・L57,初發心住
3458,第12门,別教位次門,卷6,九法王子住,阿陀,阿,施善,陀,定善,行,二饒益行,第12门,升,,「阿」表施善、「陀」表定善。从佛法生解，按位渐进，故入二饶益行。,手工逐组（门1–14 手写）,承注,,阿阿等八。按位漸進。如常可知。,《選佛譜》卷第六・初發心住・L57,初發心住
3459,第12门,別教位次門,卷6,九法王子住,阿佛,阿,施善,佛,无漏善慧,行,九善法行,第12门,升,,「阿」表施善、「佛」表无漏善慧。亦得渐超，故阶九善法行。,手工逐组（门1–14 手写）,承注,,阿佛亦得漸超。故階初行。,《選佛譜》卷第六・初發心住・L57,初發心住
3460,第12门,別教位次門,卷6,九法王子住,彌彌,彌,戒善,彌,戒善,行,二饒益行,第12门,升,,「彌彌」二字俱表戒善。从佛法生解，按位渐进，故入二饶益行。,手工逐组（门1–14 手写）,承注,,阿阿等八。按位漸進。如常可知。,《選佛譜》卷第六・初發心住・L57,初發心住
3461,第12门,別教位次門,卷6,九法王子住,彌陀,彌,戒善,陀,定善,行,三無瞋恨行,第12门,升,,「彌」表戒善、「陀」表定善。当绍佛位，按位渐进，故入三无瞋恨行。,手工逐组（门1–14 手写）,承注,,阿阿等八。按位漸進。如常可知。,《選佛譜》卷第六・初發心住・L57,初發心住
3462,第12门,別教位次門,卷6,九法王子住,彌佛,彌,戒善,佛,无漏善慧,行,圓十信位,第13门,升,,「彌」表戒善、「佛」表无漏善慧。按位可接，故成圆十信位。,手工逐组（门1–14 手写）,承注,,彌佛按位可接。故成圓信。,《選佛譜》卷第六・初發心住・L57,初發心住
3463,第12门,別教位次門,卷6,九法王子住,陀陀,陀,定善,陀,定善,行,四無盡行,第12门,升,,「陀陀」二字俱表定善。当绍佛位，按位渐进，故入四无尽行。,手工逐组（门1–14 手写）,承注,,阿阿等八。按位漸進。如常可知。,《選佛譜》卷第六・初發心住・L57,初發心住
3464,第12门,別教位次門,卷6,九法王子住,陀佛,陀,定善,佛,无漏善慧,行,方便有餘淨土,第14门,横超,,「陀」表定善、「佛」表无漏善慧。归方便净，永离退缘，故生方便有余净土。,手工逐组（门1–14 手写）,承注,,陀佛歸方便淨。永離退緣。,《選佛譜》卷第六・初發心住・L57,初發心住
3465,第12门,別教位次門,卷6,九法王子住,佛佛,佛,无漏善慧,佛,无漏善慧,行,圓十住位,第13门,升,,「佛佛」二字俱表无漏善慧。开粗显妙，亦是胜进接，故入圆十住位。,手工逐组（门1–14 手写）,承注,,佛佛開麤顯妙。亦是勝進接也。,《選佛譜》卷第六・初發心住・L57,初發心住
3466,第12门,別教位次門,卷6,十灌頂住,那那,那,见烦恼,那,见烦恼,不行·安住本位,,,安住,,「那那」二字俱表见烦恼。此位界内尘沙惑尽，故不行。,手工逐组（门1–14 手写）,推演,,"是故六住已前。煩惑未盡。猶得有退轉義。那那須修無生懺也。
入於無生畢竟空界。名不退住。准位應同阿羅漢果。已辦地也。","《選佛譜》卷第六・初發心住・L57
《選佛譜》卷第六・七不退住・L81",初發心住、七不退住
3467,第12门,別教位次門,卷6,十灌頂住,那謨,那,见烦恼,謨,爱烦恼,不行·安住本位,,,安住,,「那」表见烦恼、「謨」表爱烦恼。此位界内尘沙惑尽，烦恼不复现起，故不行。,手工逐组（门1–14 手写）,推演,,於定心中。如次修行三十七品。令其調適。能伏煩惱。名不退心。然猶未證三種不退。但較前五心稍堅固耳。故那謨相雜。雖可不行。,《選佛譜》卷第六・六不退心・L37,六不退心
3468,第12门,別教位次門,卷6,十灌頂住,那阿,那,见烦恼,阿,施善,不行·安住本位,,,安住,,「那」表见烦恼、「阿」表施善。此位界内尘沙惑尽，烦恼不复现起，故不行。,手工逐组（门1–14 手写）,通則,,其餘位中。以阿彌陀善。與那謨惡相為對治。二俱無力。所以並不行也。,《選佛譜》卷第一・見取・L57,見取
3469,第12门,別教位次門,卷6,十灌頂住,那彌,那,见烦恼,彌,戒善,不行·安住本位,,,安住,,「那」表见烦恼、「彌」表戒善。此位界内尘沙惑尽，烦恼不复现起，故不行。,手工逐组（门1–14 手写）,通則,,其餘位中。以阿彌陀善。與那謨惡相為對治。二俱無力。所以並不行也。,《選佛譜》卷第一・見取・L57,見取
3470,第12门,別教位次門,卷6,十灌頂住,那陀,那,见烦恼,陀,定善,不行·安住本位,,,安住,,「那」表见烦恼、「陀」表定善。此位界内尘沙惑尽，烦恼不复现起，故不行。,手工逐组（门1–14 手写）,通則,,其餘位中。以阿彌陀善。與那謨惡相為對治。二俱無力。所以並不行也。,《選佛譜》卷第一・見取・L57,見取
3471,第12门,別教位次門,卷6,十灌頂住,那佛,那,见烦恼,佛,无漏善慧,行,四無盡行,第12门,升,,「那」表见烦恼、「佛」表无漏善慧。堪作人天师导，按位渐进，故入四无尽行。,手工逐组（门1–14 手写）,承注,,阿阿等八。按位漸進。如常可知。,《選佛譜》卷第六・初發心住・L57,初發心住
3472,第12门,別教位次門,卷6,十灌頂住,謨謨,謨,爱烦恼,謨,爱烦恼,不行·安住本位,,,安住,,「謨謨」二字俱表爱烦恼。此位界内尘沙惑尽，故不行。,手工逐组（门1–14 手写）,推演,,"菩薩於多劫中。修行信心。已得成就。能斷分別我見。及從分別所起惡煩惱業。創見真空寂滅之理。
良由菩薩化物心重。自行則輕。不務斷結。從十信心。即便出假。既出假後遇大違緣。則分別心生。退菩提願。如舍利弗。往昔已曾得六住心。由婆羅門乞眼因緣。捨其大願。還趨小果。","《選佛譜》卷第六・初發心住・L57
《選佛譜》卷第六・初發心住・L57",初發心住
3473,第12门,別教位次門,卷6,十灌頂住,謨阿,謨,爱烦恼,阿,施善,不行·安住本位,,,安住,,「謨」表爱烦恼、「阿」表施善。此位界内尘沙惑尽，烦恼不复现起，故不行。,手工逐组（门1–14 手写）,通則,,其餘位中。以阿彌陀善。與那謨惡相為對治。二俱無力。所以並不行也。,《選佛譜》卷第一・見取・L57,見取
3474,第12门,別教位次門,卷6,十灌頂住,謨彌,謨,爱烦恼,彌,戒善,不行·安住本位,,,安住,,「謨」表爱烦恼、「彌」表戒善。此位界内尘沙惑尽，烦恼不复现起，故不行。,手工逐组（门1–14 手写）,通則,,其餘位中。以阿彌陀善。與那謨惡相為對治。二俱無力。所以並不行也。,《選佛譜》卷第一・見取・L57,見取
3475,第12门,別教位次門,卷6,十灌頂住,謨陀,謨,爱烦恼,陀,定善,不行·安住本位,,,安住,,「謨」表爱烦恼、「陀」表定善。此位界内尘沙惑尽，烦恼不复现起，故不行。,手工逐组（门1–14 手写）,通則,,其餘位中。以阿彌陀善。與那謨惡相為對治。二俱無力。所以並不行也。,《選佛譜》卷第一・見取・L57,見取
3476,第12门,別教位次門,卷6,十灌頂住,謨佛,謨,爱烦恼,佛,无漏善慧,行,五離癡亂行,第12门,升,,「謨」表爱烦恼、「佛」表无漏善慧。堪作人天师导，按位渐进，故入五离痴乱行。,手工逐组（门1–14 手写）,承注,,阿阿等八。按位漸進。如常可知。,《選佛譜》卷第六・初發心住・L57,初發心住
3477,第12门,別教位次門,卷6,十灌頂住,阿阿,阿,施善,阿,施善,行,初歡喜行,第12门,升,,「阿阿」二字俱表施善。既绍佛种必受佛职，按位渐进，故入初欢喜行。,手工逐组（门1–14 手写）,承注,,阿阿等八。按位漸進。如常可知。,《選佛譜》卷第六・初發心住・L57,初發心住
3478,第12门,別教位次門,卷6,十灌頂住,阿彌,阿,施善,彌,戒善,行,二饒益行,第12门,升,,「阿」表施善、「彌」表戒善。既绍佛种必受佛职，按位渐进，故入二饶益行。,手工逐组（门1–14 手写）,承注,,阿阿等八。按位漸進。如常可知。,《選佛譜》卷第六・初發心住・L57,初發心住
3479,第12门,別教位次門,卷6,十灌頂住,阿陀,阿,施善,陀,定善,行,三無瞋恨行,第12门,升,,「阿」表施善、「陀」表定善。俗谛理明，按位渐进，故入三无瞋恨行。,手工逐组（门1–14 手写）,承注,,阿阿等八。按位漸進。如常可知。,《選佛譜》卷第六・初發心住・L57,初發心住
3480,第12门,別教位次門,卷6,十灌頂住,阿佛,阿,施善,佛,无漏善慧,行,十真實行,第12门,升,,「阿」表施善、「佛」表无漏善慧。亦得渐超，故阶十真实行。,手工逐组（门1–14 手写）,承注,,阿佛亦得漸超。故階初行。,《選佛譜》卷第六・初發心住・L57,初發心住
3481,第12门,別教位次門,卷6,十灌頂住,彌彌,彌,戒善,彌,戒善,行,三無瞋恨行,第12门,升,,「彌彌」二字俱表戒善。俗谛理明，按位渐进，故入三无瞋恨行。,手工逐组（门1–14 手写）,承注,,阿阿等八。按位漸進。如常可知。,《選佛譜》卷第六・初發心住・L57,初發心住
3482,第12门,別教位次門,卷6,十灌頂住,彌陀,彌,戒善,陀,定善,行,四無盡行,第12门,升,,「彌」表戒善、「陀」表定善。俗谛理明，按位渐进，故入四无尽行。,手工逐组（门1–14 手写）,承注,,阿阿等八。按位漸進。如常可知。,《選佛譜》卷第六・初發心住・L57,初發心住
3483,第12门,別教位次門,卷6,十灌頂住,彌佛,彌,戒善,佛,无漏善慧,行,圓十信位,第13门,升,,「彌」表戒善、「佛」表无漏善慧。按位可接，故成圆十信位。,手工逐组（门1–14 手写）,承注,,彌佛按位可接。故成圓信。,《選佛譜》卷第六・初發心住・L57,初發心住
3484,第12门,別教位次門,卷6,十灌頂住,陀陀,陀,定善,陀,定善,行,五離癡亂行,第12门,升,,「陀陀」二字俱表定善。俗谛理明，按位渐进，故入五离痴乱行。,手工逐组（门1–14 手写）,承注,,阿阿等八。按位漸進。如常可知。,《選佛譜》卷第六・初發心住・L57,初發心住
3485,第12门,別教位次門,卷6,十灌頂住,陀佛,陀,定善,佛,无漏善慧,行,方便有餘淨土,第14门,横超,,「陀」表定善、「佛」表无漏善慧。归方便净，永离退缘，故生方便有余净土。,手工逐组（门1–14 手写）,承注,,陀佛歸方便淨。永離退緣。,《選佛譜》卷第六・初發心住・L57,初發心住
3486,第12门,別教位次門,卷6,十灌頂住,佛佛,佛,无漏善慧,佛,无漏善慧,行,圓十住位,第13门,升,,「佛佛」二字俱表无漏善慧。开粗显妙，亦是胜进接，故入圆十住位。,手工逐组（门1–14 手写）,承注,,佛佛開麤顯妙。亦是勝進接也。,《選佛譜》卷第六・初發心住・L57,初發心住
3487,第12门,別教位次門,卷6,初歡喜行,那那,那,见烦恼,那,见烦恼,不行·安住本位,,,安住,,「那那」二字俱表见烦恼。此位尽行诸佛所有善行，故不行。,手工逐组（门1–14 手写）,推演,,"是故六住已前。煩惑未盡。猶得有退轉義。那那須修無生懺也。
入於無生畢竟空界。名不退住。准位應同阿羅漢果。已辦地也。","《選佛譜》卷第六・初發心住・L57
《選佛譜》卷第六・七不退住・L81",初發心住、七不退住
3488,第12门,別教位次門,卷6,初歡喜行,那謨,那,见烦恼,謨,爱烦恼,不行·安住本位,,,安住,,「那」表见烦恼、「謨」表爱烦恼。此位尽行诸佛所有善行，烦恼不复现起，故不行。,手工逐组（门1–14 手写）,推演,,於定心中。如次修行三十七品。令其調適。能伏煩惱。名不退心。然猶未證三種不退。但較前五心稍堅固耳。故那謨相雜。雖可不行。,《選佛譜》卷第六・六不退心・L37,六不退心
3489,第12门,別教位次門,卷6,初歡喜行,那阿,那,见烦恼,阿,施善,不行·安住本位,,,安住,,「那」表见烦恼、「阿」表施善。此位尽行诸佛所有善行，烦恼不复现起，故不行。,手工逐组（门1–14 手写）,通則,,其餘位中。以阿彌陀善。與那謨惡相為對治。二俱無力。所以並不行也。,《選佛譜》卷第一・見取・L57,見取
3490,第12门,別教位次門,卷6,初歡喜行,那彌,那,见烦恼,彌,戒善,不行·安住本位,,,安住,,「那」表见烦恼、「彌」表戒善。此位尽行诸佛所有善行，烦恼不复现起，故不行。,手工逐组（门1–14 手写）,通則,,其餘位中。以阿彌陀善。與那謨惡相為對治。二俱無力。所以並不行也。,《選佛譜》卷第一・見取・L57,見取
3491,第12门,別教位次門,卷6,初歡喜行,那陀,那,见烦恼,陀,定善,不行·安住本位,,,安住,,「那」表见烦恼、「陀」表定善。此位尽行诸佛所有善行，烦恼不复现起，故不行。,手工逐组（门1–14 手写）,通則,,其餘位中。以阿彌陀善。與那謨惡相為對治。二俱無力。所以並不行也。,《選佛譜》卷第一・見取・L57,見取
3492,第12门,別教位次門,卷6,初歡喜行,那佛,那,见烦恼,佛,无漏善慧,行,五離癡亂行,第12门,升,,「那」表见烦恼、「佛」表无漏善慧。尽行诸佛所有善行，故入五离痴乱行。,手工逐组（门1–14 手写）,攜帶,,阿阿等八。按位漸進。如常可知。,《選佛譜》卷第六・初發心住・L57,初發心住
3493,第12门,別教位次門,卷6,初歡喜行,謨謨,謨,爱烦恼,謨,爱烦恼,不行·安住本位,,,安住,,「謨謨」二字俱表爱烦恼。此位尽行诸佛所有善行，故不行。,手工逐组（门1–14 手写）,推演,,"菩薩於多劫中。修行信心。已得成就。能斷分別我見。及從分別所起惡煩惱業。創見真空寂滅之理。
良由菩薩化物心重。自行則輕。不務斷結。從十信心。即便出假。既出假後遇大違緣。則分別心生。退菩提願。如舍利弗。往昔已曾得六住心。由婆羅門乞眼因緣。捨其大願。還趨小果。","《選佛譜》卷第六・初發心住・L57
《選佛譜》卷第六・初發心住・L57",初發心住
3494,第12门,別教位次門,卷6,初歡喜行,謨阿,謨,爱烦恼,阿,施善,不行·安住本位,,,安住,,「謨」表爱烦恼、「阿」表施善。此位尽行诸佛所有善行，烦恼不复现起，故不行。,手工逐组（门1–14 手写）,通則,,其餘位中。以阿彌陀善。與那謨惡相為對治。二俱無力。所以並不行也。,《選佛譜》卷第一・見取・L57,見取
3495,第12门,別教位次門,卷6,初歡喜行,謨彌,謨,爱烦恼,彌,戒善,不行·安住本位,,,安住,,「謨」表爱烦恼、「彌」表戒善。此位尽行诸佛所有善行，烦恼不复现起，故不行。,手工逐组（门1–14 手写）,通則,,其餘位中。以阿彌陀善。與那謨惡相為對治。二俱無力。所以並不行也。,《選佛譜》卷第一・見取・L57,見取
3496,第12门,別教位次門,卷6,初歡喜行,謨陀,謨,爱烦恼,陀,定善,不行·安住本位,,,安住,,「謨」表爱烦恼、「陀」表定善。此位尽行诸佛所有善行，烦恼不复现起，故不行。,手工逐组（门1–14 手写）,通則,,其餘位中。以阿彌陀善。與那謨惡相為對治。二俱無力。所以並不行也。,《選佛譜》卷第一・見取・L57,見取
3497,第12门,別教位次門,卷6,初歡喜行,謨佛,謨,爱烦恼,佛,无漏善慧,行,六善現行,第12门,升,,「謨」表爱烦恼、「佛」表无漏善慧。尽行诸佛所有善行，故入六善现行。,手工逐组（门1–14 手写）,攜帶,,阿阿等八。按位漸進。如常可知。,《選佛譜》卷第六・初發心住・L57,初發心住
3498,第12门,別教位次門,卷6,初歡喜行,阿阿,阿,施善,阿,施善,行,二饒益行,第12门,升,,「阿阿」二字俱表施善。施波罗密增上，能生自他欢喜心，入二饶益行。,手工逐组（门1–14 手写）,攜帶,,阿阿等八。按位漸進。如常可知。,《選佛譜》卷第六・初發心住・L57,初發心住
3499,第12门,別教位次門,卷6,初歡喜行,阿彌,阿,施善,彌,戒善,行,三無瞋恨行,第12门,升,,「阿」表施善、「彌」表戒善。施波罗密增上，能生自他欢喜心，入三无瞋恨行。,手工逐组（门1–14 手写）,攜帶,,阿阿等八。按位漸進。如常可知。,《選佛譜》卷第六・初發心住・L57,初發心住
3500,第12门,別教位次門,卷6,初歡喜行,阿陀,阿,施善,陀,定善,行,四無盡行,第12门,升,,「阿」表施善、「陀」表定善。从空入假，遍学一切出世法门，故入四无尽行。,手工逐组（门1–14 手写）,攜帶,,阿阿等八。按位漸進。如常可知。,《選佛譜》卷第六・初發心住・L57,初發心住
3501,第12门,別教位次門,卷6,初歡喜行,阿佛,阿,施善,佛,无漏善慧,行,初救護眾生離眾生相迴向,第12门,升,,「阿」表施善、「佛」表无漏善慧。施波罗密增上，能生自他欢喜心，故入初救护众生离众生相回向。,手工逐组（门1–14 手写）,攜帶,,阿佛亦得漸超。故階初行。,《選佛譜》卷第六・初發心住・L57,初發心住
3502,第12门,別教位次門,卷6,初歡喜行,彌彌,彌,戒善,彌,戒善,行,四無盡行,第12门,升,,「彌彌」二字俱表戒善。从空入假，遍学一切出世法门，故入四无尽行。,手工逐组（门1–14 手写）,攜帶,,阿阿等八。按位漸進。如常可知。,《選佛譜》卷第六・初發心住・L57,初發心住
3503,第12门,別教位次門,卷6,初歡喜行,彌陀,彌,戒善,陀,定善,行,五離癡亂行,第12门,升,,「彌」表戒善、「陀」表定善。从空入假，遍学一切出世法门，故入五离痴乱行。,手工逐组（门1–14 手写）,攜帶,,阿阿等八。按位漸進。如常可知。,《選佛譜》卷第六・初發心住・L57,初發心住
3504,第12门,別教位次門,卷6,初歡喜行,彌佛,彌,戒善,佛,无漏善慧,行,方便有餘淨土,第14门,横超,,「彌」表戒善、「佛」表无漏善慧。不离佛，故即生方便有余净土。,手工逐组（门1–14 手写）,直說,彌佛即生方便淨者。不離佛故。,彌佛即生方便淨者。不離佛故。,《選佛譜》卷第六・初歡喜行・L97,初歡喜行
3505,第12门,別教位次門,卷6,初歡喜行,陀陀,陀,定善,陀,定善,行,六善現行,第12门,升,,「陀陀」二字俱表定善。从空入假，遍学一切出世法门，故入六善现行。,手工逐组（门1–14 手写）,攜帶,,阿阿等八。按位漸進。如常可知。,《選佛譜》卷第六・初發心住・L57,初發心住
3506,第12门,別教位次門,卷6,初歡喜行,陀佛,陀,定善,佛,无漏善慧,行,圓十住位,第13门,升,,「陀」表定善、「佛」表无漏善慧。胜进接，故入圆十住位。,手工逐组（门1–14 手写）,直說,陀佛圓住者。勝進接故。,陀佛圓住者。勝進接故。,《選佛譜》卷第六・初歡喜行・L97,初歡喜行
3507,第12门,別教位次門,卷6,初歡喜行,佛佛,佛,无漏善慧,佛,无漏善慧,行,圓十行位,第13门,升,,「佛佛」二字俱表无漏善慧。开粗成妙，故入圆十行位。,手工逐组（门1–14 手写）,直說,佛佛圓行者。開麤成妙故。下皆准知。,佛佛圓行者。開麤成妙故。,《選佛譜》卷第六・初歡喜行・L97,初歡喜行
3508,第12门,別教位次門,卷6,二饒益行,那那,那,见烦恼,那,见烦恼,不行·安住本位,,,安住,,「那那」二字俱表见烦恼。此位灭恶生善，故不行。,手工逐组（门1–14 手写）,推演,,"是故六住已前。煩惑未盡。猶得有退轉義。那那須修無生懺也。
入於無生畢竟空界。名不退住。准位應同阿羅漢果。已辦地也。","《選佛譜》卷第六・初發心住・L57
《選佛譜》卷第六・七不退住・L81",初發心住、七不退住
3509,第12门,別教位次門,卷6,二饒益行,那謨,那,见烦恼,謨,爱烦恼,不行·安住本位,,,安住,,「那」表见烦恼、「謨」表爱烦恼。此位灭恶生善，烦恼不复现起，故不行。,手工逐组（门1–14 手写）,推演,,於定心中。如次修行三十七品。令其調適。能伏煩惱。名不退心。然猶未證三種不退。但較前五心稍堅固耳。故那謨相雜。雖可不行。,《選佛譜》卷第六・六不退心・L37,六不退心
3510,第12门,別教位次門,卷6,二饒益行,那阿,那,见烦恼,阿,施善,不行·安住本位,,,安住,,「那」表见烦恼、「阿」表施善。此位灭恶生善，烦恼不复现起，故不行。,手工逐组（门1–14 手写）,通則,,其餘位中。以阿彌陀善。與那謨惡相為對治。二俱無力。所以並不行也。,《選佛譜》卷第一・見取・L57,見取
3511,第12门,別教位次門,卷6,二饒益行,那彌,那,见烦恼,彌,戒善,不行·安住本位,,,安住,,「那」表见烦恼、「彌」表戒善。此位灭恶生善，烦恼不复现起，故不行。,手工逐组（门1–14 手写）,通則,,其餘位中。以阿彌陀善。與那謨惡相為對治。二俱無力。所以並不行也。,《選佛譜》卷第一・見取・L57,見取
3512,第12门,別教位次門,卷6,二饒益行,那陀,那,见烦恼,陀,定善,不行·安住本位,,,安住,,「那」表见烦恼、「陀」表定善。此位灭恶生善，烦恼不复现起，故不行。,手工逐组（门1–14 手写）,通則,,其餘位中。以阿彌陀善。與那謨惡相為對治。二俱無力。所以並不行也。,《選佛譜》卷第一・見取・L57,見取
3513,第12门,別教位次門,卷6,二饒益行,那佛,那,见烦恼,佛,无漏善慧,行,六善現行,第12门,升,,「那」表见烦恼、「佛」表无漏善慧。灭恶生善，摄化众生，故入六善现行。,手工逐组（门1–14 手写）,攜帶,,阿阿等八。按位漸進。如常可知。,《選佛譜》卷第六・初發心住・L57,初發心住
3514,第12门,別教位次門,卷6,二饒益行,謨謨,謨,爱烦恼,謨,爱烦恼,不行·安住本位,,,安住,,「謨謨」二字俱表爱烦恼。此位灭恶生善，故不行。,手工逐组（门1–14 手写）,推演,,"菩薩於多劫中。修行信心。已得成就。能斷分別我見。及從分別所起惡煩惱業。創見真空寂滅之理。
良由菩薩化物心重。自行則輕。不務斷結。從十信心。即便出假。既出假後遇大違緣。則分別心生。退菩提願。如舍利弗。往昔已曾得六住心。由婆羅門乞眼因緣。捨其大願。還趨小果。","《選佛譜》卷第六・初發心住・L57
《選佛譜》卷第六・初發心住・L57",初發心住
3515,第12门,別教位次門,卷6,二饒益行,謨阿,謨,爱烦恼,阿,施善,不行·安住本位,,,安住,,「謨」表爱烦恼、「阿」表施善。此位灭恶生善，烦恼不复现起，故不行。,手工逐组（门1–14 手写）,通則,,其餘位中。以阿彌陀善。與那謨惡相為對治。二俱無力。所以並不行也。,《選佛譜》卷第一・見取・L57,見取
3516,第12门,別教位次門,卷6,二饒益行,謨彌,謨,爱烦恼,彌,戒善,不行·安住本位,,,安住,,「謨」表爱烦恼、「彌」表戒善。此位灭恶生善，烦恼不复现起，故不行。,手工逐组（门1–14 手写）,通則,,其餘位中。以阿彌陀善。與那謨惡相為對治。二俱無力。所以並不行也。,《選佛譜》卷第一・見取・L57,見取
3517,第12门,別教位次門,卷6,二饒益行,謨陀,謨,爱烦恼,陀,定善,不行·安住本位,,,安住,,「謨」表爱烦恼、「陀」表定善。此位灭恶生善，烦恼不复现起，故不行。,手工逐组（门1–14 手写）,通則,,其餘位中。以阿彌陀善。與那謨惡相為對治。二俱無力。所以並不行也。,《選佛譜》卷第一・見取・L57,見取
3518,第12门,別教位次門,卷6,二饒益行,謨佛,謨,爱烦恼,佛,无漏善慧,行,七無著行,第12门,升,,「謨」表爱烦恼、「佛」表无漏善慧。灭恶生善，摄化众生，故入七无著行。,手工逐组（门1–14 手写）,攜帶,,阿阿等八。按位漸進。如常可知。,《選佛譜》卷第六・初發心住・L57,初發心住
3519,第12门,別教位次門,卷6,二饒益行,阿阿,阿,施善,阿,施善,行,三無瞋恨行,第12门,升,,「阿阿」二字俱表施善。戒波罗密增上，灭恶生善，故入三无瞋恨行。,手工逐组（门1–14 手写）,攜帶,,阿阿等八。按位漸進。如常可知。,《選佛譜》卷第六・初發心住・L57,初發心住
3520,第12门,別教位次門,卷6,二饒益行,阿彌,阿,施善,彌,戒善,行,四無盡行,第12门,升,,「阿」表施善、「彌」表戒善。戒波罗密增上，灭恶生善，故入四无尽行。,手工逐组（门1–14 手写）,攜帶,,阿阿等八。按位漸進。如常可知。,《選佛譜》卷第六・初發心住・L57,初發心住
3521,第12门,別教位次門,卷6,二饒益行,阿陀,阿,施善,陀,定善,行,五離癡亂行,第12门,升,,「阿」表施善、「陀」表定善。摄化众生令其得法利，故入五离痴乱行。,手工逐组（门1–14 手写）,攜帶,,阿阿等八。按位漸進。如常可知。,《選佛譜》卷第六・初發心住・L57,初發心住
3522,第12门,別教位次門,卷6,二饒益行,阿佛,阿,施善,佛,无漏善慧,行,二不壞迴向,第12门,升,,「阿」表施善、「佛」表无漏善慧。戒波罗密增上，灭恶生善，故入二不坏回向。,手工逐组（门1–14 手写）,攜帶,,阿佛亦得漸超。故階初行。,《選佛譜》卷第六・初發心住・L57,初發心住
3523,第12门,別教位次門,卷6,二饒益行,彌彌,彌,戒善,彌,戒善,行,五離癡亂行,第12门,升,,「彌彌」二字俱表戒善。摄化众生令其得法利，故入五离痴乱行。,手工逐组（门1–14 手写）,攜帶,,阿阿等八。按位漸進。如常可知。,《選佛譜》卷第六・初發心住・L57,初發心住
3524,第12门,別教位次門,卷6,二饒益行,彌陀,彌,戒善,陀,定善,行,六善現行,第12门,升,,「彌」表戒善、「陀」表定善。摄化众生令其得法利，故入六善现行。,手工逐组（门1–14 手写）,攜帶,,阿阿等八。按位漸進。如常可知。,《選佛譜》卷第六・初發心住・L57,初發心住
3525,第12门,別教位次門,卷6,二饒益行,彌佛,彌,戒善,佛,无漏善慧,行,方便有餘淨土,第14门,横超,,「彌」表戒善、「佛」表无漏善慧。依门首准知，不离佛，故即生方便有余净土。,手工逐组（门1–14 手写）,承注,,彌佛即生方便淨者。不離佛故。,《選佛譜》卷第六・初歡喜行・L97,初歡喜行
3526,第12门,別教位次門,卷6,二饒益行,陀陀,陀,定善,陀,定善,行,七無著行,第12门,升,,「陀陀」二字俱表定善。摄化众生令其得法利，故入七无著行。,手工逐组（门1–14 手写）,攜帶,,阿阿等八。按位漸進。如常可知。,《選佛譜》卷第六・初發心住・L57,初發心住
3527,第12门,別教位次門,卷6,二饒益行,陀佛,陀,定善,佛,无漏善慧,行,圓十住位,第13门,升,,「陀」表定善、「佛」表无漏善慧。依门首准知，胜进接，故入圆十住位。,手工逐组（门1–14 手写）,承注,,陀佛圓住者。勝進接故。,《選佛譜》卷第六・初歡喜行・L97,初歡喜行
3528,第12门,別教位次門,卷6,二饒益行,佛佛,佛,无漏善慧,佛,无漏善慧,行,圓十行位,第13门,升,,「佛佛」二字俱表无漏善慧。依门首准知，开粗成妙，故入圆十行位。,手工逐组（门1–14 手写）,承注,,佛佛圓行者。開麤成妙故。,《選佛譜》卷第六・初歡喜行・L97,初歡喜行
3529,第12门,別教位次門,卷6,三無瞋恨行,那那,那,见烦恼,那,见烦恼,不行·安住本位,,,安住,,「那那」二字俱表见烦恼。此位不生嫌恚，常有谦恭，故不行。,手工逐组（门1–14 手写）,推演,,"是故六住已前。煩惑未盡。猶得有退轉義。那那須修無生懺也。
入於無生畢竟空界。名不退住。准位應同阿羅漢果。已辦地也。","《選佛譜》卷第六・初發心住・L57
《選佛譜》卷第六・七不退住・L81",初發心住、七不退住
3530,第12门,別教位次門,卷6,三無瞋恨行,那謨,那,见烦恼,謨,爱烦恼,不行·安住本位,,,安住,,「那」表见烦恼、「謨」表爱烦恼。此位不生嫌恚，常有谦恭，烦恼不复现起，故不行。,手工逐组（门1–14 手写）,推演,,於定心中。如次修行三十七品。令其調適。能伏煩惱。名不退心。然猶未證三種不退。但較前五心稍堅固耳。故那謨相雜。雖可不行。,《選佛譜》卷第六・六不退心・L37,六不退心
3531,第12门,別教位次門,卷6,三無瞋恨行,那阿,那,见烦恼,阿,施善,不行·安住本位,,,安住,,「那」表见烦恼、「阿」表施善。此位不生嫌恚，常有谦恭，烦恼不复现起，故不行。,手工逐组（门1–14 手写）,通則,,其餘位中。以阿彌陀善。與那謨惡相為對治。二俱無力。所以並不行也。,《選佛譜》卷第一・見取・L57,見取
3532,第12门,別教位次門,卷6,三無瞋恨行,那彌,那,见烦恼,彌,戒善,不行·安住本位,,,安住,,「那」表见烦恼、「彌」表戒善。此位不生嫌恚，常有谦恭，烦恼不复现起，故不行。,手工逐组（门1–14 手写）,通則,,其餘位中。以阿彌陀善。與那謨惡相為對治。二俱無力。所以並不行也。,《選佛譜》卷第一・見取・L57,見取
3533,第12门,別教位次門,卷6,三無瞋恨行,那陀,那,见烦恼,陀,定善,不行·安住本位,,,安住,,「那」表见烦恼、「陀」表定善。此位不生嫌恚，常有谦恭，烦恼不复现起，故不行。,手工逐组（门1–14 手写）,通則,,其餘位中。以阿彌陀善。與那謨惡相為對治。二俱無力。所以並不行也。,《選佛譜》卷第一・見取・L57,見取
3534,第12门,別教位次門,卷6,三無瞋恨行,那佛,那,见烦恼,佛,无漏善慧,行,七無著行,第12门,升,,「那」表见烦恼、「佛」表无漏善慧。不生嫌恚，常有谦恭，故入七无著行。,手工逐组（门1–14 手写）,攜帶,,阿阿等八。按位漸進。如常可知。,《選佛譜》卷第六・初發心住・L57,初發心住
3535,第12门,別教位次門,卷6,三無瞋恨行,謨謨,謨,爱烦恼,謨,爱烦恼,不行·安住本位,,,安住,,「謨謨」二字俱表爱烦恼。此位不生嫌恚，常有谦恭，故不行。,手工逐组（门1–14 手写）,推演,,"菩薩於多劫中。修行信心。已得成就。能斷分別我見。及從分別所起惡煩惱業。創見真空寂滅之理。
良由菩薩化物心重。自行則輕。不務斷結。從十信心。即便出假。既出假後遇大違緣。則分別心生。退菩提願。如舍利弗。往昔已曾得六住心。由婆羅門乞眼因緣。捨其大願。還趨小果。","《選佛譜》卷第六・初發心住・L57
《選佛譜》卷第六・初發心住・L57",初發心住
3536,第12门,別教位次門,卷6,三無瞋恨行,謨阿,謨,爱烦恼,阿,施善,不行·安住本位,,,安住,,「謨」表爱烦恼、「阿」表施善。此位不生嫌恚，常有谦恭，烦恼不复现起，故不行。,手工逐组（门1–14 手写）,通則,,其餘位中。以阿彌陀善。與那謨惡相為對治。二俱無力。所以並不行也。,《選佛譜》卷第一・見取・L57,見取
3537,第12门,別教位次門,卷6,三無瞋恨行,謨彌,謨,爱烦恼,彌,戒善,不行·安住本位,,,安住,,「謨」表爱烦恼、「彌」表戒善。此位不生嫌恚，常有谦恭，烦恼不复现起，故不行。,手工逐组（门1–14 手写）,通則,,其餘位中。以阿彌陀善。與那謨惡相為對治。二俱無力。所以並不行也。,《選佛譜》卷第一・見取・L57,見取
3538,第12门,別教位次門,卷6,三無瞋恨行,謨陀,謨,爱烦恼,陀,定善,不行·安住本位,,,安住,,「謨」表爱烦恼、「陀」表定善。此位不生嫌恚，常有谦恭，烦恼不复现起，故不行。,手工逐组（门1–14 手写）,通則,,其餘位中。以阿彌陀善。與那謨惡相為對治。二俱無力。所以並不行也。,《選佛譜》卷第一・見取・L57,見取
3539,第12门,別教位次門,卷6,三無瞋恨行,謨佛,謨,爱烦恼,佛,无漏善慧,行,八尊重行,第12门,升,,「謨」表爱烦恼、「佛」表无漏善慧。不生嫌恚，常有谦恭，故入八尊重行。,手工逐组（门1–14 手写）,攜帶,,阿阿等八。按位漸進。如常可知。,《選佛譜》卷第六・初發心住・L57,初發心住
3540,第12门,別教位次門,卷6,三無瞋恨行,阿阿,阿,施善,阿,施善,行,四無盡行,第12门,升,,「阿阿」二字俱表施善。忍波罗密增上，不生嫌恚，故入四无尽行。,手工逐组（门1–14 手写）,攜帶,,阿阿等八。按位漸進。如常可知。,《選佛譜》卷第六・初發心住・L57,初發心住
3541,第12门,別教位次門,卷6,三無瞋恨行,阿彌,阿,施善,彌,戒善,行,五離癡亂行,第12门,升,,「阿」表施善、「彌」表戒善。忍波罗密增上，不生嫌恚，故入五离痴乱行。,手工逐组（门1–14 手写）,攜帶,,阿阿等八。按位漸進。如常可知。,《選佛譜》卷第六・初發心住・L57,初發心住
3542,第12门,別教位次門,卷6,三無瞋恨行,阿陀,阿,施善,陀,定善,行,六善現行,第12门,升,,「阿」表施善、「陀」表定善。常有谦恭，亦名无违逆行，故入六善现行。,手工逐组（门1–14 手写）,攜帶,,阿阿等八。按位漸進。如常可知。,《選佛譜》卷第六・初發心住・L57,初發心住
3543,第12门,別教位次門,卷6,三無瞋恨行,阿佛,阿,施善,佛,无漏善慧,行,三等一切佛迴向,第12门,升,,「阿」表施善、「佛」表无漏善慧。忍波罗密增上，不生嫌恚，故入三等一切佛回向。,手工逐组（门1–14 手写）,攜帶,,阿佛亦得漸超。故階初行。,《選佛譜》卷第六・初發心住・L57,初發心住
3544,第12门,別教位次門,卷6,三無瞋恨行,彌彌,彌,戒善,彌,戒善,行,六善現行,第12门,升,,「彌彌」二字俱表戒善。常有谦恭，亦名无违逆行，故入六善现行。,手工逐组（门1–14 手写）,攜帶,,阿阿等八。按位漸進。如常可知。,《選佛譜》卷第六・初發心住・L57,初發心住
3545,第12门,別教位次門,卷6,三無瞋恨行,彌陀,彌,戒善,陀,定善,行,七無著行,第12门,升,,「彌」表戒善、「陀」表定善。常有谦恭，亦名无违逆行，故入七无著行。,手工逐组（门1–14 手写）,攜帶,,阿阿等八。按位漸進。如常可知。,《選佛譜》卷第六・初發心住・L57,初發心住
3546,第12门,別教位次門,卷6,三無瞋恨行,彌佛,彌,戒善,佛,无漏善慧,行,方便有餘淨土,第14门,横超,,「彌」表戒善、「佛」表无漏善慧。依门首准知，不离佛，故即生方便有余净土。,手工逐组（门1–14 手写）,承注,,彌佛即生方便淨者。不離佛故。,《選佛譜》卷第六・初歡喜行・L97,初歡喜行
3547,第12门,別教位次門,卷6,三無瞋恨行,陀陀,陀,定善,陀,定善,行,八尊重行,第12门,升,,「陀陀」二字俱表定善。常有谦恭，亦名无违逆行，故入八尊重行。,手工逐组（门1–14 手写）,攜帶,,阿阿等八。按位漸進。如常可知。,《選佛譜》卷第六・初發心住・L57,初發心住
3548,第12门,別教位次門,卷6,三無瞋恨行,陀佛,陀,定善,佛,无漏善慧,行,圓十住位,第13门,升,,「陀」表定善、「佛」表无漏善慧。依门首准知，胜进接，故入圆十住位。,手工逐组（门1–14 手写）,承注,,陀佛圓住者。勝進接故。,《選佛譜》卷第六・初歡喜行・L97,初歡喜行
3549,第12门,別教位次門,卷6,三無瞋恨行,佛佛,佛,无漏善慧,佛,无漏善慧,行,圓十行位,第13门,升,,「佛佛」二字俱表无漏善慧。依门首准知，开粗成妙，故入圆十行位。,手工逐组（门1–14 手写）,承注,,佛佛圓行者。開麤成妙故。,《選佛譜》卷第六・初歡喜行・L97,初歡喜行
3550,第12门,別教位次門,卷6,四無盡行,那那,那,见烦恼,那,见烦恼,不行·安住本位,,,安住,,「那那」二字俱表见烦恼。此位功德无尽，无能屈伏，故不行。,手工逐组（门1–14 手写）,推演,,"是故六住已前。煩惑未盡。猶得有退轉義。那那須修無生懺也。
入於無生畢竟空界。名不退住。准位應同阿羅漢果。已辦地也。","《選佛譜》卷第六・初發心住・L57
《選佛譜》卷第六・七不退住・L81",初發心住、七不退住
3551,第12门,別教位次門,卷6,四無盡行,那謨,那,见烦恼,謨,爱烦恼,不行·安住本位,,,安住,,「那」表见烦恼、「謨」表爱烦恼。此位功德无尽，无能屈伏，烦恼不复现起，故不行。,手工逐组（门1–14 手写）,推演,,於定心中。如次修行三十七品。令其調適。能伏煩惱。名不退心。然猶未證三種不退。但較前五心稍堅固耳。故那謨相雜。雖可不行。,《選佛譜》卷第六・六不退心・L37,六不退心
3552,第12门,別教位次門,卷6,四無盡行,那阿,那,见烦恼,阿,施善,不行·安住本位,,,安住,,「那」表见烦恼、「阿」表施善。此位功德无尽，无能屈伏，烦恼不复现起，故不行。,手工逐组（门1–14 手写）,通則,,其餘位中。以阿彌陀善。與那謨惡相為對治。二俱無力。所以並不行也。,《選佛譜》卷第一・見取・L57,見取
3553,第12门,別教位次門,卷6,四無盡行,那彌,那,见烦恼,彌,戒善,不行·安住本位,,,安住,,「那」表见烦恼、「彌」表戒善。此位功德无尽，无能屈伏，烦恼不复现起，故不行。,手工逐组（门1–14 手写）,通則,,其餘位中。以阿彌陀善。與那謨惡相為對治。二俱無力。所以並不行也。,《選佛譜》卷第一・見取・L57,見取
3554,第12门,別教位次門,卷6,四無盡行,那陀,那,见烦恼,陀,定善,不行·安住本位,,,安住,,「那」表见烦恼、「陀」表定善。此位功德无尽，无能屈伏，烦恼不复现起，故不行。,手工逐组（门1–14 手写）,通則,,其餘位中。以阿彌陀善。與那謨惡相為對治。二俱無力。所以並不行也。,《選佛譜》卷第一・見取・L57,見取
3555,第12门,別教位次門,卷6,四無盡行,那佛,那,见烦恼,佛,无漏善慧,行,八尊重行,第12门,升,,「那」表见烦恼、「佛」表无漏善慧。功德无尽，无能屈伏，故入八尊重行。,手工逐组（门1–14 手写）,攜帶,,阿阿等八。按位漸進。如常可知。,《選佛譜》卷第六・初發心住・L57,初發心住
3556,第12门,別教位次門,卷6,四無盡行,謨謨,謨,爱烦恼,謨,爱烦恼,不行·安住本位,,,安住,,「謨謨」二字俱表爱烦恼。此位功德无尽，无能屈伏，故不行。,手工逐组（门1–14 手写）,推演,,"菩薩於多劫中。修行信心。已得成就。能斷分別我見。及從分別所起惡煩惱業。創見真空寂滅之理。
良由菩薩化物心重。自行則輕。不務斷結。從十信心。即便出假。既出假後遇大違緣。則分別心生。退菩提願。如舍利弗。往昔已曾得六住心。由婆羅門乞眼因緣。捨其大願。還趨小果。","《選佛譜》卷第六・初發心住・L57
《選佛譜》卷第六・初發心住・L57",初發心住
3557,第12门,別教位次門,卷6,四無盡行,謨阿,謨,爱烦恼,阿,施善,不行·安住本位,,,安住,,「謨」表爱烦恼、「阿」表施善。此位功德无尽，无能屈伏，烦恼不复现起，故不行。,手工逐组（门1–14 手写）,通則,,其餘位中。以阿彌陀善。與那謨惡相為對治。二俱無力。所以並不行也。,《選佛譜》卷第一・見取・L57,見取
3558,第12门,別教位次門,卷6,四無盡行,謨彌,謨,爱烦恼,彌,戒善,不行·安住本位,,,安住,,「謨」表爱烦恼、「彌」表戒善。此位功德无尽，无能屈伏，烦恼不复现起，故不行。,手工逐组（门1–14 手写）,通則,,其餘位中。以阿彌陀善。與那謨惡相為對治。二俱無力。所以並不行也。,《選佛譜》卷第一・見取・L57,見取
3559,第12门,別教位次門,卷6,四無盡行,謨陀,謨,爱烦恼,陀,定善,不行·安住本位,,,安住,,「謨」表爱烦恼、「陀」表定善。此位功德无尽，无能屈伏，烦恼不复现起，故不行。,手工逐组（门1–14 手写）,通則,,其餘位中。以阿彌陀善。與那謨惡相為對治。二俱無力。所以並不行也。,《選佛譜》卷第一・見取・L57,見取
3560,第12门,別教位次門,卷6,四無盡行,謨佛,謨,爱烦恼,佛,无漏善慧,行,九善法行,第12门,升,,「謨」表爱烦恼、「佛」表无漏善慧。功德无尽，无能屈伏，故入九善法行。,手工逐组（门1–14 手写）,攜帶,,阿阿等八。按位漸進。如常可知。,《選佛譜》卷第六・初發心住・L57,初發心住
3561,第12门,別教位次門,卷6,四無盡行,阿阿,阿,施善,阿,施善,行,五離癡亂行,第12门,升,,「阿阿」二字俱表施善。精进波罗密增上，功德无尽，故入五离痴乱行。,手工逐组（门1–14 手写）,攜帶,,阿阿等八。按位漸進。如常可知。,《選佛譜》卷第六・初發心住・L57,初發心住
3562,第12门,別教位次門,卷6,四無盡行,阿彌,阿,施善,彌,戒善,行,六善現行,第12门,升,,「阿」表施善、「彌」表戒善。精进波罗密增上，功德无尽，故入六善现行。,手工逐组（门1–14 手写）,攜帶,,阿阿等八。按位漸進。如常可知。,《選佛譜》卷第六・初發心住・L57,初發心住
3563,第12门,別教位次門,卷6,四無盡行,阿陀,阿,施善,陀,定善,行,七無著行,第12门,升,,「阿」表施善、「陀」表定善。无能屈伏令阻挠，故入七无著行。,手工逐组（门1–14 手写）,攜帶,,阿阿等八。按位漸進。如常可知。,《選佛譜》卷第六・初發心住・L57,初發心住
3564,第12门,別教位次門,卷6,四無盡行,阿佛,阿,施善,佛,无漏善慧,行,四至一切處迴向,第12门,升,,「阿」表施善、「佛」表无漏善慧。精进波罗密增上，功德无尽，故入四至一切处回向。,手工逐组（门1–14 手写）,攜帶,,阿佛亦得漸超。故階初行。,《選佛譜》卷第六・初發心住・L57,初發心住
3565,第12门,別教位次門,卷6,四無盡行,彌彌,彌,戒善,彌,戒善,行,七無著行,第12门,升,,「彌彌」二字俱表戒善。无能屈伏令阻挠，故入七无著行。,手工逐组（门1–14 手写）,攜帶,,阿阿等八。按位漸進。如常可知。,《選佛譜》卷第六・初發心住・L57,初發心住
3566,第12门,別教位次門,卷6,四無盡行,彌陀,彌,戒善,陀,定善,行,八尊重行,第12门,升,,「彌」表戒善、「陀」表定善。无能屈伏令阻挠，故入八尊重行。,手工逐组（门1–14 手写）,攜帶,,阿阿等八。按位漸進。如常可知。,《選佛譜》卷第六・初發心住・L57,初發心住
3567,第12门,別教位次門,卷6,四無盡行,彌佛,彌,戒善,佛,无漏善慧,行,方便有餘淨土,第14门,横超,,「彌」表戒善、「佛」表无漏善慧。依门首准知，不离佛，故即生方便有余净土。,手工逐组（门1–14 手写）,承注,,彌佛即生方便淨者。不離佛故。,《選佛譜》卷第六・初歡喜行・L97,初歡喜行
3568,第12门,別教位次門,卷6,四無盡行,陀陀,陀,定善,陀,定善,行,九善法行,第12门,升,,「陀陀」二字俱表定善。无能屈伏令阻挠，故入九善法行。,手工逐组（门1–14 手写）,攜帶,,阿阿等八。按位漸進。如常可知。,《選佛譜》卷第六・初發心住・L57,初發心住
3569,第12门,別教位次門,卷6,四無盡行,陀佛,陀,定善,佛,无漏善慧,行,圓十住位,第13门,升,,「陀」表定善、「佛」表无漏善慧。依门首准知，胜进接，故入圆十住位。,手工逐组（门1–14 手写）,承注,,陀佛圓住者。勝進接故。,《選佛譜》卷第六・初歡喜行・L97,初歡喜行
3570,第12门,別教位次門,卷6,四無盡行,佛佛,佛,无漏善慧,佛,无漏善慧,行,圓十行位,第13门,升,,「佛佛」二字俱表无漏善慧。依门首准知，开粗成妙，故入圆十行位。,手工逐组（门1–14 手写）,承注,,佛佛圓行者。開麤成妙故。,《選佛譜》卷第六・初歡喜行・L97,初歡喜行
3571,第12门,別教位次門,卷6,五離癡亂行,那那,那,见烦恼,那,见烦恼,不行·安住本位,,,安住,,「那那」二字俱表见烦恼。此位有慧故无痴，故不行。,手工逐组（门1–14 手写）,推演,,"是故六住已前。煩惑未盡。猶得有退轉義。那那須修無生懺也。
入於無生畢竟空界。名不退住。准位應同阿羅漢果。已辦地也。","《選佛譜》卷第六・初發心住・L57
《選佛譜》卷第六・七不退住・L81",初發心住、七不退住
3572,第12门,別教位次門,卷6,五離癡亂行,那謨,那,见烦恼,謨,爱烦恼,不行·安住本位,,,安住,,「那」表见烦恼、「謨」表爱烦恼。此位有慧故无痴，烦恼不复现起，故不行。,手工逐组（门1–14 手写）,推演,,於定心中。如次修行三十七品。令其調適。能伏煩惱。名不退心。然猶未證三種不退。但較前五心稍堅固耳。故那謨相雜。雖可不行。,《選佛譜》卷第六・六不退心・L37,六不退心
3573,第12门,別教位次門,卷6,五離癡亂行,那阿,那,见烦恼,阿,施善,不行·安住本位,,,安住,,「那」表见烦恼、「阿」表施善。此位有慧故无痴，烦恼不复现起，故不行。,手工逐组（门1–14 手写）,通則,,其餘位中。以阿彌陀善。與那謨惡相為對治。二俱無力。所以並不行也。,《選佛譜》卷第一・見取・L57,見取
3574,第12门,別教位次門,卷6,五離癡亂行,那彌,那,见烦恼,彌,戒善,不行·安住本位,,,安住,,「那」表见烦恼、「彌」表戒善。此位有慧故无痴，烦恼不复现起，故不行。,手工逐组（门1–14 手写）,通則,,其餘位中。以阿彌陀善。與那謨惡相為對治。二俱無力。所以並不行也。,《選佛譜》卷第一・見取・L57,見取
3575,第12门,別教位次門,卷6,五離癡亂行,那陀,那,见烦恼,陀,定善,不行·安住本位,,,安住,,「那」表见烦恼、「陀」表定善。此位有慧故无痴，烦恼不复现起，故不行。,手工逐组（门1–14 手写）,通則,,其餘位中。以阿彌陀善。與那謨惡相為對治。二俱無力。所以並不行也。,《選佛譜》卷第一・見取・L57,見取
3576,第12门,別教位次門,卷6,五離癡亂行,那佛,那,见烦恼,佛,无漏善慧,行,九善法行,第12门,升,,「那」表见烦恼、「佛」表无漏善慧。有慧故无痴，有定故无乱，故入九善法行。,手工逐组（门1–14 手写）,攜帶,,阿阿等八。按位漸進。如常可知。,《選佛譜》卷第六・初發心住・L57,初發心住
3577,第12门,別教位次門,卷6,五離癡亂行,謨謨,謨,爱烦恼,謨,爱烦恼,不行·安住本位,,,安住,,「謨謨」二字俱表爱烦恼。此位有定故无乱，故不行。,手工逐组（门1–14 手写）,推演,,"菩薩於多劫中。修行信心。已得成就。能斷分別我見。及從分別所起惡煩惱業。創見真空寂滅之理。
良由菩薩化物心重。自行則輕。不務斷結。從十信心。即便出假。既出假後遇大違緣。則分別心生。退菩提願。如舍利弗。往昔已曾得六住心。由婆羅門乞眼因緣。捨其大願。還趨小果。","《選佛譜》卷第六・初發心住・L57
《選佛譜》卷第六・初發心住・L57",初發心住
3578,第12门,別教位次門,卷6,五離癡亂行,謨阿,謨,爱烦恼,阿,施善,不行·安住本位,,,安住,,「謨」表爱烦恼、「阿」表施善。此位有慧故无痴，烦恼不复现起，故不行。,手工逐组（门1–14 手写）,通則,,其餘位中。以阿彌陀善。與那謨惡相為對治。二俱無力。所以並不行也。,《選佛譜》卷第一・見取・L57,見取
3579,第12门,別教位次門,卷6,五離癡亂行,謨彌,謨,爱烦恼,彌,戒善,不行·安住本位,,,安住,,「謨」表爱烦恼、「彌」表戒善。此位有慧故无痴，烦恼不复现起，故不行。,手工逐组（门1–14 手写）,通則,,其餘位中。以阿彌陀善。與那謨惡相為對治。二俱無力。所以並不行也。,《選佛譜》卷第一・見取・L57,見取
3580,第12门,別教位次門,卷6,五離癡亂行,謨陀,謨,爱烦恼,陀,定善,不行·安住本位,,,安住,,「謨」表爱烦恼、「陀」表定善。此位有慧故无痴，烦恼不复现起，故不行。,手工逐组（门1–14 手写）,通則,,其餘位中。以阿彌陀善。與那謨惡相為對治。二俱無力。所以並不行也。,《選佛譜》卷第一・見取・L57,見取
3581,第12门,別教位次門,卷6,五離癡亂行,謨佛,謨,爱烦恼,佛,无漏善慧,行,十真實行,第12门,升,,「謨」表爱烦恼、「佛」表无漏善慧。有慧故无痴，有定故无乱，故入十真实行。,手工逐组（门1–14 手写）,攜帶,,阿阿等八。按位漸進。如常可知。,《選佛譜》卷第六・初發心住・L57,初發心住
3582,第12门,別教位次門,卷6,五離癡亂行,阿阿,阿,施善,阿,施善,行,六善現行,第12门,升,,「阿阿」二字俱表施善。禅波罗密增上，有慧故无痴，故入六善现行。,手工逐组（门1–14 手写）,攜帶,,阿阿等八。按位漸進。如常可知。,《選佛譜》卷第六・初發心住・L57,初發心住
3583,第12门,別教位次門,卷6,五離癡亂行,阿彌,阿,施善,彌,戒善,行,七無著行,第12门,升,,「阿」表施善、「彌」表戒善。禅波罗密增上，有慧故无痴，故入七无著行。,手工逐组（门1–14 手写）,攜帶,,阿阿等八。按位漸進。如常可知。,《選佛譜》卷第六・初發心住・L57,初發心住
3584,第12门,別教位次門,卷6,五離癡亂行,阿陀,阿,施善,陀,定善,行,八尊重行,第12门,升,,「阿」表施善、「陀」表定善。有定故无乱，故入八尊重行。,手工逐组（门1–14 手写）,攜帶,,阿阿等八。按位漸進。如常可知。,《選佛譜》卷第六・初發心住・L57,初發心住
3585,第12门,別教位次門,卷6,五離癡亂行,阿佛,阿,施善,佛,无漏善慧,行,五無盡功德藏迴向,第12门,升,,「阿」表施善、「佛」表无漏善慧。禅波罗密增上，有慧故无痴，故入五无尽功德藏回向。,手工逐组（门1–14 手写）,攜帶,,阿佛亦得漸超。故階初行。,《選佛譜》卷第六・初發心住・L57,初發心住
3586,第12门,別教位次門,卷6,五離癡亂行,彌彌,彌,戒善,彌,戒善,行,八尊重行,第12门,升,,「彌彌」二字俱表戒善。有定故无乱，故入八尊重行。,手工逐组（门1–14 手写）,攜帶,,阿阿等八。按位漸進。如常可知。,《選佛譜》卷第六・初發心住・L57,初發心住
3587,第12门,別教位次門,卷6,五離癡亂行,彌陀,彌,戒善,陀,定善,行,九善法行,第12门,升,,「彌」表戒善、「陀」表定善。有定故无乱，故入九善法行。,手工逐组（门1–14 手写）,攜帶,,阿阿等八。按位漸進。如常可知。,《選佛譜》卷第六・初發心住・L57,初發心住
3588,第12门,別教位次門,卷6,五離癡亂行,彌佛,彌,戒善,佛,无漏善慧,行,方便有餘淨土,第14门,横超,,「彌」表戒善、「佛」表无漏善慧。依门首准知，不离佛，故即生方便有余净土。,手工逐组（门1–14 手写）,承注,,彌佛即生方便淨者。不離佛故。,《選佛譜》卷第六・初歡喜行・L97,初歡喜行
3589,第12门,別教位次門,卷6,五離癡亂行,陀陀,陀,定善,陀,定善,行,十真實行,第12门,升,,「陀陀」二字俱表定善。有定故无乱，故入十真实行。,手工逐组（门1–14 手写）,攜帶,,阿阿等八。按位漸進。如常可知。,《選佛譜》卷第六・初發心住・L57,初發心住
3590,第12门,別教位次門,卷6,五離癡亂行,陀佛,陀,定善,佛,无漏善慧,行,圓十住位,第13门,升,,「陀」表定善、「佛」表无漏善慧。依门首准知，胜进接，故入圆十住位。,手工逐组（门1–14 手写）,承注,,陀佛圓住者。勝進接故。,《選佛譜》卷第六・初歡喜行・L97,初歡喜行
3591,第12门,別教位次門,卷6,五離癡亂行,佛佛,佛,无漏善慧,佛,无漏善慧,行,圓十行位,第13门,升,,「佛佛」二字俱表无漏善慧。依门首准知，开粗成妙，故入圆十行位。,手工逐组（门1–14 手写）,承注,,佛佛圓行者。開麤成妙故。,《選佛譜》卷第六・初歡喜行・L97,初歡喜行
3592,第12门,別教位次門,卷6,六善現行,那那,那,见烦恼,那,见烦恼,不行·安住本位,,,安住,,「那那」二字俱表见烦恼。此位生生常在诸佛会中，故不行。,手工逐组（门1–14 手写）,推演,,"是故六住已前。煩惑未盡。猶得有退轉義。那那須修無生懺也。
入於無生畢竟空界。名不退住。准位應同阿羅漢果。已辦地也。","《選佛譜》卷第六・初發心住・L57
《選佛譜》卷第六・七不退住・L81",初發心住、七不退住
3593,第12门,別教位次門,卷6,六善現行,那謨,那,见烦恼,謨,爱烦恼,不行·安住本位,,,安住,,「那」表见烦恼、「謨」表爱烦恼。此位生生常在诸佛会中，烦恼不复现起，故不行。,手工逐组（门1–14 手写）,推演,,於定心中。如次修行三十七品。令其調適。能伏煩惱。名不退心。然猶未證三種不退。但較前五心稍堅固耳。故那謨相雜。雖可不行。,《選佛譜》卷第六・六不退心・L37,六不退心
3594,第12门,別教位次門,卷6,六善現行,那阿,那,见烦恼,阿,施善,不行·安住本位,,,安住,,「那」表见烦恼、「阿」表施善。此位生生常在诸佛会中，烦恼不复现起，故不行。,手工逐组（门1–14 手写）,通則,,其餘位中。以阿彌陀善。與那謨惡相為對治。二俱無力。所以並不行也。,《選佛譜》卷第一・見取・L57,見取
3595,第12门,別教位次門,卷6,六善現行,那彌,那,见烦恼,彌,戒善,不行·安住本位,,,安住,,「那」表见烦恼、「彌」表戒善。此位生生常在诸佛会中，烦恼不复现起，故不行。,手工逐组（门1–14 手写）,通則,,其餘位中。以阿彌陀善。與那謨惡相為對治。二俱無力。所以並不行也。,《選佛譜》卷第一・見取・L57,見取
3596,第12门,別教位次門,卷6,六善現行,那陀,那,见烦恼,陀,定善,不行·安住本位,,,安住,,「那」表见烦恼、「陀」表定善。此位生生常在诸佛会中，烦恼不复现起，故不行。,手工逐组（门1–14 手写）,通則,,其餘位中。以阿彌陀善。與那謨惡相為對治。二俱無力。所以並不行也。,《選佛譜》卷第一・見取・L57,見取
3597,第12门,別教位次門,卷6,六善現行,那佛,那,见烦恼,佛,无漏善慧,行,十真實行,第12门,升,,「那」表见烦恼、「佛」表无漏善慧。于一切法皆明了，故入十真实行。,手工逐组（门1–14 手写）,攜帶,,阿阿等八。按位漸進。如常可知。,《選佛譜》卷第六・初發心住・L57,初發心住
3598,第12门,別教位次門,卷6,六善現行,謨謨,謨,爱烦恼,謨,爱烦恼,不行·安住本位,,,安住,,「謨謨」二字俱表爱烦恼。此位生生常在诸佛会中，故不行。,手工逐组（门1–14 手写）,推演,,"菩薩於多劫中。修行信心。已得成就。能斷分別我見。及從分別所起惡煩惱業。創見真空寂滅之理。
良由菩薩化物心重。自行則輕。不務斷結。從十信心。即便出假。既出假後遇大違緣。則分別心生。退菩提願。如舍利弗。往昔已曾得六住心。由婆羅門乞眼因緣。捨其大願。還趨小果。","《選佛譜》卷第六・初發心住・L57
《選佛譜》卷第六・初發心住・L57",初發心住
3599,第12门,別教位次門,卷6,六善現行,謨阿,謨,爱烦恼,阿,施善,不行·安住本位,,,安住,,「謨」表爱烦恼、「阿」表施善。此位生生常在诸佛会中，烦恼不复现起，故不行。,手工逐组（门1–14 手写）,通則,,其餘位中。以阿彌陀善。與那謨惡相為對治。二俱無力。所以並不行也。,《選佛譜》卷第一・見取・L57,見取
3600,第12门,別教位次門,卷6,六善現行,謨彌,謨,爱烦恼,彌,戒善,不行·安住本位,,,安住,,「謨」表爱烦恼、「彌」表戒善。此位生生常在诸佛会中，烦恼不复现起，故不行。,手工逐组（门1–14 手写）,通則,,其餘位中。以阿彌陀善。與那謨惡相為對治。二俱無力。所以並不行也。,《選佛譜》卷第一・見取・L57,見取
3601,第12门,別教位次門,卷6,六善現行,謨陀,謨,爱烦恼,陀,定善,不行·安住本位,,,安住,,「謨」表爱烦恼、「陀」表定善。此位生生常在诸佛会中，烦恼不复现起，故不行。,手工逐组（门1–14 手写）,通則,,其餘位中。以阿彌陀善。與那謨惡相為對治。二俱無力。所以並不行也。,《選佛譜》卷第一・見取・L57,見取
3602,第12门,別教位次門,卷6,六善現行,謨佛,謨,爱烦恼,佛,无漏善慧,行,初救護眾生離眾生相迴向,第12门,升,,「謨」表爱烦恼、「佛」表无漏善慧。于一切法皆明了，入初救护众生离众生相回向。,手工逐组（门1–14 手写）,攜帶,,阿阿等八。按位漸進。如常可知。,《選佛譜》卷第六・初發心住・L57,初發心住
3603,第12门,別教位次門,卷6,六善現行,阿阿,阿,施善,阿,施善,行,七無著行,第12门,升,,「阿阿」二字俱表施善。般若波罗密增上，于一切法皆明了，入七无著行。,手工逐组（门1–14 手写）,攜帶,,阿阿等八。按位漸進。如常可知。,《選佛譜》卷第六・初發心住・L57,初發心住
3604,第12门,別教位次門,卷6,六善現行,阿彌,阿,施善,彌,戒善,行,八尊重行,第12门,升,,「阿」表施善、「彌」表戒善。般若波罗密增上，于一切法皆明了，入八尊重行。,手工逐组（门1–14 手写）,攜帶,,阿阿等八。按位漸進。如常可知。,《選佛譜》卷第六・初發心住・L57,初發心住
3605,第12门,別教位次門,卷6,六善現行,阿陀,阿,施善,陀,定善,行,九善法行,第12门,升,,「阿」表施善、「陀」表定善。生生常在诸佛会中，故入九善法行。,手工逐组（门1–14 手写）,攜帶,,阿阿等八。按位漸進。如常可知。,《選佛譜》卷第六・初發心住・L57,初發心住
3606,第12门,別教位次門,卷6,六善現行,阿佛,阿,施善,佛,无漏善慧,行,六隨順平等善根迴向,第12门,升,,「阿」表施善、「佛」表无漏善慧。般若波罗密增上，于一切法皆明了，故入六随顺平等善根回向。,手工逐组（门1–14 手写）,攜帶,,阿佛亦得漸超。故階初行。,《選佛譜》卷第六・初發心住・L57,初發心住
3607,第12门,別教位次門,卷6,六善現行,彌彌,彌,戒善,彌,戒善,行,九善法行,第12门,升,,「彌彌」二字俱表戒善。生生常在诸佛会中，故入九善法行。,手工逐组（门1–14 手写）,攜帶,,阿阿等八。按位漸進。如常可知。,《選佛譜》卷第六・初發心住・L57,初發心住
3608,第12门,別教位次門,卷6,六善現行,彌陀,彌,戒善,陀,定善,行,十真實行,第12门,升,,「彌」表戒善、「陀」表定善。生生常在诸佛会中，故入十真实行。,手工逐组（门1–14 手写）,攜帶,,阿阿等八。按位漸進。如常可知。,《選佛譜》卷第六・初發心住・L57,初發心住
3609,第12门,別教位次門,卷6,六善現行,彌佛,彌,戒善,佛,无漏善慧,行,方便有餘淨土,第14门,横超,,「彌」表戒善、「佛」表无漏善慧。依门首准知，不离佛，故即生方便有余净土。,手工逐组（门1–14 手写）,承注,,彌佛即生方便淨者。不離佛故。,《選佛譜》卷第六・初歡喜行・L97,初歡喜行
3610,第12门,別教位次門,卷6,六善現行,陀陀,陀,定善,陀,定善,行,初救護眾生離眾生相迴向,第12门,升,,「陀陀」二字俱表定善。于一切法皆明了，故入初救护众生离众生相回向。,手工逐组（门1–14 手写）,攜帶,,阿阿等八。按位漸進。如常可知。,《選佛譜》卷第六・初發心住・L57,初發心住
3611,第12门,別教位次門,卷6,六善現行,陀佛,陀,定善,佛,无漏善慧,行,圓十住位,第13门,升,,「陀」表定善、「佛」表无漏善慧。依门首准知，胜进接，故入圆十住位。,手工逐组（门1–14 手写）,承注,,陀佛圓住者。勝進接故。,《選佛譜》卷第六・初歡喜行・L97,初歡喜行
3612,第12门,別教位次門,卷6,六善現行,佛佛,佛,无漏善慧,佛,无漏善慧,行,圓十行位,第13门,升,,「佛佛」二字俱表无漏善慧。依门首准知，开粗成妙，故入圆十行位。,手工逐组（门1–14 手写）,承注,,佛佛圓行者。開麤成妙故。,《選佛譜》卷第六・初歡喜行・L97,初歡喜行
3613,第12门,別教位次門,卷6,七無著行,那那,那,见烦恼,那,见烦恼,不行·安住本位,,,安住,,「那那」二字俱表见烦恼。此位于生死涅槃二边皆不著，故不行。,手工逐组（门1–14 手写）,推演,,"是故六住已前。煩惑未盡。猶得有退轉義。那那須修無生懺也。
入於無生畢竟空界。名不退住。准位應同阿羅漢果。已辦地也。","《選佛譜》卷第六・初發心住・L57
《選佛譜》卷第六・七不退住・L81",初發心住、七不退住
3614,第12门,別教位次門,卷6,七無著行,那謨,那,见烦恼,謨,爱烦恼,不行·安住本位,,,安住,,「那」表见烦恼、「謨」表爱烦恼。此位于生死涅槃二边皆不著，烦恼不复现起，故不行。,手工逐组（门1–14 手写）,推演,,於定心中。如次修行三十七品。令其調適。能伏煩惱。名不退心。然猶未證三種不退。但較前五心稍堅固耳。故那謨相雜。雖可不行。,《選佛譜》卷第六・六不退心・L37,六不退心
3615,第12门,別教位次門,卷6,七無著行,那阿,那,见烦恼,阿,施善,不行·安住本位,,,安住,,「那」表见烦恼、「阿」表施善。此位于生死涅槃二边皆不著，烦恼不复现起，故不行。,手工逐组（门1–14 手写）,通則,,其餘位中。以阿彌陀善。與那謨惡相為對治。二俱無力。所以並不行也。,《選佛譜》卷第一・見取・L57,見取
3616,第12门,別教位次門,卷6,七無著行,那彌,那,见烦恼,彌,戒善,不行·安住本位,,,安住,,「那」表见烦恼、「彌」表戒善。此位于生死涅槃二边皆不著，烦恼不复现起，故不行。,手工逐组（门1–14 手写）,通則,,其餘位中。以阿彌陀善。與那謨惡相為對治。二俱無力。所以並不行也。,《選佛譜》卷第一・見取・L57,見取
3617,第12门,別教位次門,卷6,七無著行,那陀,那,见烦恼,陀,定善,不行·安住本位,,,安住,,「那」表见烦恼、「陀」表定善。此位于生死涅槃二边皆不著，烦恼不复现起，故不行。,手工逐组（门1–14 手写）,通則,,其餘位中。以阿彌陀善。與那謨惡相為對治。二俱無力。所以並不行也。,《選佛譜》卷第一・見取・L57,見取
3618,第12门,別教位次門,卷6,七無著行,那佛,那,见烦恼,佛,无漏善慧,行,初救護眾生離眾生相迴向,第12门,升,,「那」表见烦恼、「佛」表无漏善慧。二边皆不著，入初救护众生离众生相回向。,手工逐组（门1–14 手写）,攜帶,,阿阿等八。按位漸進。如常可知。,《選佛譜》卷第六・初發心住・L57,初發心住
3619,第12门,別教位次門,卷6,七無著行,謨謨,謨,爱烦恼,謨,爱烦恼,不行·安住本位,,,安住,,「謨謨」二字俱表爱烦恼。此位于生死涅槃二边皆不著，故不行。,手工逐组（门1–14 手写）,推演,,"菩薩於多劫中。修行信心。已得成就。能斷分別我見。及從分別所起惡煩惱業。創見真空寂滅之理。
良由菩薩化物心重。自行則輕。不務斷結。從十信心。即便出假。既出假後遇大違緣。則分別心生。退菩提願。如舍利弗。往昔已曾得六住心。由婆羅門乞眼因緣。捨其大願。還趨小果。","《選佛譜》卷第六・初發心住・L57
《選佛譜》卷第六・初發心住・L57",初發心住
3620,第12门,別教位次門,卷6,七無著行,謨阿,謨,爱烦恼,阿,施善,不行·安住本位,,,安住,,「謨」表爱烦恼、「阿」表施善。此位于生死涅槃二边皆不著，烦恼不复现起，故不行。,手工逐组（门1–14 手写）,通則,,其餘位中。以阿彌陀善。與那謨惡相為對治。二俱無力。所以並不行也。,《選佛譜》卷第一・見取・L57,見取
3621,第12门,別教位次門,卷6,七無著行,謨彌,謨,爱烦恼,彌,戒善,不行·安住本位,,,安住,,「謨」表爱烦恼、「彌」表戒善。此位于生死涅槃二边皆不著，烦恼不复现起，故不行。,手工逐组（门1–14 手写）,通則,,其餘位中。以阿彌陀善。與那謨惡相為對治。二俱無力。所以並不行也。,《選佛譜》卷第一・見取・L57,見取
3622,第12门,別教位次門,卷6,七無著行,謨陀,謨,爱烦恼,陀,定善,不行·安住本位,,,安住,,「謨」表爱烦恼、「陀」表定善。此位于生死涅槃二边皆不著，烦恼不复现起，故不行。,手工逐组（门1–14 手写）,通則,,其餘位中。以阿彌陀善。與那謨惡相為對治。二俱無力。所以並不行也。,《選佛譜》卷第一・見取・L57,見取
3623,第12门,別教位次門,卷6,七無著行,謨佛,謨,爱烦恼,佛,无漏善慧,行,二不壞迴向,第12门,升,,「謨」表爱烦恼、「佛」表无漏善慧。于生死涅槃二边皆不著，故入二不坏回向。,手工逐组（门1–14 手写）,攜帶,,阿阿等八。按位漸進。如常可知。,《選佛譜》卷第六・初發心住・L57,初發心住
3624,第12门,別教位次門,卷6,七無著行,阿阿,阿,施善,阿,施善,行,八尊重行,第12门,升,,「阿阿」二字俱表施善。方便波罗密增上，二边皆不著，故入八尊重行。,手工逐组（门1–14 手写）,攜帶,,阿阿等八。按位漸進。如常可知。,《選佛譜》卷第六・初發心住・L57,初發心住
3625,第12门,別教位次門,卷6,七無著行,阿彌,阿,施善,彌,戒善,行,九善法行,第12门,升,,「阿」表施善、「彌」表戒善。方便波罗密增上，二边皆不著，故入九善法行。,手工逐组（门1–14 手写）,攜帶,,阿阿等八。按位漸進。如常可知。,《選佛譜》卷第六・初發心住・L57,初發心住
3626,第12门,別教位次門,卷6,七無著行,阿陀,阿,施善,陀,定善,行,十真實行,第12门,升,,「阿」表施善、「陀」表定善。于生死涅槃二边皆不著，故入十真实行。,手工逐组（门1–14 手写）,攜帶,,阿阿等八。按位漸進。如常可知。,《選佛譜》卷第六・初發心住・L57,初發心住
3627,第12门,別教位次門,卷6,七無著行,阿佛,阿,施善,佛,无漏善慧,行,七隨順等觀一切眾生迴向,第12门,升,,「阿」表施善、「佛」表无漏善慧。方便波罗密增上，二边皆不著，故入七随顺等观一切众生回向。,手工逐组（门1–14 手写）,攜帶,,阿佛亦得漸超。故階初行。,《選佛譜》卷第六・初發心住・L57,初發心住
3628,第12门,別教位次門,卷6,七無著行,彌彌,彌,戒善,彌,戒善,行,十真實行,第12门,升,,「彌彌」二字俱表戒善。于生死涅槃二边皆不著，故入十真实行。,手工逐组（门1–14 手写）,攜帶,,阿阿等八。按位漸進。如常可知。,《選佛譜》卷第六・初發心住・L57,初發心住
3629,第12门,別教位次門,卷6,七無著行,彌陀,彌,戒善,陀,定善,行,初救護眾生離眾生相迴向,第12门,升,,「彌」表戒善、「陀」表定善。二边皆不著，入初救护众生离众生相回向。,手工逐组（门1–14 手写）,攜帶,,阿阿等八。按位漸進。如常可知。,《選佛譜》卷第六・初發心住・L57,初發心住
3630,第12门,別教位次門,卷6,七無著行,彌佛,彌,戒善,佛,无漏善慧,行,方便有餘淨土,第14门,横超,,「彌」表戒善、「佛」表无漏善慧。依门首准知，不离佛，故即生方便有余净土。,手工逐组（门1–14 手写）,承注,,彌佛即生方便淨者。不離佛故。,《選佛譜》卷第六・初歡喜行・L97,初歡喜行
3631,第12门,別教位次門,卷6,七無著行,陀陀,陀,定善,陀,定善,行,二不壞迴向,第12门,升,,「陀陀」二字俱表定善。于生死涅槃二边皆不著，故入二不坏回向。,手工逐组（门1–14 手写）,攜帶,,阿阿等八。按位漸進。如常可知。,《選佛譜》卷第六・初發心住・L57,初發心住
3632,第12门,別教位次門,卷6,七無著行,陀佛,陀,定善,佛,无漏善慧,行,圓十住位,第13门,升,,「陀」表定善、「佛」表无漏善慧。依门首准知，胜进接，故入圆十住位。,手工逐组（门1–14 手写）,承注,,陀佛圓住者。勝進接故。,《選佛譜》卷第六・初歡喜行・L97,初歡喜行
3633,第12门,別教位次門,卷6,七無著行,佛佛,佛,无漏善慧,佛,无漏善慧,行,圓十行位,第13门,升,,「佛佛」二字俱表无漏善慧。依门首准知，开粗成妙，故入圆十行位。,手工逐组（门1–14 手写）,承注,,佛佛圓行者。開麤成妙故。,《選佛譜》卷第六・初歡喜行・L97,初歡喜行
3634,第12门,別教位次門,卷6,八尊重行,那那,那,见烦恼,那,见烦恼,不行·安住本位,,,安住,,「那那」二字俱表见烦恼。此位所有善根最为尊重，故不行。,手工逐组（门1–14 手写）,推演,,"是故六住已前。煩惑未盡。猶得有退轉義。那那須修無生懺也。
入於無生畢竟空界。名不退住。准位應同阿羅漢果。已辦地也。","《選佛譜》卷第六・初發心住・L57
《選佛譜》卷第六・七不退住・L81",初發心住、七不退住
3635,第12门,別教位次門,卷6,八尊重行,那謨,那,见烦恼,謨,爱烦恼,不行·安住本位,,,安住,,「那」表见烦恼、「謨」表爱烦恼。此位所有善根最为尊重，烦恼不复现起，故不行。,手工逐组（门1–14 手写）,推演,,於定心中。如次修行三十七品。令其調適。能伏煩惱。名不退心。然猶未證三種不退。但較前五心稍堅固耳。故那謨相雜。雖可不行。,《選佛譜》卷第六・六不退心・L37,六不退心
3636,第12门,別教位次門,卷6,八尊重行,那阿,那,见烦恼,阿,施善,不行·安住本位,,,安住,,「那」表见烦恼、「阿」表施善。此位所有善根最为尊重，烦恼不复现起，故不行。,手工逐组（门1–14 手写）,通則,,其餘位中。以阿彌陀善。與那謨惡相為對治。二俱無力。所以並不行也。,《選佛譜》卷第一・見取・L57,見取
3637,第12门,別教位次門,卷6,八尊重行,那彌,那,见烦恼,彌,戒善,不行·安住本位,,,安住,,「那」表见烦恼、「彌」表戒善。此位所有善根最为尊重，烦恼不复现起，故不行。,手工逐组（门1–14 手写）,通則,,其餘位中。以阿彌陀善。與那謨惡相為對治。二俱無力。所以並不行也。,《選佛譜》卷第一・見取・L57,見取
3638,第12门,別教位次門,卷6,八尊重行,那陀,那,见烦恼,陀,定善,不行·安住本位,,,安住,,「那」表见烦恼、「陀」表定善。此位所有善根最为尊重，烦恼不复现起，故不行。,手工逐组（门1–14 手写）,通則,,其餘位中。以阿彌陀善。與那謨惡相為對治。二俱無力。所以並不行也。,《選佛譜》卷第一・見取・L57,見取
3639,第12门,別教位次門,卷6,八尊重行,那佛,那,见烦恼,佛,无漏善慧,行,二不壞迴向,第12门,升,,「那」表见烦恼、「佛」表无漏善慧。所有善根最为尊重，故入二不坏回向。,手工逐组（门1–14 手写）,攜帶,,阿阿等八。按位漸進。如常可知。,《選佛譜》卷第六・初發心住・L57,初發心住
3640,第12门,別教位次門,卷6,八尊重行,謨謨,謨,爱烦恼,謨,爱烦恼,不行·安住本位,,,安住,,「謨謨」二字俱表爱烦恼。此位所有善根最为尊重，故不行。,手工逐组（门1–14 手写）,推演,,"菩薩於多劫中。修行信心。已得成就。能斷分別我見。及從分別所起惡煩惱業。創見真空寂滅之理。
良由菩薩化物心重。自行則輕。不務斷結。從十信心。即便出假。既出假後遇大違緣。則分別心生。退菩提願。如舍利弗。往昔已曾得六住心。由婆羅門乞眼因緣。捨其大願。還趨小果。","《選佛譜》卷第六・初發心住・L57
《選佛譜》卷第六・初發心住・L57",初發心住
3641,第12门,別教位次門,卷6,八尊重行,謨阿,謨,爱烦恼,阿,施善,不行·安住本位,,,安住,,「謨」表爱烦恼、「阿」表施善。此位所有善根最为尊重，烦恼不复现起，故不行。,手工逐组（门1–14 手写）,通則,,其餘位中。以阿彌陀善。與那謨惡相為對治。二俱無力。所以並不行也。,《選佛譜》卷第一・見取・L57,見取
3642,第12门,別教位次門,卷6,八尊重行,謨彌,謨,爱烦恼,彌,戒善,不行·安住本位,,,安住,,「謨」表爱烦恼、「彌」表戒善。此位所有善根最为尊重，烦恼不复现起，故不行。,手工逐组（门1–14 手写）,通則,,其餘位中。以阿彌陀善。與那謨惡相為對治。二俱無力。所以並不行也。,《選佛譜》卷第一・見取・L57,見取
3643,第12门,別教位次門,卷6,八尊重行,謨陀,謨,爱烦恼,陀,定善,不行·安住本位,,,安住,,「謨」表爱烦恼、「陀」表定善。此位所有善根最为尊重，烦恼不复现起，故不行。,手工逐组（门1–14 手写）,通則,,其餘位中。以阿彌陀善。與那謨惡相為對治。二俱無力。所以並不行也。,《選佛譜》卷第一・見取・L57,見取
3644,第12门,別教位次門,卷6,八尊重行,謨佛,謨,爱烦恼,佛,无漏善慧,行,三等一切佛迴向,第12门,升,,「謨」表爱烦恼、「佛」表无漏善慧。所有善根最为尊重，故入三等一切佛回向。,手工逐组（门1–14 手写）,攜帶,,阿阿等八。按位漸進。如常可知。,《選佛譜》卷第六・初發心住・L57,初發心住
3645,第12门,別教位次門,卷6,八尊重行,阿阿,阿,施善,阿,施善,行,九善法行,第12门,升,,「阿阿」二字俱表施善。愿波罗密增上，善根最为尊重，故入九善法行。,手工逐组（门1–14 手写）,攜帶,,阿阿等八。按位漸進。如常可知。,《選佛譜》卷第六・初發心住・L57,初發心住
3646,第12门,別教位次門,卷6,八尊重行,阿彌,阿,施善,彌,戒善,行,十真實行,第12门,升,,「阿」表施善、「彌」表戒善。愿波罗密增上，善根最为尊重，故入十真实行。,手工逐组（门1–14 手写）,攜帶,,阿阿等八。按位漸進。如常可知。,《選佛譜》卷第六・初發心住・L57,初發心住
3647,第12门,別教位次門,卷6,八尊重行,阿陀,阿,施善,陀,定善,行,初救護眾生離眾生相迴向,第12门,升,,「阿」表施善、「陀」表定善。亦名难得行，极难得，入初救护众生离众生相回向。,手工逐组（门1–14 手写）,攜帶,,阿阿等八。按位漸進。如常可知。,《選佛譜》卷第六・初發心住・L57,初發心住
3648,第12门,別教位次門,卷6,八尊重行,阿佛,阿,施善,佛,无漏善慧,行,八真如相迴向,第12门,升,,「阿」表施善、「佛」表无漏善慧。愿波罗密增上，善根最为尊重，故入八真如相回向。,手工逐组（门1–14 手写）,攜帶,,阿佛亦得漸超。故階初行。,《選佛譜》卷第六・初發心住・L57,初發心住
3649,第12门,別教位次門,卷6,八尊重行,彌彌,彌,戒善,彌,戒善,行,初救護眾生離眾生相迴向,第12门,升,,「彌彌」二字俱表戒善。亦名难得行，极难得，入初救护众生离众生相回向。,手工逐组（门1–14 手写）,攜帶,,阿阿等八。按位漸進。如常可知。,《選佛譜》卷第六・初發心住・L57,初發心住
3650,第12门,別教位次門,卷6,八尊重行,彌陀,彌,戒善,陀,定善,行,二不壞迴向,第12门,升,,「彌」表戒善、「陀」表定善。亦名难得行，极难得，故入二不坏回向。,手工逐组（门1–14 手写）,攜帶,,阿阿等八。按位漸進。如常可知。,《選佛譜》卷第六・初發心住・L57,初發心住
3651,第12门,別教位次門,卷6,八尊重行,彌佛,彌,戒善,佛,无漏善慧,行,方便有餘淨土,第14门,横超,,「彌」表戒善、「佛」表无漏善慧。依门首准知，不离佛，故即生方便有余净土。,手工逐组（门1–14 手写）,承注,,彌佛即生方便淨者。不離佛故。,《選佛譜》卷第六・初歡喜行・L97,初歡喜行
3652,第12门,別教位次門,卷6,八尊重行,陀陀,陀,定善,陀,定善,行,三等一切佛迴向,第12门,升,,「陀陀」二字俱表定善。亦名难得行，极难得，故入三等一切佛回向。,手工逐组（门1–14 手写）,攜帶,,阿阿等八。按位漸進。如常可知。,《選佛譜》卷第六・初發心住・L57,初發心住
3653,第12门,別教位次門,卷6,八尊重行,陀佛,陀,定善,佛,无漏善慧,行,圓十住位,第13门,升,,「陀」表定善、「佛」表无漏善慧。依门首准知，胜进接，故入圆十住位。,手工逐组（门1–14 手写）,承注,,陀佛圓住者。勝進接故。,《選佛譜》卷第六・初歡喜行・L97,初歡喜行
3654,第12门,別教位次門,卷6,八尊重行,佛佛,佛,无漏善慧,佛,无漏善慧,行,圓十行位,第13门,升,,「佛佛」二字俱表无漏善慧。依门首准知，开粗成妙，故入圆十行位。,手工逐组（门1–14 手写）,承注,,佛佛圓行者。開麤成妙故。,《選佛譜》卷第六・初歡喜行・L97,初歡喜行
3655,第12门,別教位次門,卷6,九善法行,那那,那,见烦恼,那,见烦恼,不行·安住本位,,,安住,,「那那」二字俱表见烦恼。此位说法授人，成物轨则，故不行。,手工逐组（门1–14 手写）,推演,,"是故六住已前。煩惑未盡。猶得有退轉義。那那須修無生懺也。
入於無生畢竟空界。名不退住。准位應同阿羅漢果。已辦地也。","《選佛譜》卷第六・初發心住・L57
《選佛譜》卷第六・七不退住・L81",初發心住、七不退住
3656,第12门,別教位次門,卷6,九善法行,那謨,那,见烦恼,謨,爱烦恼,不行·安住本位,,,安住,,「那」表见烦恼、「謨」表爱烦恼。此位说法授人，成物轨则，烦恼不复现起，故不行。,手工逐组（门1–14 手写）,推演,,於定心中。如次修行三十七品。令其調適。能伏煩惱。名不退心。然猶未證三種不退。但較前五心稍堅固耳。故那謨相雜。雖可不行。,《選佛譜》卷第六・六不退心・L37,六不退心
3657,第12门,別教位次門,卷6,九善法行,那阿,那,见烦恼,阿,施善,不行·安住本位,,,安住,,「那」表见烦恼、「阿」表施善。此位说法授人，成物轨则，烦恼不复现起，故不行。,手工逐组（门1–14 手写）,通則,,其餘位中。以阿彌陀善。與那謨惡相為對治。二俱無力。所以並不行也。,《選佛譜》卷第一・見取・L57,見取
3658,第12门,別教位次門,卷6,九善法行,那彌,那,见烦恼,彌,戒善,不行·安住本位,,,安住,,「那」表见烦恼、「彌」表戒善。此位说法授人，成物轨则，烦恼不复现起，故不行。,手工逐组（门1–14 手写）,通則,,其餘位中。以阿彌陀善。與那謨惡相為對治。二俱無力。所以並不行也。,《選佛譜》卷第一・見取・L57,見取
3659,第12门,別教位次門,卷6,九善法行,那陀,那,见烦恼,陀,定善,不行·安住本位,,,安住,,「那」表见烦恼、「陀」表定善。此位说法授人，成物轨则，烦恼不复现起，故不行。,手工逐组（门1–14 手写）,通則,,其餘位中。以阿彌陀善。與那謨惡相為對治。二俱無力。所以並不行也。,《選佛譜》卷第一・見取・L57,見取
3660,第12门,別教位次門,卷6,九善法行,那佛,那,见烦恼,佛,无漏善慧,行,三等一切佛迴向,第12门,升,,「那」表见烦恼、「佛」表无漏善慧。说法授人，成物轨则，故入三等一切佛回向。,手工逐组（门1–14 手写）,攜帶,,阿阿等八。按位漸進。如常可知。,《選佛譜》卷第六・初發心住・L57,初發心住
3661,第12门,別教位次門,卷6,九善法行,謨謨,謨,爱烦恼,謨,爱烦恼,不行·安住本位,,,安住,,「謨謨」二字俱表爱烦恼。此位说法授人，成物轨则，故不行。,手工逐组（门1–14 手写）,推演,,"菩薩於多劫中。修行信心。已得成就。能斷分別我見。及從分別所起惡煩惱業。創見真空寂滅之理。
良由菩薩化物心重。自行則輕。不務斷結。從十信心。即便出假。既出假後遇大違緣。則分別心生。退菩提願。如舍利弗。往昔已曾得六住心。由婆羅門乞眼因緣。捨其大願。還趨小果。","《選佛譜》卷第六・初發心住・L57
《選佛譜》卷第六・初發心住・L57",初發心住
3662,第12门,別教位次門,卷6,九善法行,謨阿,謨,爱烦恼,阿,施善,不行·安住本位,,,安住,,「謨」表爱烦恼、「阿」表施善。此位说法授人，成物轨则，烦恼不复现起，故不行。,手工逐组（门1–14 手写）,通則,,其餘位中。以阿彌陀善。與那謨惡相為對治。二俱無力。所以並不行也。,《選佛譜》卷第一・見取・L57,見取
3663,第12门,別教位次門,卷6,九善法行,謨彌,謨,爱烦恼,彌,戒善,不行·安住本位,,,安住,,「謨」表爱烦恼、「彌」表戒善。此位说法授人，成物轨则，烦恼不复现起，故不行。,手工逐组（门1–14 手写）,通則,,其餘位中。以阿彌陀善。與那謨惡相為對治。二俱無力。所以並不行也。,《選佛譜》卷第一・見取・L57,見取
3664,第12门,別教位次門,卷6,九善法行,謨陀,謨,爱烦恼,陀,定善,不行·安住本位,,,安住,,「謨」表爱烦恼、「陀」表定善。此位说法授人，成物轨则，烦恼不复现起，故不行。,手工逐组（门1–14 手写）,通則,,其餘位中。以阿彌陀善。與那謨惡相為對治。二俱無力。所以並不行也。,《選佛譜》卷第一・見取・L57,見取
3665,第12门,別教位次門,卷6,九善法行,謨佛,謨,爱烦恼,佛,无漏善慧,行,四至一切處迴向,第12门,升,,「謨」表爱烦恼、「佛」表无漏善慧。说法授人，成物轨则，故入四至一切处回向。,手工逐组（门1–14 手写）,攜帶,,阿阿等八。按位漸進。如常可知。,《選佛譜》卷第六・初發心住・L57,初發心住
3666,第12门,別教位次門,卷6,九善法行,阿阿,阿,施善,阿,施善,行,十真實行,第12门,升,,「阿阿」二字俱表施善。力波罗密增上，说法授人，故入十真实行。,手工逐组（门1–14 手写）,攜帶,,阿阿等八。按位漸進。如常可知。,《選佛譜》卷第六・初發心住・L57,初發心住
3667,第12门,別教位次門,卷6,九善法行,阿彌,阿,施善,彌,戒善,行,初救護眾生離眾生相迴向,第12门,升,,「阿」表施善、「彌」表戒善。力波罗密增上，说法授人，入初救护众生离众生相回向。,手工逐组（门1–14 手写）,攜帶,,阿阿等八。按位漸進。如常可知。,《選佛譜》卷第六・初發心住・L57,初發心住
3668,第12门,別教位次門,卷6,九善法行,阿陀,阿,施善,陀,定善,行,二不壞迴向,第12门,升,,「阿」表施善、「陀」表定善。成物轨则，故入二不坏回向。,手工逐组（门1–14 手写）,攜帶,,阿阿等八。按位漸進。如常可知。,《選佛譜》卷第六・初發心住・L57,初發心住
3669,第12门,別教位次門,卷6,九善法行,阿佛,阿,施善,佛,无漏善慧,行,九無縛解脫迴向,第12门,升,,「阿」表施善、「佛」表无漏善慧。力波罗密增上，说法授人，故入九无缚解脱回向。,手工逐组（门1–14 手写）,攜帶,,阿佛亦得漸超。故階初行。,《選佛譜》卷第六・初發心住・L57,初發心住
3670,第12门,別教位次門,卷6,九善法行,彌彌,彌,戒善,彌,戒善,行,二不壞迴向,第12门,升,,「彌彌」二字俱表戒善。成物轨则，故入二不坏回向。,手工逐组（门1–14 手写）,攜帶,,阿阿等八。按位漸進。如常可知。,《選佛譜》卷第六・初發心住・L57,初發心住
3671,第12门,別教位次門,卷6,九善法行,彌陀,彌,戒善,陀,定善,行,三等一切佛迴向,第12门,升,,「彌」表戒善、「陀」表定善。成物轨则，故入三等一切佛回向。,手工逐组（门1–14 手写）,攜帶,,阿阿等八。按位漸進。如常可知。,《選佛譜》卷第六・初發心住・L57,初發心住
3672,第12门,別教位次門,卷6,九善法行,彌佛,彌,戒善,佛,无漏善慧,行,方便有餘淨土,第14门,横超,,「彌」表戒善、「佛」表无漏善慧。依门首准知，不离佛，故即生方便有余净土。,手工逐组（门1–14 手写）,承注,,彌佛即生方便淨者。不離佛故。,《選佛譜》卷第六・初歡喜行・L97,初歡喜行
3673,第12门,別教位次門,卷6,九善法行,陀陀,陀,定善,陀,定善,行,四至一切處迴向,第12门,升,,「陀陀」二字俱表定善。成物轨则，故入四至一切处回向。,手工逐组（门1–14 手写）,攜帶,,阿阿等八。按位漸進。如常可知。,《選佛譜》卷第六・初發心住・L57,初發心住
3674,第12门,別教位次門,卷6,九善法行,陀佛,陀,定善,佛,无漏善慧,行,圓十住位,第13门,升,,「陀」表定善、「佛」表无漏善慧。依门首准知，胜进接，故入圆十住位。,手工逐组（门1–14 手写）,承注,,陀佛圓住者。勝進接故。,《選佛譜》卷第六・初歡喜行・L97,初歡喜行
3675,第12门,別教位次門,卷6,九善法行,佛佛,佛,无漏善慧,佛,无漏善慧,行,圓十行位,第13门,升,,「佛佛」二字俱表无漏善慧。依门首准知，开粗成妙，故入圆十行位。,手工逐组（门1–14 手写）,承注,,佛佛圓行者。開麤成妙故。,《選佛譜》卷第六・初歡喜行・L97,初歡喜行
3676,第12门,別教位次門,卷6,十真實行,那那,那,见烦恼,那,见烦恼,不行·安住本位,,,安住,,「那那」二字俱表见烦恼。此位照一切法非如非异，故不行。,手工逐组（门1–14 手写）,推演,,"是故六住已前。煩惑未盡。猶得有退轉義。那那須修無生懺也。
入於無生畢竟空界。名不退住。准位應同阿羅漢果。已辦地也。","《選佛譜》卷第六・初發心住・L57
《選佛譜》卷第六・七不退住・L81",初發心住、七不退住
3677,第12门,別教位次門,卷6,十真實行,那謨,那,见烦恼,謨,爱烦恼,不行·安住本位,,,安住,,「那」表见烦恼、「謨」表爱烦恼。此位照一切法非如非异，烦恼不复现起，故不行。,手工逐组（门1–14 手写）,推演,,於定心中。如次修行三十七品。令其調適。能伏煩惱。名不退心。然猶未證三種不退。但較前五心稍堅固耳。故那謨相雜。雖可不行。,《選佛譜》卷第六・六不退心・L37,六不退心
3678,第12门,別教位次門,卷6,十真實行,那阿,那,见烦恼,阿,施善,不行·安住本位,,,安住,,「那」表见烦恼、「阿」表施善。此位照一切法非如非异，烦恼不复现起，故不行。,手工逐组（门1–14 手写）,通則,,其餘位中。以阿彌陀善。與那謨惡相為對治。二俱無力。所以並不行也。,《選佛譜》卷第一・見取・L57,見取
3679,第12门,別教位次門,卷6,十真實行,那彌,那,见烦恼,彌,戒善,不行·安住本位,,,安住,,「那」表见烦恼、「彌」表戒善。此位照一切法非如非异，烦恼不复现起，故不行。,手工逐组（门1–14 手写）,通則,,其餘位中。以阿彌陀善。與那謨惡相為對治。二俱無力。所以並不行也。,《選佛譜》卷第一・見取・L57,見取
3680,第12门,別教位次門,卷6,十真實行,那陀,那,见烦恼,陀,定善,不行·安住本位,,,安住,,「那」表见烦恼、「陀」表定善。此位照一切法非如非异，烦恼不复现起，故不行。,手工逐组（门1–14 手写）,通則,,其餘位中。以阿彌陀善。與那謨惡相為對治。二俱無力。所以並不行也。,《選佛譜》卷第一・見取・L57,見取
3681,第12门,別教位次門,卷6,十真實行,那佛,那,见烦恼,佛,无漏善慧,行,四至一切處迴向,第12门,升,,「那」表见烦恼、「佛」表无漏善慧。照一切法非如非异，故入四至一切处回向。,手工逐组（门1–14 手写）,攜帶,,阿阿等八。按位漸進。如常可知。,《選佛譜》卷第六・初發心住・L57,初發心住
3682,第12门,別教位次門,卷6,十真實行,謨謨,謨,爱烦恼,謨,爱烦恼,不行·安住本位,,,安住,,「謨謨」二字俱表爱烦恼。此位照一切法非如非异，故不行。,手工逐组（门1–14 手写）,推演,,"菩薩於多劫中。修行信心。已得成就。能斷分別我見。及從分別所起惡煩惱業。創見真空寂滅之理。
良由菩薩化物心重。自行則輕。不務斷結。從十信心。即便出假。既出假後遇大違緣。則分別心生。退菩提願。如舍利弗。往昔已曾得六住心。由婆羅門乞眼因緣。捨其大願。還趨小果。","《選佛譜》卷第六・初發心住・L57
《選佛譜》卷第六・初發心住・L57",初發心住
3683,第12门,別教位次門,卷6,十真實行,謨阿,謨,爱烦恼,阿,施善,不行·安住本位,,,安住,,「謨」表爱烦恼、「阿」表施善。此位照一切法非如非异，烦恼不复现起，故不行。,手工逐组（门1–14 手写）,通則,,其餘位中。以阿彌陀善。與那謨惡相為對治。二俱無力。所以並不行也。,《選佛譜》卷第一・見取・L57,見取
3684,第12门,別教位次門,卷6,十真實行,謨彌,謨,爱烦恼,彌,戒善,不行·安住本位,,,安住,,「謨」表爱烦恼、「彌」表戒善。此位照一切法非如非异，烦恼不复现起，故不行。,手工逐组（门1–14 手写）,通則,,其餘位中。以阿彌陀善。與那謨惡相為對治。二俱無力。所以並不行也。,《選佛譜》卷第一・見取・L57,見取
3685,第12门,別教位次門,卷6,十真實行,謨陀,謨,爱烦恼,陀,定善,不行·安住本位,,,安住,,「謨」表爱烦恼、「陀」表定善。此位照一切法非如非异，烦恼不复现起，故不行。,手工逐组（门1–14 手写）,通則,,其餘位中。以阿彌陀善。與那謨惡相為對治。二俱無力。所以並不行也。,《選佛譜》卷第一・見取・L57,見取
3686,第12门,別教位次門,卷6,十真實行,謨佛,謨,爱烦恼,佛,无漏善慧,行,五無盡功德藏迴向,第12门,升,,「謨」表爱烦恼、「佛」表无漏善慧。照一切法非如非异，故入五无尽功德藏回向。,手工逐组（门1–14 手写）,攜帶,,阿阿等八。按位漸進。如常可知。,《選佛譜》卷第六・初發心住・L57,初發心住
3687,第12门,別教位次門,卷6,十真實行,阿阿,阿,施善,阿,施善,行,初救護眾生離眾生相迴向,第12门,升,,「阿阿」二字俱表施善。智波罗密增上，入初救护众生离众生相回向。,手工逐组（门1–14 手写）,攜帶,,阿阿等八。按位漸進。如常可知。,《選佛譜》卷第六・初發心住・L57,初發心住
3688,第12门,別教位次門,卷6,十真實行,阿彌,阿,施善,彌,戒善,行,二不壞迴向,第12门,升,,「阿」表施善、「彌」表戒善。智波罗密增上，照一切法，故入二不坏回向。,手工逐组（门1–14 手写）,攜帶,,阿阿等八。按位漸進。如常可知。,《選佛譜》卷第六・初發心住・L57,初發心住
3689,第12门,別教位次門,卷6,十真實行,阿陀,阿,施善,陀,定善,行,三等一切佛迴向,第12门,升,,「阿」表施善、「陀」表定善。得悟真实性，故入三等一切佛回向。,手工逐组（门1–14 手写）,攜帶,,阿阿等八。按位漸進。如常可知。,《選佛譜》卷第六・初發心住・L57,初發心住
3690,第12门,別教位次門,卷6,十真實行,阿佛,阿,施善,佛,无漏善慧,行,十法界無量迴向,第12门,升,,「阿」表施善、「佛」表无漏善慧。智波罗密增上，得悟真实性，故入十法界无量回向。,手工逐组（门1–14 手写）,攜帶,,阿佛亦得漸超。故階初行。,《選佛譜》卷第六・初發心住・L57,初發心住
3691,第12门,別教位次門,卷6,十真實行,彌彌,彌,戒善,彌,戒善,行,三等一切佛迴向,第12门,升,,「彌彌」二字俱表戒善。得悟真实性，故入三等一切佛回向。,手工逐组（门1–14 手写）,攜帶,,阿阿等八。按位漸進。如常可知。,《選佛譜》卷第六・初發心住・L57,初發心住
3692,第12门,別教位次門,卷6,十真實行,彌陀,彌,戒善,陀,定善,行,四至一切處迴向,第12门,升,,「彌」表戒善、「陀」表定善。得悟真实性，故入四至一切处回向。,手工逐组（门1–14 手写）,攜帶,,阿阿等八。按位漸進。如常可知。,《選佛譜》卷第六・初發心住・L57,初發心住
3693,第12门,別教位次門,卷6,十真實行,彌佛,彌,戒善,佛,无漏善慧,行,方便有餘淨土,第14门,横超,,「彌」表戒善、「佛」表无漏善慧。依门首准知，不离佛，故即生方便有余净土。,手工逐组（门1–14 手写）,承注,,彌佛即生方便淨者。不離佛故。,《選佛譜》卷第六・初歡喜行・L97,初歡喜行
3694,第12门,別教位次門,卷6,十真實行,陀陀,陀,定善,陀,定善,行,五無盡功德藏迴向,第12门,升,,「陀陀」二字俱表定善。得悟真实性，故入五无尽功德藏回向。,手工逐组（门1–14 手写）,攜帶,,阿阿等八。按位漸進。如常可知。,《選佛譜》卷第六・初發心住・L57,初發心住
3695,第12门,別教位次門,卷6,十真實行,陀佛,陀,定善,佛,无漏善慧,行,圓十住位,第13门,升,,「陀」表定善、「佛」表无漏善慧。依门首准知，胜进接，故入圆十住位。,手工逐组（门1–14 手写）,承注,,陀佛圓住者。勝進接故。,《選佛譜》卷第六・初歡喜行・L97,初歡喜行
3696,第12门,別教位次門,卷6,十真實行,佛佛,佛,无漏善慧,佛,无漏善慧,行,圓十行位,第13门,升,,「佛佛」二字俱表无漏善慧。依门首准知，开粗成妙，故入圆十行位。,手工逐组（门1–14 手写）,承注,,佛佛圓行者。開麤成妙故。,《選佛譜》卷第六・初歡喜行・L97,初歡喜行
3697,第12门,別教位次門,卷6,初救護眾生離眾生相迴向,那那,那,见烦恼,那,见烦恼,不行·安住本位,,,安住,,「那那」二字俱表见烦恼。此位双遣二边，正观中道，故不行。,手工逐组（门1–14 手写）,推演,,"是故六住已前。煩惑未盡。猶得有退轉義。那那須修無生懺也。
入於無生畢竟空界。名不退住。准位應同阿羅漢果。已辦地也。","《選佛譜》卷第六・初發心住・L57
《選佛譜》卷第六・七不退住・L81",初發心住、七不退住
3698,第12门,別教位次門,卷6,初救護眾生離眾生相迴向,那謨,那,见烦恼,謨,爱烦恼,不行·安住本位,,,安住,,「那」表见烦恼、「謨」表爱烦恼。此位双遣二边，正观中道，烦恼不复现起，故不行。,手工逐组（门1–14 手写）,推演,,於定心中。如次修行三十七品。令其調適。能伏煩惱。名不退心。然猶未證三種不退。但較前五心稍堅固耳。故那謨相雜。雖可不行。,《選佛譜》卷第六・六不退心・L37,六不退心
3699,第12门,別教位次門,卷6,初救護眾生離眾生相迴向,那阿,那,见烦恼,阿,施善,不行·安住本位,,,安住,,「那」表见烦恼、「阿」表施善。此位双遣二边，正观中道，烦恼不复现起，故不行。,手工逐组（门1–14 手写）,通則,,其餘位中。以阿彌陀善。與那謨惡相為對治。二俱無力。所以並不行也。,《選佛譜》卷第一・見取・L57,見取
3700,第12门,別教位次門,卷6,初救護眾生離眾生相迴向,那彌,那,见烦恼,彌,戒善,不行·安住本位,,,安住,,「那」表见烦恼、「彌」表戒善。此位双遣二边，正观中道，烦恼不复现起，故不行。,手工逐组（门1–14 手写）,通則,,其餘位中。以阿彌陀善。與那謨惡相為對治。二俱無力。所以並不行也。,《選佛譜》卷第一・見取・L57,見取
3701,第12门,別教位次門,卷6,初救護眾生離眾生相迴向,那陀,那,见烦恼,陀,定善,不行·安住本位,,,安住,,「那」表见烦恼、「陀」表定善。此位双遣二边，正观中道，烦恼不复现起，故不行。,手工逐组（门1–14 手写）,通則,,其餘位中。以阿彌陀善。與那謨惡相為對治。二俱無力。所以並不行也。,《選佛譜》卷第一・見取・L57,見取
3702,第12门,別教位次門,卷6,初救護眾生離眾生相迴向,那佛,那,见烦恼,佛,无漏善慧,行,五無盡功德藏迴向,第12门,升,,「那」表见烦恼、「佛」表无漏善慧。常行六道，不受六道诸果报苦，入五无尽功德藏回向。,手工逐组（门1–14 手写）,攜帶,,阿阿等八。按位漸進。如常可知。,《選佛譜》卷第六・初發心住・L57,初發心住
3703,第12门,別教位次門,卷6,初救護眾生離眾生相迴向,謨謨,謨,爱烦恼,謨,爱烦恼,不行·安住本位,,,安住,,「謨謨」二字俱表爱烦恼。此位双遣二边，正观中道，故不行。,手工逐组（门1–14 手写）,推演,,"菩薩於多劫中。修行信心。已得成就。能斷分別我見。及從分別所起惡煩惱業。創見真空寂滅之理。
良由菩薩化物心重。自行則輕。不務斷結。從十信心。即便出假。既出假後遇大違緣。則分別心生。退菩提願。如舍利弗。往昔已曾得六住心。由婆羅門乞眼因緣。捨其大願。還趨小果。","《選佛譜》卷第六・初發心住・L57
《選佛譜》卷第六・初發心住・L57",初發心住
3704,第12门,別教位次門,卷6,初救護眾生離眾生相迴向,謨阿,謨,爱烦恼,阿,施善,不行·安住本位,,,安住,,「謨」表爱烦恼、「阿」表施善。此位双遣二边，正观中道，烦恼不复现起，故不行。,手工逐组（门1–14 手写）,通則,,其餘位中。以阿彌陀善。與那謨惡相為對治。二俱無力。所以並不行也。,《選佛譜》卷第一・見取・L57,見取
3705,第12门,別教位次門,卷6,初救護眾生離眾生相迴向,謨彌,謨,爱烦恼,彌,戒善,不行·安住本位,,,安住,,「謨」表爱烦恼、「彌」表戒善。此位双遣二边，正观中道，烦恼不复现起，故不行。,手工逐组（门1–14 手写）,通則,,其餘位中。以阿彌陀善。與那謨惡相為對治。二俱無力。所以並不行也。,《選佛譜》卷第一・見取・L57,見取
3706,第12门,別教位次門,卷6,初救護眾生離眾生相迴向,謨陀,謨,爱烦恼,陀,定善,不行·安住本位,,,安住,,「謨」表爱烦恼、「陀」表定善。此位双遣二边，正观中道，烦恼不复现起，故不行。,手工逐组（门1–14 手写）,通則,,其餘位中。以阿彌陀善。與那謨惡相為對治。二俱無力。所以並不行也。,《選佛譜》卷第一・見取・L57,見取
3707,第12门,別教位次門,卷6,初救護眾生離眾生相迴向,謨佛,謨,爱烦恼,佛,无漏善慧,行,六隨順平等善根迴向,第12门,升,,「謨」表爱烦恼、「佛」表无漏善慧。常行六道，不受诸果报苦，入六随顺平等善根回向。,手工逐组（门1–14 手写）,攜帶,,阿阿等八。按位漸進。如常可知。,《選佛譜》卷第六・初發心住・L57,初發心住
3708,第12门,別教位次門,卷6,初救護眾生離眾生相迴向,阿阿,阿,施善,阿,施善,行,二不壞迴向,第12门,升,,「阿阿」二字俱表施善。由不住空，故名救护众生，入二不坏回向。,手工逐组（门1–14 手写）,攜帶,,阿阿等八。按位漸進。如常可知。,《選佛譜》卷第六・初發心住・L57,初發心住
3709,第12门,別教位次門,卷6,初救護眾生離眾生相迴向,阿彌,阿,施善,彌,戒善,行,三等一切佛迴向,第12门,升,,「阿」表施善、「彌」表戒善。由不住有，故名离众生相，入三等一切佛回向。,手工逐组（门1–14 手写）,攜帶,,阿阿等八。按位漸進。如常可知。,《選佛譜》卷第六・初發心住・L57,初發心住
3710,第12门,別教位次門,卷6,初救護眾生離眾生相迴向,阿陀,阿,施善,陀,定善,行,四至一切處迴向,第12门,升,,「阿」表施善、「陀」表定善。双遣二边，正观中道，入四至一切处回向。,手工逐组（门1–14 手写）,攜帶,,阿阿等八。按位漸進。如常可知。,《選佛譜》卷第六・初發心住・L57,初發心住
3711,第12门,別教位次門,卷6,初救護眾生離眾生相迴向,阿佛,阿,施善,佛,无漏善慧,行,圓十信位,第13门,升,,「阿」表施善、「佛」表无漏善慧。得相似中观，亦是按位接，故入圆十信位。,手工逐组（门1–14 手写）,直說,阿佛圓信者。得相似中觀故。亦是按位接故。,阿佛圓信者。得相似中觀故。亦是按位接故。,《選佛譜》卷第六・初救護眾生離眾生相迴向・L137,初救護眾生離眾生相迴向
3712,第12门,別教位次門,卷6,初救護眾生離眾生相迴向,彌彌,彌,戒善,彌,戒善,行,四至一切處迴向,第12门,升,,「彌彌」二字俱表戒善。双遣二边，正观中道，入四至一切处回向。,手工逐组（门1–14 手写）,攜帶,,阿阿等八。按位漸進。如常可知。,《選佛譜》卷第六・初發心住・L57,初發心住
3713,第12门,別教位次門,卷6,初救護眾生離眾生相迴向,彌陀,彌,戒善,陀,定善,行,五無盡功德藏迴向,第12门,升,,「彌」表戒善、「陀」表定善。双遣二边，正观中道，入五无尽功德藏回向。,手工逐组（门1–14 手写）,攜帶,,阿阿等八。按位漸進。如常可知。,《選佛譜》卷第六・初發心住・L57,初發心住
3714,第12门,別教位次門,卷6,初救護眾生離眾生相迴向,彌佛,彌,戒善,佛,无漏善慧,行,方便有餘淨土,第14门,横超,,「彌」表戒善、「佛」表无漏善慧。恒净佛国土，亦仍不离佛，故生方便有余净土。,手工逐组（门1–14 手写）,直說,彌佛方便者。恆淨佛國土故。亦仍不離佛故。,彌佛方便者。恆淨佛國土故。亦仍不離佛故。,《選佛譜》卷第六・初救護眾生離眾生相迴向・L137,初救護眾生離眾生相迴向
3715,第12门,別教位次門,卷6,初救護眾生離眾生相迴向,陀陀,陀,定善,陀,定善,行,六隨順平等善根迴向,第12门,升,,「陀陀」二字俱表定善。双遣二边，正观中道，入六随顺平等善根回向。,手工逐组（门1–14 手写）,攜帶,,阿阿等八。按位漸進。如常可知。,《選佛譜》卷第六・初發心住・L57,初發心住
3716,第12门,別教位次門,卷6,初救護眾生離眾生相迴向,陀佛,陀,定善,佛,无漏善慧,行,圓十住位,第13门,升,,「陀」表定善、「佛」表无漏善慧。仍是胜进接，故入圆十住位。,手工逐组（门1–14 手写）,直說,陀佛圓住者。仍是勝進接故。,陀佛圓住者。仍是勝進接故。,《選佛譜》卷第六・初救護眾生離眾生相迴向・L137,初救護眾生離眾生相迴向
3717,第12门,別教位次門,卷6,初救護眾生離眾生相迴向,佛佛,佛,无漏善慧,佛,无漏善慧,行,圓十迴向位,第13门,升,,「佛佛」二字俱表无漏善慧。亦开粗成妙，故入圆十回向位。,手工逐组（门1–14 手写）,直說,佛佛圓向者。亦開麤成妙故。下皆准知。,佛佛圓向者。亦開麤成妙故。,《選佛譜》卷第六・初救護眾生離眾生相迴向・L137,初救護眾生離眾生相迴向
3718,第12门,別教位次門,卷6,二不壞迴向,那那,那,见烦恼,那,见烦恼,不行·安住本位,,,安住,,「那那」二字俱表见烦恼。此位由修中观，似解分明，故不行。,手工逐组（门1–14 手写）,推演,,"是故六住已前。煩惑未盡。猶得有退轉義。那那須修無生懺也。
入於無生畢竟空界。名不退住。准位應同阿羅漢果。已辦地也。","《選佛譜》卷第六・初發心住・L57
《選佛譜》卷第六・七不退住・L81",初發心住、七不退住
3719,第12门,別教位次門,卷6,二不壞迴向,那謨,那,见烦恼,謨,爱烦恼,不行·安住本位,,,安住,,「那」表见烦恼、「謨」表爱烦恼。此位由修中观，似解分明，烦恼不复现起，故不行。,手工逐组（门1–14 手写）,推演,,於定心中。如次修行三十七品。令其調適。能伏煩惱。名不退心。然猶未證三種不退。但較前五心稍堅固耳。故那謨相雜。雖可不行。,《選佛譜》卷第六・六不退心・L37,六不退心
3720,第12门,別教位次門,卷6,二不壞迴向,那阿,那,见烦恼,阿,施善,不行·安住本位,,,安住,,「那」表见烦恼、「阿」表施善。此位由修中观，似解分明，烦恼不复现起，故不行。,手工逐组（门1–14 手写）,通則,,其餘位中。以阿彌陀善。與那謨惡相為對治。二俱無力。所以並不行也。,《選佛譜》卷第一・見取・L57,見取
3721,第12门,別教位次門,卷6,二不壞迴向,那彌,那,见烦恼,彌,戒善,不行·安住本位,,,安住,,「那」表见烦恼、「彌」表戒善。此位由修中观，似解分明，烦恼不复现起，故不行。,手工逐组（门1–14 手写）,通則,,其餘位中。以阿彌陀善。與那謨惡相為對治。二俱無力。所以並不行也。,《選佛譜》卷第一・見取・L57,見取
3722,第12门,別教位次門,卷6,二不壞迴向,那陀,那,见烦恼,陀,定善,不行·安住本位,,,安住,,「那」表见烦恼、「陀」表定善。此位由修中观，似解分明，烦恼不复现起，故不行。,手工逐组（门1–14 手写）,通則,,其餘位中。以阿彌陀善。與那謨惡相為對治。二俱無力。所以並不行也。,《選佛譜》卷第一・見取・L57,見取
3723,第12门,別教位次門,卷6,二不壞迴向,那佛,那,见烦恼,佛,无漏善慧,行,六隨順平等善根迴向,第12门,升,,「那」表见烦恼、「佛」表无漏善慧。由修中观，似解分明，入六随顺平等善根回向。,手工逐组（门1–14 手写）,攜帶,,阿阿等八。按位漸進。如常可知。,《選佛譜》卷第六・初發心住・L57,初發心住
3724,第12门,別教位次門,卷6,二不壞迴向,謨謨,謨,爱烦恼,謨,爱烦恼,不行·安住本位,,,安住,,「謨謨」二字俱表爱烦恼。此位由修中观，似解分明，故不行。,手工逐组（门1–14 手写）,推演,,"菩薩於多劫中。修行信心。已得成就。能斷分別我見。及從分別所起惡煩惱業。創見真空寂滅之理。
良由菩薩化物心重。自行則輕。不務斷結。從十信心。即便出假。既出假後遇大違緣。則分別心生。退菩提願。如舍利弗。往昔已曾得六住心。由婆羅門乞眼因緣。捨其大願。還趨小果。","《選佛譜》卷第六・初發心住・L57
《選佛譜》卷第六・初發心住・L57",初發心住
3725,第12门,別教位次門,卷6,二不壞迴向,謨阿,謨,爱烦恼,阿,施善,不行·安住本位,,,安住,,「謨」表爱烦恼、「阿」表施善。此位由修中观，似解分明，烦恼不复现起，故不行。,手工逐组（门1–14 手写）,通則,,其餘位中。以阿彌陀善。與那謨惡相為對治。二俱無力。所以並不行也。,《選佛譜》卷第一・見取・L57,見取
3726,第12门,別教位次門,卷6,二不壞迴向,謨彌,謨,爱烦恼,彌,戒善,不行·安住本位,,,安住,,「謨」表爱烦恼、「彌」表戒善。此位由修中观，似解分明，烦恼不复现起，故不行。,手工逐组（门1–14 手写）,通則,,其餘位中。以阿彌陀善。與那謨惡相為對治。二俱無力。所以並不行也。,《選佛譜》卷第一・見取・L57,見取
3727,第12门,別教位次門,卷6,二不壞迴向,謨陀,謨,爱烦恼,陀,定善,不行·安住本位,,,安住,,「謨」表爱烦恼、「陀」表定善。此位由修中观，似解分明，烦恼不复现起，故不行。,手工逐组（门1–14 手写）,通則,,其餘位中。以阿彌陀善。與那謨惡相為對治。二俱無力。所以並不行也。,《選佛譜》卷第一・見取・L57,見取
3728,第12门,別教位次門,卷6,二不壞迴向,謨佛,謨,爱烦恼,佛,无漏善慧,行,七隨順等觀一切眾生迴向,第12门,升,,「謨」表爱烦恼、「佛」表无漏善慧。似解分明，入七随顺等观一切众生回向。,手工逐组（门1–14 手写）,攜帶,,阿阿等八。按位漸進。如常可知。,《選佛譜》卷第六・初發心住・L57,初發心住
3729,第12门,別教位次門,卷6,二不壞迴向,阿阿,阿,施善,阿,施善,行,三等一切佛迴向,第12门,升,,「阿阿」二字俱表施善。由修中观，似解分明，入三等一切佛回向。,手工逐组（门1–14 手写）,攜帶,,阿阿等八。按位漸進。如常可知。,《選佛譜》卷第六・初發心住・L57,初發心住
3730,第12门,別教位次門,卷6,二不壞迴向,阿彌,阿,施善,彌,戒善,行,四至一切處迴向,第12门,升,,「阿」表施善、「彌」表戒善。由修中观，似解分明，入四至一切处回向。,手工逐组（门1–14 手写）,攜帶,,阿阿等八。按位漸進。如常可知。,《選佛譜》卷第六・初發心住・L57,初發心住
3731,第12门,別教位次門,卷6,二不壞迴向,阿陀,阿,施善,陀,定善,行,五無盡功德藏迴向,第12门,升,,「阿」表施善、「陀」表定善。空有二边并皆可坏，入五无尽功德藏回向。,手工逐组（门1–14 手写）,攜帶,,阿阿等八。按位漸進。如常可知。,《選佛譜》卷第六・初發心住・L57,初發心住
3732,第12门,別教位次門,卷6,二不壞迴向,阿佛,阿,施善,佛,无漏善慧,行,圓十信位,第13门,升,,「阿」表施善、「佛」表无漏善慧。依门首准知，得相似中观，亦是按位接，故入圆十信位。,手工逐组（门1–14 手写）,承注,,阿佛圓信者。得相似中觀故。亦是按位接故。,《選佛譜》卷第六・初救護眾生離眾生相迴向・L137,初救護眾生離眾生相迴向
3733,第12门,別教位次門,卷6,二不壞迴向,彌彌,彌,戒善,彌,戒善,行,五無盡功德藏迴向,第12门,升,,「彌彌」二字俱表戒善。空有二边并皆可坏，入五无尽功德藏回向。,手工逐组（门1–14 手写）,攜帶,,阿阿等八。按位漸進。如常可知。,《選佛譜》卷第六・初發心住・L57,初發心住
3734,第12门,別教位次門,卷6,二不壞迴向,彌陀,彌,戒善,陀,定善,行,六隨順平等善根迴向,第12门,升,,「彌」表戒善、「陀」表定善。空有二边并皆可坏，入六随顺平等善根回向。,手工逐组（门1–14 手写）,攜帶,,阿阿等八。按位漸進。如常可知。,《選佛譜》卷第六・初發心住・L57,初發心住
3735,第12门,別教位次門,卷6,二不壞迴向,彌佛,彌,戒善,佛,无漏善慧,行,方便有餘淨土,第14门,横超,,「彌」表戒善、「佛」表无漏善慧。依门首准知，恒净佛国土，亦仍不离佛，故生方便有余净土。,手工逐组（门1–14 手写）,承注,,彌佛方便者。恆淨佛國土故。亦仍不離佛故。,《選佛譜》卷第六・初救護眾生離眾生相迴向・L137,初救護眾生離眾生相迴向
3736,第12门,別教位次門,卷6,二不壞迴向,陀陀,陀,定善,陀,定善,行,七隨順等觀一切眾生迴向,第12门,升,,「陀陀」二字俱表定善。似解分明，入七随顺等观一切众生回向。,手工逐组（门1–14 手写）,攜帶,,阿阿等八。按位漸進。如常可知。,《選佛譜》卷第六・初發心住・L57,初發心住
3737,第12门,別教位次門,卷6,二不壞迴向,陀佛,陀,定善,佛,无漏善慧,行,圓十住位,第13门,升,,「陀」表定善、「佛」表无漏善慧。依门首准知，仍是胜进接，故入圆十住位。,手工逐组（门1–14 手写）,承注,,陀佛圓住者。仍是勝進接故。,《選佛譜》卷第六・初救護眾生離眾生相迴向・L137,初救護眾生離眾生相迴向
3738,第12门,別教位次門,卷6,二不壞迴向,佛佛,佛,无漏善慧,佛,无漏善慧,行,圓十迴向位,第13门,升,,「佛佛」二字俱表无漏善慧。依门首准知，亦开粗成妙，故入圆十回向位。,手工逐组（门1–14 手写）,承注,,佛佛圓向者。亦開麤成妙故。,《選佛譜》卷第六・初救護眾生離眾生相迴向・L137,初救護眾生離眾生相迴向
3739,第12门,別教位次門,卷6,三等一切佛迴向,那那,那,见烦恼,那,见烦恼,不行·安住本位,,,安住,,「那那」二字俱表见烦恼。此位三世佛法，一切时行，故不行。,手工逐组（门1–14 手写）,推演,三世佛法。一切時行。故名等一切佛也。,"是故六住已前。煩惑未盡。猶得有退轉義。那那須修無生懺也。
入於無生畢竟空界。名不退住。准位應同阿羅漢果。已辦地也。","《選佛譜》卷第六・初發心住・L57
《選佛譜》卷第六・七不退住・L81",初發心住、七不退住
3740,第12门,別教位次門,卷6,三等一切佛迴向,那謨,那,见烦恼,謨,爱烦恼,不行·安住本位,,,安住,,「那」表见烦恼、「謨」表爱烦恼。此位三世佛法，一切时行，烦恼不复现起，故不行。,手工逐组（门1–14 手写）,推演,三世佛法。一切時行。故名等一切佛也。,於定心中。如次修行三十七品。令其調適。能伏煩惱。名不退心。然猶未證三種不退。但較前五心稍堅固耳。故那謨相雜。雖可不行。,《選佛譜》卷第六・六不退心・L37,六不退心
3741,第12门,別教位次門,卷6,三等一切佛迴向,那阿,那,见烦恼,阿,施善,不行·安住本位,,,安住,,「那」表见烦恼、「阿」表施善。此位三世佛法，一切时行，烦恼不复现起，故不行。,手工逐组（门1–14 手写）,通則,三世佛法。一切時行。故名等一切佛也。,其餘位中。以阿彌陀善。與那謨惡相為對治。二俱無力。所以並不行也。,《選佛譜》卷第一・見取・L57,見取
3742,第12门,別教位次門,卷6,三等一切佛迴向,那彌,那,见烦恼,彌,戒善,不行·安住本位,,,安住,,「那」表见烦恼、「彌」表戒善。此位三世佛法，一切时行，烦恼不复现起，故不行。,手工逐组（门1–14 手写）,通則,三世佛法。一切時行。故名等一切佛也。,其餘位中。以阿彌陀善。與那謨惡相為對治。二俱無力。所以並不行也。,《選佛譜》卷第一・見取・L57,見取
3743,第12门,別教位次門,卷6,三等一切佛迴向,那陀,那,见烦恼,陀,定善,不行·安住本位,,,安住,,「那」表见烦恼、「陀」表定善。此位三世佛法，一切时行，烦恼不复现起，故不行。,手工逐组（门1–14 手写）,通則,三世佛法。一切時行。故名等一切佛也。,其餘位中。以阿彌陀善。與那謨惡相為對治。二俱無力。所以並不行也。,《選佛譜》卷第一・見取・L57,見取
3744,第12门,別教位次門,卷6,三等一切佛迴向,那佛,那,见烦恼,佛,无漏善慧,行,七隨順等觀一切眾生迴向,第12门,升,,「那」表见烦恼、「佛」表无漏善慧。三世佛法一切时行，入七随顺等观一切众生回向。,手工逐组（门1–14 手写）,攜帶,三世佛法。一切時行。故名等一切佛也。,阿阿等八。按位漸進。如常可知。,《選佛譜》卷第六・初發心住・L57,初發心住
3745,第12门,別教位次門,卷6,三等一切佛迴向,謨謨,謨,爱烦恼,謨,爱烦恼,不行·安住本位,,,安住,,「謨謨」二字俱表爱烦恼。此位三世佛法，一切时行，故不行。,手工逐组（门1–14 手写）,推演,三世佛法。一切時行。故名等一切佛也。,"菩薩於多劫中。修行信心。已得成就。能斷分別我見。及從分別所起惡煩惱業。創見真空寂滅之理。
良由菩薩化物心重。自行則輕。不務斷結。從十信心。即便出假。既出假後遇大違緣。則分別心生。退菩提願。如舍利弗。往昔已曾得六住心。由婆羅門乞眼因緣。捨其大願。還趨小果。","《選佛譜》卷第六・初發心住・L57
《選佛譜》卷第六・初發心住・L57",初發心住
3746,第12门,別教位次門,卷6,三等一切佛迴向,謨阿,謨,爱烦恼,阿,施善,不行·安住本位,,,安住,,「謨」表爱烦恼、「阿」表施善。此位三世佛法，一切时行，烦恼不复现起，故不行。,手工逐组（门1–14 手写）,通則,三世佛法。一切時行。故名等一切佛也。,其餘位中。以阿彌陀善。與那謨惡相為對治。二俱無力。所以並不行也。,《選佛譜》卷第一・見取・L57,見取
3747,第12门,別教位次門,卷6,三等一切佛迴向,謨彌,謨,爱烦恼,彌,戒善,不行·安住本位,,,安住,,「謨」表爱烦恼、「彌」表戒善。此位三世佛法，一切时行，烦恼不复现起，故不行。,手工逐组（门1–14 手写）,通則,三世佛法。一切時行。故名等一切佛也。,其餘位中。以阿彌陀善。與那謨惡相為對治。二俱無力。所以並不行也。,《選佛譜》卷第一・見取・L57,見取
3748,第12门,別教位次門,卷6,三等一切佛迴向,謨陀,謨,爱烦恼,陀,定善,不行·安住本位,,,安住,,「謨」表爱烦恼、「陀」表定善。此位三世佛法，一切时行，烦恼不复现起，故不行。,手工逐组（门1–14 手写）,通則,三世佛法。一切時行。故名等一切佛也。,其餘位中。以阿彌陀善。與那謨惡相為對治。二俱無力。所以並不行也。,《選佛譜》卷第一・見取・L57,見取
3749,第12门,別教位次門,卷6,三等一切佛迴向,謨佛,謨,爱烦恼,佛,无漏善慧,行,八真如相迴向,第12门,升,,「謨」表爱烦恼、「佛」表无漏善慧。三世佛法，一切时行，故入八真如相回向。,手工逐组（门1–14 手写）,攜帶,三世佛法。一切時行。故名等一切佛也。,阿阿等八。按位漸進。如常可知。,《選佛譜》卷第六・初發心住・L57,初發心住
3750,第12门,別教位次門,卷6,三等一切佛迴向,阿阿,阿,施善,阿,施善,行,四至一切處迴向,第12门,升,,「阿阿」二字俱表施善。三世佛法，一切时行，入四至一切处回向。,手工逐组（门1–14 手写）,攜帶,三世佛法。一切時行。故名等一切佛也。,阿阿等八。按位漸進。如常可知。,《選佛譜》卷第六・初發心住・L57,初發心住
3751,第12门,別教位次門,卷6,三等一切佛迴向,阿彌,阿,施善,彌,戒善,行,五無盡功德藏迴向,第12门,升,,「阿」表施善、「彌」表戒善。三世佛法，一切时行，入五无尽功德藏回向。,手工逐组（门1–14 手写）,攜帶,三世佛法。一切時行。故名等一切佛也。,阿阿等八。按位漸進。如常可知。,《選佛譜》卷第六・初發心住・L57,初發心住
3752,第12门,別教位次門,卷6,三等一切佛迴向,阿陀,阿,施善,陀,定善,行,六隨順平等善根迴向,第12门,升,,「阿」表施善、「陀」表定善。三世佛法，一切时行，入六随顺平等善根回向。,手工逐组（门1–14 手写）,攜帶,三世佛法。一切時行。故名等一切佛也。,阿阿等八。按位漸進。如常可知。,《選佛譜》卷第六・初發心住・L57,初發心住
3753,第12门,別教位次門,卷6,三等一切佛迴向,阿佛,阿,施善,佛,无漏善慧,行,圓十信位,第13门,升,,「阿」表施善、「佛」表无漏善慧。依门首准知，得相似中观，亦是按位接，故入圆十信位。,手工逐组（门1–14 手写）,承注,三世佛法。一切時行。故名等一切佛也。,阿佛圓信者。得相似中觀故。亦是按位接故。,《選佛譜》卷第六・初救護眾生離眾生相迴向・L137,初救護眾生離眾生相迴向
3754,第12门,別教位次門,卷6,三等一切佛迴向,彌彌,彌,戒善,彌,戒善,行,六隨順平等善根迴向,第12门,升,,「彌彌」二字俱表戒善。三世佛法，一切时行，入六随顺平等善根回向。,手工逐组（门1–14 手写）,攜帶,三世佛法。一切時行。故名等一切佛也。,阿阿等八。按位漸進。如常可知。,《選佛譜》卷第六・初發心住・L57,初發心住
3755,第12门,別教位次門,卷6,三等一切佛迴向,彌陀,彌,戒善,陀,定善,行,七隨順等觀一切眾生迴向,第12门,升,,「彌」表戒善、「陀」表定善。三世佛法一切时行，入七随顺等观一切众生回向。,手工逐组（门1–14 手写）,攜帶,三世佛法。一切時行。故名等一切佛也。,阿阿等八。按位漸進。如常可知。,《選佛譜》卷第六・初發心住・L57,初發心住
3756,第12门,別教位次門,卷6,三等一切佛迴向,彌佛,彌,戒善,佛,无漏善慧,行,方便有餘淨土,第14门,横超,,「彌」表戒善、「佛」表无漏善慧。依门首准知，恒净佛国土，亦仍不离佛，故生方便有余净土。,手工逐组（门1–14 手写）,承注,三世佛法。一切時行。故名等一切佛也。,彌佛方便者。恆淨佛國土故。亦仍不離佛故。,《選佛譜》卷第六・初救護眾生離眾生相迴向・L137,初救護眾生離眾生相迴向
3757,第12门,別教位次門,卷6,三等一切佛迴向,陀陀,陀,定善,陀,定善,行,八真如相迴向,第12门,升,,「陀陀」二字俱表定善。三世佛法，一切时行，故入八真如相回向。,手工逐组（门1–14 手写）,攜帶,三世佛法。一切時行。故名等一切佛也。,阿阿等八。按位漸進。如常可知。,《選佛譜》卷第六・初發心住・L57,初發心住
3758,第12门,別教位次門,卷6,三等一切佛迴向,陀佛,陀,定善,佛,无漏善慧,行,圓十住位,第13门,升,,「陀」表定善、「佛」表无漏善慧。依门首准知，仍是胜进接，故入圆十住位。,手工逐组（门1–14 手写）,承注,三世佛法。一切時行。故名等一切佛也。,陀佛圓住者。仍是勝進接故。,《選佛譜》卷第六・初救護眾生離眾生相迴向・L137,初救護眾生離眾生相迴向
3759,第12门,別教位次門,卷6,三等一切佛迴向,佛佛,佛,无漏善慧,佛,无漏善慧,行,圓十迴向位,第13门,升,,「佛佛」二字俱表无漏善慧。依门首准知，亦开粗成妙，故入圆十回向位。,手工逐组（门1–14 手写）,承注,三世佛法。一切時行。故名等一切佛也。,佛佛圓向者。亦開麤成妙故。,《選佛譜》卷第六・初救護眾生離眾生相迴向・L137,初救護眾生離眾生相迴向
3760,第12门,別教位次門,卷6,四至一切處迴向,那那,那,见烦恼,那,见烦恼,不行·安住本位,,,安住,,「那那」二字俱表见烦恼。此位以大愿力普入一切国土，故不行。,手工逐组（门1–14 手写）,推演,,"是故六住已前。煩惑未盡。猶得有退轉義。那那須修無生懺也。
入於無生畢竟空界。名不退住。准位應同阿羅漢果。已辦地也。","《選佛譜》卷第六・初發心住・L57
《選佛譜》卷第六・七不退住・L81",初發心住、七不退住
3761,第12门,別教位次門,卷6,四至一切處迴向,那謨,那,见烦恼,謨,爱烦恼,不行·安住本位,,,安住,,「那」表见烦恼、「謨」表爱烦恼。此位以大愿力普入一切国土，烦恼不复现起，故不行。,手工逐组（门1–14 手写）,推演,,於定心中。如次修行三十七品。令其調適。能伏煩惱。名不退心。然猶未證三種不退。但較前五心稍堅固耳。故那謨相雜。雖可不行。,《選佛譜》卷第六・六不退心・L37,六不退心
3762,第12门,別教位次門,卷6,四至一切處迴向,那阿,那,见烦恼,阿,施善,不行·安住本位,,,安住,,「那」表见烦恼、「阿」表施善。此位以大愿力普入一切国土，烦恼不复现起，故不行。,手工逐组（门1–14 手写）,通則,,其餘位中。以阿彌陀善。與那謨惡相為對治。二俱無力。所以並不行也。,《選佛譜》卷第一・見取・L57,見取
3763,第12门,別教位次門,卷6,四至一切處迴向,那彌,那,见烦恼,彌,戒善,不行·安住本位,,,安住,,「那」表见烦恼、「彌」表戒善。此位以大愿力普入一切国土，烦恼不复现起，故不行。,手工逐组（门1–14 手写）,通則,,其餘位中。以阿彌陀善。與那謨惡相為對治。二俱無力。所以並不行也。,《選佛譜》卷第一・見取・L57,見取
3764,第12门,別教位次門,卷6,四至一切處迴向,那陀,那,见烦恼,陀,定善,不行·安住本位,,,安住,,「那」表见烦恼、「陀」表定善。此位以大愿力普入一切国土，烦恼不复现起，故不行。,手工逐组（门1–14 手写）,通則,,其餘位中。以阿彌陀善。與那謨惡相為對治。二俱無力。所以並不行也。,《選佛譜》卷第一・見取・L57,見取
3765,第12门,別教位次門,卷6,四至一切處迴向,那佛,那,见烦恼,佛,无漏善慧,行,八真如相迴向,第12门,升,,「那」表见烦恼、「佛」表无漏善慧。以大愿力普入一切国土，故入八真如相回向。,手工逐组（门1–14 手写）,攜帶,,阿阿等八。按位漸進。如常可知。,《選佛譜》卷第六・初發心住・L57,初發心住
3766,第12门,別教位次門,卷6,四至一切處迴向,謨謨,謨,爱烦恼,謨,爱烦恼,不行·安住本位,,,安住,,「謨謨」二字俱表爱烦恼。此位供养一切诸佛，故不行。,手工逐组（门1–14 手写）,推演,,"菩薩於多劫中。修行信心。已得成就。能斷分別我見。及從分別所起惡煩惱業。創見真空寂滅之理。
良由菩薩化物心重。自行則輕。不務斷結。從十信心。即便出假。既出假後遇大違緣。則分別心生。退菩提願。如舍利弗。往昔已曾得六住心。由婆羅門乞眼因緣。捨其大願。還趨小果。","《選佛譜》卷第六・初發心住・L57
《選佛譜》卷第六・初發心住・L57",初發心住
3767,第12门,別教位次門,卷6,四至一切處迴向,謨阿,謨,爱烦恼,阿,施善,不行·安住本位,,,安住,,「謨」表爱烦恼、「阿」表施善。此位以大愿力普入一切国土，烦恼不复现起，故不行。,手工逐组（门1–14 手写）,通則,,其餘位中。以阿彌陀善。與那謨惡相為對治。二俱無力。所以並不行也。,《選佛譜》卷第一・見取・L57,見取
3768,第12门,別教位次門,卷6,四至一切處迴向,謨彌,謨,爱烦恼,彌,戒善,不行·安住本位,,,安住,,「謨」表爱烦恼、「彌」表戒善。此位以大愿力普入一切国土，烦恼不复现起，故不行。,手工逐组（门1–14 手写）,通則,,其餘位中。以阿彌陀善。與那謨惡相為對治。二俱無力。所以並不行也。,《選佛譜》卷第一・見取・L57,見取
3769,第12门,別教位次門,卷6,四至一切處迴向,謨陀,謨,爱烦恼,陀,定善,不行·安住本位,,,安住,,「謨」表爱烦恼、「陀」表定善。此位以大愿力普入一切国土，烦恼不复现起，故不行。,手工逐组（门1–14 手写）,通則,,其餘位中。以阿彌陀善。與那謨惡相為對治。二俱無力。所以並不行也。,《選佛譜》卷第一・見取・L57,見取
3770,第12门,別教位次門,卷6,四至一切處迴向,謨佛,謨,爱烦恼,佛,无漏善慧,行,九無縛解脫迴向,第12门,升,,「謨」表爱烦恼、「佛」表无漏善慧。以大愿力普入国土，故入九无缚解脱回向。,手工逐组（门1–14 手写）,攜帶,,阿阿等八。按位漸進。如常可知。,《選佛譜》卷第六・初發心住・L57,初發心住
3771,第12门,別教位次門,卷6,四至一切處迴向,阿阿,阿,施善,阿,施善,行,五無盡功德藏迴向,第12门,升,,「阿阿」二字俱表施善。以大愿力普入一切国土，入五无尽功德藏回向。,手工逐组（门1–14 手写）,攜帶,,阿阿等八。按位漸進。如常可知。,《選佛譜》卷第六・初發心住・L57,初發心住
3772,第12门,別教位次門,卷6,四至一切處迴向,阿彌,阿,施善,彌,戒善,行,六隨順平等善根迴向,第12门,升,,「阿」表施善、「彌」表戒善。以大愿力普入国土，入六随顺平等善根回向。,手工逐组（门1–14 手写）,攜帶,,阿阿等八。按位漸進。如常可知。,《選佛譜》卷第六・初發心住・L57,初發心住
3773,第12门,別教位次門,卷6,四至一切處迴向,阿陀,阿,施善,陀,定善,行,七隨順等觀一切眾生迴向,第12门,升,,「阿」表施善、「陀」表定善。供养一切诸佛，入七随顺等观一切众生回向。,手工逐组（门1–14 手写）,攜帶,,阿阿等八。按位漸進。如常可知。,《選佛譜》卷第六・初發心住・L57,初發心住
3774,第12门,別教位次門,卷6,四至一切處迴向,阿佛,阿,施善,佛,无漏善慧,行,圓十信位,第13门,升,,「阿」表施善、「佛」表无漏善慧。依门首准知，得相似中观，亦是按位接，故入圆十信位。,手工逐组（门1–14 手写）,承注,,阿佛圓信者。得相似中觀故。亦是按位接故。,《選佛譜》卷第六・初救護眾生離眾生相迴向・L137,初救護眾生離眾生相迴向
3775,第12门,別教位次門,卷6,四至一切處迴向,彌彌,彌,戒善,彌,戒善,行,七隨順等觀一切眾生迴向,第12门,升,,「彌彌」二字俱表戒善。供养一切诸佛，入七随顺等观一切众生回向。,手工逐组（门1–14 手写）,攜帶,,阿阿等八。按位漸進。如常可知。,《選佛譜》卷第六・初發心住・L57,初發心住
3776,第12门,別教位次門,卷6,四至一切處迴向,彌陀,彌,戒善,陀,定善,行,八真如相迴向,第12门,升,,「彌」表戒善、「陀」表定善。供养一切诸佛，故入八真如相回向。,手工逐组（门1–14 手写）,攜帶,,阿阿等八。按位漸進。如常可知。,《選佛譜》卷第六・初發心住・L57,初發心住
3777,第12门,別教位次門,卷6,四至一切處迴向,彌佛,彌,戒善,佛,无漏善慧,行,方便有餘淨土,第14门,横超,,「彌」表戒善、「佛」表无漏善慧。依门首准知，恒净佛国土，亦仍不离佛，故生方便有余净土。,手工逐组（门1–14 手写）,承注,,彌佛方便者。恆淨佛國土故。亦仍不離佛故。,《選佛譜》卷第六・初救護眾生離眾生相迴向・L137,初救護眾生離眾生相迴向
3778,第12门,別教位次門,卷6,四至一切處迴向,陀陀,陀,定善,陀,定善,行,九無縛解脫迴向,第12门,升,,「陀陀」二字俱表定善。供养一切诸佛，故入九无缚解脱回向。,手工逐组（门1–14 手写）,攜帶,,阿阿等八。按位漸進。如常可知。,《選佛譜》卷第六・初發心住・L57,初發心住
3779,第12门,別教位次門,卷6,四至一切處迴向,陀佛,陀,定善,佛,无漏善慧,行,圓十住位,第13门,升,,「陀」表定善、「佛」表无漏善慧。依门首准知，仍是胜进接，故入圆十住位。,手工逐组（门1–14 手写）,承注,,陀佛圓住者。仍是勝進接故。,《選佛譜》卷第六・初救護眾生離眾生相迴向・L137,初救護眾生離眾生相迴向
3780,第12门,別教位次門,卷6,四至一切處迴向,佛佛,佛,无漏善慧,佛,无漏善慧,行,圓十迴向位,第13门,升,,「佛佛」二字俱表无漏善慧。依门首准知，亦开粗成妙，故入圆十回向位。,手工逐组（门1–14 手写）,承注,,佛佛圓向者。亦開麤成妙故。,《選佛譜》卷第六・初救護眾生離眾生相迴向・L137,初救護眾生離眾生相迴向
3781,第12门,別教位次門,卷6,五無盡功德藏迴向,那那,那,见烦恼,那,见烦恼,不行·安住本位,,,安住,,「那那」二字俱表见烦恼。此位以常住法授与前人，故不行。,手工逐组（门1–14 手写）,推演,,"是故六住已前。煩惑未盡。猶得有退轉義。那那須修無生懺也。
入於無生畢竟空界。名不退住。准位應同阿羅漢果。已辦地也。","《選佛譜》卷第六・初發心住・L57
《選佛譜》卷第六・七不退住・L81",初發心住、七不退住
3782,第12门,別教位次門,卷6,五無盡功德藏迴向,那謨,那,见烦恼,謨,爱烦恼,不行·安住本位,,,安住,,「那」表见烦恼、「謨」表爱烦恼。此位以常住法授与前人，烦恼不复现起，故不行。,手工逐组（门1–14 手写）,推演,,於定心中。如次修行三十七品。令其調適。能伏煩惱。名不退心。然猶未證三種不退。但較前五心稍堅固耳。故那謨相雜。雖可不行。,《選佛譜》卷第六・六不退心・L37,六不退心
3783,第12门,別教位次門,卷6,五無盡功德藏迴向,那阿,那,见烦恼,阿,施善,不行·安住本位,,,安住,,「那」表见烦恼、「阿」表施善。此位以常住法授与前人，烦恼不复现起，故不行。,手工逐组（门1–14 手写）,通則,,其餘位中。以阿彌陀善。與那謨惡相為對治。二俱無力。所以並不行也。,《選佛譜》卷第一・見取・L57,見取
3784,第12门,別教位次門,卷6,五無盡功德藏迴向,那彌,那,见烦恼,彌,戒善,不行·安住本位,,,安住,,「那」表见烦恼、「彌」表戒善。此位以常住法授与前人，烦恼不复现起，故不行。,手工逐组（门1–14 手写）,通則,,其餘位中。以阿彌陀善。與那謨惡相為對治。二俱無力。所以並不行也。,《選佛譜》卷第一・見取・L57,見取
3785,第12门,別教位次門,卷6,五無盡功德藏迴向,那陀,那,见烦恼,陀,定善,不行·安住本位,,,安住,,「那」表见烦恼、「陀」表定善。此位以常住法授与前人，烦恼不复现起，故不行。,手工逐组（门1–14 手写）,通則,,其餘位中。以阿彌陀善。與那謨惡相為對治。二俱無力。所以並不行也。,《選佛譜》卷第一・見取・L57,見取
3786,第12门,別教位次門,卷6,五無盡功德藏迴向,那佛,那,见烦恼,佛,无漏善慧,行,九無縛解脫迴向,第12门,升,,「那」表见烦恼、「佛」表无漏善慧。以常住法授与前人，故入九无缚解脱回向。,手工逐组（门1–14 手写）,攜帶,,阿阿等八。按位漸進。如常可知。,《選佛譜》卷第六・初發心住・L57,初發心住
3787,第12门,別教位次門,卷6,五無盡功德藏迴向,謨謨,謨,爱烦恼,謨,爱烦恼,不行·安住本位,,,安住,,「謨謨」二字俱表爱烦恼。此位以常住法授与前人，故不行。,手工逐组（门1–14 手写）,推演,,"菩薩於多劫中。修行信心。已得成就。能斷分別我見。及從分別所起惡煩惱業。創見真空寂滅之理。
良由菩薩化物心重。自行則輕。不務斷結。從十信心。即便出假。既出假後遇大違緣。則分別心生。退菩提願。如舍利弗。往昔已曾得六住心。由婆羅門乞眼因緣。捨其大願。還趨小果。","《選佛譜》卷第六・初發心住・L57
《選佛譜》卷第六・初發心住・L57",初發心住
3788,第12门,別教位次門,卷6,五無盡功德藏迴向,謨阿,謨,爱烦恼,阿,施善,不行·安住本位,,,安住,,「謨」表爱烦恼、「阿」表施善。此位以常住法授与前人，烦恼不复现起，故不行。,手工逐组（门1–14 手写）,通則,,其餘位中。以阿彌陀善。與那謨惡相為對治。二俱無力。所以並不行也。,《選佛譜》卷第一・見取・L57,見取
3789,第12门,別教位次門,卷6,五無盡功德藏迴向,謨彌,謨,爱烦恼,彌,戒善,不行·安住本位,,,安住,,「謨」表爱烦恼、「彌」表戒善。此位以常住法授与前人，烦恼不复现起，故不行。,手工逐组（门1–14 手写）,通則,,其餘位中。以阿彌陀善。與那謨惡相為對治。二俱無力。所以並不行也。,《選佛譜》卷第一・見取・L57,見取
3790,第12门,別教位次門,卷6,五無盡功德藏迴向,謨陀,謨,爱烦恼,陀,定善,不行·安住本位,,,安住,,「謨」表爱烦恼、「陀」表定善。此位以常住法授与前人，烦恼不复现起，故不行。,手工逐组（门1–14 手写）,通則,,其餘位中。以阿彌陀善。與那謨惡相為對治。二俱無力。所以並不行也。,《選佛譜》卷第一・見取・L57,見取
3791,第12门,別教位次門,卷6,五無盡功德藏迴向,謨佛,謨,爱烦恼,佛,无漏善慧,行,十法界無量迴向,第12门,升,,「謨」表爱烦恼、「佛」表无漏善慧。以常住法授与前人，故入十法界无量回向。,手工逐组（门1–14 手写）,攜帶,,阿阿等八。按位漸進。如常可知。,《選佛譜》卷第六・初發心住・L57,初發心住
3792,第12门,別教位次門,卷6,五無盡功德藏迴向,阿阿,阿,施善,阿,施善,行,六隨順平等善根迴向,第12门,升,,「阿阿」二字俱表施善。以常住法授与前人，入六随顺平等善根回向。,手工逐组（门1–14 手写）,攜帶,,阿阿等八。按位漸進。如常可知。,《選佛譜》卷第六・初發心住・L57,初發心住
3793,第12门,別教位次門,卷6,五無盡功德藏迴向,阿彌,阿,施善,彌,戒善,行,七隨順等觀一切眾生迴向,第12门,升,,「阿」表施善、「彌」表戒善。以常住法授与前人，入七随顺等观一切众生回向。,手工逐组（门1–14 手写）,攜帶,,阿阿等八。按位漸進。如常可知。,《選佛譜》卷第六・初發心住・L57,初發心住
3794,第12门,別教位次門,卷6,五無盡功德藏迴向,阿陀,阿,施善,陀,定善,行,八真如相迴向,第12门,升,,「阿」表施善、「陀」表定善。以常住法授与前人，故入八真如相回向。,手工逐组（门1–14 手写）,攜帶,,阿阿等八。按位漸進。如常可知。,《選佛譜》卷第六・初發心住・L57,初發心住
3795,第12门,別教位次門,卷6,五無盡功德藏迴向,阿佛,阿,施善,佛,无漏善慧,行,圓十信位,第13门,升,,「阿」表施善、「佛」表无漏善慧。依门首准知，得相似中观，亦是按位接，故入圆十信位。,手工逐组（门1–14 手写）,承注,,阿佛圓信者。得相似中觀故。亦是按位接故。,《選佛譜》卷第六・初救護眾生離眾生相迴向・L137,初救護眾生離眾生相迴向
3796,第12门,別教位次門,卷6,五無盡功德藏迴向,彌彌,彌,戒善,彌,戒善,行,八真如相迴向,第12门,升,,「彌彌」二字俱表戒善。以常住法授与前人，故入八真如相回向。,手工逐组（门1–14 手写）,攜帶,,阿阿等八。按位漸進。如常可知。,《選佛譜》卷第六・初發心住・L57,初發心住
3797,第12门,別教位次門,卷6,五無盡功德藏迴向,彌陀,彌,戒善,陀,定善,行,九無縛解脫迴向,第12门,升,,「彌」表戒善、「陀」表定善。以常住法授与前人，故入九无缚解脱回向。,手工逐组（门1–14 手写）,攜帶,,阿阿等八。按位漸進。如常可知。,《選佛譜》卷第六・初發心住・L57,初發心住
3798,第12门,別教位次門,卷6,五無盡功德藏迴向,彌佛,彌,戒善,佛,无漏善慧,行,方便有餘淨土,第14门,横超,,「彌」表戒善、「佛」表无漏善慧。依门首准知，恒净佛国土，亦仍不离佛，故生方便有余净土。,手工逐组（门1–14 手写）,承注,,彌佛方便者。恆淨佛國土故。亦仍不離佛故。,《選佛譜》卷第六・初救護眾生離眾生相迴向・L137,初救護眾生離眾生相迴向
3799,第12门,別教位次門,卷6,五無盡功德藏迴向,陀陀,陀,定善,陀,定善,行,十法界無量迴向,第12门,升,,「陀陀」二字俱表定善。以常住法授与前人，故入十法界无量回向。,手工逐组（门1–14 手写）,攜帶,,阿阿等八。按位漸進。如常可知。,《選佛譜》卷第六・初發心住・L57,初發心住
3800,第12门,別教位次門,卷6,五無盡功德藏迴向,陀佛,陀,定善,佛,无漏善慧,行,圓十住位,第13门,升,,「陀」表定善、「佛」表无漏善慧。依门首准知，仍是胜进接，故入圆十住位。,手工逐组（门1–14 手写）,承注,,陀佛圓住者。仍是勝進接故。,《選佛譜》卷第六・初救護眾生離眾生相迴向・L137,初救護眾生離眾生相迴向
3801,第12门,別教位次門,卷6,五無盡功德藏迴向,佛佛,佛,无漏善慧,佛,无漏善慧,行,圓十迴向位,第13门,升,,「佛佛」二字俱表无漏善慧。依门首准知，亦开粗成妙，故入圆十回向位。,手工逐组（门1–14 手写）,承注,,佛佛圓向者。亦開麤成妙故。,《選佛譜》卷第六・初救護眾生離眾生相迴向・L137,初救護眾生離眾生相迴向
3802,第12门,別教位次門,卷6,六隨順平等善根迴向,那那,那,见烦恼,那,见烦恼,不行·安住本位,,,安住,,「那那」二字俱表见烦恼。此位行一切善，普皆回向众生，故不行。,手工逐组（门1–14 手写）,推演,,"是故六住已前。煩惑未盡。猶得有退轉義。那那須修無生懺也。
入於無生畢竟空界。名不退住。准位應同阿羅漢果。已辦地也。","《選佛譜》卷第六・初發心住・L57
《選佛譜》卷第六・七不退住・L81",初發心住、七不退住
3803,第12门,別教位次門,卷6,六隨順平等善根迴向,那謨,那,见烦恼,謨,爱烦恼,不行·安住本位,,,安住,,「那」表见烦恼、「謨」表爱烦恼。此位行一切善，普皆回向众生，烦恼不复现起，故不行。,手工逐组（门1–14 手写）,推演,,於定心中。如次修行三十七品。令其調適。能伏煩惱。名不退心。然猶未證三種不退。但較前五心稍堅固耳。故那謨相雜。雖可不行。,《選佛譜》卷第六・六不退心・L37,六不退心
3804,第12门,別教位次門,卷6,六隨順平等善根迴向,那阿,那,见烦恼,阿,施善,不行·安住本位,,,安住,,「那」表见烦恼、「阿」表施善。此位行一切善，普皆回向众生，烦恼不复现起，故不行。,手工逐组（门1–14 手写）,通則,,其餘位中。以阿彌陀善。與那謨惡相為對治。二俱無力。所以並不行也。,《選佛譜》卷第一・見取・L57,見取
3805,第12门,別教位次門,卷6,六隨順平等善根迴向,那彌,那,见烦恼,彌,戒善,不行·安住本位,,,安住,,「那」表见烦恼、「彌」表戒善。此位行一切善，普皆回向众生，烦恼不复现起，故不行。,手工逐组（门1–14 手写）,通則,,其餘位中。以阿彌陀善。與那謨惡相為對治。二俱無力。所以並不行也。,《選佛譜》卷第一・見取・L57,見取
3806,第12门,別教位次門,卷6,六隨順平等善根迴向,那陀,那,见烦恼,陀,定善,不行·安住本位,,,安住,,「那」表见烦恼、「陀」表定善。此位行一切善，普皆回向众生，烦恼不复现起，故不行。,手工逐组（门1–14 手写）,通則,,其餘位中。以阿彌陀善。與那謨惡相為對治。二俱無力。所以並不行也。,《選佛譜》卷第一・見取・L57,見取
3807,第12门,別教位次門,卷6,六隨順平等善根迴向,那佛,那,见烦恼,佛,无漏善慧,行,十法界無量迴向,第12门,升,,「那」表见烦恼、「佛」表无漏善慧。普皆回向众生，同成佛道，入十法界无量回向。,手工逐组（门1–14 手写）,承注,,陀陀。謨佛。亦皆十向者。於教道中。未得出世正慧。更無可勝進故。,《選佛譜》卷第六・六隨順平等善根迴向・L159,六隨順平等善根迴向
3808,第12门,別教位次門,卷6,六隨順平等善根迴向,謨謨,謨,爱烦恼,謨,爱烦恼,不行·安住本位,,,安住,,「謨謨」二字俱表爱烦恼。此位普皆回向众生，同成佛道，故不行。,手工逐组（门1–14 手写）,推演,,"菩薩於多劫中。修行信心。已得成就。能斷分別我見。及從分別所起惡煩惱業。創見真空寂滅之理。
良由菩薩化物心重。自行則輕。不務斷結。從十信心。即便出假。既出假後遇大違緣。則分別心生。退菩提願。如舍利弗。往昔已曾得六住心。由婆羅門乞眼因緣。捨其大願。還趨小果。","《選佛譜》卷第六・初發心住・L57
《選佛譜》卷第六・初發心住・L57",初發心住
3809,第12门,別教位次門,卷6,六隨順平等善根迴向,謨阿,謨,爱烦恼,阿,施善,不行·安住本位,,,安住,,「謨」表爱烦恼、「阿」表施善。此位行一切善，普皆回向众生，烦恼不复现起，故不行。,手工逐组（门1–14 手写）,通則,,其餘位中。以阿彌陀善。與那謨惡相為對治。二俱無力。所以並不行也。,《選佛譜》卷第一・見取・L57,見取
3810,第12门,別教位次門,卷6,六隨順平等善根迴向,謨彌,謨,爱烦恼,彌,戒善,不行·安住本位,,,安住,,「謨」表爱烦恼、「彌」表戒善。此位行一切善，普皆回向众生，烦恼不复现起，故不行。,手工逐组（门1–14 手写）,通則,,其餘位中。以阿彌陀善。與那謨惡相為對治。二俱無力。所以並不行也。,《選佛譜》卷第一・見取・L57,見取
3811,第12门,別教位次門,卷6,六隨順平等善根迴向,謨陀,謨,爱烦恼,陀,定善,不行·安住本位,,,安住,,「謨」表爱烦恼、「陀」表定善。此位行一切善，普皆回向众生，烦恼不复现起，故不行。,手工逐组（门1–14 手写）,通則,,其餘位中。以阿彌陀善。與那謨惡相為對治。二俱無力。所以並不行也。,《選佛譜》卷第一・見取・L57,見取
3812,第12门,別教位次門,卷6,六隨順平等善根迴向,謨佛,謨,爱烦恼,佛,无漏善慧,行,十法界無量迴向,第12门,升,,「謨」表爱烦恼、「佛」表无漏善慧。于教道中未得出世正慧，更无可胜进，入十法界无量回向。,手工逐组（门1–14 手写）,直說,陀陀。謨佛。亦皆十向者。於教道中。未得出世正慧。更無可勝進故。下諸位中。准此應知。,陀陀。謨佛。亦皆十向者。於教道中。未得出世正慧。更無可勝進故。,《選佛譜》卷第六・六隨順平等善根迴向・L159,六隨順平等善根迴向
3813,第12门,別教位次門,卷6,六隨順平等善根迴向,阿阿,阿,施善,阿,施善,行,七隨順等觀一切眾生迴向,第12门,升,,「阿阿」二字俱表施善。行一切善，同成佛道，入七随顺等观一切众生回向。,手工逐组（门1–14 手写）,攜帶,,阿阿等八。按位漸進。如常可知。,《選佛譜》卷第六・初發心住・L57,初發心住
3814,第12门,別教位次門,卷6,六隨順平等善根迴向,阿彌,阿,施善,彌,戒善,行,八真如相迴向,第12门,升,,「阿」表施善、「彌」表戒善。行一切善，同成佛道，故入八真如相回向。,手工逐组（门1–14 手写）,攜帶,,阿阿等八。按位漸進。如常可知。,《選佛譜》卷第六・初發心住・L57,初發心住
3815,第12门,別教位次門,卷6,六隨順平等善根迴向,阿陀,阿,施善,陀,定善,行,九無縛解脫迴向,第12门,升,,「阿」表施善、「陀」表定善。同成佛道，更无二趣，故入九无缚解脱回向。,手工逐组（门1–14 手写）,攜帶,,阿阿等八。按位漸進。如常可知。,《選佛譜》卷第六・初發心住・L57,初發心住
3816,第12门,別教位次門,卷6,六隨順平等善根迴向,阿佛,阿,施善,佛,无漏善慧,行,圓十信位,第13门,升,,「阿」表施善、「佛」表无漏善慧。依门首准知，得相似中观，亦是按位接，故入圆十信位。,手工逐组（门1–14 手写）,承注,,阿佛圓信者。得相似中觀故。亦是按位接故。,《選佛譜》卷第六・初救護眾生離眾生相迴向・L137,初救護眾生離眾生相迴向
3817,第12门,別教位次門,卷6,六隨順平等善根迴向,彌彌,彌,戒善,彌,戒善,行,九無縛解脫迴向,第12门,升,,「彌彌」二字俱表戒善。同成佛道，更无二趣，故入九无缚解脱回向。,手工逐组（门1–14 手写）,攜帶,,阿阿等八。按位漸進。如常可知。,《選佛譜》卷第六・初發心住・L57,初發心住
3818,第12门,別教位次門,卷6,六隨順平等善根迴向,彌陀,彌,戒善,陀,定善,行,十法界無量迴向,第12门,升,,「彌」表戒善、「陀」表定善。同成佛道，更无二趣，故入十法界无量回向。,手工逐组（门1–14 手写）,承注,,陀陀。謨佛。亦皆十向者。於教道中。未得出世正慧。更無可勝進故。,《選佛譜》卷第六・六隨順平等善根迴向・L159,六隨順平等善根迴向
3819,第12门,別教位次門,卷6,六隨順平等善根迴向,彌佛,彌,戒善,佛,无漏善慧,行,方便有餘淨土,第14门,横超,,「彌」表戒善、「佛」表无漏善慧。依门首准知，恒净佛国土，亦仍不离佛，故生方便有余净土。,手工逐组（门1–14 手写）,承注,,彌佛方便者。恆淨佛國土故。亦仍不離佛故。,《選佛譜》卷第六・初救護眾生離眾生相迴向・L137,初救護眾生離眾生相迴向
3820,第12门,別教位次門,卷6,六隨順平等善根迴向,陀陀,陀,定善,陀,定善,行,十法界無量迴向,第12门,升,,「陀陀」二字俱表定善。于教道中未得出世正慧，更无可胜进，入十法界无量回向。,手工逐组（门1–14 手写）,直說,陀陀。謨佛。亦皆十向者。於教道中。未得出世正慧。更無可勝進故。下諸位中。准此應知。,陀陀。謨佛。亦皆十向者。於教道中。未得出世正慧。更無可勝進故。,《選佛譜》卷第六・六隨順平等善根迴向・L159,六隨順平等善根迴向
3821,第12门,別教位次門,卷6,六隨順平等善根迴向,陀佛,陀,定善,佛,无漏善慧,行,圓十住位,第13门,升,,「陀」表定善、「佛」表无漏善慧。依门首准知，仍是胜进接，故入圆十住位。,手工逐组（门1–14 手写）,承注,,陀佛圓住者。仍是勝進接故。,《選佛譜》卷第六・初救護眾生離眾生相迴向・L137,初救護眾生離眾生相迴向
3822,第12门,別教位次門,卷6,六隨順平等善根迴向,佛佛,佛,无漏善慧,佛,无漏善慧,行,圓十迴向位,第13门,升,,「佛佛」二字俱表无漏善慧。依门首准知，亦开粗成妙，故入圆十回向位。,手工逐组（门1–14 手写）,承注,,佛佛圓向者。亦開麤成妙故。,《選佛譜》卷第六・初救護眾生離眾生相迴向・L137,初救護眾生離眾生相迴向
3823,第12门,別教位次門,卷6,七隨順等觀一切眾生迴向,那那,那,见烦恼,那,见烦恼,不行·安住本位,,,安住,,「那那」二字俱表见烦恼。此位观诸众生善恶一相无二，故不行。,手工逐组（门1–14 手写）,推演,,"是故六住已前。煩惑未盡。猶得有退轉義。那那須修無生懺也。
入於無生畢竟空界。名不退住。准位應同阿羅漢果。已辦地也。","《選佛譜》卷第六・初發心住・L57
《選佛譜》卷第六・七不退住・L81",初發心住、七不退住
3824,第12门,別教位次門,卷6,七隨順等觀一切眾生迴向,那謨,那,见烦恼,謨,爱烦恼,不行·安住本位,,,安住,,「那」表见烦恼、「謨」表爱烦恼。此位观诸众生善恶一相无二，烦恼不复现起，故不行。,手工逐组（门1–14 手写）,推演,,於定心中。如次修行三十七品。令其調適。能伏煩惱。名不退心。然猶未證三種不退。但較前五心稍堅固耳。故那謨相雜。雖可不行。,《選佛譜》卷第六・六不退心・L37,六不退心
3825,第12门,別教位次門,卷6,七隨順等觀一切眾生迴向,那阿,那,见烦恼,阿,施善,不行·安住本位,,,安住,,「那」表见烦恼、「阿」表施善。此位观诸众生善恶一相无二，烦恼不复现起，故不行。,手工逐组（门1–14 手写）,通則,,其餘位中。以阿彌陀善。與那謨惡相為對治。二俱無力。所以並不行也。,《選佛譜》卷第一・見取・L57,見取
3826,第12门,別教位次門,卷6,七隨順等觀一切眾生迴向,那彌,那,见烦恼,彌,戒善,不行·安住本位,,,安住,,「那」表见烦恼、「彌」表戒善。此位观诸众生善恶一相无二，烦恼不复现起，故不行。,手工逐组（门1–14 手写）,通則,,其餘位中。以阿彌陀善。與那謨惡相為對治。二俱無力。所以並不行也。,《選佛譜》卷第一・見取・L57,見取
3827,第12门,別教位次門,卷6,七隨順等觀一切眾生迴向,那陀,那,见烦恼,陀,定善,不行·安住本位,,,安住,,「那」表见烦恼、「陀」表定善。此位观诸众生善恶一相无二，烦恼不复现起，故不行。,手工逐组（门1–14 手写）,通則,,其餘位中。以阿彌陀善。與那謨惡相為對治。二俱無力。所以並不行也。,《選佛譜》卷第一・見取・L57,見取
3828,第12门,別教位次門,卷6,七隨順等觀一切眾生迴向,那佛,那,见烦恼,佛,无漏善慧,行,十法界無量迴向,第12门,升,,「那」表见烦恼、「佛」表无漏善慧。依前位准知，教道中更无可胜进，入十法界无量回向。,手工逐组（门1–14 手写）,承注,,陀陀。謨佛。亦皆十向者。於教道中。未得出世正慧。更無可勝進故。,《選佛譜》卷第六・六隨順平等善根迴向・L159,六隨順平等善根迴向
3829,第12门,別教位次門,卷6,七隨順等觀一切眾生迴向,謨謨,謨,爱烦恼,謨,爱烦恼,不行·安住本位,,,安住,,「謨謨」二字俱表爱烦恼。此位观诸众生善恶皆顺实相，故不行。,手工逐组（门1–14 手写）,推演,,"菩薩於多劫中。修行信心。已得成就。能斷分別我見。及從分別所起惡煩惱業。創見真空寂滅之理。
良由菩薩化物心重。自行則輕。不務斷結。從十信心。即便出假。既出假後遇大違緣。則分別心生。退菩提願。如舍利弗。往昔已曾得六住心。由婆羅門乞眼因緣。捨其大願。還趨小果。","《選佛譜》卷第六・初發心住・L57
《選佛譜》卷第六・初發心住・L57",初發心住
3830,第12门,別教位次門,卷6,七隨順等觀一切眾生迴向,謨阿,謨,爱烦恼,阿,施善,不行·安住本位,,,安住,,「謨」表爱烦恼、「阿」表施善。此位观诸众生善恶一相无二，烦恼不复现起，故不行。,手工逐组（门1–14 手写）,通則,,其餘位中。以阿彌陀善。與那謨惡相為對治。二俱無力。所以並不行也。,《選佛譜》卷第一・見取・L57,見取
3831,第12门,別教位次門,卷6,七隨順等觀一切眾生迴向,謨彌,謨,爱烦恼,彌,戒善,不行·安住本位,,,安住,,「謨」表爱烦恼、「彌」表戒善。此位观诸众生善恶一相无二，烦恼不复现起，故不行。,手工逐组（门1–14 手写）,通則,,其餘位中。以阿彌陀善。與那謨惡相為對治。二俱無力。所以並不行也。,《選佛譜》卷第一・見取・L57,見取
3832,第12门,別教位次門,卷6,七隨順等觀一切眾生迴向,謨陀,謨,爱烦恼,陀,定善,不行·安住本位,,,安住,,「謨」表爱烦恼、「陀」表定善。此位观诸众生善恶一相无二，烦恼不复现起，故不行。,手工逐组（门1–14 手写）,通則,,其餘位中。以阿彌陀善。與那謨惡相為對治。二俱無力。所以並不行也。,《選佛譜》卷第一・見取・L57,見取
3833,第12门,別教位次門,卷6,七隨順等觀一切眾生迴向,謨佛,謨,爱烦恼,佛,无漏善慧,行,十法界無量迴向,第12门,升,,「謨」表爱烦恼、「佛」表无漏善慧。依前位准知，教道中更无可胜进，入十法界无量回向。,手工逐组（门1–14 手写）,承注,,陀陀。謨佛。亦皆十向者。於教道中。未得出世正慧。更無可勝進故。,《選佛譜》卷第六・六隨順平等善根迴向・L159,六隨順平等善根迴向
3834,第12门,別教位次門,卷6,七隨順等觀一切眾生迴向,阿阿,阿,施善,阿,施善,行,八真如相迴向,第12门,升,,「阿阿」二字俱表施善。观诸众生善恶一相无二，故入八真如相回向。,手工逐组（门1–14 手写）,攜帶,,阿阿等八。按位漸進。如常可知。,《選佛譜》卷第六・初發心住・L57,初發心住
3835,第12门,別教位次門,卷6,七隨順等觀一切眾生迴向,阿彌,阿,施善,彌,戒善,行,九無縛解脫迴向,第12门,升,,「阿」表施善、「彌」表戒善。观诸众生善恶一相无二，入九无缚解脱回向。,手工逐组（门1–14 手写）,攜帶,,阿阿等八。按位漸進。如常可知。,《選佛譜》卷第六・初發心住・L57,初發心住
3836,第12门,別教位次門,卷6,七隨順等觀一切眾生迴向,阿陀,阿,施善,陀,定善,行,十法界無量迴向,第12门,升,,「阿」表施善、「陀」表定善。善恶皆顺实相，故入十法界无量回向。,手工逐组（门1–14 手写）,承注,,陀陀。謨佛。亦皆十向者。於教道中。未得出世正慧。更無可勝進故。,《選佛譜》卷第六・六隨順平等善根迴向・L159,六隨順平等善根迴向
3837,第12门,別教位次門,卷6,七隨順等觀一切眾生迴向,阿佛,阿,施善,佛,无漏善慧,行,圓十信位,第13门,升,,「阿」表施善、「佛」表无漏善慧。依门首准知，得相似中观，亦是按位接，故入圆十信位。,手工逐组（门1–14 手写）,承注,,阿佛圓信者。得相似中觀故。亦是按位接故。,《選佛譜》卷第六・初救護眾生離眾生相迴向・L137,初救護眾生離眾生相迴向
3838,第12门,別教位次門,卷6,七隨順等觀一切眾生迴向,彌彌,彌,戒善,彌,戒善,行,十法界無量迴向,第12门,升,,「彌彌」二字俱表戒善。善恶皆顺实相，故入十法界无量回向。,手工逐组（门1–14 手写）,承注,,陀陀。謨佛。亦皆十向者。於教道中。未得出世正慧。更無可勝進故。,《選佛譜》卷第六・六隨順平等善根迴向・L159,六隨順平等善根迴向
3839,第12门,別教位次門,卷6,七隨順等觀一切眾生迴向,彌陀,彌,戒善,陀,定善,行,十法界無量迴向,第12门,升,,「彌」表戒善、「陀」表定善。于教道中更无可胜进，入十法界无量回向。,手工逐组（门1–14 手写）,承注,,陀陀。謨佛。亦皆十向者。於教道中。未得出世正慧。更無可勝進故。,《選佛譜》卷第六・六隨順平等善根迴向・L159,六隨順平等善根迴向
3840,第12门,別教位次門,卷6,七隨順等觀一切眾生迴向,彌佛,彌,戒善,佛,无漏善慧,行,方便有餘淨土,第14门,横超,,「彌」表戒善、「佛」表无漏善慧。依门首准知，恒净佛国土，亦仍不离佛，故生方便有余净土。,手工逐组（门1–14 手写）,承注,,彌佛方便者。恆淨佛國土故。亦仍不離佛故。,《選佛譜》卷第六・初救護眾生離眾生相迴向・L137,初救護眾生離眾生相迴向
3841,第12门,別教位次門,卷6,七隨順等觀一切眾生迴向,陀陀,陀,定善,陀,定善,行,十法界無量迴向,第12门,升,,「陀陀」二字俱表定善。依前位准知，教道中更无可胜进，入十法界无量回向。,手工逐组（门1–14 手写）,承注,,陀陀。謨佛。亦皆十向者。於教道中。未得出世正慧。更無可勝進故。,《選佛譜》卷第六・六隨順平等善根迴向・L159,六隨順平等善根迴向
3842,第12门,別教位次門,卷6,七隨順等觀一切眾生迴向,陀佛,陀,定善,佛,无漏善慧,行,圓十住位,第13门,升,,「陀」表定善、「佛」表无漏善慧。依门首准知，仍是胜进接，故入圆十住位。,手工逐组（门1–14 手写）,承注,,陀佛圓住者。仍是勝進接故。,《選佛譜》卷第六・初救護眾生離眾生相迴向・L137,初救護眾生離眾生相迴向
3843,第12门,別教位次門,卷6,七隨順等觀一切眾生迴向,佛佛,佛,无漏善慧,佛,无漏善慧,行,圓十迴向位,第13门,升,,「佛佛」二字俱表无漏善慧。依门首准知，亦开粗成妙，故入圆十回向位。,手工逐组（门1–14 手写）,承注,,佛佛圓向者。亦開麤成妙故。,《選佛譜》卷第六・初救護眾生離眾生相迴向・L137,初救護眾生離眾生相迴向
3844,第12门,別教位次門,卷6,八真如相迴向,那那,那,见烦恼,那,见烦恼,不行·安住本位,,,安住,,「那那」二字俱表见烦恼。此位心得自在，等三世佛，故不行。,手工逐组（门1–14 手写）,推演,,"是故六住已前。煩惑未盡。猶得有退轉義。那那須修無生懺也。
入於無生畢竟空界。名不退住。准位應同阿羅漢果。已辦地也。","《選佛譜》卷第六・初發心住・L57
《選佛譜》卷第六・七不退住・L81",初發心住、七不退住
3845,第12门,別教位次門,卷6,八真如相迴向,那謨,那,见烦恼,謨,爱烦恼,不行·安住本位,,,安住,,「那」表见烦恼、「謨」表爱烦恼。此位心得自在，等三世佛，烦恼不复现起，故不行。,手工逐组（门1–14 手写）,推演,,於定心中。如次修行三十七品。令其調適。能伏煩惱。名不退心。然猶未證三種不退。但較前五心稍堅固耳。故那謨相雜。雖可不行。,《選佛譜》卷第六・六不退心・L37,六不退心
3846,第12门,別教位次門,卷6,八真如相迴向,那阿,那,见烦恼,阿,施善,不行·安住本位,,,安住,,「那」表见烦恼、「阿」表施善。此位心得自在，等三世佛，烦恼不复现起，故不行。,手工逐组（门1–14 手写）,通則,,其餘位中。以阿彌陀善。與那謨惡相為對治。二俱無力。所以並不行也。,《選佛譜》卷第一・見取・L57,見取
3847,第12门,別教位次門,卷6,八真如相迴向,那彌,那,见烦恼,彌,戒善,不行·安住本位,,,安住,,「那」表见烦恼、「彌」表戒善。此位心得自在，等三世佛，烦恼不复现起，故不行。,手工逐组（门1–14 手写）,通則,,其餘位中。以阿彌陀善。與那謨惡相為對治。二俱無力。所以並不行也。,《選佛譜》卷第一・見取・L57,見取
3848,第12门,別教位次門,卷6,八真如相迴向,那陀,那,见烦恼,陀,定善,不行·安住本位,,,安住,,「那」表见烦恼、「陀」表定善。此位心得自在，等三世佛，烦恼不复现起，故不行。,手工逐组（门1–14 手写）,通則,,其餘位中。以阿彌陀善。與那謨惡相為對治。二俱無力。所以並不行也。,《選佛譜》卷第一・見取・L57,見取
3849,第12门,別教位次門,卷6,八真如相迴向,那佛,那,见烦恼,佛,无漏善慧,行,十法界無量迴向,第12门,升,,「那」表见烦恼、「佛」表无漏善慧。依前位准知，教道中更无可胜进，入十法界无量回向。,手工逐组（门1–14 手写）,承注,,陀陀。謨佛。亦皆十向者。於教道中。未得出世正慧。更無可勝進故。,《選佛譜》卷第六・六隨順平等善根迴向・L159,六隨順平等善根迴向
3850,第12门,別教位次門,卷6,八真如相迴向,謨謨,謨,爱烦恼,謨,爱烦恼,不行·安住本位,,,安住,,「謨謨」二字俱表爱烦恼。此位常照有无，不得二相，故不行。,手工逐组（门1–14 手写）,推演,,"菩薩於多劫中。修行信心。已得成就。能斷分別我見。及從分別所起惡煩惱業。創見真空寂滅之理。
良由菩薩化物心重。自行則輕。不務斷結。從十信心。即便出假。既出假後遇大違緣。則分別心生。退菩提願。如舍利弗。往昔已曾得六住心。由婆羅門乞眼因緣。捨其大願。還趨小果。","《選佛譜》卷第六・初發心住・L57
《選佛譜》卷第六・初發心住・L57",初發心住
3851,第12门,別教位次門,卷6,八真如相迴向,謨阿,謨,爱烦恼,阿,施善,不行·安住本位,,,安住,,「謨」表爱烦恼、「阿」表施善。此位心得自在，等三世佛，烦恼不复现起，故不行。,手工逐组（门1–14 手写）,通則,,其餘位中。以阿彌陀善。與那謨惡相為對治。二俱無力。所以並不行也。,《選佛譜》卷第一・見取・L57,見取
3852,第12门,別教位次門,卷6,八真如相迴向,謨彌,謨,爱烦恼,彌,戒善,不行·安住本位,,,安住,,「謨」表爱烦恼、「彌」表戒善。此位心得自在，等三世佛，烦恼不复现起，故不行。,手工逐组（门1–14 手写）,通則,,其餘位中。以阿彌陀善。與那謨惡相為對治。二俱無力。所以並不行也。,《選佛譜》卷第一・見取・L57,見取
3853,第12门,別教位次門,卷6,八真如相迴向,謨陀,謨,爱烦恼,陀,定善,不行·安住本位,,,安住,,「謨」表爱烦恼、「陀」表定善。此位心得自在，等三世佛，烦恼不复现起，故不行。,手工逐组（门1–14 手写）,通則,,其餘位中。以阿彌陀善。與那謨惡相為對治。二俱無力。所以並不行也。,《選佛譜》卷第一・見取・L57,見取
3854,第12门,別教位次門,卷6,八真如相迴向,謨佛,謨,爱烦恼,佛,无漏善慧,行,十法界無量迴向,第12门,升,,「謨」表爱烦恼、「佛」表无漏善慧。依前位准知，教道中更无可胜进，入十法界无量回向。,手工逐组（门1–14 手写）,承注,,陀陀。謨佛。亦皆十向者。於教道中。未得出世正慧。更無可勝進故。,《選佛譜》卷第六・六隨順平等善根迴向・L159,六隨順平等善根迴向
3855,第12门,別教位次門,卷6,八真如相迴向,阿阿,阿,施善,阿,施善,行,九無縛解脫迴向,第12门,升,,「阿阿」二字俱表施善。心得自在，等三世佛，故入九无缚解脱回向。,手工逐组（门1–14 手写）,攜帶,,阿阿等八。按位漸進。如常可知。,《選佛譜》卷第六・初發心住・L57,初發心住
3856,第12门,別教位次門,卷6,八真如相迴向,阿彌,阿,施善,彌,戒善,行,十法界無量迴向,第12门,升,,「阿」表施善、「彌」表戒善。心得自在，等三世佛，入十法界无量回向。,手工逐组（门1–14 手写）,承注,,陀陀。謨佛。亦皆十向者。於教道中。未得出世正慧。更無可勝進故。,《選佛譜》卷第六・六隨順平等善根迴向・L159,六隨順平等善根迴向
3857,第12门,別教位次門,卷6,八真如相迴向,阿陀,阿,施善,陀,定善,行,十法界無量迴向,第12门,升,,「阿」表施善、「陀」表定善。于教道中更无可胜进，入十法界无量回向。,手工逐组（门1–14 手写）,承注,,陀陀。謨佛。亦皆十向者。於教道中。未得出世正慧。更無可勝進故。,《選佛譜》卷第六・六隨順平等善根迴向・L159,六隨順平等善根迴向
3858,第12门,別教位次門,卷6,八真如相迴向,阿佛,阿,施善,佛,无漏善慧,行,圓十信位,第13门,升,,「阿」表施善、「佛」表无漏善慧。依门首准知，得相似中观，亦是按位接，故入圆十信位。,手工逐组（门1–14 手写）,承注,,阿佛圓信者。得相似中觀故。亦是按位接故。,《選佛譜》卷第六・初救護眾生離眾生相迴向・L137,初救護眾生離眾生相迴向
3859,第12门,別教位次門,卷6,八真如相迴向,彌彌,彌,戒善,彌,戒善,行,十法界無量迴向,第12门,升,,「彌彌」二字俱表戒善。于教道中更无可胜进，入十法界无量回向。,手工逐组（门1–14 手写）,承注,,陀陀。謨佛。亦皆十向者。於教道中。未得出世正慧。更無可勝進故。,《選佛譜》卷第六・六隨順平等善根迴向・L159,六隨順平等善根迴向
3860,第12门,別教位次門,卷6,八真如相迴向,彌陀,彌,戒善,陀,定善,行,十法界無量迴向,第12门,升,,「彌」表戒善、「陀」表定善。于教道中更无可胜进，入十法界无量回向。,手工逐组（门1–14 手写）,承注,,陀陀。謨佛。亦皆十向者。於教道中。未得出世正慧。更無可勝進故。,《選佛譜》卷第六・六隨順平等善根迴向・L159,六隨順平等善根迴向
3861,第12门,別教位次門,卷6,八真如相迴向,彌佛,彌,戒善,佛,无漏善慧,行,方便有餘淨土,第14门,横超,,「彌」表戒善、「佛」表无漏善慧。依门首准知，恒净佛国土，亦仍不离佛，故生方便有余净土。,手工逐组（门1–14 手写）,承注,,彌佛方便者。恆淨佛國土故。亦仍不離佛故。,《選佛譜》卷第六・初救護眾生離眾生相迴向・L137,初救護眾生離眾生相迴向
3862,第12门,別教位次門,卷6,八真如相迴向,陀陀,陀,定善,陀,定善,行,十法界無量迴向,第12门,升,,「陀陀」二字俱表定善。依前位准知，教道中更无可胜进，入十法界无量回向。,手工逐组（门1–14 手写）,承注,,陀陀。謨佛。亦皆十向者。於教道中。未得出世正慧。更無可勝進故。,《選佛譜》卷第六・六隨順平等善根迴向・L159,六隨順平等善根迴向
3863,第12门,別教位次門,卷6,八真如相迴向,陀佛,陀,定善,佛,无漏善慧,行,圓十住位,第13门,升,,「陀」表定善、「佛」表无漏善慧。依门首准知，仍是胜进接，故入圆十住位。,手工逐组（门1–14 手写）,承注,,陀佛圓住者。仍是勝進接故。,《選佛譜》卷第六・初救護眾生離眾生相迴向・L137,初救護眾生離眾生相迴向
3864,第12门,別教位次門,卷6,八真如相迴向,佛佛,佛,无漏善慧,佛,无漏善慧,行,圓十迴向位,第13门,升,,「佛佛」二字俱表无漏善慧。依门首准知，亦开粗成妙，故入圆十回向位。,手工逐组（门1–14 手写）,承注,,佛佛圓向者。亦開麤成妙故。,《選佛譜》卷第六・初救護眾生離眾生相迴向・L137,初救護眾生離眾生相迴向
3865,第12门,別教位次門,卷6,九無縛解脫迴向,那那,那,见烦恼,那,见烦恼,不行·安住本位,,,安住,,「那那」二字俱表见烦恼。此位照了三世诸法，本无缚著，故不行。,手工逐组（门1–14 手写）,推演,,"是故六住已前。煩惑未盡。猶得有退轉義。那那須修無生懺也。
入於無生畢竟空界。名不退住。准位應同阿羅漢果。已辦地也。","《選佛譜》卷第六・初發心住・L57
《選佛譜》卷第六・七不退住・L81",初發心住、七不退住
3866,第12门,別教位次門,卷6,九無縛解脫迴向,那謨,那,见烦恼,謨,爱烦恼,不行·安住本位,,,安住,,「那」表见烦恼、「謨」表爱烦恼。此位照了三世诸法，本无缚著，烦恼不复现起，故不行。,手工逐组（门1–14 手写）,推演,,於定心中。如次修行三十七品。令其調適。能伏煩惱。名不退心。然猶未證三種不退。但較前五心稍堅固耳。故那謨相雜。雖可不行。,《選佛譜》卷第六・六不退心・L37,六不退心
3867,第12门,別教位次門,卷6,九無縛解脫迴向,那阿,那,见烦恼,阿,施善,不行·安住本位,,,安住,,「那」表见烦恼、「阿」表施善。此位照了三世诸法，本无缚著，烦恼不复现起，故不行。,手工逐组（门1–14 手写）,通則,,其餘位中。以阿彌陀善。與那謨惡相為對治。二俱無力。所以並不行也。,《選佛譜》卷第一・見取・L57,見取
3868,第12门,別教位次門,卷6,九無縛解脫迴向,那彌,那,见烦恼,彌,戒善,不行·安住本位,,,安住,,「那」表见烦恼、「彌」表戒善。此位照了三世诸法，本无缚著，烦恼不复现起，故不行。,手工逐组（门1–14 手写）,通則,,其餘位中。以阿彌陀善。與那謨惡相為對治。二俱無力。所以並不行也。,《選佛譜》卷第一・見取・L57,見取
3869,第12门,別教位次門,卷6,九無縛解脫迴向,那陀,那,见烦恼,陀,定善,不行·安住本位,,,安住,,「那」表见烦恼、「陀」表定善。此位照了三世诸法，本无缚著，烦恼不复现起，故不行。,手工逐组（门1–14 手写）,通則,,其餘位中。以阿彌陀善。與那謨惡相為對治。二俱無力。所以並不行也。,《選佛譜》卷第一・見取・L57,見取
3870,第12门,別教位次門,卷6,九無縛解脫迴向,那佛,那,见烦恼,佛,无漏善慧,行,十法界無量迴向,第12门,升,,「那」表见烦恼、「佛」表无漏善慧。依前位准知，教道中更无可胜进，入十法界无量回向。,手工逐组（门1–14 手写）,承注,次位那佛。准此應知。,陀陀。謨佛。亦皆十向者。於教道中。未得出世正慧。更無可勝進故。,《選佛譜》卷第六・六隨順平等善根迴向・L159,六隨順平等善根迴向
3871,第12门,別教位次門,卷6,九無縛解脫迴向,謨謨,謨,爱烦恼,謨,爱烦恼,不行·安住本位,,,安住,,「謨謨」二字俱表爱烦恼。此位照了三世诸法，本无缚著，故不行。,手工逐组（门1–14 手写）,推演,,"菩薩於多劫中。修行信心。已得成就。能斷分別我見。及從分別所起惡煩惱業。創見真空寂滅之理。
良由菩薩化物心重。自行則輕。不務斷結。從十信心。即便出假。既出假後遇大違緣。則分別心生。退菩提願。如舍利弗。往昔已曾得六住心。由婆羅門乞眼因緣。捨其大願。還趨小果。","《選佛譜》卷第六・初發心住・L57
《選佛譜》卷第六・初發心住・L57",初發心住
3872,第12门,別教位次門,卷6,九無縛解脫迴向,謨阿,謨,爱烦恼,阿,施善,不行·安住本位,,,安住,,「謨」表爱烦恼、「阿」表施善。此位照了三世诸法，本无缚著，烦恼不复现起，故不行。,手工逐组（门1–14 手写）,通則,,其餘位中。以阿彌陀善。與那謨惡相為對治。二俱無力。所以並不行也。,《選佛譜》卷第一・見取・L57,見取
3873,第12门,別教位次門,卷6,九無縛解脫迴向,謨彌,謨,爱烦恼,彌,戒善,不行·安住本位,,,安住,,「謨」表爱烦恼、「彌」表戒善。此位照了三世诸法，本无缚著，烦恼不复现起，故不行。,手工逐组（门1–14 手写）,通則,,其餘位中。以阿彌陀善。與那謨惡相為對治。二俱無力。所以並不行也。,《選佛譜》卷第一・見取・L57,見取
3874,第12门,別教位次門,卷6,九無縛解脫迴向,謨陀,謨,爱烦恼,陀,定善,不行·安住本位,,,安住,,「謨」表爱烦恼、「陀」表定善。此位照了三世诸法，本无缚著，烦恼不复现起，故不行。,手工逐组（门1–14 手写）,通則,,其餘位中。以阿彌陀善。與那謨惡相為對治。二俱無力。所以並不行也。,《選佛譜》卷第一・見取・L57,見取
3875,第12门,別教位次門,卷6,九無縛解脫迴向,謨佛,謨,爱烦恼,佛,无漏善慧,行,初歡喜地,第12门,升,,「謨」表爱烦恼、「佛」表无漏善慧。于教道中而入证道，虽有佛慧仍带权，故登初欢喜地。,手工逐组（门1–14 手写）,直說,謨佛初地者。於教道中。而入證道。雖有佛慧。仍帶權故。,謨佛初地者。於教道中。而入證道。雖有佛慧。仍帶權故。,《選佛譜》卷第六・九無縛解脫迴向・L171,九無縛解脫迴向
3876,第12门,別教位次門,卷6,九無縛解脫迴向,阿阿,阿,施善,阿,施善,行,十法界無量迴向,第12门,升,,「阿阿」二字俱表施善。照了三世诸法非有非空，入十法界无量回向。,手工逐组（门1–14 手写）,承注,,陀陀。謨佛。亦皆十向者。於教道中。未得出世正慧。更無可勝進故。,《選佛譜》卷第六・六隨順平等善根迴向・L159,六隨順平等善根迴向
3877,第12门,別教位次門,卷6,九無縛解脫迴向,阿彌,阿,施善,彌,戒善,行,十法界無量迴向,第12门,升,,「阿」表施善、「彌」表戒善。照了三世诸法非有非空，入十法界无量回向。,手工逐组（门1–14 手写）,承注,,陀陀。謨佛。亦皆十向者。於教道中。未得出世正慧。更無可勝進故。,《選佛譜》卷第六・六隨順平等善根迴向・L159,六隨順平等善根迴向
3878,第12门,別教位次門,卷6,九無縛解脫迴向,阿陀,阿,施善,陀,定善,行,十法界無量迴向,第12门,升,,「阿」表施善、「陀」表定善。于教道中更无可胜进，入十法界无量回向。,手工逐组（门1–14 手写）,承注,,陀陀。謨佛。亦皆十向者。於教道中。未得出世正慧。更無可勝進故。,《選佛譜》卷第六・六隨順平等善根迴向・L159,六隨順平等善根迴向
3879,第12门,別教位次門,卷6,九無縛解脫迴向,阿佛,阿,施善,佛,无漏善慧,行,圓十信位,第13门,升,,「阿」表施善、「佛」表无漏善慧。依门首准知，得相似中观，亦是按位接，故入圆十信位。,手工逐组（门1–14 手写）,承注,,阿佛圓信者。得相似中觀故。亦是按位接故。,《選佛譜》卷第六・初救護眾生離眾生相迴向・L137,初救護眾生離眾生相迴向
3880,第12门,別教位次門,卷6,九無縛解脫迴向,彌彌,彌,戒善,彌,戒善,行,十法界無量迴向,第12门,升,,「彌彌」二字俱表戒善。于教道中更无可胜进，入十法界无量回向。,手工逐组（门1–14 手写）,承注,,陀陀。謨佛。亦皆十向者。於教道中。未得出世正慧。更無可勝進故。,《選佛譜》卷第六・六隨順平等善根迴向・L159,六隨順平等善根迴向
3881,第12门,別教位次門,卷6,九無縛解脫迴向,彌陀,彌,戒善,陀,定善,行,十法界無量迴向,第12门,升,,「彌」表戒善、「陀」表定善。于教道中更无可胜进，入十法界无量回向。,手工逐组（门1–14 手写）,承注,,陀陀。謨佛。亦皆十向者。於教道中。未得出世正慧。更無可勝進故。,《選佛譜》卷第六・六隨順平等善根迴向・L159,六隨順平等善根迴向
3882,第12门,別教位次門,卷6,九無縛解脫迴向,彌佛,彌,戒善,佛,无漏善慧,行,方便有餘淨土,第14门,横超,,「彌」表戒善、「佛」表无漏善慧。依门首准知，恒净佛国土，亦仍不离佛，故生方便有余净土。,手工逐组（门1–14 手写）,承注,,彌佛方便者。恆淨佛國土故。亦仍不離佛故。,《選佛譜》卷第六・初救護眾生離眾生相迴向・L137,初救護眾生離眾生相迴向
3883,第12门,別教位次門,卷6,九無縛解脫迴向,陀陀,陀,定善,陀,定善,行,十法界無量迴向,第12门,升,,「陀陀」二字俱表定善。依前位准知，教道中更无可胜进，入十法界无量回向。,手工逐组（门1–14 手写）,承注,,陀陀。謨佛。亦皆十向者。於教道中。未得出世正慧。更無可勝進故。,《選佛譜》卷第六・六隨順平等善根迴向・L159,六隨順平等善根迴向
3884,第12门,別教位次門,卷6,九無縛解脫迴向,陀佛,陀,定善,佛,无漏善慧,行,圓十住位,第13门,升,,「陀」表定善、「佛」表无漏善慧。依门首准知，仍是胜进接，故入圆十住位。,手工逐组（门1–14 手写）,承注,,陀佛圓住者。仍是勝進接故。,《選佛譜》卷第六・初救護眾生離眾生相迴向・L137,初救護眾生離眾生相迴向
3885,第12门,別教位次門,卷6,九無縛解脫迴向,佛佛,佛,无漏善慧,佛,无漏善慧,行,圓十迴向位,第13门,升,,「佛佛」二字俱表无漏善慧。依门首准知，亦开粗成妙，故入圆十回向位。,手工逐组（门1–14 手写）,承注,,佛佛圓向者。亦開麤成妙故。,《選佛譜》卷第六・初救護眾生離眾生相迴向・L137,初救護眾生離眾生相迴向
3886,第12门,別教位次門,卷6,十法界無量迴向,那那,那,见烦恼,那,见烦恼,不行·安住本位,,,安住,,「那那」二字俱表见烦恼。此位觉一切法中道无相，故不行。,手工逐组（门1–14 手写）,推演,,"是故六住已前。煩惑未盡。猶得有退轉義。那那須修無生懺也。
入於無生畢竟空界。名不退住。准位應同阿羅漢果。已辦地也。","《選佛譜》卷第六・初發心住・L57
《選佛譜》卷第六・七不退住・L81",初發心住、七不退住
3887,第12门,別教位次門,卷6,十法界無量迴向,那謨,那,见烦恼,謨,爱烦恼,不行·安住本位,,,安住,,「那」表见烦恼、「謨」表爱烦恼。此位觉一切法中道无相，烦恼不复现起，故不行。,手工逐组（门1–14 手写）,推演,,於定心中。如次修行三十七品。令其調適。能伏煩惱。名不退心。然猶未證三種不退。但較前五心稍堅固耳。故那謨相雜。雖可不行。,《選佛譜》卷第六・六不退心・L37,六不退心
3888,第12门,別教位次門,卷6,十法界無量迴向,那阿,那,见烦恼,阿,施善,不行·安住本位,,,安住,,「那」表见烦恼、「阿」表施善。此位觉一切法中道无相，烦恼不复现起，故不行。,手工逐组（门1–14 手写）,通則,,其餘位中。以阿彌陀善。與那謨惡相為對治。二俱無力。所以並不行也。,《選佛譜》卷第一・見取・L57,見取
3889,第12门,別教位次門,卷6,十法界無量迴向,那彌,那,见烦恼,彌,戒善,不行·安住本位,,,安住,,「那」表见烦恼、「彌」表戒善。此位觉一切法中道无相，烦恼不复现起，故不行。,手工逐组（门1–14 手写）,通則,,其餘位中。以阿彌陀善。與那謨惡相為對治。二俱無力。所以並不行也。,《選佛譜》卷第一・見取・L57,見取
3890,第12门,別教位次門,卷6,十法界無量迴向,那陀,那,见烦恼,陀,定善,不行·安住本位,,,安住,,「那」表见烦恼、「陀」表定善。此位觉一切法中道无相，烦恼不复现起，故不行。,手工逐组（门1–14 手写）,通則,,其餘位中。以阿彌陀善。與那謨惡相為對治。二俱無力。所以並不行也。,《選佛譜》卷第一・見取・L57,見取
3891,第12门,別教位次門,卷6,十法界無量迴向,那佛,那,见烦恼,佛,无漏善慧,行,初歡喜地,第12门,升,,「那」表见烦恼、「佛」表无漏善慧。于教道中而入证道，虽有佛慧仍带权，故登初欢喜地。,手工逐组（门1–14 手写）,承注,,謨佛初地者。於教道中。而入證道。雖有佛慧。仍帶權故。,《選佛譜》卷第六・九無縛解脫迴向・L171,九無縛解脫迴向
3892,第12门,別教位次門,卷6,十法界無量迴向,謨謨,謨,爱烦恼,謨,爱烦恼,不行·安住本位,,,安住,,「謨謨」二字俱表爱烦恼。此位觉一切法中道无相，故不行。,手工逐组（门1–14 手写）,推演,,"菩薩於多劫中。修行信心。已得成就。能斷分別我見。及從分別所起惡煩惱業。創見真空寂滅之理。
良由菩薩化物心重。自行則輕。不務斷結。從十信心。即便出假。既出假後遇大違緣。則分別心生。退菩提願。如舍利弗。往昔已曾得六住心。由婆羅門乞眼因緣。捨其大願。還趨小果。","《選佛譜》卷第六・初發心住・L57
《選佛譜》卷第六・初發心住・L57",初發心住
3893,第12门,別教位次門,卷6,十法界無量迴向,謨阿,謨,爱烦恼,阿,施善,不行·安住本位,,,安住,,「謨」表爱烦恼、「阿」表施善。此位觉一切法中道无相，烦恼不复现起，故不行。,手工逐组（门1–14 手写）,通則,,其餘位中。以阿彌陀善。與那謨惡相為對治。二俱無力。所以並不行也。,《選佛譜》卷第一・見取・L57,見取
3894,第12门,別教位次門,卷6,十法界無量迴向,謨彌,謨,爱烦恼,彌,戒善,不行·安住本位,,,安住,,「謨」表爱烦恼、「彌」表戒善。此位觉一切法中道无相，烦恼不复现起，故不行。,手工逐组（门1–14 手写）,通則,,其餘位中。以阿彌陀善。與那謨惡相為對治。二俱無力。所以並不行也。,《選佛譜》卷第一・見取・L57,見取
3895,第12门,別教位次門,卷6,十法界無量迴向,謨陀,謨,爱烦恼,陀,定善,不行·安住本位,,,安住,,「謨」表爱烦恼、「陀」表定善。此位觉一切法中道无相，烦恼不复现起，故不行。,手工逐组（门1–14 手写）,通則,,其餘位中。以阿彌陀善。與那謨惡相為對治。二俱無力。所以並不行也。,《選佛譜》卷第一・見取・L57,見取
3896,第12门,別教位次門,卷6,十法界無量迴向,謨佛,謨,爱烦恼,佛,无漏善慧,行,二離垢地,第12门,升,,「謨」表爱烦恼、「佛」表无漏善慧。于教道中而入证道，虽有佛慧仍带权，故登二离垢地。,手工逐组（门1–14 手写）,承注,,陀陀。謨佛。亦皆十向者。於教道中。未得出世正慧。更無可勝進故。,《選佛譜》卷第六・六隨順平等善根迴向・L159,六隨順平等善根迴向
3897,第12门,別教位次門,卷6,十法界無量迴向,阿阿,阿,施善,阿,施善,行,方便有餘淨土,第14门,横超,,「阿阿」二字俱表施善。缘修已极，功不唐捐，必归有余国，生方便有余净土。,手工逐组（门1–14 手写）,直說,阿阿等六。皆方便淨土者。緣修已極。功不唐捐。既未發中道佛慧。必歸有餘國故。,阿阿等六。皆方便淨土者。緣修已極。功不唐捐。既未發中道佛慧。必歸有餘國故。,《選佛譜》卷第六・十法界無量迴向・L175,十法界無量迴向
3898,第12门,別教位次門,卷6,十法界無量迴向,阿彌,阿,施善,彌,戒善,行,方便有餘淨土,第14门,横超,,「阿」表施善、「彌」表戒善。缘修已极，功不唐捐，必归有余国，生方便有余净土。,手工逐组（门1–14 手写）,直說,阿阿等六。皆方便淨土者。緣修已極。功不唐捐。既未發中道佛慧。必歸有餘國故。,阿阿等六。皆方便淨土者。緣修已極。功不唐捐。既未發中道佛慧。必歸有餘國故。,《選佛譜》卷第六・十法界無量迴向・L175,十法界無量迴向
3899,第12门,別教位次門,卷6,十法界無量迴向,阿陀,阿,施善,陀,定善,行,方便有餘淨土,第14门,横超,,「阿」表施善、「陀」表定善。缘修已极，功不唐捐，必归有余国，生方便有余净土。,手工逐组（门1–14 手写）,直說,阿阿等六。皆方便淨土者。緣修已極。功不唐捐。既未發中道佛慧。必歸有餘國故。,阿阿等六。皆方便淨土者。緣修已極。功不唐捐。既未發中道佛慧。必歸有餘國故。,《選佛譜》卷第六・十法界無量迴向・L175,十法界無量迴向
3900,第12门,別教位次門,卷6,十法界無量迴向,阿佛,阿,施善,佛,无漏善慧,行,方便有餘淨土,第14门,横超,,「阿」表施善、「佛」表无漏善慧。既未发中道佛慧，必归有余国，生方便有余净土。,手工逐组（门1–14 手写）,承注,,阿佛圓信者。得相似中觀故。亦是按位接故。,《選佛譜》卷第六・初救護眾生離眾生相迴向・L137,初救護眾生離眾生相迴向
3901,第12门,別教位次門,卷6,十法界無量迴向,彌彌,彌,戒善,彌,戒善,行,方便有餘淨土,第14门,横超,,「彌彌」二字俱表戒善。缘修已极，功不唐捐，必归有余国，生方便有余净土。,手工逐组（门1–14 手写）,直說,阿阿等六。皆方便淨土者。緣修已極。功不唐捐。既未發中道佛慧。必歸有餘國故。,阿阿等六。皆方便淨土者。緣修已極。功不唐捐。既未發中道佛慧。必歸有餘國故。,《選佛譜》卷第六・十法界無量迴向・L175,十法界無量迴向
3902,第12门,別教位次門,卷6,十法界無量迴向,彌陀,彌,戒善,陀,定善,行,方便有餘淨土,第14门,横超,,「彌」表戒善、「陀」表定善。既未发中道佛慧，必归有余国，生方便有余净土。,手工逐组（门1–14 手写）,直說,阿阿等六。皆方便淨土者。緣修已極。功不唐捐。既未發中道佛慧。必歸有餘國故。,阿阿等六。皆方便淨土者。緣修已極。功不唐捐。既未發中道佛慧。必歸有餘國故。,《選佛譜》卷第六・十法界無量迴向・L175,十法界無量迴向
3903,第12门,別教位次門,卷6,十法界無量迴向,彌佛,彌,戒善,佛,无漏善慧,行,圓十住位,第13门,升,,「彌」表戒善、「佛」表无漏善慧。觉一切法中道无相，按位可接，故入圆十住位。,手工逐组（门1–14 手写）,承注,,彌佛方便者。恆淨佛國土故。亦仍不離佛故。,《選佛譜》卷第六・初救護眾生離眾生相迴向・L137,初救護眾生離眾生相迴向
3904,第12门,別教位次門,卷6,十法界無量迴向,陀陀,陀,定善,陀,定善,行,方便有餘淨土,第14门,横超,,「陀陀」二字俱表定善。既未发中道佛慧，必归有余国，生方便有余净土。,手工逐组（门1–14 手写）,直說,阿阿等六。皆方便淨土者。緣修已極。功不唐捐。既未發中道佛慧。必歸有餘國故。,阿阿等六。皆方便淨土者。緣修已極。功不唐捐。既未發中道佛慧。必歸有餘國故。,《選佛譜》卷第六・十法界無量迴向・L175,十法界無量迴向
3905,第12门,別教位次門,卷6,十法界無量迴向,陀佛,陀,定善,佛,无漏善慧,行,圓十行位,第13门,升,,「陀」表定善、「佛」表无漏善慧。觉一切法中道无相，胜进接，故入圆十行位。,手工逐组（门1–14 手写）,承注,,陀佛圓住者。仍是勝進接故。,《選佛譜》卷第六・初救護眾生離眾生相迴向・L137,初救護眾生離眾生相迴向
3906,第12门,別教位次門,卷6,十法界無量迴向,佛佛,佛,无漏善慧,佛,无漏善慧,行,圓十迴向位,第13门,升,,「佛佛」二字俱表无漏善慧。依门首准知，亦开粗成妙，故入圆十回向位。,手工逐组（门1–14 手写）,承注,,佛佛圓向者。亦開麤成妙故。,《選佛譜》卷第六・初救護眾生離眾生相迴向・L137,初救護眾生離眾生相迴向
3907,第12门,別教位次門,卷6,初歡喜地,那那,那,见烦恼,那,见烦恼,不行·安住本位,,,安住,,「那那」二字俱表见烦恼。此位初破无明，证真中道，故不行。,手工逐组（门1–14 手写）,推演,,"是故六住已前。煩惑未盡。猶得有退轉義。那那須修無生懺也。
入於無生畢竟空界。名不退住。准位應同阿羅漢果。已辦地也。","《選佛譜》卷第六・初發心住・L57
《選佛譜》卷第六・七不退住・L81",初發心住、七不退住
3908,第12门,別教位次門,卷6,初歡喜地,那謨,那,见烦恼,謨,爱烦恼,不行·安住本位,,,安住,,「那」表见烦恼、「謨」表爱烦恼。此位初破无明，证真中道，惑不现起，故不行。,手工逐组（门1–14 手写）,推演,,於定心中。如次修行三十七品。令其調適。能伏煩惱。名不退心。然猶未證三種不退。但較前五心稍堅固耳。故那謨相雜。雖可不行。,《選佛譜》卷第六・六不退心・L37,六不退心
3909,第12门,別教位次門,卷6,初歡喜地,那阿,那,见烦恼,阿,施善,不行·安住本位,,,安住,,「那」表见烦恼、「阿」表施善。此位初破无明，证真中道，惑不现起，故不行。,手工逐组（门1–14 手写）,通則,,其餘位中。以阿彌陀善。與那謨惡相為對治。二俱無力。所以並不行也。,《選佛譜》卷第一・見取・L57,見取
3910,第12门,別教位次門,卷6,初歡喜地,那彌,那,见烦恼,彌,戒善,不行·安住本位,,,安住,,「那」表见烦恼、「彌」表戒善。此位初破无明，证真中道，惑不现起，故不行。,手工逐组（门1–14 手写）,通則,故阿阿等散善不行。,其餘位中。以阿彌陀善。與那謨惡相為對治。二俱無力。所以並不行也。,《選佛譜》卷第一・見取・L57,見取
3911,第12门,別教位次門,卷6,初歡喜地,那陀,那,见烦恼,陀,定善,不行·安住本位,,,安住,,「那」表见烦恼、「陀」表定善。此位初破无明，证真中道，惑不现起，故不行。,手工逐组（门1–14 手写）,通則,故阿阿等散善不行。,其餘位中。以阿彌陀善。與那謨惡相為對治。二俱無力。所以並不行也。,《選佛譜》卷第一・見取・L57,見取
3912,第12门,別教位次門,卷6,初歡喜地,那佛,那,见烦恼,佛,无漏善慧,行,三發光地,第12门,升,,「那」表见烦恼、「佛」表无漏善慧。初破无明，证真中道，可以渐增品位，登三发光地。,手工逐组（门1–14 手写）,直說,及那佛。謨佛。可以漸增品位。,唯阿陀等三。名為定善。及那佛。謨佛。可以漸增品位。,《選佛譜》卷第六・初歡喜地・L179,初歡喜地
3913,第12门,別教位次門,卷6,初歡喜地,謨謨,謨,爱烦恼,謨,爱烦恼,不行·安住本位,,,安住,,「謨謨」二字俱表爱烦恼。此位舍异生性，入同生性，故不行。,手工逐组（门1–14 手写）,推演,,"菩薩於多劫中。修行信心。已得成就。能斷分別我見。及從分別所起惡煩惱業。創見真空寂滅之理。
良由菩薩化物心重。自行則輕。不務斷結。從十信心。即便出假。既出假後遇大違緣。則分別心生。退菩提願。如舍利弗。往昔已曾得六住心。由婆羅門乞眼因緣。捨其大願。還趨小果。","《選佛譜》卷第六・初發心住・L57
《選佛譜》卷第六・初發心住・L57",初發心住
3914,第12门,別教位次門,卷6,初歡喜地,謨阿,謨,爱烦恼,阿,施善,不行·安住本位,,,安住,,「謨」表爱烦恼、「阿」表施善。此位初破无明，证真中道，惑不现起，故不行。,手工逐组（门1–14 手写）,通則,,其餘位中。以阿彌陀善。與那謨惡相為對治。二俱無力。所以並不行也。,《選佛譜》卷第一・見取・L57,見取
3915,第12门,別教位次門,卷6,初歡喜地,謨彌,謨,爱烦恼,彌,戒善,不行·安住本位,,,安住,,「謨」表爱烦恼、「彌」表戒善。此位初破无明，证真中道，惑不现起，故不行。,手工逐组（门1–14 手写）,通則,故阿阿等散善不行。,其餘位中。以阿彌陀善。與那謨惡相為對治。二俱無力。所以並不行也。,《選佛譜》卷第一・見取・L57,見取
3916,第12门,別教位次門,卷6,初歡喜地,謨陀,謨,爱烦恼,陀,定善,不行·安住本位,,,安住,,「謨」表爱烦恼、「陀」表定善。此位初破无明，证真中道，惑不现起，故不行。,手工逐组（门1–14 手写）,通則,故阿阿等散善不行。,其餘位中。以阿彌陀善。與那謨惡相為對治。二俱無力。所以並不行也。,《選佛譜》卷第一・見取・L57,見取
3917,第12门,別教位次門,卷6,初歡喜地,謨佛,謨,爱烦恼,佛,无漏善慧,行,四燄慧地,第12门,升,,「謨」表爱烦恼、「佛」表无漏善慧。初破无明，证真中道，可以渐增品位，登四燄慧地。,手工逐组（门1–14 手写）,直說,及那佛。謨佛。可以漸增品位。,唯阿陀等三。名為定善。及那佛。謨佛。可以漸增品位。,《選佛譜》卷第六・初歡喜地・L179,初歡喜地
3918,第12门,別教位次門,卷6,初歡喜地,阿阿,阿,施善,阿,施善,不行·安住本位,,,安住,,「阿阿」二字俱表施善。今约教门，散善不行。,手工逐组（门1–14 手写）,直說,故阿阿等散善不行。,今約教門。故阿阿等散善不行。,《選佛譜》卷第六・初歡喜地・L179,初歡喜地
3919,第12门,別教位次門,卷6,初歡喜地,阿彌,阿,施善,彌,戒善,不行·安住本位,,,安住,,「阿」表施善、「彌」表戒善。今约教门，散善不行。,手工逐组（门1–14 手写）,直說,故阿阿等散善不行。,今約教門。故阿阿等散善不行。,《選佛譜》卷第六・初歡喜地・L179,初歡喜地
3920,第12门,別教位次門,卷6,初歡喜地,阿陀,阿,施善,陀,定善,行,二離垢地,第12门,升,,「阿」表施善、「陀」表定善。名为定善，可以渐增品位，故登二离垢地。,手工逐组（门1–14 手写）,直說,唯阿陀等三。名為定善。,唯阿陀等三。名為定善。及那佛。謨佛。可以漸增品位。,《選佛譜》卷第六・初歡喜地・L179,初歡喜地
3921,第12门,別教位次門,卷6,初歡喜地,阿佛,阿,施善,佛,无漏善慧,行,圓十住位,第13门,升,,「阿」表施善、「佛」表无漏善慧。按位便同圆住，故入圆十住位。,手工逐组（门1–14 手写）,直說,若阿佛。則按位便同圓住。,若阿佛。則按位便同圓住。,《選佛譜》卷第六・初歡喜地・L179,初歡喜地
3922,第12门,別教位次門,卷6,初歡喜地,彌彌,彌,戒善,彌,戒善,不行·安住本位,,,安住,,「彌彌」二字俱表戒善。今约教门，散善不行。,手工逐组（门1–14 手写）,直說,故阿阿等散善不行。,今約教門。故阿阿等散善不行。,《選佛譜》卷第六・初歡喜地・L179,初歡喜地
3923,第12门,別教位次門,卷6,初歡喜地,彌陀,彌,戒善,陀,定善,行,三發光地,第12门,升,,「彌」表戒善、「陀」表定善。名为定善，可以渐增品位，故登三发光地。,手工逐组（门1–14 手写）,直說,唯阿陀等三。名為定善。,唯阿陀等三。名為定善。及那佛。謨佛。可以漸增品位。,《選佛譜》卷第六・初歡喜地・L179,初歡喜地
3924,第12门,別教位次門,卷6,初歡喜地,彌佛,彌,戒善,佛,无漏善慧,行,圓十行位,第13门,升,,「彌」表戒善、「佛」表无漏善慧。胜进便成圆行，故入圆十行位。,手工逐组（门1–14 手写）,直說,彌佛。陀佛。則勝進便成圓行圓向,彌佛。陀佛。則勝進便成圓行圓向,《選佛譜》卷第六・初歡喜地・L179,初歡喜地
3925,第12门,別教位次門,卷6,初歡喜地,陀陀,陀,定善,陀,定善,行,四燄慧地,第12门,升,,「陀陀」二字俱表定善。名为定善，可以渐增品位，故登四燄慧地。,手工逐组（门1–14 手写）,直說,唯阿陀等三。名為定善。,唯阿陀等三。名為定善。及那佛。謨佛。可以漸增品位。,《選佛譜》卷第六・初歡喜地・L179,初歡喜地
3926,第12门,別教位次門,卷6,初歡喜地,陀佛,陀,定善,佛,无漏善慧,行,圓十迴向位,第13门,升,,「陀」表定善、「佛」表无漏善慧。胜进便成圆向，故入圆十回向位。,手工逐组（门1–14 手写）,直說,彌佛。陀佛。則勝進便成圓行圓向,彌佛。陀佛。則勝進便成圓行圓向,《選佛譜》卷第六・初歡喜地・L179,初歡喜地
3927,第12门,別教位次門,卷6,初歡喜地,佛佛,佛,无漏善慧,佛,无漏善慧,行,圓十地位,第13门,升,,「佛佛」二字俱表无漏善慧。开粗显妙，即为圆地，故入圆十地位。,手工逐组（门1–14 手写）,直說,至於佛佛。則開麤顯妙。即為圓地也。下皆准知。,至於佛佛。則開麤顯妙。即為圓地也。,《選佛譜》卷第六・初歡喜地・L179,初歡喜地
3928,第12门,別教位次門,卷6,二離垢地,那那,那,见烦恼,那,见烦恼,不行·安住本位,,,安住,,「那那」二字俱表见烦恼。此位具净尸罗，远离微细犯诸烦恼垢，故不行。,手工逐组（门1–14 手写）,推演,,"是故六住已前。煩惑未盡。猶得有退轉義。那那須修無生懺也。
入於無生畢竟空界。名不退住。准位應同阿羅漢果。已辦地也。","《選佛譜》卷第六・初發心住・L57
《選佛譜》卷第六・七不退住・L81",初發心住、七不退住
3929,第12门,別教位次門,卷6,二離垢地,那謨,那,见烦恼,謨,爱烦恼,不行·安住本位,,,安住,,「那」表见烦恼、「謨」表爱烦恼。此位具净尸罗，远离烦恼垢，故不行。,手工逐组（门1–14 手写）,推演,,於定心中。如次修行三十七品。令其調適。能伏煩惱。名不退心。然猶未證三種不退。但較前五心稍堅固耳。故那謨相雜。雖可不行。,《選佛譜》卷第六・六不退心・L37,六不退心
3930,第12门,別教位次門,卷6,二離垢地,那阿,那,见烦恼,阿,施善,不行·安住本位,,,安住,,「那」表见烦恼、「阿」表施善。此位具净尸罗，远离烦恼垢，故不行。,手工逐组（门1–14 手写）,通則,,其餘位中。以阿彌陀善。與那謨惡相為對治。二俱無力。所以並不行也。,《選佛譜》卷第一・見取・L57,見取
3931,第12门,別教位次門,卷6,二離垢地,那彌,那,见烦恼,彌,戒善,不行·安住本位,,,安住,,「那」表见烦恼、「彌」表戒善。此位具净尸罗，远离烦恼垢，故不行。,手工逐组（门1–14 手写）,通則,,其餘位中。以阿彌陀善。與那謨惡相為對治。二俱無力。所以並不行也。,《選佛譜》卷第一・見取・L57,見取
3932,第12门,別教位次門,卷6,二離垢地,那陀,那,见烦恼,陀,定善,不行·安住本位,,,安住,,「那」表见烦恼、「陀」表定善。此位具净尸罗，远离烦恼垢，故不行。,手工逐组（门1–14 手写）,通則,,其餘位中。以阿彌陀善。與那謨惡相為對治。二俱無力。所以並不行也。,《選佛譜》卷第一・見取・L57,見取
3933,第12门,別教位次門,卷6,二離垢地,那佛,那,见烦恼,佛,无漏善慧,行,四燄慧地,第12门,升,,「那」表见烦恼、「佛」表无漏善慧。以正无相入众生界，可以渐增品位，登四燄慧地。,手工逐组（门1–14 手写）,承注,,唯阿陀等三。名為定善。及那佛。謨佛。可以漸增品位。,《選佛譜》卷第六・初歡喜地・L179,初歡喜地
3934,第12门,別教位次門,卷6,二離垢地,謨謨,謨,爱烦恼,謨,爱烦恼,不行·安住本位,,,安住,,「謨謨」二字俱表爱烦恼。此位远离微细犯诸烦恼垢，故不行。,手工逐组（门1–14 手写）,推演,,"菩薩於多劫中。修行信心。已得成就。能斷分別我見。及從分別所起惡煩惱業。創見真空寂滅之理。
良由菩薩化物心重。自行則輕。不務斷結。從十信心。即便出假。既出假後遇大違緣。則分別心生。退菩提願。如舍利弗。往昔已曾得六住心。由婆羅門乞眼因緣。捨其大願。還趨小果。","《選佛譜》卷第六・初發心住・L57
《選佛譜》卷第六・初發心住・L57",初發心住
3935,第12门,別教位次門,卷6,二離垢地,謨阿,謨,爱烦恼,阿,施善,不行·安住本位,,,安住,,「謨」表爱烦恼、「阿」表施善。此位具净尸罗，远离烦恼垢，故不行。,手工逐组（门1–14 手写）,通則,,其餘位中。以阿彌陀善。與那謨惡相為對治。二俱無力。所以並不行也。,《選佛譜》卷第一・見取・L57,見取
3936,第12门,別教位次門,卷6,二離垢地,謨彌,謨,爱烦恼,彌,戒善,不行·安住本位,,,安住,,「謨」表爱烦恼、「彌」表戒善。此位具净尸罗，远离烦恼垢，故不行。,手工逐组（门1–14 手写）,通則,,其餘位中。以阿彌陀善。與那謨惡相為對治。二俱無力。所以並不行也。,《選佛譜》卷第一・見取・L57,見取
3937,第12门,別教位次門,卷6,二離垢地,謨陀,謨,爱烦恼,陀,定善,不行·安住本位,,,安住,,「謨」表爱烦恼、「陀」表定善。此位具净尸罗，远离烦恼垢，故不行。,手工逐组（门1–14 手写）,通則,,其餘位中。以阿彌陀善。與那謨惡相為對治。二俱無力。所以並不行也。,《選佛譜》卷第一・見取・L57,見取
3938,第12门,別教位次門,卷6,二離垢地,謨佛,謨,爱烦恼,佛,无漏善慧,行,五難勝地,第12门,升,,「謨」表爱烦恼、「佛」表无漏善慧。以正无相入众生界，可以渐增品位，登五难胜地。,手工逐组（门1–14 手写）,承注,,唯阿陀等三。名為定善。及那佛。謨佛。可以漸增品位。,《選佛譜》卷第六・初歡喜地・L179,初歡喜地
3939,第12门,別教位次門,卷6,二離垢地,阿阿,阿,施善,阿,施善,不行·安住本位,,,安住,,「阿阿」二字俱表施善。今约教门，散善不行。,手工逐组（门1–14 手写）,承注,,今約教門。故阿阿等散善不行。,《選佛譜》卷第六・初歡喜地・L179,初歡喜地
3940,第12门,別教位次門,卷6,二離垢地,阿彌,阿,施善,彌,戒善,不行·安住本位,,,安住,,「阿」表施善、「彌」表戒善。今约教门，散善不行。,手工逐组（门1–14 手写）,承注,,今約教門。故阿阿等散善不行。,《選佛譜》卷第六・初歡喜地・L179,初歡喜地
3941,第12门,別教位次門,卷6,二離垢地,阿陀,阿,施善,陀,定善,行,三發光地,第12门,升,,「阿」表施善、「陀」表定善。名为定善，可以渐增品位，故登三发光地。,手工逐组（门1–14 手写）,承注,,唯阿陀等三。名為定善。及那佛。謨佛。可以漸增品位。,《選佛譜》卷第六・初歡喜地・L179,初歡喜地
3942,第12门,別教位次門,卷6,二離垢地,阿佛,阿,施善,佛,无漏善慧,行,圓十住位,第13门,升,,「阿」表施善、「佛」表无漏善慧。依门首准知，按位便同圆住，故入圆十住位。,手工逐组（门1–14 手写）,承注,,若阿佛。則按位便同圓住。,《選佛譜》卷第六・初歡喜地・L179,初歡喜地
3943,第12门,別教位次門,卷6,二離垢地,彌彌,彌,戒善,彌,戒善,不行·安住本位,,,安住,,「彌彌」二字俱表戒善。今约教门，散善不行。,手工逐组（门1–14 手写）,承注,,今約教門。故阿阿等散善不行。,《選佛譜》卷第六・初歡喜地・L179,初歡喜地
3944,第12门,別教位次門,卷6,二離垢地,彌陀,彌,戒善,陀,定善,行,四燄慧地,第12门,升,,「彌」表戒善、「陀」表定善。名为定善，可以渐增品位，故登四燄慧地。,手工逐组（门1–14 手写）,承注,,唯阿陀等三。名為定善。及那佛。謨佛。可以漸增品位。,《選佛譜》卷第六・初歡喜地・L179,初歡喜地
3945,第12门,別教位次門,卷6,二離垢地,彌佛,彌,戒善,佛,无漏善慧,行,圓十行位,第13门,升,,「彌」表戒善、「佛」表无漏善慧。依门首准知，胜进便成圆行，故入圆十行位。,手工逐组（门1–14 手写）,承注,,彌佛。陀佛。則勝進便成圓行圓向,《選佛譜》卷第六・初歡喜地・L179,初歡喜地
3946,第12门,別教位次門,卷6,二離垢地,陀陀,陀,定善,陀,定善,行,五難勝地,第12门,升,,「陀陀」二字俱表定善。名为定善，可以渐增品位，故登五难胜地。,手工逐组（门1–14 手写）,承注,,唯阿陀等三。名為定善。及那佛。謨佛。可以漸增品位。,《選佛譜》卷第六・初歡喜地・L179,初歡喜地
3947,第12门,別教位次門,卷6,二離垢地,陀佛,陀,定善,佛,无漏善慧,行,圓十迴向位,第13门,升,,「陀」表定善、「佛」表无漏善慧。依门首准知，胜进便成圆向，故入圆十回向位。,手工逐组（门1–14 手写）,承注,,彌佛。陀佛。則勝進便成圓行圓向,《選佛譜》卷第六・初歡喜地・L179,初歡喜地
3948,第12门,別教位次門,卷6,二離垢地,佛佛,佛,无漏善慧,佛,无漏善慧,行,圓十地位,第13门,升,,「佛佛」二字俱表无漏善慧。依门首准知，开粗显妙，即为圆地，故入圆十地位。,手工逐组（门1–14 手写）,承注,,至於佛佛。則開麤顯妙。即為圓地也。,《選佛譜》卷第六・初歡喜地・L179,初歡喜地
3949,第12门,別教位次門,卷6,三發光地,那那,那,见烦恼,那,见烦恼,不行·安住本位,,,安住,,「那那」二字俱表见烦恼。此位能发无边妙慧光明，故不行。,手工逐组（门1–14 手写）,推演,,"是故六住已前。煩惑未盡。猶得有退轉義。那那須修無生懺也。
入於無生畢竟空界。名不退住。准位應同阿羅漢果。已辦地也。","《選佛譜》卷第六・初發心住・L57
《選佛譜》卷第六・七不退住・L81",初發心住、七不退住
3950,第12门,別教位次門,卷6,三發光地,那謨,那,见烦恼,謨,爱烦恼,不行·安住本位,,,安住,,「那」表见烦恼、「謨」表爱烦恼。此位能发无边妙慧光明，惑不现起，故不行。,手工逐组（门1–14 手写）,推演,,於定心中。如次修行三十七品。令其調適。能伏煩惱。名不退心。然猶未證三種不退。但較前五心稍堅固耳。故那謨相雜。雖可不行。,《選佛譜》卷第六・六不退心・L37,六不退心
3951,第12门,別教位次門,卷6,三發光地,那阿,那,见烦恼,阿,施善,不行·安住本位,,,安住,,「那」表见烦恼、「阿」表施善。此位能发无边妙慧光明，惑不现起，故不行。,手工逐组（门1–14 手写）,通則,,其餘位中。以阿彌陀善。與那謨惡相為對治。二俱無力。所以並不行也。,《選佛譜》卷第一・見取・L57,見取
3952,第12门,別教位次門,卷6,三發光地,那彌,那,见烦恼,彌,戒善,不行·安住本位,,,安住,,「那」表见烦恼、「彌」表戒善。此位能发无边妙慧光明，惑不现起，故不行。,手工逐组（门1–14 手写）,通則,,其餘位中。以阿彌陀善。與那謨惡相為對治。二俱無力。所以並不行也。,《選佛譜》卷第一・見取・L57,見取
3953,第12门,別教位次門,卷6,三發光地,那陀,那,见烦恼,陀,定善,不行·安住本位,,,安住,,「那」表见烦恼、「陀」表定善。此位能发无边妙慧光明，惑不现起，故不行。,手工逐组（门1–14 手写）,通則,,其餘位中。以阿彌陀善。與那謨惡相為對治。二俱無力。所以並不行也。,《選佛譜》卷第一・見取・L57,見取
3954,第12门,別教位次門,卷6,三發光地,那佛,那,见烦恼,佛,无漏善慧,行,五難勝地,第12门,升,,「那」表见烦恼、「佛」表无漏善慧。能发无边妙慧光明，可以渐增品位，登五难胜地。,手工逐组（门1–14 手写）,承注,,唯阿陀等三。名為定善。及那佛。謨佛。可以漸增品位。,《選佛譜》卷第六・初歡喜地・L179,初歡喜地
3955,第12门,別教位次門,卷6,三發光地,謨謨,謨,爱烦恼,謨,爱烦恼,不行·安住本位,,,安住,,「謨謨」二字俱表爱烦恼。此位成就胜定大法总持，故不行。,手工逐组（门1–14 手写）,推演,,"菩薩於多劫中。修行信心。已得成就。能斷分別我見。及從分別所起惡煩惱業。創見真空寂滅之理。
良由菩薩化物心重。自行則輕。不務斷結。從十信心。即便出假。既出假後遇大違緣。則分別心生。退菩提願。如舍利弗。往昔已曾得六住心。由婆羅門乞眼因緣。捨其大願。還趨小果。","《選佛譜》卷第六・初發心住・L57
《選佛譜》卷第六・初發心住・L57",初發心住
3956,第12门,別教位次門,卷6,三發光地,謨阿,謨,爱烦恼,阿,施善,不行·安住本位,,,安住,,「謨」表爱烦恼、「阿」表施善。此位能发无边妙慧光明，惑不现起，故不行。,手工逐组（门1–14 手写）,通則,,其餘位中。以阿彌陀善。與那謨惡相為對治。二俱無力。所以並不行也。,《選佛譜》卷第一・見取・L57,見取
3957,第12门,別教位次門,卷6,三發光地,謨彌,謨,爱烦恼,彌,戒善,不行·安住本位,,,安住,,「謨」表爱烦恼、「彌」表戒善。此位能发无边妙慧光明，惑不现起，故不行。,手工逐组（门1–14 手写）,通則,,其餘位中。以阿彌陀善。與那謨惡相為對治。二俱無力。所以並不行也。,《選佛譜》卷第一・見取・L57,見取
3958,第12门,別教位次門,卷6,三發光地,謨陀,謨,爱烦恼,陀,定善,不行·安住本位,,,安住,,「謨」表爱烦恼、「陀」表定善。此位能发无边妙慧光明，惑不现起，故不行。,手工逐组（门1–14 手写）,通則,,其餘位中。以阿彌陀善。與那謨惡相為對治。二俱無力。所以並不行也。,《選佛譜》卷第一・見取・L57,見取
3959,第12门,別教位次門,卷6,三發光地,謨佛,謨,爱烦恼,佛,无漏善慧,行,六現前地,第12门,升,,「謨」表爱烦恼、「佛」表无漏善慧。能发无边妙慧光明，可以渐增品位，登六现前地。,手工逐组（门1–14 手写）,承注,,唯阿陀等三。名為定善。及那佛。謨佛。可以漸增品位。,《選佛譜》卷第六・初歡喜地・L179,初歡喜地
3960,第12门,別教位次門,卷6,三發光地,阿阿,阿,施善,阿,施善,不行·安住本位,,,安住,,「阿阿」二字俱表施善。今约教门，散善不行。,手工逐组（门1–14 手写）,承注,,今約教門。故阿阿等散善不行。,《選佛譜》卷第六・初歡喜地・L179,初歡喜地
3961,第12门,別教位次門,卷6,三發光地,阿彌,阿,施善,彌,戒善,不行·安住本位,,,安住,,「阿」表施善、「彌」表戒善。今约教门，散善不行。,手工逐组（门1–14 手写）,承注,,今約教門。故阿阿等散善不行。,《選佛譜》卷第六・初歡喜地・L179,初歡喜地
3962,第12门,別教位次門,卷6,三發光地,阿陀,阿,施善,陀,定善,行,四燄慧地,第12门,升,,「阿」表施善、「陀」表定善。成就胜定大法总持，故登四燄慧地。,手工逐组（门1–14 手写）,承注,,唯阿陀等三。名為定善。及那佛。謨佛。可以漸增品位。,《選佛譜》卷第六・初歡喜地・L179,初歡喜地
3963,第12门,別教位次門,卷6,三發光地,阿佛,阿,施善,佛,无漏善慧,行,圓十住位,第13门,升,,「阿」表施善、「佛」表无漏善慧。依门首准知，按位便同圆住，故入圆十住位。,手工逐组（门1–14 手写）,承注,,若阿佛。則按位便同圓住。,《選佛譜》卷第六・初歡喜地・L179,初歡喜地
3964,第12门,別教位次門,卷6,三發光地,彌彌,彌,戒善,彌,戒善,不行·安住本位,,,安住,,「彌彌」二字俱表戒善。今约教门，散善不行。,手工逐组（门1–14 手写）,承注,,今約教門。故阿阿等散善不行。,《選佛譜》卷第六・初歡喜地・L179,初歡喜地
3965,第12门,別教位次門,卷6,三發光地,彌陀,彌,戒善,陀,定善,行,五難勝地,第12门,升,,「彌」表戒善、「陀」表定善。成就胜定大法总持，故登五难胜地。,手工逐组（门1–14 手写）,承注,,唯阿陀等三。名為定善。及那佛。謨佛。可以漸增品位。,《選佛譜》卷第六・初歡喜地・L179,初歡喜地
3966,第12门,別教位次門,卷6,三發光地,彌佛,彌,戒善,佛,无漏善慧,行,圓十行位,第13门,升,,「彌」表戒善、「佛」表无漏善慧。依门首准知，胜进便成圆行，故入圆十行位。,手工逐组（门1–14 手写）,承注,,彌佛。陀佛。則勝進便成圓行圓向,《選佛譜》卷第六・初歡喜地・L179,初歡喜地
3967,第12门,別教位次門,卷6,三發光地,陀陀,陀,定善,陀,定善,行,六現前地,第12门,升,,「陀陀」二字俱表定善。成就胜定大法总持，故登六现前地。,手工逐组（门1–14 手写）,承注,,唯阿陀等三。名為定善。及那佛。謨佛。可以漸增品位。,《選佛譜》卷第六・初歡喜地・L179,初歡喜地
3968,第12门,別教位次門,卷6,三發光地,陀佛,陀,定善,佛,无漏善慧,行,圓十迴向位,第13门,升,,「陀」表定善、「佛」表无漏善慧。依门首准知，胜进便成圆向，故入圆十回向位。,手工逐组（门1–14 手写）,承注,,彌佛。陀佛。則勝進便成圓行圓向,《選佛譜》卷第六・初歡喜地・L179,初歡喜地
3969,第12门,別教位次門,卷6,三發光地,佛佛,佛,无漏善慧,佛,无漏善慧,行,圓十地位,第13门,升,,「佛佛」二字俱表无漏善慧。依门首准知，开粗显妙，即为圆地，故入圆十地位。,手工逐组（门1–14 手写）,承注,,至於佛佛。則開麤顯妙。即為圓地也。,《選佛譜》卷第六・初歡喜地・L179,初歡喜地
3970,第12门,別教位次門,卷6,四燄慧地,那那,那,见烦恼,那,见烦恼,不行·安住本位,,,安住,,「那那」二字俱表见烦恼。此位烧烦恼薪，故不行。,手工逐组（门1–14 手写）,推演,,"是故六住已前。煩惑未盡。猶得有退轉義。那那須修無生懺也。
入於無生畢竟空界。名不退住。准位應同阿羅漢果。已辦地也。","《選佛譜》卷第六・初發心住・L57
《選佛譜》卷第六・七不退住・L81",初發心住、七不退住
3971,第12门,別教位次門,卷6,四燄慧地,那謨,那,见烦恼,謨,爱烦恼,不行·安住本位,,,安住,,「那」表见烦恼、「謨」表爱烦恼。此位烧烦恼薪，故不行。,手工逐组（门1–14 手写）,推演,,於定心中。如次修行三十七品。令其調適。能伏煩惱。名不退心。然猶未證三種不退。但較前五心稍堅固耳。故那謨相雜。雖可不行。,《選佛譜》卷第六・六不退心・L37,六不退心
3972,第12门,別教位次門,卷6,四燄慧地,那阿,那,见烦恼,阿,施善,不行·安住本位,,,安住,,「那」表见烦恼、「阿」表施善。此位烧烦恼薪，故不行。,手工逐组（门1–14 手写）,通則,,其餘位中。以阿彌陀善。與那謨惡相為對治。二俱無力。所以並不行也。,《選佛譜》卷第一・見取・L57,見取
3973,第12门,別教位次門,卷6,四燄慧地,那彌,那,见烦恼,彌,戒善,不行·安住本位,,,安住,,「那」表见烦恼、「彌」表戒善。此位烧烦恼薪，故不行。,手工逐组（门1–14 手写）,通則,,其餘位中。以阿彌陀善。與那謨惡相為對治。二俱無力。所以並不行也。,《選佛譜》卷第一・見取・L57,見取
3974,第12门,別教位次門,卷6,四燄慧地,那陀,那,见烦恼,陀,定善,不行·安住本位,,,安住,,「那」表见烦恼、「陀」表定善。此位烧烦恼薪，故不行。,手工逐组（门1–14 手写）,通則,,其餘位中。以阿彌陀善。與那謨惡相為對治。二俱無力。所以並不行也。,《選佛譜》卷第一・見取・L57,見取
3975,第12门,別教位次門,卷6,四燄慧地,那佛,那,见烦恼,佛,无漏善慧,行,六現前地,第12门,升,,「那」表见烦恼、「佛」表无漏善慧。烧烦恼薪，可以渐增品位，故登六现前地。,手工逐组（门1–14 手写）,承注,,唯阿陀等三。名為定善。及那佛。謨佛。可以漸增品位。,《選佛譜》卷第六・初歡喜地・L179,初歡喜地
3976,第12门,別教位次門,卷6,四燄慧地,謨謨,謨,爱烦恼,謨,爱烦恼,不行·安住本位,,,安住,,「謨謨」二字俱表爱烦恼。此位烧烦恼薪，故不行。,手工逐组（门1–14 手写）,推演,,"菩薩於多劫中。修行信心。已得成就。能斷分別我見。及從分別所起惡煩惱業。創見真空寂滅之理。
良由菩薩化物心重。自行則輕。不務斷結。從十信心。即便出假。既出假後遇大違緣。則分別心生。退菩提願。如舍利弗。往昔已曾得六住心。由婆羅門乞眼因緣。捨其大願。還趨小果。","《選佛譜》卷第六・初發心住・L57
《選佛譜》卷第六・初發心住・L57",初發心住
3977,第12门,別教位次門,卷6,四燄慧地,謨阿,謨,爱烦恼,阿,施善,不行·安住本位,,,安住,,「謨」表爱烦恼、「阿」表施善。此位烧烦恼薪，故不行。,手工逐组（门1–14 手写）,通則,,其餘位中。以阿彌陀善。與那謨惡相為對治。二俱無力。所以並不行也。,《選佛譜》卷第一・見取・L57,見取
3978,第12门,別教位次門,卷6,四燄慧地,謨彌,謨,爱烦恼,彌,戒善,不行·安住本位,,,安住,,「謨」表爱烦恼、「彌」表戒善。此位烧烦恼薪，故不行。,手工逐组（门1–14 手写）,通則,,其餘位中。以阿彌陀善。與那謨惡相為對治。二俱無力。所以並不行也。,《選佛譜》卷第一・見取・L57,見取
3979,第12门,別教位次門,卷6,四燄慧地,謨陀,謨,爱烦恼,陀,定善,不行·安住本位,,,安住,,「謨」表爱烦恼、「陀」表定善。此位烧烦恼薪，故不行。,手工逐组（门1–14 手写）,通則,,其餘位中。以阿彌陀善。與那謨惡相為對治。二俱無力。所以並不行也。,《選佛譜》卷第一・見取・L57,見取
3980,第12门,別教位次門,卷6,四燄慧地,謨佛,謨,爱烦恼,佛,无漏善慧,行,七遠行地,第12门,升,,「謨」表爱烦恼、「佛」表无漏善慧。烧烦恼薪，可以渐增品位，故登七远行地。,手工逐组（门1–14 手写）,承注,,唯阿陀等三。名為定善。及那佛。謨佛。可以漸增品位。,《選佛譜》卷第六・初歡喜地・L179,初歡喜地
3981,第12门,別教位次門,卷6,四燄慧地,阿阿,阿,施善,阿,施善,不行·安住本位,,,安住,,「阿阿」二字俱表施善。今约教门，散善不行。,手工逐组（门1–14 手写）,承注,,今約教門。故阿阿等散善不行。,《選佛譜》卷第六・初歡喜地・L179,初歡喜地
3982,第12门,別教位次門,卷6,四燄慧地,阿彌,阿,施善,彌,戒善,不行·安住本位,,,安住,,「阿」表施善、「彌」表戒善。今约教门，散善不行。,手工逐组（门1–14 手写）,承注,,今約教門。故阿阿等散善不行。,《選佛譜》卷第六・初歡喜地・L179,初歡喜地
3983,第12门,別教位次門,卷6,四燄慧地,阿陀,阿,施善,陀,定善,行,五難勝地,第12门,升,,「阿」表施善、「陀」表定善。安住最胜菩提分法，故登五难胜地。,手工逐组（门1–14 手写）,承注,,唯阿陀等三。名為定善。及那佛。謨佛。可以漸增品位。,《選佛譜》卷第六・初歡喜地・L179,初歡喜地
3984,第12门,別教位次門,卷6,四燄慧地,阿佛,阿,施善,佛,无漏善慧,行,圓十住位,第13门,升,,「阿」表施善、「佛」表无漏善慧。依门首准知，按位便同圆住，故入圆十住位。,手工逐组（门1–14 手写）,承注,,若阿佛。則按位便同圓住。,《選佛譜》卷第六・初歡喜地・L179,初歡喜地
3985,第12门,別教位次門,卷6,四燄慧地,彌彌,彌,戒善,彌,戒善,不行·安住本位,,,安住,,「彌彌」二字俱表戒善。今约教门，散善不行。,手工逐组（门1–14 手写）,承注,,今約教門。故阿阿等散善不行。,《選佛譜》卷第六・初歡喜地・L179,初歡喜地
3986,第12门,別教位次門,卷6,四燄慧地,彌陀,彌,戒善,陀,定善,行,六現前地,第12门,升,,「彌」表戒善、「陀」表定善。安住最胜菩提分法，故登六现前地。,手工逐组（门1–14 手写）,承注,,唯阿陀等三。名為定善。及那佛。謨佛。可以漸增品位。,《選佛譜》卷第六・初歡喜地・L179,初歡喜地
3987,第12门,別教位次門,卷6,四燄慧地,彌佛,彌,戒善,佛,无漏善慧,行,圓十行位,第13门,升,,「彌」表戒善、「佛」表无漏善慧。依门首准知，胜进便成圆行，故入圆十行位。,手工逐组（门1–14 手写）,承注,,彌佛。陀佛。則勝進便成圓行圓向,《選佛譜》卷第六・初歡喜地・L179,初歡喜地
3988,第12门,別教位次門,卷6,四燄慧地,陀陀,陀,定善,陀,定善,行,七遠行地,第12门,升,,「陀陀」二字俱表定善。安住最胜菩提分法，故登七远行地。,手工逐组（门1–14 手写）,承注,,唯阿陀等三。名為定善。及那佛。謨佛。可以漸增品位。,《選佛譜》卷第六・初歡喜地・L179,初歡喜地
3989,第12门,別教位次門,卷6,四燄慧地,陀佛,陀,定善,佛,无漏善慧,行,圓十迴向位,第13门,升,,「陀」表定善、「佛」表无漏善慧。依门首准知，胜进便成圆向，故入圆十回向位。,手工逐组（门1–14 手写）,承注,,彌佛。陀佛。則勝進便成圓行圓向,《選佛譜》卷第六・初歡喜地・L179,初歡喜地
3990,第12门,別教位次門,卷6,四燄慧地,佛佛,佛,无漏善慧,佛,无漏善慧,行,圓十地位,第13门,升,,「佛佛」二字俱表无漏善慧。依门首准知，开粗显妙，即为圆地，故入圆十地位。,手工逐组（门1–14 手写）,承注,,至於佛佛。則開麤顯妙。即為圓地也。,《選佛譜》卷第六・初歡喜地・L179,初歡喜地
3991,第12门,別教位次門,卷6,五難勝地,那那,那,见烦恼,那,见烦恼,不行·安住本位,,,安住,,「那那」二字俱表见烦恼。此位真俗两智合令相应，故不行。,手工逐组（门1–14 手写）,推演,,"是故六住已前。煩惑未盡。猶得有退轉義。那那須修無生懺也。
入於無生畢竟空界。名不退住。准位應同阿羅漢果。已辦地也。","《選佛譜》卷第六・初發心住・L57
《選佛譜》卷第六・七不退住・L81",初發心住、七不退住
3992,第12门,別教位次門,卷6,五難勝地,那謨,那,见烦恼,謨,爱烦恼,不行·安住本位,,,安住,,「那」表见烦恼、「謨」表爱烦恼。此位真俗两智合令相应，惑不现起，故不行。,手工逐组（门1–14 手写）,推演,,於定心中。如次修行三十七品。令其調適。能伏煩惱。名不退心。然猶未證三種不退。但較前五心稍堅固耳。故那謨相雜。雖可不行。,《選佛譜》卷第六・六不退心・L37,六不退心
3993,第12门,別教位次門,卷6,五難勝地,那阿,那,见烦恼,阿,施善,不行·安住本位,,,安住,,「那」表见烦恼、「阿」表施善。此位真俗两智合令相应，惑不现起，故不行。,手工逐组（门1–14 手写）,通則,,其餘位中。以阿彌陀善。與那謨惡相為對治。二俱無力。所以並不行也。,《選佛譜》卷第一・見取・L57,見取
3994,第12门,別教位次門,卷6,五難勝地,那彌,那,见烦恼,彌,戒善,不行·安住本位,,,安住,,「那」表见烦恼、「彌」表戒善。此位真俗两智合令相应，惑不现起，故不行。,手工逐组（门1–14 手写）,通則,,其餘位中。以阿彌陀善。與那謨惡相為對治。二俱無力。所以並不行也。,《選佛譜》卷第一・見取・L57,見取
3995,第12门,別教位次門,卷6,五難勝地,那陀,那,见烦恼,陀,定善,不行·安住本位,,,安住,,「那」表见烦恼、「陀」表定善。此位真俗两智合令相应，惑不现起，故不行。,手工逐组（门1–14 手写）,通則,,其餘位中。以阿彌陀善。與那謨惡相為對治。二俱無力。所以並不行也。,《選佛譜》卷第一・見取・L57,見取
3996,第12门,別教位次門,卷6,五難勝地,那佛,那,见烦恼,佛,无漏善慧,行,七遠行地,第12门,升,,「那」表见烦恼、「佛」表无漏善慧。真俗两智行相互违，得慧合令相应，登七远行地。,手工逐组（门1–14 手写）,承注,,唯阿陀等三。名為定善。及那佛。謨佛。可以漸增品位。,《選佛譜》卷第六・初歡喜地・L179,初歡喜地
3997,第12门,別教位次門,卷6,五難勝地,謨謨,謨,爱烦恼,謨,爱烦恼,不行·安住本位,,,安住,,「謨謨」二字俱表爱烦恼。此位真俗两智合令相应，故不行。,手工逐组（门1–14 手写）,推演,,"菩薩於多劫中。修行信心。已得成就。能斷分別我見。及從分別所起惡煩惱業。創見真空寂滅之理。
良由菩薩化物心重。自行則輕。不務斷結。從十信心。即便出假。既出假後遇大違緣。則分別心生。退菩提願。如舍利弗。往昔已曾得六住心。由婆羅門乞眼因緣。捨其大願。還趨小果。","《選佛譜》卷第六・初發心住・L57
《選佛譜》卷第六・初發心住・L57",初發心住
3998,第12门,別教位次門,卷6,五難勝地,謨阿,謨,爱烦恼,阿,施善,不行·安住本位,,,安住,,「謨」表爱烦恼、「阿」表施善。此位真俗两智合令相应，惑不现起，故不行。,手工逐组（门1–14 手写）,通則,,其餘位中。以阿彌陀善。與那謨惡相為對治。二俱無力。所以並不行也。,《選佛譜》卷第一・見取・L57,見取
3999,第12门,別教位次門,卷6,五難勝地,謨彌,謨,爱烦恼,彌,戒善,不行·安住本位,,,安住,,「謨」表爱烦恼、「彌」表戒善。此位真俗两智合令相应，惑不现起，故不行。,手工逐组（门1–14 手写）,通則,,其餘位中。以阿彌陀善。與那謨惡相為對治。二俱無力。所以並不行也。,《選佛譜》卷第一・見取・L57,見取
4000,第12门,別教位次門,卷6,五難勝地,謨陀,謨,爱烦恼,陀,定善,不行·安住本位,,,安住,,「謨」表爱烦恼、「陀」表定善。此位真俗两智合令相应，惑不现起，故不行。,手工逐组（门1–14 手写）,通則,,其餘位中。以阿彌陀善。與那謨惡相為對治。二俱無力。所以並不行也。,《選佛譜》卷第一・見取・L57,見取
4001,第12门,別教位次門,卷6,五難勝地,謨佛,謨,爱烦恼,佛,无漏善慧,行,八不動地,第12门,升,,「謨」表爱烦恼、「佛」表无漏善慧。真俗两智行相互违，得慧合令相应，登八不动地。,手工逐组（门1–14 手写）,承注,,唯阿陀等三。名為定善。及那佛。謨佛。可以漸增品位。,《選佛譜》卷第六・初歡喜地・L179,初歡喜地
4002,第12门,別教位次門,卷6,五難勝地,阿阿,阿,施善,阿,施善,不行·安住本位,,,安住,,「阿阿」二字俱表施善。今约教门，散善不行。,手工逐组（门1–14 手写）,承注,,今約教門。故阿阿等散善不行。,《選佛譜》卷第六・初歡喜地・L179,初歡喜地
4003,第12门,別教位次門,卷6,五難勝地,阿彌,阿,施善,彌,戒善,不行·安住本位,,,安住,,「阿」表施善、「彌」表戒善。今约教门，散善不行。,手工逐组（门1–14 手写）,承注,,今約教門。故阿阿等散善不行。,《選佛譜》卷第六・初歡喜地・L179,初歡喜地
4004,第12门,別教位次門,卷6,五難勝地,阿陀,阿,施善,陀,定善,行,六現前地,第12门,升,,「阿」表施善、「陀」表定善。真俗两智合令相应，故登六现前地。,手工逐组（门1–14 手写）,承注,,唯阿陀等三。名為定善。及那佛。謨佛。可以漸增品位。,《選佛譜》卷第六・初歡喜地・L179,初歡喜地
4005,第12门,別教位次門,卷6,五難勝地,阿佛,阿,施善,佛,无漏善慧,行,圓十住位,第13门,升,,「阿」表施善、「佛」表无漏善慧。依门首准知，按位便同圆住，故入圆十住位。,手工逐组（门1–14 手写）,承注,,若阿佛。則按位便同圓住。,《選佛譜》卷第六・初歡喜地・L179,初歡喜地
4006,第12门,別教位次門,卷6,五難勝地,彌彌,彌,戒善,彌,戒善,不行·安住本位,,,安住,,「彌彌」二字俱表戒善。今约教门，散善不行。,手工逐组（门1–14 手写）,承注,,今約教門。故阿阿等散善不行。,《選佛譜》卷第六・初歡喜地・L179,初歡喜地
4007,第12门,別教位次門,卷6,五難勝地,彌陀,彌,戒善,陀,定善,行,七遠行地,第12门,升,,「彌」表戒善、「陀」表定善。真俗两智合令相应，故登七远行地。,手工逐组（门1–14 手写）,承注,,唯阿陀等三。名為定善。及那佛。謨佛。可以漸增品位。,《選佛譜》卷第六・初歡喜地・L179,初歡喜地
4008,第12门,別教位次門,卷6,五難勝地,彌佛,彌,戒善,佛,无漏善慧,行,圓十行位,第13门,升,,「彌」表戒善、「佛」表无漏善慧。依门首准知，胜进便成圆行，故入圆十行位。,手工逐组（门1–14 手写）,承注,,彌佛。陀佛。則勝進便成圓行圓向,《選佛譜》卷第六・初歡喜地・L179,初歡喜地
4009,第12门,別教位次門,卷6,五難勝地,陀陀,陀,定善,陀,定善,行,八不動地,第12门,升,,「陀陀」二字俱表定善。真俗两智合令相应，故登八不动地。,手工逐组（门1–14 手写）,承注,,唯阿陀等三。名為定善。及那佛。謨佛。可以漸增品位。,《選佛譜》卷第六・初歡喜地・L179,初歡喜地
4010,第12门,別教位次門,卷6,五難勝地,陀佛,陀,定善,佛,无漏善慧,行,圓十迴向位,第13门,升,,「陀」表定善、「佛」表无漏善慧。依门首准知，胜进便成圆向，故入圆十回向位。,手工逐组（门1–14 手写）,承注,,彌佛。陀佛。則勝進便成圓行圓向,《選佛譜》卷第六・初歡喜地・L179,初歡喜地
4011,第12门,別教位次門,卷6,五難勝地,佛佛,佛,无漏善慧,佛,无漏善慧,行,圓十地位,第13门,升,,「佛佛」二字俱表无漏善慧。依门首准知，开粗显妙，即为圆地，故入圆十地位。,手工逐组（门1–14 手写）,承注,,至於佛佛。則開麤顯妙。即為圓地也。,《選佛譜》卷第六・初歡喜地・L179,初歡喜地
4012,第12门,別教位次門,卷6,六現前地,那那,那,见烦恼,那,见烦恼,不行·安住本位,,,安住,,「那那」二字俱表见烦恼。此位住缘起智，故不行。,手工逐组（门1–14 手写）,推演,,"是故六住已前。煩惑未盡。猶得有退轉義。那那須修無生懺也。
入於無生畢竟空界。名不退住。准位應同阿羅漢果。已辦地也。","《選佛譜》卷第六・初發心住・L57
《選佛譜》卷第六・七不退住・L81",初發心住、七不退住
4013,第12门,別教位次門,卷6,六現前地,那謨,那,见烦恼,謨,爱烦恼,不行·安住本位,,,安住,,「那」表见烦恼、「謨」表爱烦恼。此位住缘起智，惑不现起，故不行。,手工逐组（门1–14 手写）,推演,,於定心中。如次修行三十七品。令其調適。能伏煩惱。名不退心。然猶未證三種不退。但較前五心稍堅固耳。故那謨相雜。雖可不行。,《選佛譜》卷第六・六不退心・L37,六不退心
4014,第12门,別教位次門,卷6,六現前地,那阿,那,见烦恼,阿,施善,不行·安住本位,,,安住,,「那」表见烦恼、「阿」表施善。此位住缘起智，惑不现起，故不行。,手工逐组（门1–14 手写）,通則,,其餘位中。以阿彌陀善。與那謨惡相為對治。二俱無力。所以並不行也。,《選佛譜》卷第一・見取・L57,見取
4015,第12门,別教位次門,卷6,六現前地,那彌,那,见烦恼,彌,戒善,不行·安住本位,,,安住,,「那」表见烦恼、「彌」表戒善。此位住缘起智，惑不现起，故不行。,手工逐组（门1–14 手写）,通則,,其餘位中。以阿彌陀善。與那謨惡相為對治。二俱無力。所以並不行也。,《選佛譜》卷第一・見取・L57,見取
4016,第12门,別教位次門,卷6,六現前地,那陀,那,见烦恼,陀,定善,不行·安住本位,,,安住,,「那」表见烦恼、「陀」表定善。此位住缘起智，惑不现起，故不行。,手工逐组（门1–14 手写）,通則,,其餘位中。以阿彌陀善。與那謨惡相為對治。二俱無力。所以並不行也。,《選佛譜》卷第一・見取・L57,見取
4017,第12门,別教位次門,卷6,六現前地,那佛,那,见烦恼,佛,无漏善慧,行,八不動地,第12门,升,,「那」表见烦恼、「佛」表无漏善慧。引无分别最胜般若令现前，故登八不动地。,手工逐组（门1–14 手写）,承注,,唯阿陀等三。名為定善。及那佛。謨佛。可以漸增品位。,《選佛譜》卷第六・初歡喜地・L179,初歡喜地
4018,第12门,別教位次門,卷6,六現前地,謨謨,謨,爱烦恼,謨,爱烦恼,不行·安住本位,,,安住,,「謨謨」二字俱表爱烦恼。此位引无分别最胜般若令现前，故不行。,手工逐组（门1–14 手写）,推演,,"菩薩於多劫中。修行信心。已得成就。能斷分別我見。及從分別所起惡煩惱業。創見真空寂滅之理。
良由菩薩化物心重。自行則輕。不務斷結。從十信心。即便出假。既出假後遇大違緣。則分別心生。退菩提願。如舍利弗。往昔已曾得六住心。由婆羅門乞眼因緣。捨其大願。還趨小果。","《選佛譜》卷第六・初發心住・L57
《選佛譜》卷第六・初發心住・L57",初發心住
4019,第12门,別教位次門,卷6,六現前地,謨阿,謨,爱烦恼,阿,施善,不行·安住本位,,,安住,,「謨」表爱烦恼、「阿」表施善。此位住缘起智，惑不现起，故不行。,手工逐组（门1–14 手写）,通則,,其餘位中。以阿彌陀善。與那謨惡相為對治。二俱無力。所以並不行也。,《選佛譜》卷第一・見取・L57,見取
4020,第12门,別教位次門,卷6,六現前地,謨彌,謨,爱烦恼,彌,戒善,不行·安住本位,,,安住,,「謨」表爱烦恼、「彌」表戒善。此位住缘起智，惑不现起，故不行。,手工逐组（门1–14 手写）,通則,,其餘位中。以阿彌陀善。與那謨惡相為對治。二俱無力。所以並不行也。,《選佛譜》卷第一・見取・L57,見取
4021,第12门,別教位次門,卷6,六現前地,謨陀,謨,爱烦恼,陀,定善,不行·安住本位,,,安住,,「謨」表爱烦恼、「陀」表定善。此位住缘起智，惑不现起，故不行。,手工逐组（门1–14 手写）,通則,,其餘位中。以阿彌陀善。與那謨惡相為對治。二俱無力。所以並不行也。,《選佛譜》卷第一・見取・L57,見取
4022,第12门,別教位次門,卷6,六現前地,謨佛,謨,爱烦恼,佛,无漏善慧,行,九善慧地,第12门,升,,「謨」表爱烦恼、「佛」表无漏善慧。引无分别最胜般若令现前，故登九善慧地。,手工逐组（门1–14 手写）,承注,,唯阿陀等三。名為定善。及那佛。謨佛。可以漸增品位。,《選佛譜》卷第六・初歡喜地・L179,初歡喜地
4023,第12门,別教位次門,卷6,六現前地,阿阿,阿,施善,阿,施善,不行·安住本位,,,安住,,「阿阿」二字俱表施善。今约教门，散善不行。,手工逐组（门1–14 手写）,承注,,今約教門。故阿阿等散善不行。,《選佛譜》卷第六・初歡喜地・L179,初歡喜地
4024,第12门,別教位次門,卷6,六現前地,阿彌,阿,施善,彌,戒善,不行·安住本位,,,安住,,「阿」表施善、「彌」表戒善。今约教门，散善不行。,手工逐组（门1–14 手写）,承注,,今約教門。故阿阿等散善不行。,《選佛譜》卷第六・初歡喜地・L179,初歡喜地
4025,第12门,別教位次門,卷6,六現前地,阿陀,阿,施善,陀,定善,行,七遠行地,第12门,升,,「阿」表施善、「陀」表定善。住缘起智，故登七远行地。,手工逐组（门1–14 手写）,承注,,唯阿陀等三。名為定善。及那佛。謨佛。可以漸增品位。,《選佛譜》卷第六・初歡喜地・L179,初歡喜地
4026,第12门,別教位次門,卷6,六現前地,阿佛,阿,施善,佛,无漏善慧,行,圓十住位,第13门,升,,「阿」表施善、「佛」表无漏善慧。依门首准知，按位便同圆住，故入圆十住位。,手工逐组（门1–14 手写）,承注,,若阿佛。則按位便同圓住。,《選佛譜》卷第六・初歡喜地・L179,初歡喜地
4027,第12门,別教位次門,卷6,六現前地,彌彌,彌,戒善,彌,戒善,不行·安住本位,,,安住,,「彌彌」二字俱表戒善。今约教门，散善不行。,手工逐组（门1–14 手写）,承注,,今約教門。故阿阿等散善不行。,《選佛譜》卷第六・初歡喜地・L179,初歡喜地
4028,第12门,別教位次門,卷6,六現前地,彌陀,彌,戒善,陀,定善,行,八不動地,第12门,升,,「彌」表戒善、「陀」表定善。住缘起智，故登八不动地。,手工逐组（门1–14 手写）,承注,,唯阿陀等三。名為定善。及那佛。謨佛。可以漸增品位。,《選佛譜》卷第六・初歡喜地・L179,初歡喜地
4029,第12门,別教位次門,卷6,六現前地,彌佛,彌,戒善,佛,无漏善慧,行,圓十行位,第13门,升,,「彌」表戒善、「佛」表无漏善慧。依门首准知，胜进便成圆行，故入圆十行位。,手工逐组（门1–14 手写）,承注,,彌佛。陀佛。則勝進便成圓行圓向,《選佛譜》卷第六・初歡喜地・L179,初歡喜地
4030,第12门,別教位次門,卷6,六現前地,陀陀,陀,定善,陀,定善,行,九善慧地,第12门,升,,「陀陀」二字俱表定善。住缘起智，故登九善慧地。,手工逐组（门1–14 手写）,承注,,唯阿陀等三。名為定善。及那佛。謨佛。可以漸增品位。,《選佛譜》卷第六・初歡喜地・L179,初歡喜地
4031,第12门,別教位次門,卷6,六現前地,陀佛,陀,定善,佛,无漏善慧,行,圓十迴向位,第13门,升,,「陀」表定善、「佛」表无漏善慧。依门首准知，胜进便成圆向，故入圆十回向位。,手工逐组（门1–14 手写）,承注,,彌佛。陀佛。則勝進便成圓行圓向,《選佛譜》卷第六・初歡喜地・L179,初歡喜地
4032,第12门,別教位次門,卷6,六現前地,佛佛,佛,无漏善慧,佛,无漏善慧,行,圓十地位,第13门,升,,「佛佛」二字俱表无漏善慧。依门首准知，开粗显妙，即为圆地，故入圆十地位。,手工逐组（门1–14 手写）,承注,,至於佛佛。則開麤顯妙。即為圓地也。,《選佛譜》卷第六・初歡喜地・L179,初歡喜地
4033,第12门,別教位次門,卷6,七遠行地,那那,那,见烦恼,那,见烦恼,不行·安住本位,,,安住,,「那那」二字俱表见烦恼。此位出过世间及出世间二乘道，故不行。,手工逐组（门1–14 手写）,推演,,"是故六住已前。煩惑未盡。猶得有退轉義。那那須修無生懺也。
入於無生畢竟空界。名不退住。准位應同阿羅漢果。已辦地也。","《選佛譜》卷第六・初發心住・L57
《選佛譜》卷第六・七不退住・L81",初發心住、七不退住
4034,第12门,別教位次門,卷6,七遠行地,那謨,那,见烦恼,謨,爱烦恼,不行·安住本位,,,安住,,「那」表见烦恼、「謨」表爱烦恼。此位出过世间及出世间二乘道，惑不现起，故不行。,手工逐组（门1–14 手写）,推演,,於定心中。如次修行三十七品。令其調適。能伏煩惱。名不退心。然猶未證三種不退。但較前五心稍堅固耳。故那謨相雜。雖可不行。,《選佛譜》卷第六・六不退心・L37,六不退心
4035,第12门,別教位次門,卷6,七遠行地,那阿,那,见烦恼,阿,施善,不行·安住本位,,,安住,,「那」表见烦恼、「阿」表施善。此位出过世间及出世间二乘道，惑不现起，故不行。,手工逐组（门1–14 手写）,通則,,其餘位中。以阿彌陀善。與那謨惡相為對治。二俱無力。所以並不行也。,《選佛譜》卷第一・見取・L57,見取
4036,第12门,別教位次門,卷6,七遠行地,那彌,那,见烦恼,彌,戒善,不行·安住本位,,,安住,,「那」表见烦恼、「彌」表戒善。此位出过世间及出世间二乘道，惑不现起，故不行。,手工逐组（门1–14 手写）,通則,,其餘位中。以阿彌陀善。與那謨惡相為對治。二俱無力。所以並不行也。,《選佛譜》卷第一・見取・L57,見取
4037,第12门,別教位次門,卷6,七遠行地,那陀,那,见烦恼,陀,定善,不行·安住本位,,,安住,,「那」表见烦恼、「陀」表定善。此位出过世间及出世间二乘道，惑不现起，故不行。,手工逐组（门1–14 手写）,通則,,其餘位中。以阿彌陀善。與那謨惡相為對治。二俱無力。所以並不行也。,《選佛譜》卷第一・見取・L57,見取
4038,第12门,別教位次門,卷6,七遠行地,那佛,那,见烦恼,佛,无漏善慧,行,八不動地,第12门,升,,「那」表见烦恼、「佛」表无漏善慧。出过世间及出世间二乘道，故登八不动地。,手工逐组（门1–14 手写）,承注,,唯阿陀等三。名為定善。及那佛。謨佛。可以漸增品位。,《選佛譜》卷第六・初歡喜地・L179,初歡喜地
4039,第12门,別教位次門,卷6,七遠行地,謨謨,謨,爱烦恼,謨,爱烦恼,不行·安住本位,,,安住,,「謨謨」二字俱表爱烦恼。此位出过世间及出世间二乘道，故不行。,手工逐组（门1–14 手写）,推演,,"菩薩於多劫中。修行信心。已得成就。能斷分別我見。及從分別所起惡煩惱業。創見真空寂滅之理。
良由菩薩化物心重。自行則輕。不務斷結。從十信心。即便出假。既出假後遇大違緣。則分別心生。退菩提願。如舍利弗。往昔已曾得六住心。由婆羅門乞眼因緣。捨其大願。還趨小果。","《選佛譜》卷第六・初發心住・L57
《選佛譜》卷第六・初發心住・L57",初發心住
4040,第12门,別教位次門,卷6,七遠行地,謨阿,謨,爱烦恼,阿,施善,不行·安住本位,,,安住,,「謨」表爱烦恼、「阿」表施善。此位出过世间及出世间二乘道，惑不现起，故不行。,手工逐组（门1–14 手写）,通則,,其餘位中。以阿彌陀善。與那謨惡相為對治。二俱無力。所以並不行也。,《選佛譜》卷第一・見取・L57,見取
4041,第12门,別教位次門,卷6,七遠行地,謨彌,謨,爱烦恼,彌,戒善,不行·安住本位,,,安住,,「謨」表爱烦恼、「彌」表戒善。此位出过世间及出世间二乘道，惑不现起，故不行。,手工逐组（门1–14 手写）,通則,,其餘位中。以阿彌陀善。與那謨惡相為對治。二俱無力。所以並不行也。,《選佛譜》卷第一・見取・L57,見取
4042,第12门,別教位次門,卷6,七遠行地,謨陀,謨,爱烦恼,陀,定善,不行·安住本位,,,安住,,「謨」表爱烦恼、「陀」表定善。此位出过世间及出世间二乘道，惑不现起，故不行。,手工逐组（门1–14 手写）,通則,,其餘位中。以阿彌陀善。與那謨惡相為對治。二俱無力。所以並不行也。,《選佛譜》卷第一・見取・L57,見取
4043,第12门,別教位次門,卷6,七遠行地,謨佛,謨,爱烦恼,佛,无漏善慧,行,九善慧地,第12门,升,,「謨」表爱烦恼、「佛」表无漏善慧。出过世间及出世间二乘道，故登九善慧地。,手工逐组（门1–14 手写）,承注,,唯阿陀等三。名為定善。及那佛。謨佛。可以漸增品位。,《選佛譜》卷第六・初歡喜地・L179,初歡喜地
4044,第12门,別教位次門,卷6,七遠行地,阿阿,阿,施善,阿,施善,不行·安住本位,,,安住,,「阿阿」二字俱表施善。今约教门，散善不行。,手工逐组（门1–14 手写）,承注,,今約教門。故阿阿等散善不行。,《選佛譜》卷第六・初歡喜地・L179,初歡喜地
4045,第12门,別教位次門,卷6,七遠行地,阿彌,阿,施善,彌,戒善,不行·安住本位,,,安住,,「阿」表施善、「彌」表戒善。今约教门，散善不行。,手工逐组（门1–14 手写）,承注,,今約教門。故阿阿等散善不行。,《選佛譜》卷第六・初歡喜地・L179,初歡喜地
4046,第12门,別教位次門,卷6,七遠行地,阿陀,阿,施善,陀,定善,不行·安住本位,,,安住,,「阿」表施善、「陀」表定善。依教道中，八地真无生法忍最难阶，故不行。,手工逐组（门1–14 手写）,推演,阿陀不行者。依教道中。八地真無生法忍最難階故。,"阿陀不行者。依教道中。八地真無生法忍最難階故。
此地能於千佛世界示現作佛。自此以下。地地倍勝。具如華嚴十地品說","《選佛譜》卷第六・七遠行地・L203
《選佛譜》卷第六・二離垢地・L183",七遠行地、二離垢地
4047,第12门,別教位次門,卷6,七遠行地,阿佛,阿,施善,佛,无漏善慧,行,圓十住位,第13门,升,,「阿」表施善、「佛」表无漏善慧。依门首准知，按位便同圆住，故入圆十住位。,手工逐组（门1–14 手写）,承注,,若阿佛。則按位便同圓住。,《選佛譜》卷第六・初歡喜地・L179,初歡喜地
4048,第12门,別教位次門,卷6,七遠行地,彌彌,彌,戒善,彌,戒善,不行·安住本位,,,安住,,「彌彌」二字俱表戒善。今约教门，散善不行。,手工逐组（门1–14 手写）,承注,,今約教門。故阿阿等散善不行。,《選佛譜》卷第六・初歡喜地・L179,初歡喜地
4049,第12门,別教位次門,卷6,七遠行地,彌陀,彌,戒善,陀,定善,行,八不動地,第12门,升,,「彌」表戒善、「陀」表定善。至无相住功用后边，故登八不动地。,手工逐组（门1–14 手写）,承注,,唯阿陀等三。名為定善。及那佛。謨佛。可以漸增品位。,《選佛譜》卷第六・初歡喜地・L179,初歡喜地
4050,第12门,別教位次門,卷6,七遠行地,彌佛,彌,戒善,佛,无漏善慧,行,圓十行位,第13门,升,,「彌」表戒善、「佛」表无漏善慧。依门首准知，胜进便成圆行，故入圆十行位。,手工逐组（门1–14 手写）,承注,,彌佛。陀佛。則勝進便成圓行圓向,《選佛譜》卷第六・初歡喜地・L179,初歡喜地
4051,第12门,別教位次門,卷6,七遠行地,陀陀,陀,定善,陀,定善,行,九善慧地,第12门,升,,「陀陀」二字俱表定善。至无相住功用后边，故登九善慧地。,手工逐组（门1–14 手写）,承注,,唯阿陀等三。名為定善。及那佛。謨佛。可以漸增品位。,《選佛譜》卷第六・初歡喜地・L179,初歡喜地
4052,第12门,別教位次門,卷6,七遠行地,陀佛,陀,定善,佛,无漏善慧,行,圓十迴向位,第13门,升,,「陀」表定善、「佛」表无漏善慧。依门首准知，胜进便成圆向，故入圆十回向位。,手工逐组（门1–14 手写）,承注,,彌佛。陀佛。則勝進便成圓行圓向,《選佛譜》卷第六・初歡喜地・L179,初歡喜地
4053,第12门,別教位次門,卷6,七遠行地,佛佛,佛,无漏善慧,佛,无漏善慧,行,圓十地位,第13门,升,,「佛佛」二字俱表无漏善慧。依门首准知，开粗显妙，即为圆地，故入圆十地位。,手工逐组（门1–14 手写）,承注,,至於佛佛。則開麤顯妙。即為圓地也。,《選佛譜》卷第六・初歡喜地・L179,初歡喜地
4054,第12门,別教位次門,卷6,八不動地,那那,那,见烦恼,那,见烦恼,不行·安住本位,,,安住,,「那那」二字俱表见烦恼。此位相用烦恼不能动，故不行。,手工逐组（门1–14 手写）,推演,,"是故六住已前。煩惑未盡。猶得有退轉義。那那須修無生懺也。
入於無生畢竟空界。名不退住。准位應同阿羅漢果。已辦地也。","《選佛譜》卷第六・初發心住・L57
《選佛譜》卷第六・七不退住・L81",初發心住、七不退住
4055,第12门,別教位次門,卷6,八不動地,那謨,那,见烦恼,謨,爱烦恼,不行·安住本位,,,安住,,「那」表见烦恼、「謨」表爱烦恼。此位相用烦恼不能动，故不行。,手工逐组（门1–14 手写）,推演,,於定心中。如次修行三十七品。令其調適。能伏煩惱。名不退心。然猶未證三種不退。但較前五心稍堅固耳。故那謨相雜。雖可不行。,《選佛譜》卷第六・六不退心・L37,六不退心
4056,第12门,別教位次門,卷6,八不動地,那阿,那,见烦恼,阿,施善,不行·安住本位,,,安住,,「那」表见烦恼、「阿」表施善。此位相用烦恼不能动，故不行。,手工逐组（门1–14 手写）,通則,,其餘位中。以阿彌陀善。與那謨惡相為對治。二俱無力。所以並不行也。,《選佛譜》卷第一・見取・L57,見取
4057,第12门,別教位次門,卷6,八不動地,那彌,那,见烦恼,彌,戒善,不行·安住本位,,,安住,,「那」表见烦恼、「彌」表戒善。此位相用烦恼不能动，故不行。,手工逐组（门1–14 手写）,通則,,其餘位中。以阿彌陀善。與那謨惡相為對治。二俱無力。所以並不行也。,《選佛譜》卷第一・見取・L57,見取
4058,第12门,別教位次門,卷6,八不動地,那陀,那,见烦恼,陀,定善,不行·安住本位,,,安住,,「那」表见烦恼、「陀」表定善。此位相用烦恼不能动，故不行。,手工逐组（门1–14 手写）,通則,,其餘位中。以阿彌陀善。與那謨惡相為對治。二俱無力。所以並不行也。,《選佛譜》卷第一・見取・L57,見取
4059,第12门,別教位次門,卷6,八不動地,那佛,那,见烦恼,佛,无漏善慧,行,九善慧地,第12门,升,,「那」表见烦恼、「佛」表无漏善慧。相用烦恼不能动，故登九善慧地。,手工逐组（门1–14 手写）,承注,,唯阿陀等三。名為定善。及那佛。謨佛。可以漸增品位。,《選佛譜》卷第六・初歡喜地・L179,初歡喜地
4060,第12门,別教位次門,卷6,八不動地,謨謨,謨,爱烦恼,謨,爱烦恼,不行·安住本位,,,安住,,「謨謨」二字俱表爱烦恼。此位相用烦恼不能动，故不行。,手工逐组（门1–14 手写）,推演,,"菩薩於多劫中。修行信心。已得成就。能斷分別我見。及從分別所起惡煩惱業。創見真空寂滅之理。
良由菩薩化物心重。自行則輕。不務斷結。從十信心。即便出假。既出假後遇大違緣。則分別心生。退菩提願。如舍利弗。往昔已曾得六住心。由婆羅門乞眼因緣。捨其大願。還趨小果。","《選佛譜》卷第六・初發心住・L57
《選佛譜》卷第六・初發心住・L57",初發心住
4061,第12门,別教位次門,卷6,八不動地,謨阿,謨,爱烦恼,阿,施善,不行·安住本位,,,安住,,「謨」表爱烦恼、「阿」表施善。此位相用烦恼不能动，故不行。,手工逐组（门1–14 手写）,通則,,其餘位中。以阿彌陀善。與那謨惡相為對治。二俱無力。所以並不行也。,《選佛譜》卷第一・見取・L57,見取
4062,第12门,別教位次門,卷6,八不動地,謨彌,謨,爱烦恼,彌,戒善,不行·安住本位,,,安住,,「謨」表爱烦恼、「彌」表戒善。此位相用烦恼不能动，故不行。,手工逐组（门1–14 手写）,通則,,其餘位中。以阿彌陀善。與那謨惡相為對治。二俱無力。所以並不行也。,《選佛譜》卷第一・見取・L57,見取
4063,第12门,別教位次門,卷6,八不動地,謨陀,謨,爱烦恼,陀,定善,不行·安住本位,,,安住,,「謨」表爱烦恼、「陀」表定善。此位相用烦恼不能动，故不行。,手工逐组（门1–14 手写）,通則,,其餘位中。以阿彌陀善。與那謨惡相為對治。二俱無力。所以並不行也。,《選佛譜》卷第一・見取・L57,見取
4064,第12门,別教位次門,卷6,八不動地,謨佛,謨,爱烦恼,佛,无漏善慧,行,十法雲地,第12门,升,,「謨」表爱烦恼、「佛」表无漏善慧。相用烦恼不能动，故登十法云地。,手工逐组（门1–14 手写）,承注,,唯阿陀等三。名為定善。及那佛。謨佛。可以漸增品位。,《選佛譜》卷第六・初歡喜地・L179,初歡喜地
4065,第12门,別教位次門,卷6,八不動地,阿阿,阿,施善,阿,施善,不行·安住本位,,,安住,,「阿阿」二字俱表施善。今约教门，散善不行。,手工逐组（门1–14 手写）,承注,,今約教門。故阿阿等散善不行。,《選佛譜》卷第六・初歡喜地・L179,初歡喜地
4066,第12门,別教位次門,卷6,八不動地,阿彌,阿,施善,彌,戒善,不行·安住本位,,,安住,,「阿」表施善、「彌」表戒善。今约教门，散善不行。,手工逐组（门1–14 手写）,承注,,今約教門。故阿阿等散善不行。,《選佛譜》卷第六・初歡喜地・L179,初歡喜地
4067,第12门,別教位次門,卷6,八不動地,阿陀,阿,施善,陀,定善,不行·安住本位,,,安住,,「阿」表施善、「陀」表定善。定善最劣，无分别智任运相续，故不行。,手工逐组（门1–14 手写）,推演,,"阿陀不行者。依教道中。八地真無生法忍最難階故。
此地能於千佛世界示現作佛。自此以下。地地倍勝。具如華嚴十地品說","《選佛譜》卷第六・七遠行地・L203
《選佛譜》卷第六・二離垢地・L183",七遠行地、二離垢地
4068,第12门,別教位次門,卷6,八不動地,阿佛,阿,施善,佛,无漏善慧,行,圓十住位,第13门,升,,「阿」表施善、「佛」表无漏善慧。依门首准知，按位便同圆住，故入圆十住位。,手工逐组（门1–14 手写）,承注,,若阿佛。則按位便同圓住。,《選佛譜》卷第六・初歡喜地・L179,初歡喜地
4069,第12门,別教位次門,卷6,八不動地,彌彌,彌,戒善,彌,戒善,不行·安住本位,,,安住,,「彌彌」二字俱表戒善。今约教门，散善不行。,手工逐组（门1–14 手写）,承注,,今約教門。故阿阿等散善不行。,《選佛譜》卷第六・初歡喜地・L179,初歡喜地
4070,第12门,別教位次門,卷6,八不動地,彌陀,彌,戒善,陀,定善,行,九善慧地,第12门,升,,「彌」表戒善、「陀」表定善。无分别智任运相续，故登九善慧地。,手工逐组（门1–14 手写）,承注,,唯阿陀等三。名為定善。及那佛。謨佛。可以漸增品位。,《選佛譜》卷第六・初歡喜地・L179,初歡喜地
4071,第12门,別教位次門,卷6,八不動地,彌佛,彌,戒善,佛,无漏善慧,行,圓十行位,第13门,升,,「彌」表戒善、「佛」表无漏善慧。依门首准知，胜进便成圆行，故入圆十行位。,手工逐组（门1–14 手写）,承注,,彌佛。陀佛。則勝進便成圓行圓向,《選佛譜》卷第六・初歡喜地・L179,初歡喜地
4072,第12门,別教位次門,卷6,八不動地,陀陀,陀,定善,陀,定善,行,十法雲地,第12门,升,,「陀陀」二字俱表定善。无分别智任运相续，故登十法云地。,手工逐组（门1–14 手写）,承注,,唯阿陀等三。名為定善。及那佛。謨佛。可以漸增品位。,《選佛譜》卷第六・初歡喜地・L179,初歡喜地
4073,第12门,別教位次門,卷6,八不動地,陀佛,陀,定善,佛,无漏善慧,行,圓十迴向位,第13门,升,,「陀」表定善、「佛」表无漏善慧。依门首准知，胜进便成圆向，故入圆十回向位。,手工逐组（门1–14 手写）,承注,,彌佛。陀佛。則勝進便成圓行圓向,《選佛譜》卷第六・初歡喜地・L179,初歡喜地
4074,第12门,別教位次門,卷6,八不動地,佛佛,佛,无漏善慧,佛,无漏善慧,行,圓十地位,第13门,升,,「佛佛」二字俱表无漏善慧。依门首准知，开粗显妙，即为圆地，故入圆十地位。,手工逐组（门1–14 手写）,承注,,至於佛佛。則開麤顯妙。即為圓地也。,《選佛譜》卷第六・初歡喜地・L179,初歡喜地
4075,第12门,別教位次門,卷6,九善慧地,那那,那,见烦恼,那,见烦恼,不行·安住本位,,,安住,,「那那」二字俱表见烦恼。此位成就微妙四无碍解，故不行。,手工逐组（门1–14 手写）,推演,,"是故六住已前。煩惑未盡。猶得有退轉義。那那須修無生懺也。
入於無生畢竟空界。名不退住。准位應同阿羅漢果。已辦地也。","《選佛譜》卷第六・初發心住・L57
《選佛譜》卷第六・七不退住・L81",初發心住、七不退住
4076,第12门,別教位次門,卷6,九善慧地,那謨,那,见烦恼,謨,爱烦恼,不行·安住本位,,,安住,,「那」表见烦恼、「謨」表爱烦恼。此位成就微妙四无碍解，惑不现起，故不行。,手工逐组（门1–14 手写）,推演,,於定心中。如次修行三十七品。令其調適。能伏煩惱。名不退心。然猶未證三種不退。但較前五心稍堅固耳。故那謨相雜。雖可不行。,《選佛譜》卷第六・六不退心・L37,六不退心
4077,第12门,別教位次門,卷6,九善慧地,那阿,那,见烦恼,阿,施善,不行·安住本位,,,安住,,「那」表见烦恼、「阿」表施善。此位成就微妙四无碍解，惑不现起，故不行。,手工逐组（门1–14 手写）,通則,,其餘位中。以阿彌陀善。與那謨惡相為對治。二俱無力。所以並不行也。,《選佛譜》卷第一・見取・L57,見取
4078,第12门,別教位次門,卷6,九善慧地,那彌,那,见烦恼,彌,戒善,不行·安住本位,,,安住,,「那」表见烦恼、「彌」表戒善。此位成就微妙四无碍解，惑不现起，故不行。,手工逐组（门1–14 手写）,通則,,其餘位中。以阿彌陀善。與那謨惡相為對治。二俱無力。所以並不行也。,《選佛譜》卷第一・見取・L57,見取
4079,第12门,別教位次門,卷6,九善慧地,那陀,那,见烦恼,陀,定善,不行·安住本位,,,安住,,「那」表见烦恼、「陀」表定善。此位成就微妙四无碍解，惑不现起，故不行。,手工逐组（门1–14 手写）,通則,,其餘位中。以阿彌陀善。與那謨惡相為對治。二俱無力。所以並不行也。,《選佛譜》卷第一・見取・L57,見取
4080,第12门,別教位次門,卷6,九善慧地,那佛,那,见烦恼,佛,无漏善慧,行,十法雲地,第12门,升,,「那」表见烦恼、「佛」表无漏善慧。成就微妙四无碍解，故登十法云地。,手工逐组（门1–14 手写）,承注,,唯阿陀等三。名為定善。及那佛。謨佛。可以漸增品位。,《選佛譜》卷第六・初歡喜地・L179,初歡喜地
4081,第12门,別教位次門,卷6,九善慧地,謨謨,謨,爱烦恼,謨,爱烦恼,不行·安住本位,,,安住,,「謨謨」二字俱表爱烦恼。此位成就微妙四无碍解，故不行。,手工逐组（门1–14 手写）,推演,,"菩薩於多劫中。修行信心。已得成就。能斷分別我見。及從分別所起惡煩惱業。創見真空寂滅之理。
良由菩薩化物心重。自行則輕。不務斷結。從十信心。即便出假。既出假後遇大違緣。則分別心生。退菩提願。如舍利弗。往昔已曾得六住心。由婆羅門乞眼因緣。捨其大願。還趨小果。","《選佛譜》卷第六・初發心住・L57
《選佛譜》卷第六・初發心住・L57",初發心住
4082,第12门,別教位次門,卷6,九善慧地,謨阿,謨,爱烦恼,阿,施善,不行·安住本位,,,安住,,「謨」表爱烦恼、「阿」表施善。此位成就微妙四无碍解，惑不现起，故不行。,手工逐组（门1–14 手写）,通則,,其餘位中。以阿彌陀善。與那謨惡相為對治。二俱無力。所以並不行也。,《選佛譜》卷第一・見取・L57,見取
4083,第12门,別教位次門,卷6,九善慧地,謨彌,謨,爱烦恼,彌,戒善,不行·安住本位,,,安住,,「謨」表爱烦恼、「彌」表戒善。此位成就微妙四无碍解，惑不现起，故不行。,手工逐组（门1–14 手写）,通則,,其餘位中。以阿彌陀善。與那謨惡相為對治。二俱無力。所以並不行也。,《選佛譜》卷第一・見取・L57,見取
4084,第12门,別教位次門,卷6,九善慧地,謨陀,謨,爱烦恼,陀,定善,不行·安住本位,,,安住,,「謨」表爱烦恼、「陀」表定善。此位成就微妙四无碍解，惑不现起，故不行。,手工逐组（门1–14 手写）,通則,,其餘位中。以阿彌陀善。與那謨惡相為對治。二俱無力。所以並不行也。,《選佛譜》卷第一・見取・L57,見取
4085,第12门,別教位次門,卷6,九善慧地,謨佛,謨,爱烦恼,佛,无漏善慧,行,等覺菩薩,第12门,升,,「謨」表爱烦恼、「佛」表无漏善慧。成就微妙四无碍解，渐增品位，入等觉菩萨。,手工逐组（门1–14 手写）,承注,,唯阿陀等三。名為定善。及那佛。謨佛。可以漸增品位。,《選佛譜》卷第六・初歡喜地・L179,初歡喜地
4086,第12门,別教位次門,卷6,九善慧地,阿阿,阿,施善,阿,施善,不行·安住本位,,,安住,,「阿阿」二字俱表施善。今约教门，散善不行。,手工逐组（门1–14 手写）,承注,,今約教門。故阿阿等散善不行。,《選佛譜》卷第六・初歡喜地・L179,初歡喜地
4087,第12门,別教位次門,卷6,九善慧地,阿彌,阿,施善,彌,戒善,不行·安住本位,,,安住,,「阿」表施善、「彌」表戒善。今约教门，散善不行。,手工逐组（门1–14 手写）,承注,,今約教門。故阿阿等散善不行。,《選佛譜》卷第六・初歡喜地・L179,初歡喜地
4088,第12门,別教位次門,卷6,九善慧地,阿陀,阿,施善,陀,定善,不行·安住本位,,,安住,,「阿」表施善、「陀」表定善。定善最劣，本位成就微妙四无碍解，故不行。,手工逐组（门1–14 手写）,推演,,"阿陀不行者。依教道中。八地真無生法忍最難階故。
此地能於千佛世界示現作佛。自此以下。地地倍勝。具如華嚴十地品說","《選佛譜》卷第六・七遠行地・L203
《選佛譜》卷第六・二離垢地・L183",七遠行地、二離垢地
4089,第12门,別教位次門,卷6,九善慧地,阿佛,阿,施善,佛,无漏善慧,行,圓十住位,第13门,升,,「阿」表施善、「佛」表无漏善慧。依门首准知，按位便同圆住，故入圆十住位。,手工逐组（门1–14 手写）,承注,,若阿佛。則按位便同圓住。,《選佛譜》卷第六・初歡喜地・L179,初歡喜地
4090,第12门,別教位次門,卷6,九善慧地,彌彌,彌,戒善,彌,戒善,不行·安住本位,,,安住,,「彌彌」二字俱表戒善。今约教门，散善不行。,手工逐组（门1–14 手写）,承注,,今約教門。故阿阿等散善不行。,《選佛譜》卷第六・初歡喜地・L179,初歡喜地
4091,第12门,別教位次門,卷6,九善慧地,彌陀,彌,戒善,陀,定善,行,十法雲地,第12门,升,,「彌」表戒善、「陀」表定善。能遍十方善说法，故登十法云地。,手工逐组（门1–14 手写）,承注,,唯阿陀等三。名為定善。及那佛。謨佛。可以漸增品位。,《選佛譜》卷第六・初歡喜地・L179,初歡喜地
4092,第12门,別教位次門,卷6,九善慧地,彌佛,彌,戒善,佛,无漏善慧,行,圓十行位,第13门,升,,「彌」表戒善、「佛」表无漏善慧。依门首准知，胜进便成圆行，故入圆十行位。,手工逐组（门1–14 手写）,承注,,彌佛。陀佛。則勝進便成圓行圓向,《選佛譜》卷第六・初歡喜地・L179,初歡喜地
4093,第12门,別教位次門,卷6,九善慧地,陀陀,陀,定善,陀,定善,行,等覺菩薩,第12门,升,,「陀陀」二字俱表定善。能遍十方善说法，可以渐增品位，入等觉菩萨。,手工逐组（门1–14 手写）,承注,,唯阿陀等三。名為定善。及那佛。謨佛。可以漸增品位。,《選佛譜》卷第六・初歡喜地・L179,初歡喜地
4094,第12门,別教位次門,卷6,九善慧地,陀佛,陀,定善,佛,无漏善慧,行,圓十迴向位,第13门,升,,「陀」表定善、「佛」表无漏善慧。依门首准知，胜进便成圆向，故入圆十回向位。,手工逐组（门1–14 手写）,承注,,彌佛。陀佛。則勝進便成圓行圓向,《選佛譜》卷第六・初歡喜地・L179,初歡喜地
4095,第12门,別教位次門,卷6,九善慧地,佛佛,佛,无漏善慧,佛,无漏善慧,行,圓十地位,第13门,升,,「佛佛」二字俱表无漏善慧。依门首准知，开粗显妙，即为圆地，故入圆十地位。,手工逐组（门1–14 手写）,承注,,至於佛佛。則開麤顯妙。即為圓地也。,《選佛譜》卷第六・初歡喜地・L179,初歡喜地
4096,第12门,別教位次門,卷6,十法雲地,那那,那,见烦恼,那,见烦恼,不行·安住本位,,,安住,,「那那」二字俱表见烦恼。此位大法智云，充满法身，故不行。,手工逐组（门1–14 手写）,推演,,"是故六住已前。煩惑未盡。猶得有退轉義。那那須修無生懺也。
入於無生畢竟空界。名不退住。准位應同阿羅漢果。已辦地也。","《選佛譜》卷第六・初發心住・L57
《選佛譜》卷第六・七不退住・L81",初發心住、七不退住
4097,第12门,別教位次門,卷6,十法雲地,那謨,那,见烦恼,謨,爱烦恼,不行·安住本位,,,安住,,「那」表见烦恼、「謨」表爱烦恼。此位大法智云，充满法身，烦恼不复现起，故不行。,手工逐组（门1–14 手写）,推演,,於定心中。如次修行三十七品。令其調適。能伏煩惱。名不退心。然猶未證三種不退。但較前五心稍堅固耳。故那謨相雜。雖可不行。,《選佛譜》卷第六・六不退心・L37,六不退心
4098,第12门,別教位次門,卷6,十法雲地,那阿,那,见烦恼,阿,施善,不行·安住本位,,,安住,,「那」表见烦恼、「阿」表施善。此位大法智云，充满法身，烦恼不复现起，故不行。,手工逐组（门1–14 手写）,通則,,其餘位中。以阿彌陀善。與那謨惡相為對治。二俱無力。所以並不行也。,《選佛譜》卷第一・見取・L57,見取
4099,第12门,別教位次門,卷6,十法雲地,那彌,那,见烦恼,彌,戒善,不行·安住本位,,,安住,,「那」表见烦恼、「彌」表戒善。此位大法智云，充满法身，烦恼不复现起，故不行。,手工逐组（门1–14 手写）,通則,,其餘位中。以阿彌陀善。與那謨惡相為對治。二俱無力。所以並不行也。,《選佛譜》卷第一・見取・L57,見取
4100,第12门,別教位次門,卷6,十法雲地,那陀,那,见烦恼,陀,定善,不行·安住本位,,,安住,,「那」表见烦恼、「陀」表定善。此位大法智云，充满法身，烦恼不复现起，故不行。,手工逐组（门1–14 手写）,通則,,其餘位中。以阿彌陀善。與那謨惡相為對治。二俱無力。所以並不行也。,《選佛譜》卷第一・見取・L57,見取
4101,第12门,別教位次門,卷6,十法雲地,那佛,那,见烦恼,佛,无漏善慧,行,等覺菩薩,第12门,升,,「那」表见烦恼、「佛」表无漏善慧。于教道中无可进，故入等觉菩萨。,手工逐组（门1–14 手写）,承注,,唯阿陀等三。名為定善。及那佛。謨佛。可以漸增品位。,《選佛譜》卷第六・初歡喜地・L179,初歡喜地
4102,第12门,別教位次門,卷6,十法雲地,謨謨,謨,爱烦恼,謨,爱烦恼,不行·安住本位,,,安住,,「謨謨」二字俱表爱烦恼。此位大法智云，充满法身，故不行。,手工逐组（门1–14 手写）,推演,,"菩薩於多劫中。修行信心。已得成就。能斷分別我見。及從分別所起惡煩惱業。創見真空寂滅之理。
良由菩薩化物心重。自行則輕。不務斷結。從十信心。即便出假。既出假後遇大違緣。則分別心生。退菩提願。如舍利弗。往昔已曾得六住心。由婆羅門乞眼因緣。捨其大願。還趨小果。","《選佛譜》卷第六・初發心住・L57
《選佛譜》卷第六・初發心住・L57",初發心住
4103,第12门,別教位次門,卷6,十法雲地,謨阿,謨,爱烦恼,阿,施善,不行·安住本位,,,安住,,「謨」表爱烦恼、「阿」表施善。此位大法智云，充满法身，烦恼不复现起，故不行。,手工逐组（门1–14 手写）,通則,,其餘位中。以阿彌陀善。與那謨惡相為對治。二俱無力。所以並不行也。,《選佛譜》卷第一・見取・L57,見取
4104,第12门,別教位次門,卷6,十法雲地,謨彌,謨,爱烦恼,彌,戒善,不行·安住本位,,,安住,,「謨」表爱烦恼、「彌」表戒善。此位大法智云，充满法身，烦恼不复现起，故不行。,手工逐组（门1–14 手写）,通則,,其餘位中。以阿彌陀善。與那謨惡相為對治。二俱無力。所以並不行也。,《選佛譜》卷第一・見取・L57,見取
4105,第12门,別教位次門,卷6,十法雲地,謨陀,謨,爱烦恼,陀,定善,不行·安住本位,,,安住,,「謨」表爱烦恼、「陀」表定善。此位大法智云，充满法身，烦恼不复现起，故不行。,手工逐组（门1–14 手写）,通則,,其餘位中。以阿彌陀善。與那謨惡相為對治。二俱無力。所以並不行也。,《選佛譜》卷第一・見取・L57,見取
4106,第12门,別教位次門,卷6,十法雲地,謨佛,謨,爱烦恼,佛,无漏善慧,行,圓十住位,第13门,升,,「謨」表爱烦恼、「佛」表无漏善慧。含众德水，荫蔽一切，按位便同圆住，入圆十住位。,手工逐组（门1–14 手写）,承注,,唯阿陀等三。名為定善。及那佛。謨佛。可以漸增品位。,《選佛譜》卷第六・初歡喜地・L179,初歡喜地
4107,第12门,別教位次門,卷6,十法雲地,阿阿,阿,施善,阿,施善,不行·安住本位,,,安住,,「阿阿」二字俱表施善。今约教门，散善不行。,手工逐组（门1–14 手写）,承注,,今約教門。故阿阿等散善不行。,《選佛譜》卷第六・初歡喜地・L179,初歡喜地
4108,第12门,別教位次門,卷6,十法雲地,阿彌,阿,施善,彌,戒善,不行·安住本位,,,安住,,「阿」表施善、「彌」表戒善。今约教门，散善不行。,手工逐组（门1–14 手写）,承注,,今約教門。故阿阿等散善不行。,《選佛譜》卷第六・初歡喜地・L179,初歡喜地
4109,第12门,別教位次門,卷6,十法雲地,阿陀,阿,施善,陀,定善,不行·安住本位,,,安住,,「阿」表施善、「陀」表定善。定善最劣，于教道中无可进，故不行。,手工逐组（门1–14 手写）,推演,,"阿陀不行者。依教道中。八地真無生法忍最難階故。
此地能於千佛世界示現作佛。自此以下。地地倍勝。具如華嚴十地品說","《選佛譜》卷第六・七遠行地・L203
《選佛譜》卷第六・二離垢地・L183",七遠行地、二離垢地
4110,第12门,別教位次門,卷6,十法雲地,阿佛,阿,施善,佛,无漏善慧,行,圓十行位,第13门,升,,「阿」表施善、「佛」表无漏善慧。依门首准知，充满法身，胜进便成圆行，故入圆十行位。,手工逐组（门1–14 手写）,承注,,若阿佛。則按位便同圓住。,《選佛譜》卷第六・初歡喜地・L179,初歡喜地
4111,第12门,別教位次門,卷6,十法雲地,彌彌,彌,戒善,彌,戒善,不行·安住本位,,,安住,,「彌彌」二字俱表戒善。今约教门，散善不行。,手工逐组（门1–14 手写）,承注,,今約教門。故阿阿等散善不行。,《選佛譜》卷第六・初歡喜地・L179,初歡喜地
4112,第12门,別教位次門,卷6,十法雲地,彌陀,彌,戒善,陀,定善,行,等覺菩薩,第12门,升,,「彌」表戒善、「陀」表定善。于教道中无可进，故入等觉菩萨。,手工逐组（门1–14 手写）,承注,,唯阿陀等三。名為定善。及那佛。謨佛。可以漸增品位。,《選佛譜》卷第六・初歡喜地・L179,初歡喜地
4113,第12门,別教位次門,卷6,十法雲地,彌佛,彌,戒善,佛,无漏善慧,行,圓十迴向位,第13门,升,,「彌」表戒善、「佛」表无漏善慧。依门首准知，充满法身，胜进便成圆向，故入圆十回向位。,手工逐组（门1–14 手写）,承注,,彌佛。陀佛。則勝進便成圓行圓向,《選佛譜》卷第六・初歡喜地・L179,初歡喜地
4114,第12门,別教位次門,卷6,十法雲地,陀陀,陀,定善,陀,定善,行,等覺菩薩,第12门,升,,「陀陀」二字俱表定善。于教道中无可进，故入等觉菩萨。,手工逐组（门1–14 手写）,直說,陀陀亦等覺者。於教道中無可進故。,陀陀亦等覺者。於教道中無可進故。,《選佛譜》卷第六・十法雲地・L215,十法雲地
4115,第12门,別教位次門,卷6,十法雲地,陀佛,陀,定善,佛,无漏善慧,行,圓十地位,第13门,升,,「陀」表定善、「佛」表无漏善慧。依门首准知，开粗显妙，即为圆地，故入圆十地位。,手工逐组（门1–14 手写）,承注,,彌佛。陀佛。則勝進便成圓行圓向,《選佛譜》卷第六・初歡喜地・L179,初歡喜地
4116,第12门,別教位次門,卷6,十法雲地,佛佛,佛,无漏善慧,佛,无漏善慧,行,圓等覺位,第13门,升,,「佛佛」二字俱表无漏善慧。依门首准知，大法智云充满法身，开粗显妙，故入圆等觉位。,手工逐组（门1–14 手写）,承注,,至於佛佛。則開麤顯妙。即為圓地也。,《選佛譜》卷第六・初歡喜地・L179,初歡喜地
4117,第12门,別教位次門,卷6,等覺菩薩,那那,那,见烦恼,那,见烦恼,不行·安住本位,,,安住,,「那那」二字俱表见烦恼。此位边际智满，入重玄门，故不行。,手工逐组（门1–14 手写）,推演,於教道中。更無可進。故彌陀等亦皆不行。須遇佛字。方得開顯增進耳。,"是故六住已前。煩惑未盡。猶得有退轉義。那那須修無生懺也。
入於無生畢竟空界。名不退住。准位應同阿羅漢果。已辦地也。","《選佛譜》卷第六・初發心住・L57
《選佛譜》卷第六・七不退住・L81",初發心住、七不退住
4118,第12门,別教位次門,卷6,等覺菩薩,那謨,那,见烦恼,謨,爱烦恼,不行·安住本位,,,安住,,「那」表见烦恼、「謨」表爱烦恼。此位边际智满，入重玄门，烦恼不复现起，故不行。,手工逐组（门1–14 手写）,推演,於教道中。更無可進。故彌陀等亦皆不行。須遇佛字。方得開顯增進耳。,於定心中。如次修行三十七品。令其調適。能伏煩惱。名不退心。然猶未證三種不退。但較前五心稍堅固耳。故那謨相雜。雖可不行。,《選佛譜》卷第六・六不退心・L37,六不退心
4119,第12门,別教位次門,卷6,等覺菩薩,那阿,那,见烦恼,阿,施善,不行·安住本位,,,安住,,「那」表见烦恼、「阿」表施善。此位边际智满，入重玄门，烦恼不复现起，故不行。,手工逐组（门1–14 手写）,通則,於教道中。更無可進。故彌陀等亦皆不行。須遇佛字。方得開顯增進耳。,其餘位中。以阿彌陀善。與那謨惡相為對治。二俱無力。所以並不行也。,《選佛譜》卷第一・見取・L57,見取
4120,第12门,別教位次門,卷6,等覺菩薩,那彌,那,见烦恼,彌,戒善,不行·安住本位,,,安住,,「那」表见烦恼、「彌」表戒善。此位边际智满，入重玄门，烦恼不复现起，故不行。,手工逐组（门1–14 手写）,通則,於教道中。更無可進。故彌陀等亦皆不行。須遇佛字。方得開顯增進耳。,其餘位中。以阿彌陀善。與那謨惡相為對治。二俱無力。所以並不行也。,《選佛譜》卷第一・見取・L57,見取
4121,第12门,別教位次門,卷6,等覺菩薩,那陀,那,见烦恼,陀,定善,不行·安住本位,,,安住,,「那」表见烦恼、「陀」表定善。此位边际智满，入重玄门，烦恼不复现起，故不行。,手工逐组（门1–14 手写）,通則,於教道中。更無可進。故彌陀等亦皆不行。須遇佛字。方得開顯增進耳。,其餘位中。以阿彌陀善。與那謨惡相為對治。二俱無力。所以並不行也。,《選佛譜》卷第一・見取・L57,見取
4122,第12门,別教位次門,卷6,等覺菩薩,那佛,那,见烦恼,佛,无漏善慧,行,圓十行位,第13门,升,,「那」表见烦恼、「佛」表无漏善慧。遇佛字方得开显增进，故入圆十行位。,手工逐组（门1–14 手写）,直說,須遇佛字。方得開顯增進耳。,於教道中。更無可進。故彌陀等亦皆不行。須遇佛字。方得開顯增進耳。,《選佛譜》卷第六・等覺菩薩・L219,等覺菩薩
4123,第12门,別教位次門,卷6,等覺菩薩,謨謨,謨,爱烦恼,謨,爱烦恼,不行·安住本位,,,安住,,「謨謨」二字俱表爱烦恼。此位边际智满，入重玄门，故不行。,手工逐组（门1–14 手写）,推演,於教道中。更無可進。故彌陀等亦皆不行。須遇佛字。方得開顯增進耳。,"菩薩於多劫中。修行信心。已得成就。能斷分別我見。及從分別所起惡煩惱業。創見真空寂滅之理。
良由菩薩化物心重。自行則輕。不務斷結。從十信心。即便出假。既出假後遇大違緣。則分別心生。退菩提願。如舍利弗。往昔已曾得六住心。由婆羅門乞眼因緣。捨其大願。還趨小果。","《選佛譜》卷第六・初發心住・L57
《選佛譜》卷第六・初發心住・L57",初發心住
4124,第12门,別教位次門,卷6,等覺菩薩,謨阿,謨,爱烦恼,阿,施善,不行·安住本位,,,安住,,「謨」表爱烦恼、「阿」表施善。此位边际智满，入重玄门，烦恼不复现起，故不行。,手工逐组（门1–14 手写）,通則,於教道中。更無可進。故彌陀等亦皆不行。須遇佛字。方得開顯增進耳。,其餘位中。以阿彌陀善。與那謨惡相為對治。二俱無力。所以並不行也。,《選佛譜》卷第一・見取・L57,見取
4125,第12门,別教位次門,卷6,等覺菩薩,謨彌,謨,爱烦恼,彌,戒善,不行·安住本位,,,安住,,「謨」表爱烦恼、「彌」表戒善。此位边际智满，入重玄门，烦恼不复现起，故不行。,手工逐组（门1–14 手写）,通則,於教道中。更無可進。故彌陀等亦皆不行。須遇佛字。方得開顯增進耳。,其餘位中。以阿彌陀善。與那謨惡相為對治。二俱無力。所以並不行也。,《選佛譜》卷第一・見取・L57,見取
4126,第12门,別教位次門,卷6,等覺菩薩,謨陀,謨,爱烦恼,陀,定善,不行·安住本位,,,安住,,「謨」表爱烦恼、「陀」表定善。此位边际智满，入重玄门，烦恼不复现起，故不行。,手工逐组（门1–14 手写）,通則,於教道中。更無可進。故彌陀等亦皆不行。須遇佛字。方得開顯增進耳。,其餘位中。以阿彌陀善。與那謨惡相為對治。二俱無力。所以並不行也。,《選佛譜》卷第一・見取・L57,見取
4127,第12门,別教位次門,卷6,等覺菩薩,謨佛,謨,爱烦恼,佛,无漏善慧,行,圓十行位,第13门,升,,「謨」表爱烦恼、「佛」表无漏善慧。遇佛字方得开显增进，故入圆十行位。,手工逐组（门1–14 手写）,直說,須遇佛字。方得開顯增進耳。,於教道中。更無可進。故彌陀等亦皆不行。須遇佛字。方得開顯增進耳。,《選佛譜》卷第六・等覺菩薩・L219,等覺菩薩
4128,第12门,別教位次門,卷6,等覺菩薩,阿阿,阿,施善,阿,施善,不行·安住本位,,,安住,,「阿阿」二字俱表施善。于教道中更无可进，须遇佛字方得开显，故不行。,手工逐组（门1–14 手写）,直說,於教道中。更無可進。故彌陀等亦皆不行。須遇佛字。方得開顯增進耳。,於教道中。更無可進。故彌陀等亦皆不行。須遇佛字。方得開顯增進耳。,《選佛譜》卷第六・等覺菩薩・L219,等覺菩薩
4129,第12门,別教位次門,卷6,等覺菩薩,阿彌,阿,施善,彌,戒善,不行·安住本位,,,安住,,「阿」表施善、「彌」表戒善。于教道中更无可进，须遇佛字方得开显，故不行。,手工逐组（门1–14 手写）,直說,於教道中。更無可進。故彌陀等亦皆不行。須遇佛字。方得開顯增進耳。,於教道中。更無可進。故彌陀等亦皆不行。須遇佛字。方得開顯增進耳。,《選佛譜》卷第六・等覺菩薩・L219,等覺菩薩
4130,第12门,別教位次門,卷6,等覺菩薩,阿陀,阿,施善,陀,定善,不行·安住本位,,,安住,,「阿」表施善、「陀」表定善。于教道中更无可进，须遇佛字方得开显，故不行。,手工逐组（门1–14 手写）,直說,於教道中。更無可進。故彌陀等亦皆不行。須遇佛字。方得開顯增進耳。,於教道中。更無可進。故彌陀等亦皆不行。須遇佛字。方得開顯增進耳。,《選佛譜》卷第六・等覺菩薩・L219,等覺菩薩
4131,第12门,別教位次門,卷6,等覺菩薩,阿佛,阿,施善,佛,无漏善慧,行,圓十迴向位,第13门,升,,「阿」表施善、「佛」表无漏善慧。遇佛字方得开显增进，故入圆十回向位。,手工逐组（门1–14 手写）,直說,須遇佛字。方得開顯增進耳。,於教道中。更無可進。故彌陀等亦皆不行。須遇佛字。方得開顯增進耳。,《選佛譜》卷第六・等覺菩薩・L219,等覺菩薩
4132,第12门,別教位次門,卷6,等覺菩薩,彌彌,彌,戒善,彌,戒善,不行·安住本位,,,安住,,「彌彌」二字俱表戒善。于教道中更无可进，须遇佛字方得开显，故不行。,手工逐组（门1–14 手写）,直說,於教道中。更無可進。故彌陀等亦皆不行。須遇佛字。方得開顯增進耳。,於教道中。更無可進。故彌陀等亦皆不行。須遇佛字。方得開顯增進耳。,《選佛譜》卷第六・等覺菩薩・L219,等覺菩薩
4133,第12门,別教位次門,卷6,等覺菩薩,彌陀,彌,戒善,陀,定善,不行·安住本位,,,安住,,「彌」表戒善、「陀」表定善。于教道中更无可进，须遇佛字方得开显，故不行。,手工逐组（门1–14 手写）,直說,於教道中。更無可進。故彌陀等亦皆不行。須遇佛字。方得開顯增進耳。,於教道中。更無可進。故彌陀等亦皆不行。須遇佛字。方得開顯增進耳。,《選佛譜》卷第六・等覺菩薩・L219,等覺菩薩
4134,第12门,別教位次門,卷6,等覺菩薩,彌佛,彌,戒善,佛,无漏善慧,行,圓十地位,第13门,升,,「彌」表戒善、「佛」表无漏善慧。遇佛字方得开显增进，故入圆十地位。,手工逐组（门1–14 手写）,直說,須遇佛字。方得開顯增進耳。,於教道中。更無可進。故彌陀等亦皆不行。須遇佛字。方得開顯增進耳。,《選佛譜》卷第六・等覺菩薩・L219,等覺菩薩
4135,第12门,別教位次門,卷6,等覺菩薩,陀陀,陀,定善,陀,定善,不行·安住本位,,,安住,,「陀陀」二字俱表定善。于教道中更无可进，须遇佛字方得开显，故不行。,手工逐组（门1–14 手写）,直說,於教道中。更無可進。故彌陀等亦皆不行。須遇佛字。方得開顯增進耳。,於教道中。更無可進。故彌陀等亦皆不行。須遇佛字。方得開顯增進耳。,《選佛譜》卷第六・等覺菩薩・L219,等覺菩薩
4136,第12门,別教位次門,卷6,等覺菩薩,陀佛,陀,定善,佛,无漏善慧,行,別教妙覺佛位,第12门,升,,「陀」表定善、「佛」表无漏善慧。应界外机，示圆满报，遍坐尘刹道场，成别教妙觉佛位。,手工逐组（门1–14 手写）,直說,陀佛成別佛者。應界外機。示圓滿報。徧坐塵剎道場故。,陀佛成別佛者。應界外機。示圓滿報。徧坐塵剎道場故。,《選佛譜》卷第六・等覺菩薩・L219,等覺菩薩
4137,第12门,別教位次門,卷6,等覺菩薩,佛佛,佛,无漏善慧,佛,无漏善慧,行,佛,第15门,升,,「佛佛」二字俱表无漏善慧。尽无明源，显究竟觉，故成圆教究竟妙觉位。,手工逐组（门1–14 手写）,直說,佛佛成圓佛者。盡無明源。顯究竟覺。不異圓家十行故。,佛佛成圓佛者。盡無明源。顯究竟覺。不異圓家十行故。,《選佛譜》卷第六・等覺菩薩・L219,等覺菩薩
4138,第12门,別教位次門,卷6,別教妙覺佛位,那那,那,见烦恼,那,见烦恼,不行·安住本位,,,安住,,「那那」二字俱表见烦恼。此位妙智穷源，无明习尽，故不行。,手工逐组（门1–14 手写）,推演,,"是故六住已前。煩惑未盡。猶得有退轉義。那那須修無生懺也。
入於無生畢竟空界。名不退住。准位應同阿羅漢果。已辦地也。","《選佛譜》卷第六・初發心住・L57
《選佛譜》卷第六・七不退住・L81",初發心住、七不退住
4139,第12门,別教位次門,卷6,別教妙覺佛位,那謨,那,见烦恼,謨,爱烦恼,不行·安住本位,,,安住,,「那」表见烦恼、「謨」表爱烦恼。此位妙智穷源，无明习尽，烦恼不复现起，故不行。,手工逐组（门1–14 手写）,推演,,於定心中。如次修行三十七品。令其調適。能伏煩惱。名不退心。然猶未證三種不退。但較前五心稍堅固耳。故那謨相雜。雖可不行。,《選佛譜》卷第六・六不退心・L37,六不退心
4140,第12门,別教位次門,卷6,別教妙覺佛位,那阿,那,见烦恼,阿,施善,不行·安住本位,,,安住,,「那」表见烦恼、「阿」表施善。此位妙智穷源，无明习尽，烦恼不复现起，故不行。,手工逐组（门1–14 手写）,通則,,其餘位中。以阿彌陀善。與那謨惡相為對治。二俱無力。所以並不行也。,《選佛譜》卷第一・見取・L57,見取
4141,第12门,別教位次門,卷6,別教妙覺佛位,那彌,那,见烦恼,彌,戒善,不行·安住本位,,,安住,,「那」表见烦恼、「彌」表戒善。此位妙智穷源，无明习尽，烦恼不复现起，故不行。,手工逐组（门1–14 手写）,通則,,其餘位中。以阿彌陀善。與那謨惡相為對治。二俱無力。所以並不行也。,《選佛譜》卷第一・見取・L57,見取
4142,第12门,別教位次門,卷6,別教妙覺佛位,那陀,那,见烦恼,陀,定善,不行·安住本位,,,安住,,「那」表见烦恼、「陀」表定善。此位妙智穷源，无明习尽，烦恼不复现起，故不行。,手工逐组（门1–14 手写）,通則,,其餘位中。以阿彌陀善。與那謨惡相為對治。二俱無力。所以並不行也。,《選佛譜》卷第一・見取・L57,見取
4143,第12门,別教位次門,卷6,別教妙覺佛位,那佛,那,见烦恼,佛,无漏善慧,贈掷·不移位,,,贈掷,贈一掷,「那」表见烦恼、「佛」表无漏善慧。朗然大觉，更无可进，皆可赠而不可行。,手工逐组（门1–14 手写）,推演,,當知四十二品無明未盡。未得圓滿無上菩提。終不得名妙覺極果。但以別教被鈍根故。僅說無明止十二品。遂計斷十二品無明。便成妙覺。然此妙覺。必是圓妙覺位之所示現。故於此位。再得陀佛。便可開權顯實。開迹顯本矣。况更得佛佛耶。,《選佛譜》卷第六・別教妙覺佛位・L223,別教妙覺佛位
4144,第12门,別教位次門,卷6,別教妙覺佛位,謨謨,謨,爱烦恼,謨,爱烦恼,不行·安住本位,,,安住,,「謨謨」二字俱表爱烦恼。此位妙智穷源，无明习尽，故不行。,手工逐组（门1–14 手写）,推演,,"菩薩於多劫中。修行信心。已得成就。能斷分別我見。及從分別所起惡煩惱業。創見真空寂滅之理。
良由菩薩化物心重。自行則輕。不務斷結。從十信心。即便出假。既出假後遇大違緣。則分別心生。退菩提願。如舍利弗。往昔已曾得六住心。由婆羅門乞眼因緣。捨其大願。還趨小果。","《選佛譜》卷第六・初發心住・L57
《選佛譜》卷第六・初發心住・L57",初發心住
4145,第12门,別教位次門,卷6,別教妙覺佛位,謨阿,謨,爱烦恼,阿,施善,不行·安住本位,,,安住,,「謨」表爱烦恼、「阿」表施善。此位妙智穷源，无明习尽，烦恼不复现起，故不行。,手工逐组（门1–14 手写）,通則,,其餘位中。以阿彌陀善。與那謨惡相為對治。二俱無力。所以並不行也。,《選佛譜》卷第一・見取・L57,見取
4146,第12门,別教位次門,卷6,別教妙覺佛位,謨彌,謨,爱烦恼,彌,戒善,不行·安住本位,,,安住,,「謨」表爱烦恼、「彌」表戒善。此位妙智穷源，无明习尽，烦恼不复现起，故不行。,手工逐组（门1–14 手写）,通則,,其餘位中。以阿彌陀善。與那謨惡相為對治。二俱無力。所以並不行也。,《選佛譜》卷第一・見取・L57,見取
4147,第12门,別教位次門,卷6,別教妙覺佛位,謨陀,謨,爱烦恼,陀,定善,不行·安住本位,,,安住,,「謨」表爱烦恼、「陀」表定善。此位妙智穷源，无明习尽，烦恼不复现起，故不行。,手工逐组（门1–14 手写）,通則,,其餘位中。以阿彌陀善。與那謨惡相為對治。二俱無力。所以並不行也。,《選佛譜》卷第一・見取・L57,見取
4148,第12门,別教位次門,卷6,別教妙覺佛位,謨佛,謨,爱烦恼,佛,无漏善慧,贈掷·不移位,,,贈掷,贈二掷,「謨」表爱烦恼、「佛」表无漏善慧。朗然大觉，更无可进，皆可赠而不可行。,手工逐组（门1–14 手写）,推演,,當知四十二品無明未盡。未得圓滿無上菩提。終不得名妙覺極果。但以別教被鈍根故。僅說無明止十二品。遂計斷十二品無明。便成妙覺。然此妙覺。必是圓妙覺位之所示現。故於此位。再得陀佛。便可開權顯實。開迹顯本矣。况更得佛佛耶。,《選佛譜》卷第六・別教妙覺佛位・L223,別教妙覺佛位
4149,第12门,別教位次門,卷6,別教妙覺佛位,阿阿,阿,施善,阿,施善,贈掷·不移位,,,贈掷,贈一掷,「阿阿」二字俱表施善。此位无明习尽，更无可进，皆可赠而不可行。,手工逐组（门1–14 手写）,推演,,當知四十二品無明未盡。未得圓滿無上菩提。終不得名妙覺極果。但以別教被鈍根故。僅說無明止十二品。遂計斷十二品無明。便成妙覺。然此妙覺。必是圓妙覺位之所示現。故於此位。再得陀佛。便可開權顯實。開迹顯本矣。况更得佛佛耶。,《選佛譜》卷第六・別教妙覺佛位・L223,別教妙覺佛位
4150,第12门,別教位次門,卷6,別教妙覺佛位,阿彌,阿,施善,彌,戒善,贈掷·不移位,,,贈掷,贈一掷,「阿」表施善、「彌」表戒善。此位无明习尽，更无可进，皆可赠而不可行。,手工逐组（门1–14 手写）,推演,,當知四十二品無明未盡。未得圓滿無上菩提。終不得名妙覺極果。但以別教被鈍根故。僅說無明止十二品。遂計斷十二品無明。便成妙覺。然此妙覺。必是圓妙覺位之所示現。故於此位。再得陀佛。便可開權顯實。開迹顯本矣。况更得佛佛耶。,《選佛譜》卷第六・別教妙覺佛位・L223,別教妙覺佛位
4151,第12门,別教位次門,卷6,別教妙覺佛位,阿陀,阿,施善,陀,定善,贈掷·不移位,,,贈掷,贈二掷,「阿」表施善、「陀」表定善。此位无明习尽，更无可进，皆可赠而不可行。,手工逐组（门1–14 手写）,推演,,當知四十二品無明未盡。未得圓滿無上菩提。終不得名妙覺極果。但以別教被鈍根故。僅說無明止十二品。遂計斷十二品無明。便成妙覺。然此妙覺。必是圓妙覺位之所示現。故於此位。再得陀佛。便可開權顯實。開迹顯本矣。况更得佛佛耶。,《選佛譜》卷第六・別教妙覺佛位・L223,別教妙覺佛位
4152,第12门,別教位次門,卷6,別教妙覺佛位,阿佛,阿,施善,佛,无漏善慧,贈掷·不移位,,,贈掷,贈三掷,「阿」表施善、「佛」表无漏善慧。朗然大觉，更无可进，皆可赠而不可行。,手工逐组（门1–14 手写）,推演,,當知四十二品無明未盡。未得圓滿無上菩提。終不得名妙覺極果。但以別教被鈍根故。僅說無明止十二品。遂計斷十二品無明。便成妙覺。然此妙覺。必是圓妙覺位之所示現。故於此位。再得陀佛。便可開權顯實。開迹顯本矣。况更得佛佛耶。,《選佛譜》卷第六・別教妙覺佛位・L223,別教妙覺佛位
4153,第12门,別教位次門,卷6,別教妙覺佛位,彌彌,彌,戒善,彌,戒善,贈掷·不移位,,,贈掷,贈一掷,「彌彌」二字俱表戒善。此位无明习尽，更无可进，皆可赠而不可行。,手工逐组（门1–14 手写）,推演,,當知四十二品無明未盡。未得圓滿無上菩提。終不得名妙覺極果。但以別教被鈍根故。僅說無明止十二品。遂計斷十二品無明。便成妙覺。然此妙覺。必是圓妙覺位之所示現。故於此位。再得陀佛。便可開權顯實。開迹顯本矣。况更得佛佛耶。,《選佛譜》卷第六・別教妙覺佛位・L223,別教妙覺佛位
4154,第12门,別教位次門,卷6,別教妙覺佛位,彌陀,彌,戒善,陀,定善,贈掷·不移位,,,贈掷,贈二掷,「彌」表戒善、「陀」表定善。此位无明习尽，更无可进，皆可赠而不可行。,手工逐组（门1–14 手写）,推演,,當知四十二品無明未盡。未得圓滿無上菩提。終不得名妙覺極果。但以別教被鈍根故。僅說無明止十二品。遂計斷十二品無明。便成妙覺。然此妙覺。必是圓妙覺位之所示現。故於此位。再得陀佛。便可開權顯實。開迹顯本矣。况更得佛佛耶。,《選佛譜》卷第六・別教妙覺佛位・L223,別教妙覺佛位
4155,第12门,別教位次門,卷6,別教妙覺佛位,彌佛,彌,戒善,佛,无漏善慧,贈掷·不移位,,,贈掷,贈四掷,「彌」表戒善、「佛」表无漏善慧。朗然大觉，更无可进，皆可赠而不可行。,手工逐组（门1–14 手写）,推演,,當知四十二品無明未盡。未得圓滿無上菩提。終不得名妙覺極果。但以別教被鈍根故。僅說無明止十二品。遂計斷十二品無明。便成妙覺。然此妙覺。必是圓妙覺位之所示現。故於此位。再得陀佛。便可開權顯實。開迹顯本矣。况更得佛佛耶。,《選佛譜》卷第六・別教妙覺佛位・L223,別教妙覺佛位
4156,第12门,別教位次門,卷6,別教妙覺佛位,陀陀,陀,定善,陀,定善,贈掷·不移位,,,贈掷,贈二掷,「陀陀」二字俱表定善。此位无明习尽，更无可进，皆可赠而不可行。,手工逐组（门1–14 手写）,推演,,當知四十二品無明未盡。未得圓滿無上菩提。終不得名妙覺極果。但以別教被鈍根故。僅說無明止十二品。遂計斷十二品無明。便成妙覺。然此妙覺。必是圓妙覺位之所示現。故於此位。再得陀佛。便可開權顯實。開迹顯本矣。况更得佛佛耶。,《選佛譜》卷第六・別教妙覺佛位・L223,別教妙覺佛位
4157,第12门,別教位次門,卷6,別教妙覺佛位,陀佛,陀,定善,佛,无漏善慧,行,佛,第15门,升,,「陀」表定善、「佛」表无漏善慧。再得陀佛便可开权显实，开迹显本，成圆教究竟妙觉位。,手工逐组（门1–14 手写）,直說,再得陀佛。便可開權顯實。開迹顯本矣。,但以別教被鈍根故。僅說無明止十二品。遂計斷十二品無明。便成妙覺。然此妙覺。必是圓妙覺位之所示現。故於此位。再得陀佛。便可開權顯實。開迹顯本矣。况更得佛佛耶。,《選佛譜》卷第六・別教妙覺佛位・L223,別教妙覺佛位
4158,第12门,別教位次門,卷6,別教妙覺佛位,佛佛,佛,无漏善慧,佛,无漏善慧,行,佛,第15门,升,,「佛佛」二字俱表无漏善慧。开权显实，开迹显本，况更得佛佛，故成圆教究竟妙觉位。,手工逐组（门1–14 手写）,直說,况更得佛佛耶。,但以別教被鈍根故。僅說無明止十二品。遂計斷十二品無明。便成妙覺。然此妙覺。必是圓妙覺位之所示現。故於此位。再得陀佛。便可開權顯實。開迹顯本矣。况更得佛佛耶。,《選佛譜》卷第六・別教妙覺佛位・L223,別教妙覺佛位
4159,第13门,圓教位次門,卷6,圓五品位,那那,那,见烦恼,那,见烦恼,行,無生懺,第6门,降,,「那那」二字俱表见烦恼。出观未免现起烦恼，故须观罪实相，往无生忏。,手工逐组（门1–14 手写）,直說,那那等三無生懺者。若在觀行之中。自能圓伏五住煩惱。或時出觀。未免現起煩惱。故須觀罪實相也。,那那等三無生懺者。若在觀行之中。自能圓伏五住煩惱。或時出觀。未免現起煩惱。故須觀罪實相也。,《選佛譜》卷第六・圓五品位・L233,圓五品位
4160,第13门,圓教位次門,卷6,圓五品位,那謨,那,见烦恼,謨,爱烦恼,行,無生懺,第6门,降,,「那」表见烦恼、「謨」表爱烦恼。出观未免现起烦恼，故须观罪实相，往无生忏。,手工逐组（门1–14 手写）,直說,那那等三無生懺者。若在觀行之中。自能圓伏五住煩惱。或時出觀。未免現起煩惱。故須觀罪實相也。,那那等三無生懺者。若在觀行之中。自能圓伏五住煩惱。或時出觀。未免現起煩惱。故須觀罪實相也。,《選佛譜》卷第六・圓五品位・L233,圓五品位
4161,第13门,圓教位次門,卷6,圓五品位,那阿,那,见烦恼,阿,施善,不行·安住本位,,,安住,,「那」表见烦恼、「阿」表施善。相为对治，二俱无力，故不行。,手工逐组（门1–14 手写）,通則,,其餘位中。以阿彌陀善。與那謨惡相為對治。二俱無力。所以並不行也。,《選佛譜》卷第一・見取・L57,見取
4162,第13门,圓教位次門,卷6,圓五品位,那彌,那,见烦恼,彌,戒善,不行·安住本位,,,安住,,「那」表见烦恼、「彌」表戒善。相为对治，二俱无力，故不行。,手工逐组（门1–14 手写）,通則,,其餘位中。以阿彌陀善。與那謨惡相為對治。二俱無力。所以並不行也。,《選佛譜》卷第一・見取・L57,見取
4163,第13门,圓教位次門,卷6,圓五品位,那陀,那,见烦恼,陀,定善,不行·安住本位,,,安住,,「那」表见烦恼、「陀」表定善。相为对治，二俱无力，故不行。,手工逐组（门1–14 手写）,通則,,其餘位中。以阿彌陀善。與那謨惡相為對治。二俱無力。所以並不行也。,《選佛譜》卷第一・見取・L57,見取
4164,第13门,圓教位次門,卷6,圓五品位,那佛,那,见烦恼,佛,无漏善慧,行,上品中生,第14门,横超,,「那」表见烦恼、「佛」表无漏善慧。已能善解义趣，又承化佛授手，故感上品中生。,手工逐组（门1–14 手写）,直說,那佛上品中生者。已能善解義趣。又承化佛授手故。,那佛上品中生者。已能善解義趣。又承化佛授手故。,《選佛譜》卷第六・圓五品位・L233,圓五品位
4165,第13门,圓教位次門,卷6,圓五品位,謨謨,謨,爱烦恼,謨,爱烦恼,行,無生懺,第6门,降,,「謨謨」二字俱表爱烦恼。出观未免现起烦恼，故须观罪实相，往无生忏。,手工逐组（门1–14 手写）,直說,那那等三無生懺者。若在觀行之中。自能圓伏五住煩惱。或時出觀。未免現起煩惱。故須觀罪實相也。,那那等三無生懺者。若在觀行之中。自能圓伏五住煩惱。或時出觀。未免現起煩惱。故須觀罪實相也。,《選佛譜》卷第六・圓五品位・L233,圓五品位
4166,第13门,圓教位次門,卷6,圓五品位,謨阿,謨,爱烦恼,阿,施善,不行·安住本位,,,安住,,「謨」表爱烦恼、「阿」表施善。相为对治，二俱无力，故不行。,手工逐组（门1–14 手写）,通則,,其餘位中。以阿彌陀善。與那謨惡相為對治。二俱無力。所以並不行也。,《選佛譜》卷第一・見取・L57,見取
4167,第13门,圓教位次門,卷6,圓五品位,謨彌,謨,爱烦恼,彌,戒善,不行·安住本位,,,安住,,「謨」表爱烦恼、「彌」表戒善。相为对治，二俱无力，故不行。,手工逐组（门1–14 手写）,通則,,其餘位中。以阿彌陀善。與那謨惡相為對治。二俱無力。所以並不行也。,《選佛譜》卷第一・見取・L57,見取
4168,第13门,圓教位次門,卷6,圓五品位,謨陀,謨,爱烦恼,陀,定善,不行·安住本位,,,安住,,「謨」表爱烦恼、「陀」表定善。相为对治，二俱无力，故不行。,手工逐组（门1–14 手写）,通則,,其餘位中。以阿彌陀善。與那謨惡相為對治。二俱無力。所以並不行也。,《選佛譜》卷第一・見取・L57,見取
4169,第13门,圓教位次門,卷6,圓五品位,謨佛,謨,爱烦恼,佛,无漏善慧,行,上品上生,第14门,横超,,「謨」表爱烦恼、「佛」表无漏善慧。已能读诵修行，又得佛光迎接，故感上品上生。,手工逐组（门1–14 手写）,直說,謨佛上品上生者。已能讀誦修行。又得佛光迎接故。,謨佛上品上生者。已能讀誦修行。又得佛光迎接故。,《選佛譜》卷第六・圓五品位・L233,圓五品位
4170,第13门,圓教位次門,卷6,圓五品位,阿阿,阿,施善,阿,施善,不行·安住本位,,,安住,,「阿阿」二字俱表施善。此位须借定善方可净六根，故不行。,手工逐组（门1–14 手写）,直說,阿彌等三不行。唯行阿陀等三者。須藉定善。方可淨六根故。,阿彌等三不行。唯行阿陀等三者。須藉定善。方可淨六根故。,《選佛譜》卷第六・圓五品位・L233,圓五品位
4171,第13门,圓教位次門,卷6,圓五品位,阿彌,阿,施善,彌,戒善,不行·安住本位,,,安住,,「阿」表施善、「彌」表戒善。此位须借定善方可净六根，故不行。,手工逐组（门1–14 手写）,直說,阿彌等三不行。唯行阿陀等三者。須藉定善。方可淨六根故。,阿彌等三不行。唯行阿陀等三者。須藉定善。方可淨六根故。,《選佛譜》卷第六・圓五品位・L233,圓五品位
4172,第13门,圓教位次門,卷6,圓五品位,阿陀,阿,施善,陀,定善,行,圓十信位,第13门,升,,「阿」表施善、「陀」表定善。须借定善方可净六根，故入圆十信位。,手工逐组（门1–14 手写）,直說,唯行阿陀等三者。須藉定善。方可淨六根故。,阿彌等三不行。唯行阿陀等三者。須藉定善。方可淨六根故。,《選佛譜》卷第六・圓五品位・L233,圓五品位
4173,第13门,圓教位次門,卷6,圓五品位,阿佛,阿,施善,佛,无漏善慧,行,圓十住位,第13门,升,,「阿」表施善、「佛」表无漏善慧。妙观力强，径入阿字门，故入圆十住位。,手工逐组（门1–14 手写）,直說,阿佛圓住者。妙觀力強。徑入阿字門故。,阿佛圓住者。妙觀力強。徑入阿字門故。,《選佛譜》卷第六・圓五品位・L233,圓五品位
4174,第13门,圓教位次門,卷6,圓五品位,彌彌,彌,戒善,彌,戒善,不行·安住本位,,,安住,,「彌彌」二字俱表戒善。此位须借定善方可净六根，故不行。,手工逐组（门1–14 手写）,直說,阿彌等三不行。唯行阿陀等三者。須藉定善。方可淨六根故。,阿彌等三不行。唯行阿陀等三者。須藉定善。方可淨六根故。,《選佛譜》卷第六・圓五品位・L233,圓五品位
4175,第13门,圓教位次門,卷6,圓五品位,彌陀,彌,戒善,陀,定善,行,圓十信位,第13门,升,,「彌」表戒善、「陀」表定善。须借定善方可净六根，故入圆十信位。,手工逐组（门1–14 手写）,直說,唯行阿陀等三者。須藉定善。方可淨六根故。,阿彌等三不行。唯行阿陀等三者。須藉定善。方可淨六根故。,《選佛譜》卷第六・圓五品位・L233,圓五品位
4176,第13门,圓教位次門,卷6,圓五品位,彌佛,彌,戒善,佛,无漏善慧,行,圓十行位,第13门,升,,「彌」表戒善、「佛」表无漏善慧。圆人善超，一生能顿入，故入圆十行位。,手工逐组（门1–14 手写）,直說,彌佛圓行。陀佛圓向。佛佛圓地者。圓人善超。一生能頓入故,彌佛圓行。陀佛圓向。佛佛圓地者。圓人善超。一生能頓入故,《選佛譜》卷第六・圓五品位・L233,圓五品位
4177,第13门,圓教位次門,卷6,圓五品位,陀陀,陀,定善,陀,定善,行,圓十信位,第13门,升,,「陀陀」二字俱表定善。须借定善方可净六根，故入圆十信位。,手工逐组（门1–14 手写）,直說,唯行阿陀等三者。須藉定善。方可淨六根故。,阿彌等三不行。唯行阿陀等三者。須藉定善。方可淨六根故。,《選佛譜》卷第六・圓五品位・L233,圓五品位
4178,第13门,圓教位次門,卷6,圓五品位,陀佛,陀,定善,佛,无漏善慧,行,圓十迴向位,第13门,升,,「陀」表定善、「佛」表无漏善慧。圆人善超，一生能顿入，故入圆十回向位。,手工逐组（门1–14 手写）,直說,彌佛圓行。陀佛圓向。佛佛圓地者。圓人善超。一生能頓入故,彌佛圓行。陀佛圓向。佛佛圓地者。圓人善超。一生能頓入故,《選佛譜》卷第六・圓五品位・L233,圓五品位
4179,第13门,圓教位次門,卷6,圓五品位,佛佛,佛,无漏善慧,佛,无漏善慧,行,圓十地位,第13门,升,,「佛佛」二字俱表无漏善慧。圆人善超，一生能顿入，故入圆十地位。,手工逐组（门1–14 手写）,直說,彌佛圓行。陀佛圓向。佛佛圓地者。圓人善超。一生能頓入故,彌佛圓行。陀佛圓向。佛佛圓地者。圓人善超。一生能頓入故,《選佛譜》卷第六・圓五品位・L233,圓五品位
4180,第13门,圓教位次門,卷6,圓十信位,那那,那,见烦恼,那,见烦恼,不行·安住本位,,,安住,,「那那」二字俱表见烦恼。此位于初信心任运先断见惑，故不行。,手工逐组（门1–14 手写）,推演,,"那那等三無生懺者。若在觀行之中。自能圓伏五住煩惱。或時出觀。未免現起煩惱。故須觀罪實相也。
圓教用妙三觀。直觀法性。圓伏無明。發相似解。於初信心。任運先斷見惑。至七心時。三界思盡。與四果齊。八九十心。圓斷界內界外塵沙。
此與別教十心。名雖是同。義則永異。別教用生滅觀。從假入空。僅伏見思煩惱。","《選佛譜》卷第六・圓五品位・L233
《選佛譜》卷第六・圓十信位・L237
《選佛譜》卷第六・圓十信位・L237",圓五品位、圓十信位
4181,第13门,圓教位次門,卷6,圓十信位,那謨,那,见烦恼,謨,爱烦恼,不行·安住本位,,,安住,,「那」表见烦恼、「謨」表爱烦恼。此位初信心任运先断见惑，七心时三界思尽，烦恼不复现起，故不行。,手工逐组（门1–14 手写）,推演,,"那那等三無生懺者。若在觀行之中。自能圓伏五住煩惱。或時出觀。未免現起煩惱。故須觀罪實相也。
圓教用妙三觀。直觀法性。圓伏無明。發相似解。於初信心。任運先斷見惑。至七心時。三界思盡。與四果齊。八九十心。圓斷界內界外塵沙。
此與別教十心。名雖是同。義則永異。別教用生滅觀。從假入空。僅伏見思煩惱。","《選佛譜》卷第六・圓五品位・L233
《選佛譜》卷第六・圓十信位・L237
《選佛譜》卷第六・圓十信位・L237",圓五品位、圓十信位
4182,第13门,圓教位次門,卷6,圓十信位,那阿,那,见烦恼,阿,施善,不行·安住本位,,,安住,,「那」表见烦恼、「阿」表施善。此位初信心任运先断见惑，七心时三界思尽，烦恼不复现起，故不行。,手工逐组（门1–14 手写）,通則,,其餘位中。以阿彌陀善。與那謨惡相為對治。二俱無力。所以並不行也。,《選佛譜》卷第一・見取・L57,見取
4183,第13门,圓教位次門,卷6,圓十信位,那彌,那,见烦恼,彌,戒善,不行·安住本位,,,安住,,「那」表见烦恼、「彌」表戒善。此位初信心任运先断见惑，七心时三界思尽，烦恼不复现起，故不行。,手工逐组（门1–14 手写）,通則,,其餘位中。以阿彌陀善。與那謨惡相為對治。二俱無力。所以並不行也。,《選佛譜》卷第一・見取・L57,見取
4184,第13门,圓教位次門,卷6,圓十信位,那陀,那,见烦恼,陀,定善,不行·安住本位,,,安住,,「那」表见烦恼、「陀」表定善。此位初信心任运先断见惑，七心时三界思尽，烦恼不复现起，故不行。,手工逐组（门1–14 手写）,通則,,其餘位中。以阿彌陀善。與那謨惡相為對治。二俱無力。所以並不行也。,《選佛譜》卷第一・見取・L57,見取
4185,第13门,圓教位次門,卷6,圓十信位,那佛,那,见烦恼,佛,无漏善慧,行,方便有餘淨土,第14门,横超,,「那」表见烦恼、「佛」表无漏善慧。十信满心未发真，必归界外有余国，生方便有余净土。,手工逐组（门1–14 手写）,直說,阿阿等八。皆方便淨土者。十信滿心。若未發真。必歸界外有餘國故。,阿阿等八。皆方便淨土者。十信滿心。若未發真。必歸界外有餘國故。,《選佛譜》卷第六・圓十信位・L237,圓十信位
4186,第13门,圓教位次門,卷6,圓十信位,謨謨,謨,爱烦恼,謨,爱烦恼,不行·安住本位,,,安住,,「謨謨」二字俱表爱烦恼。此位至七心时三界思尽，与四果齐，故不行。,手工逐组（门1–14 手写）,推演,,"那那等三無生懺者。若在觀行之中。自能圓伏五住煩惱。或時出觀。未免現起煩惱。故須觀罪實相也。
圓教用妙三觀。直觀法性。圓伏無明。發相似解。於初信心。任運先斷見惑。至七心時。三界思盡。與四果齊。八九十心。圓斷界內界外塵沙。
此與別教十心。名雖是同。義則永異。別教用生滅觀。從假入空。僅伏見思煩惱。","《選佛譜》卷第六・圓五品位・L233
《選佛譜》卷第六・圓十信位・L237
《選佛譜》卷第六・圓十信位・L237",圓五品位、圓十信位
4187,第13门,圓教位次門,卷6,圓十信位,謨阿,謨,爱烦恼,阿,施善,不行·安住本位,,,安住,,「謨」表爱烦恼、「阿」表施善。此位初信心任运先断见惑，七心时三界思尽，烦恼不复现起，故不行。,手工逐组（门1–14 手写）,通則,,其餘位中。以阿彌陀善。與那謨惡相為對治。二俱無力。所以並不行也。,《選佛譜》卷第一・見取・L57,見取
4188,第13门,圓教位次門,卷6,圓十信位,謨彌,謨,爱烦恼,彌,戒善,不行·安住本位,,,安住,,「謨」表爱烦恼、「彌」表戒善。此位初信心任运先断见惑，七心时三界思尽，烦恼不复现起，故不行。,手工逐组（门1–14 手写）,通則,,其餘位中。以阿彌陀善。與那謨惡相為對治。二俱無力。所以並不行也。,《選佛譜》卷第一・見取・L57,見取
4189,第13门,圓教位次門,卷6,圓十信位,謨陀,謨,爱烦恼,陀,定善,不行·安住本位,,,安住,,「謨」表爱烦恼、「陀」表定善。此位初信心任运先断见惑，七心时三界思尽，烦恼不复现起，故不行。,手工逐组（门1–14 手写）,通則,,其餘位中。以阿彌陀善。與那謨惡相為對治。二俱無力。所以並不行也。,《選佛譜》卷第一・見取・L57,見取
4190,第13门,圓教位次門,卷6,圓十信位,謨佛,謨,爱烦恼,佛,无漏善慧,行,方便有餘淨土,第14门,横超,,「謨」表爱烦恼、「佛」表无漏善慧。十信满心未发真，必归界外有余国，生方便有余净土。,手工逐组（门1–14 手写）,直說,阿阿等八。皆方便淨土者。十信滿心。若未發真。必歸界外有餘國故。,阿阿等八。皆方便淨土者。十信滿心。若未發真。必歸界外有餘國故。,《選佛譜》卷第六・圓十信位・L237,圓十信位
4191,第13门,圓教位次門,卷6,圓十信位,阿阿,阿,施善,阿,施善,行,方便有餘淨土,第14门,横超,,「阿阿」二字俱表施善。十信满心若未发真，必归界外有余国，生方便有余净土。,手工逐组（门1–14 手写）,直說,阿阿等八。皆方便淨土者。十信滿心。若未發真。必歸界外有餘國故。,阿阿等八。皆方便淨土者。十信滿心。若未發真。必歸界外有餘國故。,《選佛譜》卷第六・圓十信位・L237,圓十信位
4192,第13门,圓教位次門,卷6,圓十信位,阿彌,阿,施善,彌,戒善,行,方便有餘淨土,第14门,横超,,「阿」表施善、「彌」表戒善。十信满心若未发真，必归界外有余国，生方便有余净土。,手工逐组（门1–14 手写）,直說,阿阿等八。皆方便淨土者。十信滿心。若未發真。必歸界外有餘國故。,阿阿等八。皆方便淨土者。十信滿心。若未發真。必歸界外有餘國故。,《選佛譜》卷第六・圓十信位・L237,圓十信位
4193,第13门,圓教位次門,卷6,圓十信位,阿陀,阿,施善,陀,定善,行,方便有餘淨土,第14门,横超,,「阿」表施善、「陀」表定善。十信满心若未发真，必归界外有余国，生方便有余净土。,手工逐组（门1–14 手写）,直說,阿阿等八。皆方便淨土者。十信滿心。若未發真。必歸界外有餘國故。,阿阿等八。皆方便淨土者。十信滿心。若未發真。必歸界外有餘國故。,《選佛譜》卷第六・圓十信位・L237,圓十信位
4194,第13门,圓教位次門,卷6,圓十信位,阿佛,阿,施善,佛,无漏善慧,行,圓十住位,第13门,升,,「阿」表施善、「佛」表无漏善慧。仅与五品同，五品亦云即十信，故入圆十住位。,手工逐组（门1–14 手写）,直說,阿佛等四。僅與五品同者。五品亦云即十信故。,阿佛等四。僅與五品同者。五品亦云即十信故。,《選佛譜》卷第六・圓十信位・L237,圓十信位
4195,第13门,圓教位次門,卷6,圓十信位,彌彌,彌,戒善,彌,戒善,行,方便有餘淨土,第14门,横超,,「彌彌」二字俱表戒善。十信满心若未发真，必归界外有余国，生方便有余净土。,手工逐组（门1–14 手写）,直說,阿阿等八。皆方便淨土者。十信滿心。若未發真。必歸界外有餘國故。,阿阿等八。皆方便淨土者。十信滿心。若未發真。必歸界外有餘國故。,《選佛譜》卷第六・圓十信位・L237,圓十信位
4196,第13门,圓教位次門,卷6,圓十信位,彌陀,彌,戒善,陀,定善,行,方便有餘淨土,第14门,横超,,「彌」表戒善、「陀」表定善。十信满心若未发真，必归界外有余国，生方便有余净土。,手工逐组（门1–14 手写）,直說,阿阿等八。皆方便淨土者。十信滿心。若未發真。必歸界外有餘國故。,阿阿等八。皆方便淨土者。十信滿心。若未發真。必歸界外有餘國故。,《選佛譜》卷第六・圓十信位・L237,圓十信位
4197,第13门,圓教位次門,卷6,圓十信位,彌佛,彌,戒善,佛,无漏善慧,行,圓十行位,第13门,升,,「彌」表戒善、「佛」表无漏善慧。仅与五品同，五品亦云即十信，故入圆十行位。,手工逐组（门1–14 手写）,直說,阿佛等四。僅與五品同者。五品亦云即十信故。,阿佛等四。僅與五品同者。五品亦云即十信故。,《選佛譜》卷第六・圓十信位・L237,圓十信位
4198,第13门,圓教位次門,卷6,圓十信位,陀陀,陀,定善,陀,定善,行,方便有餘淨土,第14门,横超,,「陀陀」二字俱表定善。十信满心若未发真，必归界外有余国，生方便有余净土。,手工逐组（门1–14 手写）,直說,阿阿等八。皆方便淨土者。十信滿心。若未發真。必歸界外有餘國故。,阿阿等八。皆方便淨土者。十信滿心。若未發真。必歸界外有餘國故。,《選佛譜》卷第六・圓十信位・L237,圓十信位
4199,第13门,圓教位次門,卷6,圓十信位,陀佛,陀,定善,佛,无漏善慧,行,圓十迴向位,第13门,升,,「陀」表定善、「佛」表无漏善慧。仅与五品同，五品亦云即十信，故入圆十回向位。,手工逐组（门1–14 手写）,直說,阿佛等四。僅與五品同者。五品亦云即十信故。,阿佛等四。僅與五品同者。五品亦云即十信故。,《選佛譜》卷第六・圓十信位・L237,圓十信位
4200,第13门,圓教位次門,卷6,圓十信位,佛佛,佛,无漏善慧,佛,无漏善慧,行,圓十地位,第13门,升,,「佛佛」二字俱表无漏善慧。仅与五品同，五品亦云即十信，故入圆十地位。,手工逐组（门1–14 手写）,直說,阿佛等四。僅與五品同者。五品亦云即十信故。,阿佛等四。僅與五品同者。五品亦云即十信故。,《選佛譜》卷第六・圓十信位・L237,圓十信位
4201,第13门,圓教位次門,卷6,圓十住位,那那,那,见烦恼,那,见烦恼,不行·安住本位,,,安住,,「那那」二字俱表见烦恼。此位直断一品无明而入初住，故不行。,手工逐组（门1–14 手写）,推演,,"那那等三無生懺者。若在觀行之中。自能圓伏五住煩惱。或時出觀。未免現起煩惱。故須觀罪實相也。
圓教用妙三觀。直觀法性。圓伏無明。發相似解。於初信心。任運先斷見惑。至七心時。三界思盡。與四果齊。八九十心。圓斷界內界外塵沙。
此與別教十心。名雖是同。義則永異。別教用生滅觀。從假入空。僅伏見思煩惱。","《選佛譜》卷第六・圓五品位・L233
《選佛譜》卷第六・圓十信位・L237
《選佛譜》卷第六・圓十信位・L237",圓五品位、圓十信位
4202,第13门,圓教位次門,卷6,圓十住位,那謨,那,见烦恼,謨,爱烦恼,不行·安住本位,,,安住,,「那」表见烦恼、「謨」表爱烦恼。此位直断一品无明而入初住，圆断诸见，烦恼不复现起，故不行。,手工逐组（门1–14 手写）,推演,,"那那等三無生懺者。若在觀行之中。自能圓伏五住煩惱。或時出觀。未免現起煩惱。故須觀罪實相也。
圓教用妙三觀。直觀法性。圓伏無明。發相似解。於初信心。任運先斷見惑。至七心時。三界思盡。與四果齊。八九十心。圓斷界內界外塵沙。
此與別教十心。名雖是同。義則永異。別教用生滅觀。從假入空。僅伏見思煩惱。","《選佛譜》卷第六・圓五品位・L233
《選佛譜》卷第六・圓十信位・L237
《選佛譜》卷第六・圓十信位・L237",圓五品位、圓十信位
4203,第13门,圓教位次門,卷6,圓十住位,那阿,那,见烦恼,阿,施善,不行·安住本位,,,安住,,「那」表见烦恼、「阿」表施善。此位直断一品无明而入初住，圆断诸见，烦恼不复现起，故不行。,手工逐组（门1–14 手写）,通則,,其餘位中。以阿彌陀善。與那謨惡相為對治。二俱無力。所以並不行也。,《選佛譜》卷第一・見取・L57,見取
4204,第13门,圓教位次門,卷6,圓十住位,那彌,那,见烦恼,彌,戒善,不行·安住本位,,,安住,,「那」表见烦恼、「彌」表戒善。此位直断一品无明而入初住，圆断诸见，烦恼不复现起，故不行。,手工逐组（门1–14 手写）,通則,,其餘位中。以阿彌陀善。與那謨惡相為對治。二俱無力。所以並不行也。,《選佛譜》卷第一・見取・L57,見取
4205,第13门,圓教位次門,卷6,圓十住位,那陀,那,见烦恼,陀,定善,不行·安住本位,,,安住,,「那」表见烦恼、「陀」表定善。此位直断一品无明而入初住，圆断诸见，烦恼不复现起，故不行。,手工逐组（门1–14 手写）,通則,,其餘位中。以阿彌陀善。與那謨惡相為對治。二俱無力。所以並不行也。,《選佛譜》卷第一・見取・L57,見取
4206,第13门,圓教位次門,卷6,圓十住位,那佛,那,见烦恼,佛,无漏善慧,行,圓十行位,第13门,升,,「那」表见烦恼、「佛」表无漏善慧。二住以去各断一品无明，各增一分三德，故入圆十行位。,手工逐组（门1–14 手写）,推演,,"次從二住以去。各斷一品無明。各增一分三德。乃至十住。便齊別教十法雲地。譬如月體雖無增減。而黑相漸減。則白光漸增也。
阿阿等八。按位漸進。如常可知。","《選佛譜》卷第六・圓十住位・L241
《選佛譜》卷第六・初發心住・L57",圓十住位、初發心住
4207,第13门,圓教位次門,卷6,圓十住位,謨謨,謨,爱烦恼,謨,爱烦恼,不行·安住本位,,,安住,,「謨謨」二字俱表爱烦恼。此位即能百界作佛，八相成道，故不行。,手工逐组（门1–14 手写）,推演,,"那那等三無生懺者。若在觀行之中。自能圓伏五住煩惱。或時出觀。未免現起煩惱。故須觀罪實相也。
圓教用妙三觀。直觀法性。圓伏無明。發相似解。於初信心。任運先斷見惑。至七心時。三界思盡。與四果齊。八九十心。圓斷界內界外塵沙。
此與別教十心。名雖是同。義則永異。別教用生滅觀。從假入空。僅伏見思煩惱。","《選佛譜》卷第六・圓五品位・L233
《選佛譜》卷第六・圓十信位・L237
《選佛譜》卷第六・圓十信位・L237",圓五品位、圓十信位
4208,第13门,圓教位次門,卷6,圓十住位,謨阿,謨,爱烦恼,阿,施善,不行·安住本位,,,安住,,「謨」表爱烦恼、「阿」表施善。此位直断一品无明而入初住，圆断诸见，烦恼不复现起，故不行。,手工逐组（门1–14 手写）,通則,,其餘位中。以阿彌陀善。與那謨惡相為對治。二俱無力。所以並不行也。,《選佛譜》卷第一・見取・L57,見取
4209,第13门,圓教位次門,卷6,圓十住位,謨彌,謨,爱烦恼,彌,戒善,不行·安住本位,,,安住,,「謨」表爱烦恼、「彌」表戒善。此位直断一品无明而入初住，圆断诸见，烦恼不复现起，故不行。,手工逐组（门1–14 手写）,通則,,其餘位中。以阿彌陀善。與那謨惡相為對治。二俱無力。所以並不行也。,《選佛譜》卷第一・見取・L57,見取
4210,第13门,圓教位次門,卷6,圓十住位,謨陀,謨,爱烦恼,陀,定善,不行·安住本位,,,安住,,「謨」表爱烦恼、「陀」表定善。此位直断一品无明而入初住，圆断诸见，烦恼不复现起，故不行。,手工逐组（门1–14 手写）,通則,,其餘位中。以阿彌陀善。與那謨惡相為對治。二俱無力。所以並不行也。,《選佛譜》卷第一・見取・L57,見取
4211,第13门,圓教位次門,卷6,圓十住位,謨佛,謨,爱烦恼,佛,无漏善慧,行,圓十迴向位,第13门,升,,「謨」表爱烦恼、「佛」表无漏善慧。各断一品无明，各增一分三德，故入圆十回向位。,手工逐组（门1–14 手写）,推演,,"次從二住以去。各斷一品無明。各增一分三德。乃至十住。便齊別教十法雲地。譬如月體雖無增減。而黑相漸減。則白光漸增也。
阿阿等八。按位漸進。如常可知。","《選佛譜》卷第六・圓十住位・L241
《選佛譜》卷第六・初發心住・L57",圓十住位、初發心住
4212,第13门,圓教位次門,卷6,圓十住位,阿阿,阿,施善,阿,施善,行,圓十行位,第13门,升,,「阿阿」二字俱表施善。二住以去各断一品无明，各增一分三德，故入圆十行位。,手工逐组（门1–14 手写）,推演,,"次從二住以去。各斷一品無明。各增一分三德。乃至十住。便齊別教十法雲地。譬如月體雖無增減。而黑相漸減。則白光漸增也。
阿阿等八。按位漸進。如常可知。","《選佛譜》卷第六・圓十住位・L241
《選佛譜》卷第六・初發心住・L57",圓十住位、初發心住
4213,第13门,圓教位次門,卷6,圓十住位,阿彌,阿,施善,彌,戒善,行,圓十行位,第13门,升,,「阿」表施善、「彌」表戒善。二住以去各断一品无明，各增一分三德，故入圆十行位。,手工逐组（门1–14 手写）,推演,,"次從二住以去。各斷一品無明。各增一分三德。乃至十住。便齊別教十法雲地。譬如月體雖無增減。而黑相漸減。則白光漸增也。
阿阿等八。按位漸進。如常可知。","《選佛譜》卷第六・圓十住位・L241
《選佛譜》卷第六・初發心住・L57",圓十住位、初發心住
4214,第13门,圓教位次門,卷6,圓十住位,阿陀,阿,施善,陀,定善,行,圓十迴向位,第13门,升,,「阿」表施善、「陀」表定善。各断一品无明，各增一分三德，故入圆十回向位。,手工逐组（门1–14 手写）,推演,,"次從二住以去。各斷一品無明。各增一分三德。乃至十住。便齊別教十法雲地。譬如月體雖無增減。而黑相漸減。則白光漸增也。
阿阿等八。按位漸進。如常可知。","《選佛譜》卷第六・圓十住位・L241
《選佛譜》卷第六・初發心住・L57",圓十住位、初發心住
4215,第13门,圓教位次門,卷6,圓十住位,阿佛,阿,施善,佛,无漏善慧,行,圓十地位,第13门,升,,「阿」表施善、「佛」表无漏善慧。圆人善超，一念便能开示悟入，故入圆十地位。,手工逐组（门1–14 手写）,承注,,地法尊勝。故須阿佛。乃能登之。,《選佛譜》卷第六・圓十行位・L245,圓十行位
4216,第13门,圓教位次門,卷6,圓十住位,彌彌,彌,戒善,彌,戒善,行,圓十行位,第13门,升,,「彌彌」二字俱表戒善。二住以去各断一品无明，各增一分三德，故入圆十行位。,手工逐组（门1–14 手写）,推演,,"次從二住以去。各斷一品無明。各增一分三德。乃至十住。便齊別教十法雲地。譬如月體雖無增減。而黑相漸減。則白光漸增也。
阿阿等八。按位漸進。如常可知。","《選佛譜》卷第六・圓十住位・L241
《選佛譜》卷第六・初發心住・L57",圓十住位、初發心住
4217,第13门,圓教位次門,卷6,圓十住位,彌陀,彌,戒善,陀,定善,行,圓十迴向位,第13门,升,,「彌」表戒善、「陀」表定善。各断一品无明，各增一分三德，故入圆十回向位。,手工逐组（门1–14 手写）,推演,,"次從二住以去。各斷一品無明。各增一分三德。乃至十住。便齊別教十法雲地。譬如月體雖無增減。而黑相漸減。則白光漸增也。
阿阿等八。按位漸進。如常可知。","《選佛譜》卷第六・圓十住位・L241
《選佛譜》卷第六・初發心住・L57",圓十住位、初發心住
4218,第13门,圓教位次門,卷6,圓十住位,彌佛,彌,戒善,佛,无漏善慧,行,圓等覺位,第13门,升,,「彌」表戒善、「佛」表无漏善慧。圆人善超，不同别教历别艰辛，故入圆等觉位。,手工逐组（门1–14 手写）,推演,,"彌佛。圓等覺　陀佛。金剛心　佛佛。究竟妙覺
圓人善超。一生能頓入故","《選佛譜》卷第六・圓十住位・L239
《選佛譜》卷第六・圓五品位・L233",圓十住位、圓五品位
4219,第13门,圓教位次門,卷6,圓十住位,陀陀,陀,定善,陀,定善,行,圓十迴向位,第13门,升,,「陀陀」二字俱表定善。各断一品无明，各增一分三德，故入圆十回向位。,手工逐组（门1–14 手写）,推演,,"次從二住以去。各斷一品無明。各增一分三德。乃至十住。便齊別教十法雲地。譬如月體雖無增減。而黑相漸減。則白光漸增也。
阿阿等八。按位漸進。如常可知。","《選佛譜》卷第六・圓十住位・L241
《選佛譜》卷第六・初發心住・L57",圓十住位、初發心住
4220,第13门,圓教位次門,卷6,圓十住位,陀佛,陀,定善,佛,无漏善慧,行,金剛後心,第13门,升,,「陀」表定善、「佛」表无漏善慧。圆人善超，不同别教历别艰辛，故入金刚后心。,手工逐组（门1–14 手写）,推演,,"彌佛。圓等覺　陀佛。金剛心　佛佛。究竟妙覺
圓人善超。一生能頓入故","《選佛譜》卷第六・圓十住位・L239
《選佛譜》卷第六・圓五品位・L233",圓十住位、圓五品位
4221,第13门,圓教位次門,卷6,圓十住位,佛佛,佛,无漏善慧,佛,无漏善慧,行,佛,第15门,升,,「佛佛」二字俱表无漏善慧。圆人善超，一念便能开示悟入，故成圆教究竟妙觉位。,手工逐组（门1–14 手写）,推演,,"彌佛。圓等覺　陀佛。金剛心　佛佛。究竟妙覺
圓人善超。一生能頓入故","《選佛譜》卷第六・圓十住位・L239
《選佛譜》卷第六・圓五品位・L233",圓十住位、圓五品位
4222,第13门,圓教位次門,卷6,圓十行位,那那,那,见烦恼,那,见烦恼,不行·安住本位,,,安住,,「那那」二字俱表见烦恼。此位更断十品无明，故不行。,手工逐组（门1–14 手写）,推演,,"那那等三無生懺者。若在觀行之中。自能圓伏五住煩惱。或時出觀。未免現起煩惱。故須觀罪實相也。
圓教用妙三觀。直觀法性。圓伏無明。發相似解。於初信心。任運先斷見惑。至七心時。三界思盡。與四果齊。八九十心。圓斷界內界外塵沙。
此與別教十心。名雖是同。義則永異。別教用生滅觀。從假入空。僅伏見思煩惱。","《選佛譜》卷第六・圓五品位・L233
《選佛譜》卷第六・圓十信位・L237
《選佛譜》卷第六・圓十信位・L237",圓五品位、圓十信位
4223,第13门,圓教位次門,卷6,圓十行位,那謨,那,见烦恼,謨,爱烦恼,不行·安住本位,,,安住,,「那」表见烦恼、「謨」表爱烦恼。此位十住后更断十品无明，烦恼不复现起，故不行。,手工逐组（门1–14 手写）,推演,,"那那等三無生懺者。若在觀行之中。自能圓伏五住煩惱。或時出觀。未免現起煩惱。故須觀罪實相也。
圓教用妙三觀。直觀法性。圓伏無明。發相似解。於初信心。任運先斷見惑。至七心時。三界思盡。與四果齊。八九十心。圓斷界內界外塵沙。
此與別教十心。名雖是同。義則永異。別教用生滅觀。從假入空。僅伏見思煩惱。","《選佛譜》卷第六・圓五品位・L233
《選佛譜》卷第六・圓十信位・L237
《選佛譜》卷第六・圓十信位・L237",圓五品位、圓十信位
4224,第13门,圓教位次門,卷6,圓十行位,那阿,那,见烦恼,阿,施善,不行·安住本位,,,安住,,「那」表见烦恼、「阿」表施善。此位十住后更断十品无明，烦恼不复现起，故不行。,手工逐组（门1–14 手写）,通則,,其餘位中。以阿彌陀善。與那謨惡相為對治。二俱無力。所以並不行也。,《選佛譜》卷第一・見取・L57,見取
4225,第13门,圓教位次門,卷6,圓十行位,那彌,那,见烦恼,彌,戒善,不行·安住本位,,,安住,,「那」表见烦恼、「彌」表戒善。此位十住后更断十品无明，烦恼不复现起，故不行。,手工逐组（门1–14 手写）,通則,,其餘位中。以阿彌陀善。與那謨惡相為對治。二俱無力。所以並不行也。,《選佛譜》卷第一・見取・L57,見取
4226,第13门,圓教位次門,卷6,圓十行位,那陀,那,见烦恼,陀,定善,不行·安住本位,,,安住,,「那」表见烦恼、「陀」表定善。此位十住后更断十品无明，烦恼不复现起，故不行。,手工逐组（门1–14 手写）,通則,,其餘位中。以阿彌陀善。與那謨惡相為對治。二俱無力。所以並不行也。,《選佛譜》卷第一・見取・L57,見取
4227,第13门,圓教位次門,卷6,圓十行位,那佛,那,见烦恼,佛,无漏善慧,行,圓十迴向位,第13门,升,,「那」表见烦恼、「佛」表无漏善慧。十住后更断十品无明成十行，故入圆十回向位。,手工逐组（门1–14 手写）,推演,,"次從二住以去。各斷一品無明。各增一分三德。乃至十住。便齊別教十法雲地。譬如月體雖無增減。而黑相漸減。則白光漸增也。
阿阿等八。按位漸進。如常可知。","《選佛譜》卷第六・圓十住位・L241
《選佛譜》卷第六・初發心住・L57",圓十住位、初發心住
4228,第13门,圓教位次門,卷6,圓十行位,謨謨,謨,爱烦恼,謨,爱烦恼,不行·安住本位,,,安住,,「謨謨」二字俱表爱烦恼。此位更断十品无明，故不行。,手工逐组（门1–14 手写）,推演,,"那那等三無生懺者。若在觀行之中。自能圓伏五住煩惱。或時出觀。未免現起煩惱。故須觀罪實相也。
圓教用妙三觀。直觀法性。圓伏無明。發相似解。於初信心。任運先斷見惑。至七心時。三界思盡。與四果齊。八九十心。圓斷界內界外塵沙。
此與別教十心。名雖是同。義則永異。別教用生滅觀。從假入空。僅伏見思煩惱。","《選佛譜》卷第六・圓五品位・L233
《選佛譜》卷第六・圓十信位・L237
《選佛譜》卷第六・圓十信位・L237",圓五品位、圓十信位
4229,第13门,圓教位次門,卷6,圓十行位,謨阿,謨,爱烦恼,阿,施善,不行·安住本位,,,安住,,「謨」表爱烦恼、「阿」表施善。此位十住后更断十品无明，烦恼不复现起，故不行。,手工逐组（门1–14 手写）,通則,,其餘位中。以阿彌陀善。與那謨惡相為對治。二俱無力。所以並不行也。,《選佛譜》卷第一・見取・L57,見取
4230,第13门,圓教位次門,卷6,圓十行位,謨彌,謨,爱烦恼,彌,戒善,不行·安住本位,,,安住,,「謨」表爱烦恼、「彌」表戒善。此位十住后更断十品无明，烦恼不复现起，故不行。,手工逐组（门1–14 手写）,通則,,其餘位中。以阿彌陀善。與那謨惡相為對治。二俱無力。所以並不行也。,《選佛譜》卷第一・見取・L57,見取
4231,第13门,圓教位次門,卷6,圓十行位,謨陀,謨,爱烦恼,陀,定善,不行·安住本位,,,安住,,「謨」表爱烦恼、「陀」表定善。此位十住后更断十品无明，烦恼不复现起，故不行。,手工逐组（门1–14 手写）,通則,,其餘位中。以阿彌陀善。與那謨惡相為對治。二俱無力。所以並不行也。,《選佛譜》卷第一・見取・L57,見取
4232,第13门,圓教位次門,卷6,圓十行位,謨佛,謨,爱烦恼,佛,无漏善慧,行,圓十迴向位,第13门,升,贈一掷,「謨」表爱烦恼、「佛」表无漏善慧。地法尊胜，须阿佛乃能登地，故入圆十回向位赠一掷。,手工逐组（门1–14 手写）,直說,阿陀等四。何不徑登圓地。乃僅圓向贈一耶。答。地法尊勝。,問。阿陀等四。何不徑登圓地。乃僅圓向贈一耶。答。地法尊勝。故須阿佛。乃能登之。,《選佛譜》卷第六・圓十行位・L245,圓十行位
4233,第13门,圓教位次門,卷6,圓十行位,阿阿,阿,施善,阿,施善,行,圓十迴向位,第13门,升,,「阿阿」二字俱表施善。十住后更断十品无明成十行，故入圆十回向位。,手工逐组（门1–14 手写）,推演,,"次從二住以去。各斷一品無明。各增一分三德。乃至十住。便齊別教十法雲地。譬如月體雖無增減。而黑相漸減。則白光漸增也。
阿阿等八。按位漸進。如常可知。","《選佛譜》卷第六・圓十住位・L241
《選佛譜》卷第六・初發心住・L57",圓十住位、初發心住
4234,第13门,圓教位次門,卷6,圓十行位,阿彌,阿,施善,彌,戒善,行,圓十迴向位,第13门,升,,「阿」表施善、「彌」表戒善。十住后更断十品无明成十行，故入圆十回向位。,手工逐组（门1–14 手写）,推演,,"次從二住以去。各斷一品無明。各增一分三德。乃至十住。便齊別教十法雲地。譬如月體雖無增減。而黑相漸減。則白光漸增也。
阿阿等八。按位漸進。如常可知。","《選佛譜》卷第六・圓十住位・L241
《選佛譜》卷第六・初發心住・L57",圓十住位、初發心住
4235,第13门,圓教位次門,卷6,圓十行位,阿陀,阿,施善,陀,定善,行,圓十迴向位,第13门,升,贈一掷,「阿」表施善、「陀」表定善。地法尊胜，须阿佛乃能登地，故入圆十回向位赠一掷。,手工逐组（门1–14 手写）,直說,阿陀等四。何不徑登圓地。乃僅圓向贈一耶。答。地法尊勝。,問。阿陀等四。何不徑登圓地。乃僅圓向贈一耶。答。地法尊勝。故須阿佛。乃能登之。,《選佛譜》卷第六・圓十行位・L245,圓十行位
4236,第13门,圓教位次門,卷6,圓十行位,阿佛,阿,施善,佛,无漏善慧,行,圓十地位,第13门,升,,「阿」表施善、「佛」表无漏善慧。地法尊胜，须阿佛乃能登之，故入圆十地位。,手工逐组（门1–14 手写）,直說,故須阿佛。乃能登之。如大佛頂經。於十迴向後心。更明四種妙圓加行。即此意也。,地法尊勝。故須阿佛。乃能登之。,《選佛譜》卷第六・圓十行位・L245,圓十行位
4237,第13门,圓教位次門,卷6,圓十行位,彌彌,彌,戒善,彌,戒善,行,圓十迴向位,第13门,升,,「彌彌」二字俱表戒善。十住后更断十品无明成十行，故入圆十回向位。,手工逐组（门1–14 手写）,推演,,"次從二住以去。各斷一品無明。各增一分三德。乃至十住。便齊別教十法雲地。譬如月體雖無增減。而黑相漸減。則白光漸增也。
阿阿等八。按位漸進。如常可知。","《選佛譜》卷第六・圓十住位・L241
《選佛譜》卷第六・初發心住・L57",圓十住位、初發心住
4238,第13门,圓教位次門,卷6,圓十行位,彌陀,彌,戒善,陀,定善,行,圓十迴向位,第13门,升,贈一掷,「彌」表戒善、「陀」表定善。地法尊胜，须阿佛乃能登地，故入圆十回向位赠一掷。,手工逐组（门1–14 手写）,直說,阿陀等四。何不徑登圓地。乃僅圓向贈一耶。答。地法尊勝。,問。阿陀等四。何不徑登圓地。乃僅圓向贈一耶。答。地法尊勝。故須阿佛。乃能登之。,《選佛譜》卷第六・圓十行位・L245,圓十行位
4239,第13门,圓教位次門,卷6,圓十行位,彌佛,彌,戒善,佛,无漏善慧,行,圓等覺位,第13门,升,,「彌」表戒善、「佛」表无漏善慧。地法尊胜须阿佛乃能登地，故越登圆等觉位。,手工逐组（门1–14 手写）,推演,,"彌佛。圓等覺　陀佛。金剛後心　佛佛。究竟妙覺
圓人善超。一生能頓入故","《選佛譜》卷第六・圓十行位・L243
《選佛譜》卷第六・圓五品位・L233",圓十行位、圓五品位
4240,第13门,圓教位次門,卷6,圓十行位,陀陀,陀,定善,陀,定善,行,圓十迴向位,第13门,升,贈一掷,「陀陀」二字俱表定善。地法尊胜，须阿佛乃能登地，故入圆十回向位赠一掷。,手工逐组（门1–14 手写）,直說,阿陀等四。何不徑登圓地。乃僅圓向贈一耶。答。地法尊勝。,問。阿陀等四。何不徑登圓地。乃僅圓向贈一耶。答。地法尊勝。故須阿佛。乃能登之。,《選佛譜》卷第六・圓十行位・L245,圓十行位
4241,第13门,圓教位次門,卷6,圓十行位,陀佛,陀,定善,佛,无漏善慧,行,金剛後心,第13门,升,,「陀」表定善、「佛」表无漏善慧。地法尊胜须阿佛乃能登地，故越登金刚后心。,手工逐组（门1–14 手写）,推演,,"彌佛。圓等覺　陀佛。金剛後心　佛佛。究竟妙覺
圓人善超。一生能頓入故","《選佛譜》卷第六・圓十行位・L243
《選佛譜》卷第六・圓五品位・L233",圓十行位、圓五品位
4242,第13门,圓教位次門,卷6,圓十行位,佛佛,佛,无漏善慧,佛,无漏善慧,行,佛,第15门,升,,「佛佛」二字俱表无漏善慧。本位轮相表明列这一掷至究竟妙觉；圆教行人善能超越，一生能顿入，故成圆教究竟妙觉位。,手工逐组（门1–14 手写）,推演,,"彌佛。圓等覺　陀佛。金剛後心　佛佛。究竟妙覺
圓人善超。一生能頓入故","《選佛譜》卷第六・圓十行位・L243
《選佛譜》卷第六・圓五品位・L233",圓十行位、圓五品位
4243,第13门,圓教位次門,卷6,圓十迴向位,那那,那,见烦恼,那,见烦恼,不行·安住本位,,,安住,,「那那」二字俱表见烦恼。此位更破十品无明，故不行。,手工逐组（门1–14 手写）,推演,,"那那等三無生懺者。若在觀行之中。自能圓伏五住煩惱。或時出觀。未免現起煩惱。故須觀罪實相也。
圓教用妙三觀。直觀法性。圓伏無明。發相似解。於初信心。任運先斷見惑。至七心時。三界思盡。與四果齊。八九十心。圓斷界內界外塵沙。
此與別教十心。名雖是同。義則永異。別教用生滅觀。從假入空。僅伏見思煩惱。","《選佛譜》卷第六・圓五品位・L233
《選佛譜》卷第六・圓十信位・L237
《選佛譜》卷第六・圓十信位・L237",圓五品位、圓十信位
4244,第13门,圓教位次門,卷6,圓十迴向位,那謨,那,见烦恼,謨,爱烦恼,不行·安住本位,,,安住,,「那」表见烦恼、「謨」表爱烦恼。此位十行后更破十品无明，烦恼不复现起，故不行。,手工逐组（门1–14 手写）,推演,,"那那等三無生懺者。若在觀行之中。自能圓伏五住煩惱。或時出觀。未免現起煩惱。故須觀罪實相也。
圓教用妙三觀。直觀法性。圓伏無明。發相似解。於初信心。任運先斷見惑。至七心時。三界思盡。與四果齊。八九十心。圓斷界內界外塵沙。
此與別教十心。名雖是同。義則永異。別教用生滅觀。從假入空。僅伏見思煩惱。","《選佛譜》卷第六・圓五品位・L233
《選佛譜》卷第六・圓十信位・L237
《選佛譜》卷第六・圓十信位・L237",圓五品位、圓十信位
4245,第13门,圓教位次門,卷6,圓十迴向位,那阿,那,见烦恼,阿,施善,不行·安住本位,,,安住,,「那」表见烦恼、「阿」表施善。此位十行后更破十品无明，烦恼不复现起，故不行。,手工逐组（门1–14 手写）,通則,,其餘位中。以阿彌陀善。與那謨惡相為對治。二俱無力。所以並不行也。,《選佛譜》卷第一・見取・L57,見取
4246,第13门,圓教位次門,卷6,圓十迴向位,那彌,那,见烦恼,彌,戒善,不行·安住本位,,,安住,,「那」表见烦恼、「彌」表戒善。此位十行后更破十品无明，烦恼不复现起，故不行。,手工逐组（门1–14 手写）,通則,,其餘位中。以阿彌陀善。與那謨惡相為對治。二俱無力。所以並不行也。,《選佛譜》卷第一・見取・L57,見取
4247,第13门,圓教位次門,卷6,圓十迴向位,那陀,那,见烦恼,陀,定善,不行·安住本位,,,安住,,「那」表见烦恼、「陀」表定善。此位十行后更破十品无明，烦恼不复现起，故不行。,手工逐组（门1–14 手写）,通則,,其餘位中。以阿彌陀善。與那謨惡相為對治。二俱無力。所以並不行也。,《選佛譜》卷第一・見取・L57,見取
4248,第13门,圓教位次門,卷6,圓十迴向位,那佛,那,见烦恼,佛,无漏善慧,贈掷·不移位,,,贈掷,贈一掷,「那」表见烦恼、「佛」表无漏善慧。地法尊胜，须阿佛乃能登，故唯赠一掷。,手工逐组（门1–14 手写）,承注,,地法尊勝。故須阿佛。乃能登之。,《選佛譜》卷第六・圓十行位・L245,圓十行位
4249,第13门,圓教位次門,卷6,圓十迴向位,謨謨,謨,爱烦恼,謨,爱烦恼,不行·安住本位,,,安住,,「謨謨」二字俱表爱烦恼。此位更破十品无明，故不行。,手工逐组（门1–14 手写）,推演,,"那那等三無生懺者。若在觀行之中。自能圓伏五住煩惱。或時出觀。未免現起煩惱。故須觀罪實相也。
圓教用妙三觀。直觀法性。圓伏無明。發相似解。於初信心。任運先斷見惑。至七心時。三界思盡。與四果齊。八九十心。圓斷界內界外塵沙。
此與別教十心。名雖是同。義則永異。別教用生滅觀。從假入空。僅伏見思煩惱。","《選佛譜》卷第六・圓五品位・L233
《選佛譜》卷第六・圓十信位・L237
《選佛譜》卷第六・圓十信位・L237",圓五品位、圓十信位
4250,第13门,圓教位次門,卷6,圓十迴向位,謨阿,謨,爱烦恼,阿,施善,不行·安住本位,,,安住,,「謨」表爱烦恼、「阿」表施善。此位十行后更破十品无明，烦恼不复现起，故不行。,手工逐组（门1–14 手写）,通則,,其餘位中。以阿彌陀善。與那謨惡相為對治。二俱無力。所以並不行也。,《選佛譜》卷第一・見取・L57,見取
4251,第13门,圓教位次門,卷6,圓十迴向位,謨彌,謨,爱烦恼,彌,戒善,不行·安住本位,,,安住,,「謨」表爱烦恼、「彌」表戒善。此位十行后更破十品无明，烦恼不复现起，故不行。,手工逐组（门1–14 手写）,通則,,其餘位中。以阿彌陀善。與那謨惡相為對治。二俱無力。所以並不行也。,《選佛譜》卷第一・見取・L57,見取
4252,第13门,圓教位次門,卷6,圓十迴向位,謨陀,謨,爱烦恼,陀,定善,不行·安住本位,,,安住,,「謨」表爱烦恼、「陀」表定善。此位十行后更破十品无明，烦恼不复现起，故不行。,手工逐组（门1–14 手写）,通則,,其餘位中。以阿彌陀善。與那謨惡相為對治。二俱無力。所以並不行也。,《選佛譜》卷第一・見取・L57,見取
4253,第13门,圓教位次門,卷6,圓十迴向位,謨佛,謨,爱烦恼,佛,无漏善慧,贈掷·不移位,,,贈掷,贈二掷,「謨」表爱烦恼、「佛」表无漏善慧。地法尊胜，须阿佛乃能登，故唯赠二掷。,手工逐组（门1–14 手写）,承注,,問。阿陀等四。何不徑登圓地。乃僅圓向贈一耶。答。地法尊勝。故須阿佛。乃能登之。,《選佛譜》卷第六・圓十行位・L245,圓十行位
4254,第13门,圓教位次門,卷6,圓十迴向位,阿阿,阿,施善,阿,施善,贈掷·不移位,,,贈掷,贈一掷,「阿阿」二字俱表施善。地法尊胜，须阿佛乃能登，故唯赠一掷。,手工逐组（门1–14 手写）,承注,,地法尊勝。故須阿佛。乃能登之。,《選佛譜》卷第六・圓十行位・L245,圓十行位
4255,第13门,圓教位次門,卷6,圓十迴向位,阿彌,阿,施善,彌,戒善,贈掷·不移位,,,贈掷,贈一掷,「阿」表施善、「彌」表戒善。地法尊胜，须阿佛乃能登，故唯赠一掷。,手工逐组（门1–14 手写）,承注,,地法尊勝。故須阿佛。乃能登之。,《選佛譜》卷第六・圓十行位・L245,圓十行位
4256,第13门,圓教位次門,卷6,圓十迴向位,阿陀,阿,施善,陀,定善,贈掷·不移位,,,贈掷,贈二掷,「阿」表施善、「陀」表定善。地法尊胜，须阿佛乃能登，故唯赠二掷。,手工逐组（门1–14 手写）,承注,,問。阿陀等四。何不徑登圓地。乃僅圓向贈一耶。答。地法尊勝。故須阿佛。乃能登之。,《選佛譜》卷第六・圓十行位・L245,圓十行位
4257,第13门,圓教位次門,卷6,圓十迴向位,阿佛,阿,施善,佛,无漏善慧,行,圓十地位,第13门,升,,「阿」表施善、「佛」表无漏善慧。地法尊胜，须阿佛乃能登之，故入圆十地位。,手工逐组（门1–14 手写）,承注,,地法尊勝。故須阿佛。乃能登之。,《選佛譜》卷第六・圓十行位・L245,圓十行位
4258,第13门,圓教位次門,卷6,圓十迴向位,彌彌,彌,戒善,彌,戒善,贈掷·不移位,,,贈掷,贈一掷,「彌彌」二字俱表戒善。地法尊胜，须阿佛乃能登，故唯赠一掷。,手工逐组（门1–14 手写）,承注,,地法尊勝。故須阿佛。乃能登之。,《選佛譜》卷第六・圓十行位・L245,圓十行位
4259,第13门,圓教位次門,卷6,圓十迴向位,彌陀,彌,戒善,陀,定善,贈掷·不移位,,,贈掷,贈二掷,「彌」表戒善、「陀」表定善。地法尊胜，须阿佛乃能登，故唯赠二掷。,手工逐组（门1–14 手写）,承注,,問。阿陀等四。何不徑登圓地。乃僅圓向贈一耶。答。地法尊勝。故須阿佛。乃能登之。,《選佛譜》卷第六・圓十行位・L245,圓十行位
4260,第13门,圓教位次門,卷6,圓十迴向位,彌佛,彌,戒善,佛,无漏善慧,行,圓等覺位,第13门,升,,「彌」表戒善、「佛」表无漏善慧。圆人善超，一念便能开示悟入，故入圆等觉位。,手工逐组（门1–14 手写）,推演,,"彌佛。圓等覺　陀佛。金剛心　佛佛。究竟妙覺
圓人善超。一生能頓入故","《選佛譜》卷第六・圓十迴向位・L247
《選佛譜》卷第六・圓五品位・L233",圓十迴向位、圓五品位
4261,第13门,圓教位次門,卷6,圓十迴向位,陀陀,陀,定善,陀,定善,贈掷·不移位,,,贈掷,贈二掷,「陀陀」二字俱表定善。地法尊胜，须阿佛乃能登，故唯赠二掷。,手工逐组（门1–14 手写）,承注,,問。阿陀等四。何不徑登圓地。乃僅圓向贈一耶。答。地法尊勝。故須阿佛。乃能登之。,《選佛譜》卷第六・圓十行位・L245,圓十行位
4262,第13门,圓教位次門,卷6,圓十迴向位,陀佛,陀,定善,佛,无漏善慧,行,金剛後心,第13门,升,,「陀」表定善、「佛」表无漏善慧。圆人善超，一念便能开示悟入，故入金刚后心。,手工逐组（门1–14 手写）,推演,,"彌佛。圓等覺　陀佛。金剛心　佛佛。究竟妙覺
圓人善超。一生能頓入故","《選佛譜》卷第六・圓十迴向位・L247
《選佛譜》卷第六・圓五品位・L233",圓十迴向位、圓五品位
4263,第13门,圓教位次門,卷6,圓十迴向位,佛佛,佛,无漏善慧,佛,无漏善慧,行,佛,第15门,升,,「佛佛」二字俱表无漏善慧。圆人善超，一念便能开示悟入，成圆教究竟妙觉位。,手工逐组（门1–14 手写）,推演,,"彌佛。圓等覺　陀佛。金剛心　佛佛。究竟妙覺
圓人善超。一生能頓入故","《選佛譜》卷第六・圓十迴向位・L247
《選佛譜》卷第六・圓五品位・L233",圓十迴向位、圓五品位
4264,第13门,圓教位次門,卷6,圓十地位,那那,那,见烦恼,那,见烦恼,不行·安住本位,,,安住,,「那那」二字俱表见烦恼。此位更破一品无明乃成十地，故不行。,手工逐组（门1–14 手写）,推演,,"那那等三無生懺者。若在觀行之中。自能圓伏五住煩惱。或時出觀。未免現起煩惱。故須觀罪實相也。
圓教用妙三觀。直觀法性。圓伏無明。發相似解。於初信心。任運先斷見惑。至七心時。三界思盡。與四果齊。八九十心。圓斷界內界外塵沙。
此與別教十心。名雖是同。義則永異。別教用生滅觀。從假入空。僅伏見思煩惱。","《選佛譜》卷第六・圓五品位・L233
《選佛譜》卷第六・圓十信位・L237
《選佛譜》卷第六・圓十信位・L237",圓五品位、圓十信位
4265,第13门,圓教位次門,卷6,圓十地位,那謨,那,见烦恼,謨,爱烦恼,不行·安住本位,,,安住,,「那」表见烦恼、「謨」表爱烦恼。此位更破一品无明乃成十地，烦恼不复现起，故不行。,手工逐组（门1–14 手写）,推演,,"那那等三無生懺者。若在觀行之中。自能圓伏五住煩惱。或時出觀。未免現起煩惱。故須觀罪實相也。
圓教用妙三觀。直觀法性。圓伏無明。發相似解。於初信心。任運先斷見惑。至七心時。三界思盡。與四果齊。八九十心。圓斷界內界外塵沙。
此與別教十心。名雖是同。義則永異。別教用生滅觀。從假入空。僅伏見思煩惱。","《選佛譜》卷第六・圓五品位・L233
《選佛譜》卷第六・圓十信位・L237
《選佛譜》卷第六・圓十信位・L237",圓五品位、圓十信位
4266,第13门,圓教位次門,卷6,圓十地位,那阿,那,见烦恼,阿,施善,不行·安住本位,,,安住,,「那」表见烦恼、「阿」表施善。此位更破一品无明乃成十地，烦恼不复现起，故不行。,手工逐组（门1–14 手写）,通則,,其餘位中。以阿彌陀善。與那謨惡相為對治。二俱無力。所以並不行也。,《選佛譜》卷第一・見取・L57,見取
4267,第13门,圓教位次門,卷6,圓十地位,那彌,那,见烦恼,彌,戒善,不行·安住本位,,,安住,,「那」表见烦恼、「彌」表戒善。此位更破一品无明乃成十地，烦恼不复现起，故不行。,手工逐组（门1–14 手写）,通則,,其餘位中。以阿彌陀善。與那謨惡相為對治。二俱無力。所以並不行也。,《選佛譜》卷第一・見取・L57,見取
4268,第13门,圓教位次門,卷6,圓十地位,那陀,那,见烦恼,陀,定善,不行·安住本位,,,安住,,「那」表见烦恼、「陀」表定善。此位更破一品无明乃成十地，烦恼不复现起，故不行。,手工逐组（门1–14 手写）,通則,,其餘位中。以阿彌陀善。與那謨惡相為對治。二俱無力。所以並不行也。,《選佛譜》卷第一・見取・L57,見取
4269,第13门,圓教位次門,卷6,圓十地位,那佛,那,见烦恼,佛,无漏善慧,贈掷·不移位,,,贈掷,贈一掷,「那」表见烦恼、「佛」表无漏善慧。地法尊胜，须阿佛乃能登，故唯赠一掷。,手工逐组（门1–14 手写）,承注,,地法尊勝。故須阿佛。乃能登之。,《選佛譜》卷第六・圓十行位・L245,圓十行位
4270,第13门,圓教位次門,卷6,圓十地位,謨謨,謨,爱烦恼,謨,爱烦恼,不行·安住本位,,,安住,,「謨謨」二字俱表爱烦恼。此位更破一品无明乃成十地，故不行。,手工逐组（门1–14 手写）,推演,,"那那等三無生懺者。若在觀行之中。自能圓伏五住煩惱。或時出觀。未免現起煩惱。故須觀罪實相也。
圓教用妙三觀。直觀法性。圓伏無明。發相似解。於初信心。任運先斷見惑。至七心時。三界思盡。與四果齊。八九十心。圓斷界內界外塵沙。
此與別教十心。名雖是同。義則永異。別教用生滅觀。從假入空。僅伏見思煩惱。","《選佛譜》卷第六・圓五品位・L233
《選佛譜》卷第六・圓十信位・L237
《選佛譜》卷第六・圓十信位・L237",圓五品位、圓十信位
4271,第13门,圓教位次門,卷6,圓十地位,謨阿,謨,爱烦恼,阿,施善,不行·安住本位,,,安住,,「謨」表爱烦恼、「阿」表施善。此位更破一品无明乃成十地，烦恼不复现起，故不行。,手工逐组（门1–14 手写）,通則,,其餘位中。以阿彌陀善。與那謨惡相為對治。二俱無力。所以並不行也。,《選佛譜》卷第一・見取・L57,見取
4272,第13门,圓教位次門,卷6,圓十地位,謨彌,謨,爱烦恼,彌,戒善,不行·安住本位,,,安住,,「謨」表爱烦恼、「彌」表戒善。此位更破一品无明乃成十地，烦恼不复现起，故不行。,手工逐组（门1–14 手写）,通則,,其餘位中。以阿彌陀善。與那謨惡相為對治。二俱無力。所以並不行也。,《選佛譜》卷第一・見取・L57,見取
4273,第13门,圓教位次門,卷6,圓十地位,謨陀,謨,爱烦恼,陀,定善,不行·安住本位,,,安住,,「謨」表爱烦恼、「陀」表定善。此位更破一品无明乃成十地，烦恼不复现起，故不行。,手工逐组（门1–14 手写）,通則,,其餘位中。以阿彌陀善。與那謨惡相為對治。二俱無力。所以並不行也。,《選佛譜》卷第一・見取・L57,見取
4274,第13门,圓教位次門,卷6,圓十地位,謨佛,謨,爱烦恼,佛,无漏善慧,贈掷·不移位,,,贈掷,贈二掷,「謨」表爱烦恼、「佛」表无漏善慧。地法尊胜，须阿佛乃能登，故唯赠二掷。,手工逐组（门1–14 手写）,承注,,問。阿陀等四。何不徑登圓地。乃僅圓向贈一耶。答。地法尊勝。故須阿佛。乃能登之。,《選佛譜》卷第六・圓十行位・L245,圓十行位
4275,第13门,圓教位次門,卷6,圓十地位,阿阿,阿,施善,阿,施善,贈掷·不移位,,,贈掷,贈一掷,「阿阿」二字俱表施善。地法尊胜，须阿佛乃能登，故唯赠一掷。,手工逐组（门1–14 手写）,承注,,地法尊勝。故須阿佛。乃能登之。,《選佛譜》卷第六・圓十行位・L245,圓十行位
4276,第13门,圓教位次門,卷6,圓十地位,阿彌,阿,施善,彌,戒善,贈掷·不移位,,,贈掷,贈一掷,「阿」表施善、「彌」表戒善。地法尊胜，须阿佛乃能登，故唯赠一掷。,手工逐组（门1–14 手写）,承注,,地法尊勝。故須阿佛。乃能登之。,《選佛譜》卷第六・圓十行位・L245,圓十行位
4277,第13门,圓教位次門,卷6,圓十地位,阿陀,阿,施善,陀,定善,贈掷·不移位,,,贈掷,贈二掷,「阿」表施善、「陀」表定善。地法尊胜，须阿佛乃能登，故唯赠二掷。,手工逐组（门1–14 手写）,承注,,問。阿陀等四。何不徑登圓地。乃僅圓向贈一耶。答。地法尊勝。故須阿佛。乃能登之。,《選佛譜》卷第六・圓十行位・L245,圓十行位
4278,第13门,圓教位次門,卷6,圓十地位,阿佛,阿,施善,佛,无漏善慧,行,圓等覺位,第13门,升,,「阿」表施善、「佛」表无漏善慧。自十地望之已如佛，故方阶圆等觉位。,手工逐组（门1–14 手写）,直說,阿佛方階等覺者。自十地望之。已如佛故。,阿佛方階等覺者。自十地望之。已如佛故。,《選佛譜》卷第六・圓十地位・L253,圓十地位
4279,第13门,圓教位次門,卷6,圓十地位,彌彌,彌,戒善,彌,戒善,贈掷·不移位,,,贈掷,贈一掷,「彌彌」二字俱表戒善。地法尊胜，须阿佛乃能登，故唯赠一掷。,手工逐组（门1–14 手写）,承注,,地法尊勝。故須阿佛。乃能登之。,《選佛譜》卷第六・圓十行位・L245,圓十行位
4280,第13门,圓教位次門,卷6,圓十地位,彌陀,彌,戒善,陀,定善,贈掷·不移位,,,贈掷,贈二掷,「彌」表戒善、「陀」表定善。地法尊胜，须阿佛乃能登，故唯赠二掷。,手工逐组（门1–14 手写）,承注,,問。阿陀等四。何不徑登圓地。乃僅圓向贈一耶。答。地法尊勝。故須阿佛。乃能登之。,《選佛譜》卷第六・圓十行位・L245,圓十行位
4281,第13门,圓教位次門,卷6,圓十地位,彌佛,彌,戒善,佛,无漏善慧,行,金剛後心,第13门,升,,「彌」表戒善、「佛」表无漏善慧。自十地望之已如佛，故越登金刚后心。,手工逐组（门1–14 手写）,推演,,"彌佛。金剛心　陀佛　佛佛。皆究竟妙覺
圓人善超。一生能頓入故","《選佛譜》卷第六・圓十地位・L251
《選佛譜》卷第六・圓五品位・L233",圓十地位、圓五品位
4282,第13门,圓教位次門,卷6,圓十地位,陀陀,陀,定善,陀,定善,贈掷·不移位,,,贈掷,贈二掷,「陀陀」二字俱表定善。地法尊胜，须阿佛乃能登，故唯赠二掷。,手工逐组（门1–14 手写）,承注,,問。阿陀等四。何不徑登圓地。乃僅圓向贈一耶。答。地法尊勝。故須阿佛。乃能登之。,《選佛譜》卷第六・圓十行位・L245,圓十行位
4283,第13门,圓教位次門,卷6,圓十地位,陀佛,陀,定善,佛,无漏善慧,行,佛,第15门,升,,「陀」表定善、「佛」表无漏善慧。自十地望之已如佛，故顿成圆教究竟妙觉位。,手工逐组（门1–14 手写）,推演,,"彌佛。金剛心　陀佛　佛佛。皆究竟妙覺
圓人善超。一生能頓入故","《選佛譜》卷第六・圓十地位・L251
《選佛譜》卷第六・圓五品位・L233",圓十地位、圓五品位
4284,第13门,圓教位次門,卷6,圓十地位,佛佛,佛,无漏善慧,佛,无漏善慧,行,佛,第15门,升,,「佛佛」二字俱表无漏善慧。自十地望之已如佛，故顿成圆教究竟妙觉位。,手工逐组（门1–14 手写）,推演,,"彌佛。金剛心　陀佛　佛佛。皆究竟妙覺
圓人善超。一生能頓入故","《選佛譜》卷第六・圓十地位・L251
《選佛譜》卷第六・圓五品位・L233",圓十地位、圓五品位
4285,第13门,圓教位次門,卷6,圓等覺位,那那,那,见烦恼,那,见烦恼,不行·安住本位,,,安住,,「那那」二字俱表见烦恼。此位更断一品无明入等觉，故不行。,手工逐组（门1–14 手写）,推演,,"那那等三無生懺者。若在觀行之中。自能圓伏五住煩惱。或時出觀。未免現起煩惱。故須觀罪實相也。
圓教用妙三觀。直觀法性。圓伏無明。發相似解。於初信心。任運先斷見惑。至七心時。三界思盡。與四果齊。八九十心。圓斷界內界外塵沙。
此與別教十心。名雖是同。義則永異。別教用生滅觀。從假入空。僅伏見思煩惱。","《選佛譜》卷第六・圓五品位・L233
《選佛譜》卷第六・圓十信位・L237
《選佛譜》卷第六・圓十信位・L237",圓五品位、圓十信位
4286,第13门,圓教位次門,卷6,圓等覺位,那謨,那,见烦恼,謨,爱烦恼,不行·安住本位,,,安住,,「那」表见烦恼、「謨」表爱烦恼。此位更断一品无明入等觉，烦恼不复现起，故不行。,手工逐组（门1–14 手写）,推演,,"那那等三無生懺者。若在觀行之中。自能圓伏五住煩惱。或時出觀。未免現起煩惱。故須觀罪實相也。
圓教用妙三觀。直觀法性。圓伏無明。發相似解。於初信心。任運先斷見惑。至七心時。三界思盡。與四果齊。八九十心。圓斷界內界外塵沙。
此與別教十心。名雖是同。義則永異。別教用生滅觀。從假入空。僅伏見思煩惱。","《選佛譜》卷第六・圓五品位・L233
《選佛譜》卷第六・圓十信位・L237
《選佛譜》卷第六・圓十信位・L237",圓五品位、圓十信位
4287,第13门,圓教位次門,卷6,圓等覺位,那阿,那,见烦恼,阿,施善,不行·安住本位,,,安住,,「那」表见烦恼、「阿」表施善。此位更断一品无明入等觉，烦恼不复现起，故不行。,手工逐组（门1–14 手写）,通則,,其餘位中。以阿彌陀善。與那謨惡相為對治。二俱無力。所以並不行也。,《選佛譜》卷第一・見取・L57,見取
4288,第13门,圓教位次門,卷6,圓等覺位,那彌,那,见烦恼,彌,戒善,不行·安住本位,,,安住,,「那」表见烦恼、「彌」表戒善。此位更断一品无明入等觉，烦恼不复现起，故不行。,手工逐组（门1–14 手写）,通則,,其餘位中。以阿彌陀善。與那謨惡相為對治。二俱無力。所以並不行也。,《選佛譜》卷第一・見取・L57,見取
4289,第13门,圓教位次門,卷6,圓等覺位,那陀,那,见烦恼,陀,定善,不行·安住本位,,,安住,,「那」表见烦恼、「陀」表定善。此位更断一品无明入等觉，烦恼不复现起，故不行。,手工逐组（门1–14 手写）,通則,,其餘位中。以阿彌陀善。與那謨惡相為對治。二俱無力。所以並不行也。,《選佛譜》卷第一・見取・L57,見取
4290,第13门,圓教位次門,卷6,圓等覺位,那佛,那,见烦恼,佛,无漏善慧,贈掷·不移位,,,贈掷,贈一掷,「那」表见烦恼、「佛」表无漏善慧。此位唯余一生，须阿佛乃能进，故唯赠一掷。,手工逐组（门1–14 手写）,承注,,地法尊勝。故須阿佛。乃能登之。,《選佛譜》卷第六・圓十行位・L245,圓十行位
4291,第13门,圓教位次門,卷6,圓等覺位,謨謨,謨,爱烦恼,謨,爱烦恼,不行·安住本位,,,安住,,「謨謨」二字俱表爱烦恼。此位变易生死海中唯余一生，故不行。,手工逐组（门1–14 手写）,推演,,"那那等三無生懺者。若在觀行之中。自能圓伏五住煩惱。或時出觀。未免現起煩惱。故須觀罪實相也。
圓教用妙三觀。直觀法性。圓伏無明。發相似解。於初信心。任運先斷見惑。至七心時。三界思盡。與四果齊。八九十心。圓斷界內界外塵沙。
此與別教十心。名雖是同。義則永異。別教用生滅觀。從假入空。僅伏見思煩惱。","《選佛譜》卷第六・圓五品位・L233
《選佛譜》卷第六・圓十信位・L237
《選佛譜》卷第六・圓十信位・L237",圓五品位、圓十信位
4292,第13门,圓教位次門,卷6,圓等覺位,謨阿,謨,爱烦恼,阿,施善,不行·安住本位,,,安住,,「謨」表爱烦恼、「阿」表施善。此位更断一品无明入等觉，烦恼不复现起，故不行。,手工逐组（门1–14 手写）,通則,,其餘位中。以阿彌陀善。與那謨惡相為對治。二俱無力。所以並不行也。,《選佛譜》卷第一・見取・L57,見取
4293,第13门,圓教位次門,卷6,圓等覺位,謨彌,謨,爱烦恼,彌,戒善,不行·安住本位,,,安住,,「謨」表爱烦恼、「彌」表戒善。此位更断一品无明入等觉，烦恼不复现起，故不行。,手工逐组（门1–14 手写）,通則,,其餘位中。以阿彌陀善。與那謨惡相為對治。二俱無力。所以並不行也。,《選佛譜》卷第一・見取・L57,見取
4294,第13门,圓教位次門,卷6,圓等覺位,謨陀,謨,爱烦恼,陀,定善,不行·安住本位,,,安住,,「謨」表爱烦恼、「陀」表定善。此位更断一品无明入等觉，烦恼不复现起，故不行。,手工逐组（门1–14 手写）,通則,,其餘位中。以阿彌陀善。與那謨惡相為對治。二俱無力。所以並不行也。,《選佛譜》卷第一・見取・L57,見取
4295,第13门,圓教位次門,卷6,圓等覺位,謨佛,謨,爱烦恼,佛,无漏善慧,贈掷·不移位,,,贈掷,贈二掷,「謨」表爱烦恼、「佛」表无漏善慧。此位唯余一生，须阿佛乃能进，故唯赠二掷。,手工逐组（门1–14 手写）,承注,,問。阿陀等四。何不徑登圓地。乃僅圓向贈一耶。答。地法尊勝。故須阿佛。乃能登之。,《選佛譜》卷第六・圓十行位・L245,圓十行位
4296,第13门,圓教位次門,卷6,圓等覺位,阿阿,阿,施善,阿,施善,贈掷·不移位,,,贈掷,贈一掷,「阿阿」二字俱表施善。此位唯余一生，须阿佛乃能进，故唯赠一掷。,手工逐组（门1–14 手写）,承注,,地法尊勝。故須阿佛。乃能登之。,《選佛譜》卷第六・圓十行位・L245,圓十行位
4297,第13门,圓教位次門,卷6,圓等覺位,阿彌,阿,施善,彌,戒善,贈掷·不移位,,,贈掷,贈一掷,「阿」表施善、「彌」表戒善。此位唯余一生，须阿佛乃能进，故唯赠一掷。,手工逐组（门1–14 手写）,承注,,地法尊勝。故須阿佛。乃能登之。,《選佛譜》卷第六・圓十行位・L245,圓十行位
4298,第13门,圓教位次門,卷6,圓等覺位,阿陀,阿,施善,陀,定善,贈掷·不移位,,,贈掷,贈二掷,「阿」表施善、「陀」表定善。此位唯余一生，须阿佛乃能进，故唯赠二掷。,手工逐组（门1–14 手写）,承注,,問。阿陀等四。何不徑登圓地。乃僅圓向贈一耶。答。地法尊勝。故須阿佛。乃能登之。,《選佛譜》卷第六・圓十行位・L245,圓十行位
4299,第13门,圓教位次門,卷6,圓等覺位,阿佛,阿,施善,佛,无漏善慧,行,金剛後心,第13门,升,,「阿」表施善、「佛」表无漏善慧。入重玄门，遍修普贤行愿海，故入金刚后心。,手工逐组（门1–14 手写）,直說,阿佛金剛後心者。入重玄門。徧修普賢行願海故。,阿佛金剛後心者。入重玄門。徧修普賢行願海故。,《選佛譜》卷第六・圓等覺位・L257,圓等覺位
4300,第13门,圓教位次門,卷6,圓等覺位,彌彌,彌,戒善,彌,戒善,贈掷·不移位,,,贈掷,贈一掷,「彌彌」二字俱表戒善。此位唯余一生，须阿佛乃能进，故唯赠一掷。,手工逐组（门1–14 手写）,承注,,地法尊勝。故須阿佛。乃能登之。,《選佛譜》卷第六・圓十行位・L245,圓十行位
4301,第13门,圓教位次門,卷6,圓等覺位,彌陀,彌,戒善,陀,定善,贈掷·不移位,,,贈掷,贈二掷,「彌」表戒善、「陀」表定善。此位唯余一生，须阿佛乃能进，故唯赠二掷。,手工逐组（门1–14 手写）,承注,,問。阿陀等四。何不徑登圓地。乃僅圓向贈一耶。答。地法尊勝。故須阿佛。乃能登之。,《選佛譜》卷第六・圓十行位・L245,圓十行位
4302,第13门,圓教位次門,卷6,圓等覺位,彌佛,彌,戒善,佛,无漏善慧,行,佛,第15门,升,,「彌」表戒善、「佛」表无漏善慧。此位唯余一生，入重玄门，故成圆教究竟妙觉位。,手工逐组（门1–14 手写）,推演,,"彌佛　陀佛　佛佛。皆究竟妙覺
圓人善超。一生能頓入故","《選佛譜》卷第六・圓等覺位・L255
《選佛譜》卷第六・圓五品位・L233",圓等覺位、圓五品位
4303,第13门,圓教位次門,卷6,圓等覺位,陀陀,陀,定善,陀,定善,贈掷·不移位,,,贈掷,贈二掷,「陀陀」二字俱表定善。此位唯余一生，须阿佛乃能进，故唯赠二掷。,手工逐组（门1–14 手写）,承注,,問。阿陀等四。何不徑登圓地。乃僅圓向贈一耶。答。地法尊勝。故須阿佛。乃能登之。,《選佛譜》卷第六・圓十行位・L245,圓十行位
4304,第13门,圓教位次門,卷6,圓等覺位,陀佛,陀,定善,佛,无漏善慧,行,佛,第15门,升,,「陀」表定善、「佛」表无漏善慧。此位唯余一生，入重玄门，故成圆教究竟妙觉位。,手工逐组（门1–14 手写）,推演,,"彌佛　陀佛　佛佛。皆究竟妙覺
圓人善超。一生能頓入故","《選佛譜》卷第六・圓等覺位・L255
《選佛譜》卷第六・圓五品位・L233",圓等覺位、圓五品位
4305,第13门,圓教位次門,卷6,圓等覺位,佛佛,佛,无漏善慧,佛,无漏善慧,行,佛,第15门,升,,「佛佛」二字俱表无漏善慧。此位唯余一生，入重玄门，故成圆教究竟妙觉位。,手工逐组（门1–14 手写）,推演,,"彌佛　陀佛　佛佛。皆究竟妙覺
圓人善超。一生能頓入故","《選佛譜》卷第六・圓等覺位・L255
《選佛譜》卷第六・圓五品位・L233",圓等覺位、圓五品位
4306,第13门,圓教位次門,卷6,金剛後心,那那,那,见烦恼,那,见烦恼,不行·安住本位,,,安住,,「那那」二字俱表见烦恼。此位断余微习，见理分明，故不行。,手工逐组（门1–14 手写）,推演,,"那那等三無生懺者。若在觀行之中。自能圓伏五住煩惱。或時出觀。未免現起煩惱。故須觀罪實相也。
圓教用妙三觀。直觀法性。圓伏無明。發相似解。於初信心。任運先斷見惑。至七心時。三界思盡。與四果齊。八九十心。圓斷界內界外塵沙。
此與別教十心。名雖是同。義則永異。別教用生滅觀。從假入空。僅伏見思煩惱。","《選佛譜》卷第六・圓五品位・L233
《選佛譜》卷第六・圓十信位・L237
《選佛譜》卷第六・圓十信位・L237",圓五品位、圓十信位
4307,第13门,圓教位次門,卷6,金剛後心,那謨,那,见烦恼,謨,爱烦恼,不行·安住本位,,,安住,,「那」表见烦恼、「謨」表爱烦恼。此位断余微习，见理分明，烦恼不复现起，故不行。,手工逐组（门1–14 手写）,推演,,"那那等三無生懺者。若在觀行之中。自能圓伏五住煩惱。或時出觀。未免現起煩惱。故須觀罪實相也。
圓教用妙三觀。直觀法性。圓伏無明。發相似解。於初信心。任運先斷見惑。至七心時。三界思盡。與四果齊。八九十心。圓斷界內界外塵沙。
此與別教十心。名雖是同。義則永異。別教用生滅觀。從假入空。僅伏見思煩惱。","《選佛譜》卷第六・圓五品位・L233
《選佛譜》卷第六・圓十信位・L237
《選佛譜》卷第六・圓十信位・L237",圓五品位、圓十信位
4308,第13门,圓教位次門,卷6,金剛後心,那阿,那,见烦恼,阿,施善,不行·安住本位,,,安住,,「那」表见烦恼、「阿」表施善。此位断余微习，见理分明，烦恼不复现起，故不行。,手工逐组（门1–14 手写）,通則,,其餘位中。以阿彌陀善。與那謨惡相為對治。二俱無力。所以並不行也。,《選佛譜》卷第一・見取・L57,見取
4309,第13门,圓教位次門,卷6,金剛後心,那彌,那,见烦恼,彌,戒善,不行·安住本位,,,安住,,「那」表见烦恼、「彌」表戒善。此位断余微习，见理分明，烦恼不复现起，故不行。,手工逐组（门1–14 手写）,通則,,其餘位中。以阿彌陀善。與那謨惡相為對治。二俱無力。所以並不行也。,《選佛譜》卷第一・見取・L57,見取
4310,第13门,圓教位次門,卷6,金剛後心,那陀,那,见烦恼,陀,定善,不行·安住本位,,,安住,,「那」表见烦恼、「陀」表定善。此位断余微习，见理分明，烦恼不复现起，故不行。,手工逐组（门1–14 手写）,通則,,其餘位中。以阿彌陀善。與那謨惡相為對治。二俱無力。所以並不行也。,《選佛譜》卷第一・見取・L57,見取
4311,第13门,圓教位次門,卷6,金剛後心,那佛,那,见烦恼,佛,无漏善慧,贈掷·不移位,,,贈掷,贈一掷,「那」表见烦恼、「佛」表无漏善慧。入重玄门千万亿劫重修凡事，故唯赠一掷。,手工逐组（门1–14 手写）,承注,,地法尊勝。故須阿佛。乃能登之。,《選佛譜》卷第六・圓十行位・L245,圓十行位
4312,第13门,圓教位次門,卷6,金剛後心,謨謨,謨,爱烦恼,謨,爱烦恼,不行·安住本位,,,安住,,「謨謨」二字俱表爱烦恼。此位习气微薄，断余微习，故不行。,手工逐组（门1–14 手写）,推演,,"那那等三無生懺者。若在觀行之中。自能圓伏五住煩惱。或時出觀。未免現起煩惱。故須觀罪實相也。
圓教用妙三觀。直觀法性。圓伏無明。發相似解。於初信心。任運先斷見惑。至七心時。三界思盡。與四果齊。八九十心。圓斷界內界外塵沙。
此與別教十心。名雖是同。義則永異。別教用生滅觀。從假入空。僅伏見思煩惱。","《選佛譜》卷第六・圓五品位・L233
《選佛譜》卷第六・圓十信位・L237
《選佛譜》卷第六・圓十信位・L237",圓五品位、圓十信位
4313,第13门,圓教位次門,卷6,金剛後心,謨阿,謨,爱烦恼,阿,施善,不行·安住本位,,,安住,,「謨」表爱烦恼、「阿」表施善。此位断余微习，见理分明，烦恼不复现起，故不行。,手工逐组（门1–14 手写）,通則,,其餘位中。以阿彌陀善。與那謨惡相為對治。二俱無力。所以並不行也。,《選佛譜》卷第一・見取・L57,見取
4314,第13门,圓教位次門,卷6,金剛後心,謨彌,謨,爱烦恼,彌,戒善,不行·安住本位,,,安住,,「謨」表爱烦恼、「彌」表戒善。此位断余微习，见理分明，烦恼不复现起，故不行。,手工逐组（门1–14 手写）,通則,,其餘位中。以阿彌陀善。與那謨惡相為對治。二俱無力。所以並不行也。,《選佛譜》卷第一・見取・L57,見取
4315,第13门,圓教位次門,卷6,金剛後心,謨陀,謨,爱烦恼,陀,定善,不行·安住本位,,,安住,,「謨」表爱烦恼、「陀」表定善。此位断余微习，见理分明，烦恼不复现起，故不行。,手工逐组（门1–14 手写）,通則,,其餘位中。以阿彌陀善。與那謨惡相為對治。二俱無力。所以並不行也。,《選佛譜》卷第一・見取・L57,見取
4316,第13门,圓教位次門,卷6,金剛後心,謨佛,謨,爱烦恼,佛,无漏善慧,贈掷·不移位,,,贈掷,贈二掷,「謨」表爱烦恼、「佛」表无漏善慧。入重玄门千万亿劫重修凡事，故唯赠二掷。,手工逐组（门1–14 手写）,承注,,問。阿陀等四。何不徑登圓地。乃僅圓向贈一耶。答。地法尊勝。故須阿佛。乃能登之。,《選佛譜》卷第六・圓十行位・L245,圓十行位
4317,第13门,圓教位次門,卷6,金剛後心,阿阿,阿,施善,阿,施善,贈掷·不移位,,,贈掷,贈一掷,「阿阿」二字俱表施善。入重玄门千万亿劫重修凡事，故唯赠一掷。,手工逐组（门1–14 手写）,承注,,地法尊勝。故須阿佛。乃能登之。,《選佛譜》卷第六・圓十行位・L245,圓十行位
4318,第13门,圓教位次門,卷6,金剛後心,阿彌,阿,施善,彌,戒善,贈掷·不移位,,,贈掷,贈一掷,「阿」表施善、「彌」表戒善。入重玄门千万亿劫重修凡事，故唯赠一掷。,手工逐组（门1–14 手写）,承注,,地法尊勝。故須阿佛。乃能登之。,《選佛譜》卷第六・圓十行位・L245,圓十行位
4319,第13门,圓教位次門,卷6,金剛後心,阿陀,阿,施善,陀,定善,贈掷·不移位,,,贈掷,贈二掷,「阿」表施善、「陀」表定善。入重玄门千万亿劫重修凡事，故唯赠二掷。,手工逐组（门1–14 手写）,承注,,問。阿陀等四。何不徑登圓地。乃僅圓向贈一耶。答。地法尊勝。故須阿佛。乃能登之。,《選佛譜》卷第六・圓十行位・L245,圓十行位
4320,第13门,圓教位次門,卷6,金剛後心,阿佛,阿,施善,佛,无漏善慧,行,佛,第15门,升,,「阿」表施善、「佛」表无漏善慧。欲入妙觉特一间耳，故成圆教究竟妙觉位。,手工逐组（门1–14 手写）,直說,何以阿佛即登究竟妙覺。答。大佛頂經又云。識陰若盡。則汝現前諸根互用。從互用中。能入菩薩金剛乾慧。圓明精心。於中發化。如是乃超信。住。行。向。十地。等覺。入於如來妙莊嚴海。圓滿菩提。歸無所得。由是觀之。則金剛後心。欲入妙覺。特一間耳。縱歷千萬億劫。何異彈指頃耶。,問。既云入重玄門。千萬億劫重修凡事。何以阿佛即登究竟妙覺。答。大佛頂經又云。識陰若盡。則汝現前諸根互用。從互用中。能入菩薩金剛乾慧。圓明精心。於中發化。如是乃超信。住。行。向。十地。等覺。入於如來妙莊嚴海。圓滿菩提。歸無所得。由是觀之。則金剛後心。欲入妙覺。特一間耳。縱歷千萬億劫。何異彈指頃耶。,《選佛譜》卷第六・金剛後心・L261,金剛後心
4321,第13门,圓教位次門,卷6,金剛後心,彌彌,彌,戒善,彌,戒善,贈掷·不移位,,,贈掷,贈一掷,「彌彌」二字俱表戒善。入重玄门千万亿劫重修凡事，故唯赠一掷。,手工逐组（门1–14 手写）,承注,,地法尊勝。故須阿佛。乃能登之。,《選佛譜》卷第六・圓十行位・L245,圓十行位
4322,第13门,圓教位次門,卷6,金剛後心,彌陀,彌,戒善,陀,定善,贈掷·不移位,,,贈掷,贈二掷,「彌」表戒善、「陀」表定善。入重玄门千万亿劫重修凡事，故唯赠二掷。,手工逐组（门1–14 手写）,承注,,問。阿陀等四。何不徑登圓地。乃僅圓向贈一耶。答。地法尊勝。故須阿佛。乃能登之。,《選佛譜》卷第六・圓十行位・L245,圓十行位
4323,第13门,圓教位次門,卷6,金剛後心,彌佛,彌,戒善,佛,无漏善慧,行,佛,第15门,升,,「彌」表戒善、「佛」表无漏善慧。欲入妙觉特一间耳，故成圆教究竟妙觉位。,手工逐组（门1–14 手写）,推演,何以阿佛即登究竟妙覺。答。大佛頂經又云。識陰若盡。則汝現前諸根互用。從互用中。能入菩薩金剛乾慧。圓明精心。於中發化。如是乃超信。住。行。向。十地。等覺。入於如來妙莊嚴海。圓滿菩提。歸無所得。由是觀之。則金剛後心。欲入妙覺。特一間耳。縱歷千萬億劫。何異彈指頃耶。,"阿佛　彌佛　陀佛　佛佛。皆究竟妙覺
圓人善超。一生能頓入故","《選佛譜》卷第六・金剛後心・L259
《選佛譜》卷第六・圓五品位・L233",金剛後心、圓五品位
4324,第13门,圓教位次門,卷6,金剛後心,陀陀,陀,定善,陀,定善,贈掷·不移位,,,贈掷,贈二掷,「陀陀」二字俱表定善。入重玄门千万亿劫重修凡事，故唯赠二掷。,手工逐组（门1–14 手写）,承注,,問。阿陀等四。何不徑登圓地。乃僅圓向贈一耶。答。地法尊勝。故須阿佛。乃能登之。,《選佛譜》卷第六・圓十行位・L245,圓十行位
4325,第13门,圓教位次門,卷6,金剛後心,陀佛,陀,定善,佛,无漏善慧,行,佛,第15门,升,,「陀」表定善、「佛」表无漏善慧。断余微习，究尽本来妙觉明体，成圆教究竟妙觉位。,手工逐组（门1–14 手写）,推演,何以阿佛即登究竟妙覺。答。大佛頂經又云。識陰若盡。則汝現前諸根互用。從互用中。能入菩薩金剛乾慧。圓明精心。於中發化。如是乃超信。住。行。向。十地。等覺。入於如來妙莊嚴海。圓滿菩提。歸無所得。由是觀之。則金剛後心。欲入妙覺。特一間耳。縱歷千萬億劫。何異彈指頃耶。,"阿佛　彌佛　陀佛　佛佛。皆究竟妙覺
圓人善超。一生能頓入故","《選佛譜》卷第六・金剛後心・L259
《選佛譜》卷第六・圓五品位・L233",金剛後心、圓五品位
4326,第13门,圓教位次門,卷6,金剛後心,佛佛,佛,无漏善慧,佛,无漏善慧,行,佛,第15门,升,,「佛佛」二字俱表无漏善慧。断余微习，究尽本来妙觉明体，成圆教究竟妙觉位。,手工逐组（门1–14 手写）,推演,何以阿佛即登究竟妙覺。答。大佛頂經又云。識陰若盡。則汝現前諸根互用。從互用中。能入菩薩金剛乾慧。圓明精心。於中發化。如是乃超信。住。行。向。十地。等覺。入於如來妙莊嚴海。圓滿菩提。歸無所得。由是觀之。則金剛後心。欲入妙覺。特一間耳。縱歷千萬億劫。何異彈指頃耶。,"阿佛　彌佛　陀佛　佛佛。皆究竟妙覺
圓人善超。一生能頓入故","《選佛譜》卷第六・金剛後心・L259
《選佛譜》卷第六・圓五品位・L233",金剛後心、圓五品位
4327,第14门,淨土橫超門,卷6,淨土疑城,那那,那,见烦恼,那,见烦恼,不行·安住本位,,,安住,,「那那」二字俱表见烦恼。此人虽堕疑悔，然已永离退缘，故不行。,手工逐组（门1–14 手写）,推演,,"若仗阿彌陀佛願力。未斷見思。即能出娑婆穢。生極樂淨。既生極樂。即於彼土得證方便實報寂光三種淨土。不必捨身受身。然後證入。故名為橫也。
然亦永離退緣。遠勝非非想處多矣。故一遇佛。即得見佛聞法。證入別圓諸位也。
陀佛歸方便淨。永離退緣。","《選佛譜》卷第六・門總說・L267
《選佛譜》卷第六・淨土疑城・L271
《選佛譜》卷第六・初發心住・L57",門總說、淨土疑城、初發心住
4328,第14门,淨土橫超門,卷6,淨土疑城,那謨,那,见烦恼,謨,爱烦恼,不行·安住本位,,,安住,,「那」表见烦恼、「謨」表爱烦恼。此人虽堕疑悔，然已永离退缘，故不行。,手工逐组（门1–14 手写）,推演,,"若仗阿彌陀佛願力。未斷見思。即能出娑婆穢。生極樂淨。既生極樂。即於彼土得證方便實報寂光三種淨土。不必捨身受身。然後證入。故名為橫也。
然亦永離退緣。遠勝非非想處多矣。故一遇佛。即得見佛聞法。證入別圓諸位也。
陀佛歸方便淨。永離退緣。","《選佛譜》卷第六・門總說・L267
《選佛譜》卷第六・淨土疑城・L271
《選佛譜》卷第六・初發心住・L57",門總說、淨土疑城、初發心住
4329,第14门,淨土橫超門,卷6,淨土疑城,那阿,那,见烦恼,阿,施善,不行·安住本位,,,安住,,「那」表见烦恼、「阿」表施善。莲华中不能出现，五百岁不见佛闻法，故不行。,手工逐组（门1–14 手写）,通則,,其餘位中。以阿彌陀善。與那謨惡相為對治。二俱無力。所以並不行也。,《選佛譜》卷第一・見取・L57,見取
4330,第14门,淨土橫超門,卷6,淨土疑城,那彌,那,见烦恼,彌,戒善,不行·安住本位,,,安住,,「那」表见烦恼、「彌」表戒善。莲华中不能出现，五百岁不见佛闻法，故不行。,手工逐组（门1–14 手写）,通則,,其餘位中。以阿彌陀善。與那謨惡相為對治。二俱無力。所以並不行也。,《選佛譜》卷第一・見取・L57,見取
4331,第14门,淨土橫超門,卷6,淨土疑城,那陀,那,见烦恼,陀,定善,不行·安住本位,,,安住,,「那」表见烦恼、「陀」表定善。莲华中不能出现，五百岁不见佛闻法，故不行。,手工逐组（门1–14 手写）,通則,,其餘位中。以阿彌陀善。與那謨惡相為對治。二俱無力。所以並不行也。,《選佛譜》卷第一・見取・L57,見取
4332,第14门,淨土橫超門,卷6,淨土疑城,那佛,那,见烦恼,佛,无漏善慧,行,初發心住,第12门,升,,「那」表见烦恼、「佛」表无漏善慧。一遇佛即得见佛闻法，故证入初发心住。,手工逐组（门1–14 手写）,直說,然亦永離退緣。遠勝非非想處多矣。故一遇佛。即得見佛聞法。證入別圓諸位也。,然亦永離退緣。遠勝非非想處多矣。故一遇佛。即得見佛聞法。證入別圓諸位也。,《選佛譜》卷第六・淨土疑城・L271,淨土疑城
4333,第14门,淨土橫超門,卷6,淨土疑城,謨謨,謨,爱烦恼,謨,爱烦恼,不行·安住本位,,,安住,,「謨謨」二字俱表爱烦恼。此人虽堕疑悔，然已永离退缘，故不行。,手工逐组（门1–14 手写）,推演,,"若仗阿彌陀佛願力。未斷見思。即能出娑婆穢。生極樂淨。既生極樂。即於彼土得證方便實報寂光三種淨土。不必捨身受身。然後證入。故名為橫也。
然亦永離退緣。遠勝非非想處多矣。故一遇佛。即得見佛聞法。證入別圓諸位也。
陀佛歸方便淨。永離退緣。","《選佛譜》卷第六・門總說・L267
《選佛譜》卷第六・淨土疑城・L271
《選佛譜》卷第六・初發心住・L57",門總說、淨土疑城、初發心住
4334,第14门,淨土橫超門,卷6,淨土疑城,謨阿,謨,爱烦恼,阿,施善,不行·安住本位,,,安住,,「謨」表爱烦恼、「阿」表施善。莲华中不能出现，五百岁不见佛闻法，故不行。,手工逐组（门1–14 手写）,通則,,其餘位中。以阿彌陀善。與那謨惡相為對治。二俱無力。所以並不行也。,《選佛譜》卷第一・見取・L57,見取
4335,第14门,淨土橫超門,卷6,淨土疑城,謨彌,謨,爱烦恼,彌,戒善,不行·安住本位,,,安住,,「謨」表爱烦恼、「彌」表戒善。莲华中不能出现，五百岁不见佛闻法，故不行。,手工逐组（门1–14 手写）,通則,,其餘位中。以阿彌陀善。與那謨惡相為對治。二俱無力。所以並不行也。,《選佛譜》卷第一・見取・L57,見取
4336,第14门,淨土橫超門,卷6,淨土疑城,謨陀,謨,爱烦恼,陀,定善,不行·安住本位,,,安住,,「謨」表爱烦恼、「陀」表定善。莲华中不能出现，五百岁不见佛闻法，故不行。,手工逐组（门1–14 手写）,通則,,其餘位中。以阿彌陀善。與那謨惡相為對治。二俱無力。所以並不行也。,《選佛譜》卷第一・見取・L57,見取
4337,第14门,淨土橫超門,卷6,淨土疑城,謨佛,謨,爱烦恼,佛,无漏善慧,行,初發心住,第12门,升,,「謨」表爱烦恼、「佛」表无漏善慧。一遇佛即得见佛闻法，故证入初发心住。,手工逐组（门1–14 手写）,直說,然亦永離退緣。遠勝非非想處多矣。故一遇佛。即得見佛聞法。證入別圓諸位也。,然亦永離退緣。遠勝非非想處多矣。故一遇佛。即得見佛聞法。證入別圓諸位也。,《選佛譜》卷第六・淨土疑城・L271,淨土疑城
4338,第14门,淨土橫超門,卷6,淨土疑城,阿阿,阿,施善,阿,施善,不行·安住本位,,,安住,,「阿阿」二字俱表施善。信他而不信自，未开圆解，故不行。,手工逐组（门1–14 手写）,直說,,雖生彼國。於蓮華中不能出現。於五百歲。不見佛。不聞法。不見菩薩及聲聞眾。,《選佛譜》卷第六・淨土疑城・L271,淨土疑城
4339,第14门,淨土橫超門,卷6,淨土疑城,阿彌,阿,施善,彌,戒善,不行·安住本位,,,安住,,「阿」表施善、「彌」表戒善。信他而不信自，未开圆解，故不行。,手工逐组（门1–14 手写）,直說,,雖生彼國。於蓮華中不能出現。於五百歲。不見佛。不聞法。不見菩薩及聲聞眾。,《選佛譜》卷第六・淨土疑城・L271,淨土疑城
4340,第14门,淨土橫超門,卷6,淨土疑城,阿陀,阿,施善,陀,定善,不行·安住本位,,,安住,,「阿」表施善、「陀」表定善。但持佛名以种善根，未开圆解，故不行。,手工逐组（门1–14 手写）,直說,,雖生彼國。於蓮華中不能出現。於五百歲。不見佛。不聞法。不見菩薩及聲聞眾。,《選佛譜》卷第六・淨土疑城・L271,淨土疑城
4341,第14门,淨土橫超門,卷6,淨土疑城,阿佛,阿,施善,佛,无漏善慧,行,初歡喜行,第12门,升,,「阿」表施善、「佛」表无漏善慧。一遇佛即得见佛闻法，故证入初欢喜行。,手工逐组（门1–14 手写）,直說,然亦永離退緣。遠勝非非想處多矣。故一遇佛。即得見佛聞法。證入別圓諸位也。,然亦永離退緣。遠勝非非想處多矣。故一遇佛。即得見佛聞法。證入別圓諸位也。,《選佛譜》卷第六・淨土疑城・L271,淨土疑城
4342,第14门,淨土橫超門,卷6,淨土疑城,彌彌,彌,戒善,彌,戒善,不行·安住本位,,,安住,,「彌彌」二字俱表戒善。信他而不信自，未开圆解，故不行。,手工逐组（门1–14 手写）,直說,,雖生彼國。於蓮華中不能出現。於五百歲。不見佛。不聞法。不見菩薩及聲聞眾。,《選佛譜》卷第六・淨土疑城・L271,淨土疑城
4343,第14门,淨土橫超門,卷6,淨土疑城,彌陀,彌,戒善,陀,定善,不行·安住本位,,,安住,,「彌」表戒善、「陀」表定善。但持佛名以种善根，未开圆解，故不行。,手工逐组（门1–14 手写）,直說,,雖生彼國。於蓮華中不能出現。於五百歲。不見佛。不聞法。不見菩薩及聲聞眾。,《選佛譜》卷第六・淨土疑城・L271,淨土疑城
4344,第14门,淨土橫超門,卷6,淨土疑城,彌佛,彌,戒善,佛,无漏善慧,行,初救護眾生離眾生相迴向,第12门,升,,「彌」表戒善、「佛」表无漏善慧。一遇佛即证入别圆诸位，入初救护众生离众生相回向。,手工逐组（门1–14 手写）,直說,然亦永離退緣。遠勝非非想處多矣。故一遇佛。即得見佛聞法。證入別圓諸位也。,然亦永離退緣。遠勝非非想處多矣。故一遇佛。即得見佛聞法。證入別圓諸位也。,《選佛譜》卷第六・淨土疑城・L271,淨土疑城
4345,第14门,淨土橫超門,卷6,淨土疑城,陀陀,陀,定善,陀,定善,不行·安住本位,,,安住,,「陀陀」二字俱表定善。但持佛名以种善根，未开圆解，故不行。,手工逐组（门1–14 手写）,直說,,雖生彼國。於蓮華中不能出現。於五百歲。不見佛。不聞法。不見菩薩及聲聞眾。,《選佛譜》卷第六・淨土疑城・L271,淨土疑城
4346,第14门,淨土橫超門,卷6,淨土疑城,陀佛,陀,定善,佛,无漏善慧,行,圓十信位,第13门,升,,「陀」表定善、「佛」表无漏善慧。往昔过失既尽，一遇佛即证入圆十信位。,手工逐组（门1–14 手写）,直說,然亦永離退緣。遠勝非非想處多矣。故一遇佛。即得見佛聞法。證入別圓諸位也。,然亦永離退緣。遠勝非非想處多矣。故一遇佛。即得見佛聞法。證入別圓諸位也。,《選佛譜》卷第六・淨土疑城・L271,淨土疑城
4347,第14门,淨土橫超門,卷6,淨土疑城,佛佛,佛,无漏善慧,佛,无漏善慧,行,圓十住位,第13门,升,,「佛佛」二字俱表无漏善慧。远胜非非想处，一遇佛即证入圆十住位。,手工逐组（门1–14 手写）,直說,然亦永離退緣。遠勝非非想處多矣。故一遇佛。即得見佛聞法。證入別圓諸位也。,然亦永離退緣。遠勝非非想處多矣。故一遇佛。即得見佛聞法。證入別圓諸位也。,《選佛譜》卷第六・淨土疑城・L271,淨土疑城
4348,第14门,淨土橫超門,卷6,下品下生,那那,那,见烦恼,那,见烦恼,不行·安住本位,,,安住,,「那那」二字俱表见烦恼。十二大劫莲华方开，此中不复起惑，故不行。,手工逐组（门1–14 手写）,推演,,"若仗阿彌陀佛願力。未斷見思。即能出娑婆穢。生極樂淨。既生極樂。即於彼土得證方便實報寂光三種淨土。不必捨身受身。然後證入。故名為橫也。
然亦永離退緣。遠勝非非想處多矣。故一遇佛。即得見佛聞法。證入別圓諸位也。
陀佛歸方便淨。永離退緣。","《選佛譜》卷第六・門總說・L267
《選佛譜》卷第六・淨土疑城・L271
《選佛譜》卷第六・初發心住・L57",門總說、淨土疑城、初發心住
4349,第14门,淨土橫超門,卷6,下品下生,那謨,那,见烦恼,謨,爱烦恼,不行·安住本位,,,安住,,「那」表见烦恼、「謨」表爱烦恼。十二大劫莲华方开，此中不复起惑，故不行。,手工逐组（门1–14 手写）,推演,,"若仗阿彌陀佛願力。未斷見思。即能出娑婆穢。生極樂淨。既生極樂。即於彼土得證方便實報寂光三種淨土。不必捨身受身。然後證入。故名為橫也。
然亦永離退緣。遠勝非非想處多矣。故一遇佛。即得見佛聞法。證入別圓諸位也。
陀佛歸方便淨。永離退緣。","《選佛譜》卷第六・門總說・L267
《選佛譜》卷第六・淨土疑城・L271
《選佛譜》卷第六・初發心住・L57",門總說、淨土疑城、初發心住
4350,第14门,淨土橫超門,卷6,下品下生,那阿,那,见烦恼,阿,施善,不行·安住本位,,,安住,,「那」表见烦恼、「阿」表施善。十二大劫莲华方开，故不行。,手工逐组（门1–14 手写）,通則,,其餘位中。以阿彌陀善。與那謨惡相為對治。二俱無力。所以並不行也。,《選佛譜》卷第一・見取・L57,見取
4351,第14门,淨土橫超門,卷6,下品下生,那彌,那,见烦恼,彌,戒善,不行·安住本位,,,安住,,「那」表见烦恼、「彌」表戒善。十二大劫莲华方开，故不行。,手工逐组（门1–14 手写）,通則,准十六觀經。十二大劫。蓮華方開。故阿阿乃至阿佛皆不行也。,其餘位中。以阿彌陀善。與那謨惡相為對治。二俱無力。所以並不行也。,《選佛譜》卷第一・見取・L57,見取
4352,第14门,淨土橫超門,卷6,下品下生,那陀,那,见烦恼,陀,定善,不行·安住本位,,,安住,,「那」表见烦恼、「陀」表定善。十二大劫莲华方开，故不行。,手工逐组（门1–14 手写）,通則,准十六觀經。十二大劫。蓮華方開。故阿阿乃至阿佛皆不行也。,其餘位中。以阿彌陀善。與那謨惡相為對治。二俱無力。所以並不行也。,《選佛譜》卷第一・見取・L57,見取
4353,第14门,淨土橫超門,卷6,下品下生,那佛,那,见烦恼,佛,无漏善慧,不行·安住本位,,,安住,,「那」表见烦恼、「佛」表无漏善慧。十二大劫莲华方开，故不行。,手工逐组（门1–14 手写）,直說,准十六觀經。十二大劫。蓮華方開。故阿阿乃至阿佛皆不行也。,准十六觀經。十二大劫。蓮華方開。故阿阿乃至阿佛皆不行也。,《選佛譜》卷第六・下品下生・L275,下品下生
4354,第14门,淨土橫超門,卷6,下品下生,謨謨,謨,爱烦恼,謨,爱烦恼,不行·安住本位,,,安住,,「謨謨」二字俱表爱烦恼。十二大劫莲华方开，此中不复起惑，故不行。,手工逐组（门1–14 手写）,推演,,"若仗阿彌陀佛願力。未斷見思。即能出娑婆穢。生極樂淨。既生極樂。即於彼土得證方便實報寂光三種淨土。不必捨身受身。然後證入。故名為橫也。
然亦永離退緣。遠勝非非想處多矣。故一遇佛。即得見佛聞法。證入別圓諸位也。
陀佛歸方便淨。永離退緣。","《選佛譜》卷第六・門總說・L267
《選佛譜》卷第六・淨土疑城・L271
《選佛譜》卷第六・初發心住・L57",門總說、淨土疑城、初發心住
4355,第14门,淨土橫超門,卷6,下品下生,謨阿,謨,爱烦恼,阿,施善,不行·安住本位,,,安住,,「謨」表爱烦恼、「阿」表施善。十二大劫莲华方开，故不行。,手工逐组（门1–14 手写）,通則,,其餘位中。以阿彌陀善。與那謨惡相為對治。二俱無力。所以並不行也。,《選佛譜》卷第一・見取・L57,見取
4356,第14门,淨土橫超門,卷6,下品下生,謨彌,謨,爱烦恼,彌,戒善,不行·安住本位,,,安住,,「謨」表爱烦恼、「彌」表戒善。十二大劫莲华方开，故不行。,手工逐组（门1–14 手写）,通則,准十六觀經。十二大劫。蓮華方開。故阿阿乃至阿佛皆不行也。,其餘位中。以阿彌陀善。與那謨惡相為對治。二俱無力。所以並不行也。,《選佛譜》卷第一・見取・L57,見取
4357,第14门,淨土橫超門,卷6,下品下生,謨陀,謨,爱烦恼,陀,定善,不行·安住本位,,,安住,,「謨」表爱烦恼、「陀」表定善。十二大劫莲华方开，故不行。,手工逐组（门1–14 手写）,通則,准十六觀經。十二大劫。蓮華方開。故阿阿乃至阿佛皆不行也。,其餘位中。以阿彌陀善。與那謨惡相為對治。二俱無力。所以並不行也。,《選佛譜》卷第一・見取・L57,見取
4358,第14门,淨土橫超門,卷6,下品下生,謨佛,謨,爱烦恼,佛,无漏善慧,不行·安住本位,,,安住,,「謨」表爱烦恼、「佛」表无漏善慧。十二大劫莲华方开，故不行。,手工逐组（门1–14 手写）,直說,准十六觀經。十二大劫。蓮華方開。故阿阿乃至阿佛皆不行也。,准十六觀經。十二大劫。蓮華方開。故阿阿乃至阿佛皆不行也。,《選佛譜》卷第六・下品下生・L275,下品下生
4359,第14门,淨土橫超門,卷6,下品下生,阿阿,阿,施善,阿,施善,不行·安住本位,,,安住,,「阿阿」二字俱表施善。十二大劫莲华方开，故不行。,手工逐组（门1–14 手写）,直說,准十六觀經。十二大劫。蓮華方開。故阿阿乃至阿佛皆不行也。,准十六觀經。十二大劫。蓮華方開。故阿阿乃至阿佛皆不行也。,《選佛譜》卷第六・下品下生・L275,下品下生
4360,第14门,淨土橫超門,卷6,下品下生,阿彌,阿,施善,彌,戒善,不行·安住本位,,,安住,,「阿」表施善、「彌」表戒善。十二大劫莲华方开，故不行。,手工逐组（门1–14 手写）,直說,准十六觀經。十二大劫。蓮華方開。故阿阿乃至阿佛皆不行也。,准十六觀經。十二大劫。蓮華方開。故阿阿乃至阿佛皆不行也。,《選佛譜》卷第六・下品下生・L275,下品下生
4361,第14门,淨土橫超門,卷6,下品下生,阿陀,阿,施善,陀,定善,不行·安住本位,,,安住,,「阿」表施善、「陀」表定善。十二大劫莲华方开，故不行。,手工逐组（门1–14 手写）,直說,准十六觀經。十二大劫。蓮華方開。故阿阿乃至阿佛皆不行也。,准十六觀經。十二大劫。蓮華方開。故阿阿乃至阿佛皆不行也。,《選佛譜》卷第六・下品下生・L275,下品下生
4362,第14门,淨土橫超門,卷6,下品下生,阿佛,阿,施善,佛,无漏善慧,不行·安住本位,,,安住,,「阿」表施善、「佛」表无漏善慧。十二大劫莲华方开，故不行。,手工逐组（门1–14 手写）,直說,准十六觀經。十二大劫。蓮華方開。故阿阿乃至阿佛皆不行也。,准十六觀經。十二大劫。蓮華方開。故阿阿乃至阿佛皆不行也。,《選佛譜》卷第六・下品下生・L275,下品下生
4363,第14门,淨土橫超門,卷6,下品下生,彌彌,彌,戒善,彌,戒善,不行·安住本位,,,安住,,「彌彌」二字俱表戒善。十二大劫莲华方开，故不行。,手工逐组（门1–14 手写）,直說,准十六觀經。十二大劫。蓮華方開。故阿阿乃至阿佛皆不行也。,准十六觀經。十二大劫。蓮華方開。故阿阿乃至阿佛皆不行也。,《選佛譜》卷第六・下品下生・L275,下品下生
4364,第14门,淨土橫超門,卷6,下品下生,彌陀,彌,戒善,陀,定善,不行·安住本位,,,安住,,「彌」表戒善、「陀」表定善。十二大劫莲华方开，故不行。,手工逐组（门1–14 手写）,直說,准十六觀經。十二大劫。蓮華方開。故阿阿乃至阿佛皆不行也。,准十六觀經。十二大劫。蓮華方開。故阿阿乃至阿佛皆不行也。,《選佛譜》卷第六・下品下生・L275,下品下生
4365,第14门,淨土橫超門,卷6,下品下生,彌佛,彌,戒善,佛,无漏善慧,行,初發心住,第12门,升,,「彌」表戒善、「佛」表无漏善慧。莲华开已闻法欢喜，即发菩提心，故登初发心住。,手工逐组（门1–14 手写）,直說,蓮華開已。聞法歡喜。即發菩提之心。故彌佛登發心住。,蓮華開已。聞法歡喜。即發菩提之心。故彌佛登發心住。陀佛登不退住。佛佛成圓十信。,《選佛譜》卷第六・下品下生・L275,下品下生
4366,第14门,淨土橫超門,卷6,下品下生,陀陀,陀,定善,陀,定善,不行·安住本位,,,安住,,「陀陀」二字俱表定善。十二大劫莲华方开，故不行。,手工逐组（门1–14 手写）,直說,准十六觀經。十二大劫。蓮華方開。故阿阿乃至阿佛皆不行也。,准十六觀經。十二大劫。蓮華方開。故阿阿乃至阿佛皆不行也。,《選佛譜》卷第六・下品下生・L275,下品下生
4367,第14门,淨土橫超門,卷6,下品下生,陀佛,陀,定善,佛,无漏善慧,行,七不退住,第12门,升,,「陀」表定善、「佛」表无漏善慧。莲华开已闻法欢喜，即发菩提心，故登七不退住。,手工逐组（门1–14 手写）,直說,陀佛登不退住。,蓮華開已。聞法歡喜。即發菩提之心。故彌佛登發心住。陀佛登不退住。佛佛成圓十信。,《選佛譜》卷第六・下品下生・L275,下品下生
4368,第14门,淨土橫超門,卷6,下品下生,佛佛,佛,无漏善慧,佛,无漏善慧,行,圓十信位,第13门,升,,「佛佛」二字俱表无漏善慧。莲华开已闻法欢喜，即发菩提心，故成圆十信位。,手工逐组（门1–14 手写）,直說,佛佛成圓十信。,蓮華開已。聞法歡喜。即發菩提之心。故彌佛登發心住。陀佛登不退住。佛佛成圓十信。,《選佛譜》卷第六・下品下生・L275,下品下生
4369,第14门,淨土橫超門,卷6,下品中生,那那,那,见烦恼,那,见烦恼,不行·安住本位,,,安住,,「那那」二字俱表见烦恼。经于六劫莲华乃敷，此中不复起惑，故不行。,手工逐组（门1–14 手写）,推演,,"若仗阿彌陀佛願力。未斷見思。即能出娑婆穢。生極樂淨。既生極樂。即於彼土得證方便實報寂光三種淨土。不必捨身受身。然後證入。故名為橫也。
然亦永離退緣。遠勝非非想處多矣。故一遇佛。即得見佛聞法。證入別圓諸位也。
陀佛歸方便淨。永離退緣。","《選佛譜》卷第六・門總說・L267
《選佛譜》卷第六・淨土疑城・L271
《選佛譜》卷第六・初發心住・L57",門總說、淨土疑城、初發心住
4370,第14门,淨土橫超門,卷6,下品中生,那謨,那,见烦恼,謨,爱烦恼,不行·安住本位,,,安住,,「那」表见烦恼、「謨」表爱烦恼。经于六劫莲华乃敷，此中不复起惑，故不行。,手工逐组（门1–14 手写）,推演,,"若仗阿彌陀佛願力。未斷見思。即能出娑婆穢。生極樂淨。既生極樂。即於彼土得證方便實報寂光三種淨土。不必捨身受身。然後證入。故名為橫也。
然亦永離退緣。遠勝非非想處多矣。故一遇佛。即得見佛聞法。證入別圓諸位也。
陀佛歸方便淨。永離退緣。","《選佛譜》卷第六・門總說・L267
《選佛譜》卷第六・淨土疑城・L271
《選佛譜》卷第六・初發心住・L57",門總說、淨土疑城、初發心住
4371,第14门,淨土橫超門,卷6,下品中生,那阿,那,见烦恼,阿,施善,不行·安住本位,,,安住,,「那」表见烦恼、「阿」表施善。经于六劫莲华乃敷，故不行。,手工逐组（门1–14 手写）,通則,,其餘位中。以阿彌陀善。與那謨惡相為對治。二俱無力。所以並不行也。,《選佛譜》卷第一・見取・L57,見取
4372,第14门,淨土橫超門,卷6,下品中生,那彌,那,见烦恼,彌,戒善,不行·安住本位,,,安住,,「那」表见烦恼、「彌」表戒善。经于六劫莲华乃敷，故不行。,手工逐组（门1–14 手写）,通則,經於六劫。蓮華乃敷。故阿阿等不行。,其餘位中。以阿彌陀善。與那謨惡相為對治。二俱無力。所以並不行也。,《選佛譜》卷第一・見取・L57,見取
4373,第14门,淨土橫超門,卷6,下品中生,那陀,那,见烦恼,陀,定善,不行·安住本位,,,安住,,「那」表见烦恼、「陀」表定善。经于六劫莲华乃敷，故不行。,手工逐组（门1–14 手写）,通則,經於六劫。蓮華乃敷。故阿阿等不行。,其餘位中。以阿彌陀善。與那謨惡相為對治。二俱無力。所以並不行也。,《選佛譜》卷第一・見取・L57,見取
4374,第14门,淨土橫超門,卷6,下品中生,那佛,那,见烦恼,佛,无漏善慧,行,初發心住,第12门,升,,「那」表见烦恼、「佛」表无漏善慧。闻说大乘甚深经典，应时即发无上道心，登初发心住。,手工逐组（门1–14 手写）,直說,聞說大乘甚深經典。應時即發無上道心。故那佛登發心住。,聞說大乘甚深經典。應時即發無上道心。故那佛登發心住。乃至陀佛登別十向。,《選佛譜》卷第六・下品中生・L279,下品中生
4375,第14门,淨土橫超門,卷6,下品中生,謨謨,謨,爱烦恼,謨,爱烦恼,不行·安住本位,,,安住,,「謨謨」二字俱表爱烦恼。经于六劫莲华乃敷，此中不复起惑，故不行。,手工逐组（门1–14 手写）,推演,,"若仗阿彌陀佛願力。未斷見思。即能出娑婆穢。生極樂淨。既生極樂。即於彼土得證方便實報寂光三種淨土。不必捨身受身。然後證入。故名為橫也。
然亦永離退緣。遠勝非非想處多矣。故一遇佛。即得見佛聞法。證入別圓諸位也。
陀佛歸方便淨。永離退緣。","《選佛譜》卷第六・門總說・L267
《選佛譜》卷第六・淨土疑城・L271
《選佛譜》卷第六・初發心住・L57",門總說、淨土疑城、初發心住
4376,第14门,淨土橫超門,卷6,下品中生,謨阿,謨,爱烦恼,阿,施善,不行·安住本位,,,安住,,「謨」表爱烦恼、「阿」表施善。经于六劫莲华乃敷，故不行。,手工逐组（门1–14 手写）,通則,,其餘位中。以阿彌陀善。與那謨惡相為對治。二俱無力。所以並不行也。,《選佛譜》卷第一・見取・L57,見取
4377,第14门,淨土橫超門,卷6,下品中生,謨彌,謨,爱烦恼,彌,戒善,不行·安住本位,,,安住,,「謨」表爱烦恼、「彌」表戒善。经于六劫莲华乃敷，故不行。,手工逐组（门1–14 手写）,通則,經於六劫。蓮華乃敷。故阿阿等不行。,其餘位中。以阿彌陀善。與那謨惡相為對治。二俱無力。所以並不行也。,《選佛譜》卷第一・見取・L57,見取
4378,第14门,淨土橫超門,卷6,下品中生,謨陀,謨,爱烦恼,陀,定善,不行·安住本位,,,安住,,「謨」表爱烦恼、「陀」表定善。经于六劫莲华乃敷，故不行。,手工逐组（门1–14 手写）,通則,經於六劫。蓮華乃敷。故阿阿等不行。,其餘位中。以阿彌陀善。與那謨惡相為對治。二俱無力。所以並不行也。,《選佛譜》卷第一・見取・L57,見取
4379,第14门,淨土橫超門,卷6,下品中生,謨佛,謨,爱烦恼,佛,无漏善慧,行,二治地住,第12门,升,,「謨」表爱烦恼、「佛」表无漏善慧。闻说大乘甚深经典，即发无上道心，故登二治地住。,手工逐组（门1–14 手写）,直說,故那佛登發心住。乃至陀佛登別十向。,聞說大乘甚深經典。應時即發無上道心。故那佛登發心住。乃至陀佛登別十向。,《選佛譜》卷第六・下品中生・L279,下品中生
4380,第14门,淨土橫超門,卷6,下品中生,阿阿,阿,施善,阿,施善,不行·安住本位,,,安住,,「阿阿」二字俱表施善。经于六劫莲华乃敷，故不行。,手工逐组（门1–14 手写）,直說,經於六劫。蓮華乃敷。故阿阿等不行。,經於六劫。蓮華乃敷。故阿阿等不行。,《選佛譜》卷第六・下品中生・L279,下品中生
4381,第14门,淨土橫超門,卷6,下品中生,阿彌,阿,施善,彌,戒善,不行·安住本位,,,安住,,「阿」表施善、「彌」表戒善。经于六劫莲华乃敷，故不行。,手工逐组（门1–14 手写）,直說,經於六劫。蓮華乃敷。故阿阿等不行。,經於六劫。蓮華乃敷。故阿阿等不行。,《選佛譜》卷第六・下品中生・L279,下品中生
4382,第14门,淨土橫超門,卷6,下品中生,阿陀,阿,施善,陀,定善,不行·安住本位,,,安住,,「阿」表施善、「陀」表定善。经于六劫莲华乃敷，故不行。,手工逐组（门1–14 手写）,直說,經於六劫。蓮華乃敷。故阿阿等不行。,經於六劫。蓮華乃敷。故阿阿等不行。,《選佛譜》卷第六・下品中生・L279,下品中生
4383,第14门,淨土橫超門,卷6,下品中生,阿佛,阿,施善,佛,无漏善慧,行,十灌頂住,第12门,升,,「阿」表施善、「佛」表无漏善慧。闻说大乘甚深经典，即发无上道心，故登十灌顶住。,手工逐组（门1–14 手写）,直說,故那佛登發心住。乃至陀佛登別十向。,聞說大乘甚深經典。應時即發無上道心。故那佛登發心住。乃至陀佛登別十向。,《選佛譜》卷第六・下品中生・L279,下品中生
4384,第14门,淨土橫超門,卷6,下品中生,彌彌,彌,戒善,彌,戒善,不行·安住本位,,,安住,,「彌彌」二字俱表戒善。经于六劫莲华乃敷，故不行。,手工逐组（门1–14 手写）,直說,經於六劫。蓮華乃敷。故阿阿等不行。,經於六劫。蓮華乃敷。故阿阿等不行。,《選佛譜》卷第六・下品中生・L279,下品中生
4385,第14门,淨土橫超門,卷6,下品中生,彌陀,彌,戒善,陀,定善,不行·安住本位,,,安住,,「彌」表戒善、「陀」表定善。经于六劫莲华乃敷，故不行。,手工逐组（门1–14 手写）,直說,經於六劫。蓮華乃敷。故阿阿等不行。,經於六劫。蓮華乃敷。故阿阿等不行。,《選佛譜》卷第六・下品中生・L279,下品中生
4386,第14门,淨土橫超門,卷6,下品中生,彌佛,彌,戒善,佛,无漏善慧,行,十真實行,第12门,升,,「彌」表戒善、「佛」表无漏善慧。闻说大乘甚深经典，即发无上道心，故登十真实行。,手工逐组（门1–14 手写）,直說,故那佛登發心住。乃至陀佛登別十向。,聞說大乘甚深經典。應時即發無上道心。故那佛登發心住。乃至陀佛登別十向。,《選佛譜》卷第六・下品中生・L279,下品中生
4387,第14门,淨土橫超門,卷6,下品中生,陀陀,陀,定善,陀,定善,不行·安住本位,,,安住,,「陀陀」二字俱表定善。经于六劫莲华乃敷，故不行。,手工逐组（门1–14 手写）,直說,經於六劫。蓮華乃敷。故阿阿等不行。,經於六劫。蓮華乃敷。故阿阿等不行。,《選佛譜》卷第六・下品中生・L279,下品中生
4388,第14门,淨土橫超門,卷6,下品中生,陀佛,陀,定善,佛,无漏善慧,行,十法界無量迴向,第12门,升,,「陀」表定善、「佛」表无漏善慧。即发无上道心，故登十法界无量回向。,手工逐组（门1–14 手写）,直說,乃至陀佛登別十向。,聞說大乘甚深經典。應時即發無上道心。故那佛登發心住。乃至陀佛登別十向。,《選佛譜》卷第六・下品中生・L279,下品中生
4389,第14门,淨土橫超門,卷6,下品中生,佛佛,佛,无漏善慧,佛,无漏善慧,行,方便有餘淨土,第14门,升,,「佛佛」二字俱表无漏善慧。即发无上道心，故横超方便有余净土。,手工逐组（门1–14 手写）,直說,佛佛則橫超方便淨也。,佛佛則橫超方便淨也。,《選佛譜》卷第六・下品中生・L279,下品中生
4390,第14门,淨土橫超門,卷6,下品上生,那那,那,见烦恼,那,见烦恼,不行·安住本位,,,安住,,「那那」二字俱表见烦恼。经七七日莲华乃敷，此中不复起惑，故不行。,手工逐组（门1–14 手写）,推演,,"若仗阿彌陀佛願力。未斷見思。即能出娑婆穢。生極樂淨。既生極樂。即於彼土得證方便實報寂光三種淨土。不必捨身受身。然後證入。故名為橫也。
然亦永離退緣。遠勝非非想處多矣。故一遇佛。即得見佛聞法。證入別圓諸位也。
陀佛歸方便淨。永離退緣。","《選佛譜》卷第六・門總說・L267
《選佛譜》卷第六・淨土疑城・L271
《選佛譜》卷第六・初發心住・L57",門總說、淨土疑城、初發心住
4391,第14门,淨土橫超門,卷6,下品上生,那謨,那,见烦恼,謨,爱烦恼,不行·安住本位,,,安住,,「那」表见烦恼、「謨」表爱烦恼。经七七日莲华乃敷，此中不复起惑，故不行。,手工逐组（门1–14 手写）,推演,,"若仗阿彌陀佛願力。未斷見思。即能出娑婆穢。生極樂淨。既生極樂。即於彼土得證方便實報寂光三種淨土。不必捨身受身。然後證入。故名為橫也。
然亦永離退緣。遠勝非非想處多矣。故一遇佛。即得見佛聞法。證入別圓諸位也。
陀佛歸方便淨。永離退緣。","《選佛譜》卷第六・門總說・L267
《選佛譜》卷第六・淨土疑城・L271
《選佛譜》卷第六・初發心住・L57",門總說、淨土疑城、初發心住
4392,第14门,淨土橫超門,卷6,下品上生,那阿,那,见烦恼,阿,施善,不行·安住本位,,,安住,,「那」表见烦恼、「阿」表施善。经七七日莲华乃敷，故不行。,手工逐组（门1–14 手写）,通則,,其餘位中。以阿彌陀善。與那謨惡相為對治。二俱無力。所以並不行也。,《選佛譜》卷第一・見取・L57,見取
4393,第14门,淨土橫超門,卷6,下品上生,那彌,那,见烦恼,彌,戒善,不行·安住本位,,,安住,,「那」表见烦恼、「彌」表戒善。经七七日莲华乃敷，故不行。,手工逐组（门1–14 手写）,通則,,其餘位中。以阿彌陀善。與那謨惡相為對治。二俱無力。所以並不行也。,《選佛譜》卷第一・見取・L57,見取
4394,第14门,淨土橫超門,卷6,下品上生,那陀,那,见烦恼,陀,定善,不行·安住本位,,,安住,,「那」表见烦恼、「陀」表定善。经七七日莲华乃敷，故不行。,手工逐组（门1–14 手写）,通則,,其餘位中。以阿彌陀善。與那謨惡相為對治。二俱無力。所以並不行也。,《選佛譜》卷第一・見取・L57,見取
4395,第14门,淨土橫超門,卷6,下品上生,那佛,那,见烦恼,佛,无漏善慧,行,七不退住,第12门,升,,「那」表见烦恼、「佛」表无漏善慧。闻十二部经信解发心，故登七不退住。,手工逐组（门1–14 手写）,承注,,從此增進。亦可例知。,"《選佛譜》・中品上生・上品下生・L295,299",中品上生・上品下生
4396,第14门,淨土橫超門,卷6,下品上生,謨謨,謨,爱烦恼,謨,爱烦恼,不行·安住本位,,,安住,,「謨謨」二字俱表爱烦恼。经七七日莲华乃敷，此中不复起惑，故不行。,手工逐组（门1–14 手写）,推演,,"若仗阿彌陀佛願力。未斷見思。即能出娑婆穢。生極樂淨。既生極樂。即於彼土得證方便實報寂光三種淨土。不必捨身受身。然後證入。故名為橫也。
然亦永離退緣。遠勝非非想處多矣。故一遇佛。即得見佛聞法。證入別圓諸位也。
陀佛歸方便淨。永離退緣。","《選佛譜》卷第六・門總說・L267
《選佛譜》卷第六・淨土疑城・L271
《選佛譜》卷第六・初發心住・L57",門總說、淨土疑城、初發心住
4397,第14门,淨土橫超門,卷6,下品上生,謨阿,謨,爱烦恼,阿,施善,不行·安住本位,,,安住,,「謨」表爱烦恼、「阿」表施善。经七七日莲华乃敷，故不行。,手工逐组（门1–14 手写）,通則,,其餘位中。以阿彌陀善。與那謨惡相為對治。二俱無力。所以並不行也。,《選佛譜》卷第一・見取・L57,見取
4398,第14门,淨土橫超門,卷6,下品上生,謨彌,謨,爱烦恼,彌,戒善,不行·安住本位,,,安住,,「謨」表爱烦恼、「彌」表戒善。经七七日莲华乃敷，故不行。,手工逐组（门1–14 手写）,通則,,其餘位中。以阿彌陀善。與那謨惡相為對治。二俱無力。所以並不行也。,《選佛譜》卷第一・見取・L57,見取
4399,第14门,淨土橫超門,卷6,下品上生,謨陀,謨,爱烦恼,陀,定善,不行·安住本位,,,安住,,「謨」表爱烦恼、「陀」表定善。经七七日莲华乃敷，故不行。,手工逐组（门1–14 手写）,通則,,其餘位中。以阿彌陀善。與那謨惡相為對治。二俱無力。所以並不行也。,《選佛譜》卷第一・見取・L57,見取
4400,第14门,淨土橫超門,卷6,下品上生,謨佛,謨,爱烦恼,佛,无漏善慧,行,十灌頂住,第12门,升,,「謨」表爱烦恼、「佛」表无漏善慧。闻十二部经信解发心，故登十灌顶住。,手工逐组（门1–14 手写）,承注,,從此增進。亦可例知。,"《選佛譜》・中品上生・上品下生・L295,299",中品上生・上品下生
4401,第14门,淨土橫超門,卷6,下品上生,阿阿,阿,施善,阿,施善,不行·安住本位,,,安住,,「阿阿」二字俱表施善。经七七日莲华乃敷，故不行。,手工逐组（门1–14 手写）,直說,經七七日。蓮華乃敷。故阿阿等三不行。,經七七日。蓮華乃敷。故阿阿等三不行。,《選佛譜》卷第六・下品上生・L283,下品上生
4402,第14门,淨土橫超門,卷6,下品上生,阿彌,阿,施善,彌,戒善,不行·安住本位,,,安住,,「阿」表施善、「彌」表戒善。经七七日莲华乃敷，故不行。,手工逐组（门1–14 手写）,直說,經七七日。蓮華乃敷。故阿阿等三不行。,經七七日。蓮華乃敷。故阿阿等三不行。,《選佛譜》卷第六・下品上生・L283,下品上生
4403,第14门,淨土橫超門,卷6,下品上生,阿陀,阿,施善,陀,定善,行,初發心住,第12门,升,,「阿」表施善、「陀」表定善。闻说甚深十二部经，信解发心，故登初发心住。,手工逐组（门1–14 手写）,直說,聞說甚深十二部經。信解發心。故阿陀初發心住。,聞說甚深十二部經。信解發心。故阿陀初發心住。,《選佛譜》卷第六・下品上生・L283,下品上生
4404,第14门,淨土橫超門,卷6,下品上生,阿佛,阿,施善,佛,无漏善慧,行,十真實行,第12门,升,,「阿」表施善、「佛」表无漏善慧。闻十二部经信解发心，故登十真实行。,手工逐组（门1–14 手写）,承注,,從此增進。亦可例知。,"《選佛譜》・中品上生・上品下生・L295,299",中品上生・上品下生
4405,第14门,淨土橫超門,卷6,下品上生,彌彌,彌,戒善,彌,戒善,不行·安住本位,,,安住,,「彌彌」二字俱表戒善。经七七日莲华乃敷，故不行。,手工逐组（门1–14 手写）,直說,經七七日。蓮華乃敷。故阿阿等三不行。,經七七日。蓮華乃敷。故阿阿等三不行。,《選佛譜》卷第六・下品上生・L283,下品上生
4406,第14门,淨土橫超門,卷6,下品上生,彌陀,彌,戒善,陀,定善,行,七不退住,第12门,升,,「彌」表戒善、「陀」表定善。闻说甚深十二部经，信解发心，故登七不退住。,手工逐组（门1–14 手写）,承注,,從此增進。亦可例知。,"《選佛譜》・中品上生・上品下生・L295,299",中品上生・上品下生
4407,第14门,淨土橫超門,卷6,下品上生,彌佛,彌,戒善,佛,无漏善慧,行,十法界無量迴向,第12门,升,,「彌」表戒善、「佛」表无漏善慧。闻十二部经信解发心，登十法界无量回向。,手工逐组（门1–14 手写）,承注,,從此增進。亦可例知。,"《選佛譜》・中品上生・上品下生・L295,299",中品上生・上品下生
4408,第14门,淨土橫超門,卷6,下品上生,陀陀,陀,定善,陀,定善,行,十灌頂住,第12门,升,,「陀陀」二字俱表定善。闻说甚深十二部经，信解发心，故登十灌顶住。,手工逐组（门1–14 手写）,承注,,從此增進。亦可例知。,"《選佛譜》・中品上生・上品下生・L295,299",中品上生・上品下生
4409,第14门,淨土橫超門,卷6,下品上生,陀佛,陀,定善,佛,无漏善慧,行,初歡喜地,第12门,升,,「陀」表定善、「佛」表无漏善慧。经十小劫具百法明门，得入初地，故登初欢喜地。,手工逐组（门1–14 手写）,直說,經十小劫。具百法明門。得入初地。故陀佛登歡喜地。,經十小劫。具百法明門。得入初地。故陀佛登歡喜地。,《選佛譜》卷第六・下品上生・L283,下品上生
4410,第14门,淨土橫超門,卷6,下品上生,佛佛,佛,无漏善慧,佛,无漏善慧,行,圓十住位,第13门,升,,「佛佛」二字俱表无漏善慧。证道同圆，故开权显实，入圆十住位。,手工逐组（门1–14 手写）,直說,若夫佛佛。則證道同圓。故開權顯實也。,若夫佛佛。則證道同圓。故開權顯實也。,《選佛譜》卷第六・下品上生・L283,下品上生
4411,第14门,淨土橫超門,卷6,中品下生,那那,那,见烦恼,那,见烦恼,不行·安住本位,,,安住,,「那那」二字俱表见烦恼。此位已得须陀洹，见惑不复现起，故不行。,手工逐组（门1–14 手写）,推演,,"若仗阿彌陀佛願力。未斷見思。即能出娑婆穢。生極樂淨。既生極樂。即於彼土得證方便實報寂光三種淨土。不必捨身受身。然後證入。故名為橫也。
然亦永離退緣。遠勝非非想處多矣。故一遇佛。即得見佛聞法。證入別圓諸位也。
陀佛歸方便淨。永離退緣。","《選佛譜》卷第六・門總說・L267
《選佛譜》卷第六・淨土疑城・L271
《選佛譜》卷第六・初發心住・L57",門總說、淨土疑城、初發心住
4412,第14门,淨土橫超門,卷6,中品下生,那謨,那,见烦恼,謨,爱烦恼,不行·安住本位,,,安住,,「那」表见烦恼、「謨」表爱烦恼。此位已得须陀洹，见惑不复现起，故不行。,手工逐组（门1–14 手写）,推演,,"若仗阿彌陀佛願力。未斷見思。即能出娑婆穢。生極樂淨。既生極樂。即於彼土得證方便實報寂光三種淨土。不必捨身受身。然後證入。故名為橫也。
然亦永離退緣。遠勝非非想處多矣。故一遇佛。即得見佛聞法。證入別圓諸位也。
陀佛歸方便淨。永離退緣。","《選佛譜》卷第六・門總說・L267
《選佛譜》卷第六・淨土疑城・L271
《選佛譜》卷第六・初發心住・L57",門總說、淨土疑城、初發心住
4413,第14门,淨土橫超門,卷6,中品下生,那阿,那,见烦恼,阿,施善,不行·安住本位,,,安住,,「那」表见烦恼、「阿」表施善。经七日已方闻法欢喜，故不行。,手工逐组（门1–14 手写）,通則,,其餘位中。以阿彌陀善。與那謨惡相為對治。二俱無力。所以並不行也。,《選佛譜》卷第一・見取・L57,見取
4414,第14门,淨土橫超門,卷6,中品下生,那彌,那,见烦恼,彌,戒善,不行·安住本位,,,安住,,「那」表见烦恼、「彌」表戒善。经七日已方闻法欢喜，故不行。,手工逐组（门1–14 手写）,通則,,其餘位中。以阿彌陀善。與那謨惡相為對治。二俱無力。所以並不行也。,《選佛譜》卷第一・見取・L57,見取
4415,第14门,淨土橫超門,卷6,中品下生,那陀,那,见烦恼,陀,定善,不行·安住本位,,,安住,,「那」表见烦恼、「陀」表定善。经七日已方闻法欢喜，故不行。,手工逐组（门1–14 手写）,通則,,其餘位中。以阿彌陀善。與那謨惡相為對治。二俱無力。所以並不行也。,《選佛譜》卷第一・見取・L57,見取
4416,第14门,淨土橫超門,卷6,中品下生,那佛,那,见烦恼,佛,无漏善慧,行,五薄地,第11门,升,,「那」表见烦恼、「佛」表无漏善慧。闻法欢喜得须陀洹，从此渐进，故登五薄地。,手工逐组（门1–14 手写）,承注,,從此增進。亦可例知。,"《選佛譜》・中品上生・上品下生・L295,299",中品上生・上品下生
4417,第14门,淨土橫超門,卷6,中品下生,謨謨,謨,爱烦恼,謨,爱烦恼,不行·安住本位,,,安住,,「謨謨」二字俱表爱烦恼。此位已得须陀洹，此中不复起惑，故不行。,手工逐组（门1–14 手写）,推演,,"若仗阿彌陀佛願力。未斷見思。即能出娑婆穢。生極樂淨。既生極樂。即於彼土得證方便實報寂光三種淨土。不必捨身受身。然後證入。故名為橫也。
然亦永離退緣。遠勝非非想處多矣。故一遇佛。即得見佛聞法。證入別圓諸位也。
陀佛歸方便淨。永離退緣。","《選佛譜》卷第六・門總說・L267
《選佛譜》卷第六・淨土疑城・L271
《選佛譜》卷第六・初發心住・L57",門總說、淨土疑城、初發心住
4418,第14门,淨土橫超門,卷6,中品下生,謨阿,謨,爱烦恼,阿,施善,不行·安住本位,,,安住,,「謨」表爱烦恼、「阿」表施善。经七日已方闻法欢喜，故不行。,手工逐组（门1–14 手写）,通則,,其餘位中。以阿彌陀善。與那謨惡相為對治。二俱無力。所以並不行也。,《選佛譜》卷第一・見取・L57,見取
4419,第14门,淨土橫超門,卷6,中品下生,謨彌,謨,爱烦恼,彌,戒善,不行·安住本位,,,安住,,「謨」表爱烦恼、「彌」表戒善。经七日已方闻法欢喜，故不行。,手工逐组（门1–14 手写）,通則,,其餘位中。以阿彌陀善。與那謨惡相為對治。二俱無力。所以並不行也。,《選佛譜》卷第一・見取・L57,見取
4420,第14门,淨土橫超門,卷6,中品下生,謨陀,謨,爱烦恼,陀,定善,不行·安住本位,,,安住,,「謨」表爱烦恼、「陀」表定善。经七日已方闻法欢喜，故不行。,手工逐组（门1–14 手写）,通則,,其餘位中。以阿彌陀善。與那謨惡相為對治。二俱無力。所以並不行也。,《選佛譜》卷第一・見取・L57,見取
4421,第14门,淨土橫超門,卷6,中品下生,謨佛,謨,爱烦恼,佛,无漏善慧,行,六離欲地,第11门,升,,「謨」表爱烦恼、「佛」表无漏善慧。闻法欢喜得须陀洹，从此渐进，故登六离欲地。,手工逐组（门1–14 手写）,承注,,從此增進。亦可例知。,"《選佛譜》・中品上生・上品下生・L295,299",中品上生・上品下生
4422,第14门,淨土橫超門,卷6,中品下生,阿阿,阿,施善,阿,施善,不行·安住本位,,,安住,,「阿阿」二字俱表施善。经七日已方闻法欢喜，故不行。,手工逐组（门1–14 手写）,直說,經七日已。聞法歡喜。得須陀洹。故阿阿等二不行。,經七日已。聞法歡喜。得須陀洹。故阿阿等二不行。,《選佛譜》卷第六・中品下生・L287,中品下生
4423,第14门,淨土橫超門,卷6,中品下生,阿彌,阿,施善,彌,戒善,不行·安住本位,,,安住,,「阿」表施善、「彌」表戒善。经七日已方闻法欢喜，故不行。,手工逐组（门1–14 手写）,直說,經七日已。聞法歡喜。得須陀洹。故阿阿等二不行。,經七日已。聞法歡喜。得須陀洹。故阿阿等二不行。,《選佛譜》卷第六・中品下生・L287,中品下生
4424,第14门,淨土橫超門,卷6,中品下生,阿陀,阿,施善,陀,定善,行,四見地,第11门,升,,「阿」表施善、「陀」表定善。闻法欢喜得须陀洹，即以见地为初果，故登四见地。,手工逐组（门1–14 手写）,承注,,從此增進。亦可例知。,"《選佛譜》・中品上生・上品下生・L295,299",中品上生・上品下生
4425,第14门,淨土橫超門,卷6,中品下生,阿佛,阿,施善,佛,无漏善慧,行,七已辦地,第11门,升,,「阿」表施善、「佛」表无漏善慧。过一小劫成阿罗汉，故登七已办地。,手工逐组（门1–14 手写）,直說,過一小劫。成阿羅漢。故阿佛登已辦地。,過一小劫。成阿羅漢。故阿佛登已辦地。,《選佛譜》卷第六・中品下生・L287,中品下生
4426,第14门,淨土橫超門,卷6,中品下生,彌彌,彌,戒善,彌,戒善,行,四見地,第11门,升,,「彌彌」二字俱表戒善。闻法欢喜得须陀洹，净土无定性声闻，故登四见地。,手工逐组（门1–14 手写）,直說,而彌彌即登見地。以淨土既無定性聲聞。必應呼見地為初果也。,而彌彌即登見地。以淨土既無定性聲聞。必應呼見地為初果也。,《選佛譜》卷第六・中品下生・L287,中品下生
4427,第14门,淨土橫超門,卷6,中品下生,彌陀,彌,戒善,陀,定善,行,五薄地,第11门,升,,「彌」表戒善、「陀」表定善。闻法欢喜得须陀洹，从此渐进，故登五薄地。,手工逐组（门1–14 手写）,承注,,從此增進。亦可例知。,"《選佛譜》・中品上生・上品下生・L295,299",中品上生・上品下生
4428,第14门,淨土橫超門,卷6,中品下生,彌佛,彌,戒善,佛,无漏善慧,行,八辟支佛地,第11门,升,,「彌」表戒善、「佛」表无漏善慧。过一小劫成阿罗汉，故登八辟支佛地。,手工逐组（门1–14 手写）,承注,,從此增進。亦可例知。,"《選佛譜》・中品上生・上品下生・L295,299",中品上生・上品下生
4429,第14门,淨土橫超門,卷6,中品下生,陀陀,陀,定善,陀,定善,行,六離欲地,第11门,升,,「陀陀」二字俱表定善。闻法欢喜得须陀洹，从此渐进，故登六离欲地。,手工逐组（门1–14 手写）,承注,,從此增進。亦可例知。,"《選佛譜》・中品上生・上品下生・L295,299",中品上生・上品下生
4430,第14门,淨土橫超門,卷6,中品下生,陀佛,陀,定善,佛,无漏善慧,行,圓十信位,第13门,升,,「陀」表定善、「佛」表无漏善慧。过一小劫成阿罗汉，按位成妙，故入圆十信位。,手工逐组（门1–14 手写）,直說,陀佛則按位成妙。,陀佛則按位成妙。,《選佛譜》卷第六・中品下生・L287,中品下生
4431,第14门,淨土橫超門,卷6,中品下生,佛佛,佛,无漏善慧,佛,无漏善慧,行,方便有餘淨土,第14门,升,,「佛佛」二字俱表无漏善慧。过一小劫成阿罗汉，故横超方便有余净土。,手工逐组（门1–14 手写）,直說,佛佛則橫超方便矣。,佛佛則橫超方便矣。,《選佛譜》卷第六・中品下生・L287,中品下生
4432,第14门,淨土橫超門,卷6,中品中生,那那,那,见烦恼,那,见烦恼,不行·安住本位,,,安住,,「那那」二字俱表见烦恼。此位已得须陀洹，见惑不复现起，故不行。,手工逐组（门1–14 手写）,推演,,"若仗阿彌陀佛願力。未斷見思。即能出娑婆穢。生極樂淨。既生極樂。即於彼土得證方便實報寂光三種淨土。不必捨身受身。然後證入。故名為橫也。
然亦永離退緣。遠勝非非想處多矣。故一遇佛。即得見佛聞法。證入別圓諸位也。
陀佛歸方便淨。永離退緣。","《選佛譜》卷第六・門總說・L267
《選佛譜》卷第六・淨土疑城・L271
《選佛譜》卷第六・初發心住・L57",門總說、淨土疑城、初發心住
4433,第14门,淨土橫超門,卷6,中品中生,那謨,那,见烦恼,謨,爱烦恼,不行·安住本位,,,安住,,「那」表见烦恼、「謨」表爱烦恼。此位已得须陀洹，见惑不复现起，故不行。,手工逐组（门1–14 手写）,推演,,"若仗阿彌陀佛願力。未斷見思。即能出娑婆穢。生極樂淨。既生極樂。即於彼土得證方便實報寂光三種淨土。不必捨身受身。然後證入。故名為橫也。
然亦永離退緣。遠勝非非想處多矣。故一遇佛。即得見佛聞法。證入別圓諸位也。
陀佛歸方便淨。永離退緣。","《選佛譜》卷第六・門總說・L267
《選佛譜》卷第六・淨土疑城・L271
《選佛譜》卷第六・初發心住・L57",門總說、淨土疑城、初發心住
4434,第14门,淨土橫超門,卷6,中品中生,那阿,那,见烦恼,阿,施善,不行·安住本位,,,安住,,「那」表见烦恼、「阿」表施善。七日华敷方闻法欢喜，故不行。,手工逐组（门1–14 手写）,通則,,其餘位中。以阿彌陀善。與那謨惡相為對治。二俱無力。所以並不行也。,《選佛譜》卷第一・見取・L57,見取
4435,第14门,淨土橫超門,卷6,中品中生,那彌,那,见烦恼,彌,戒善,不行·安住本位,,,安住,,「那」表见烦恼、「彌」表戒善。七日华敷方闻法欢喜，故不行。,手工逐组（门1–14 手写）,通則,,其餘位中。以阿彌陀善。與那謨惡相為對治。二俱無力。所以並不行也。,《選佛譜》卷第一・見取・L57,見取
4436,第14门,淨土橫超門,卷6,中品中生,那陀,那,见烦恼,陀,定善,不行·安住本位,,,安住,,「那」表见烦恼、「陀」表定善。七日华敷方闻法欢喜，故不行。,手工逐组（门1–14 手写）,通則,,其餘位中。以阿彌陀善。與那謨惡相為對治。二俱無力。所以並不行也。,《選佛譜》卷第一・見取・L57,見取
4437,第14门,淨土橫超門,卷6,中品中生,那佛,那,见烦恼,佛,无漏善慧,行,六離欲地,第11门,升,,「那」表见烦恼、「佛」表无漏善慧。七日华敷得须陀洹，从此渐进，故登六离欲地。,手工逐组（门1–14 手写）,承注,,從此增進。亦可例知。,"《選佛譜》・中品上生・上品下生・L295,299",中品上生・上品下生
4438,第14门,淨土橫超門,卷6,中品中生,謨謨,謨,爱烦恼,謨,爱烦恼,不行·安住本位,,,安住,,「謨謨」二字俱表爱烦恼。此位已得须陀洹，此中不复起惑，故不行。,手工逐组（门1–14 手写）,推演,,"若仗阿彌陀佛願力。未斷見思。即能出娑婆穢。生極樂淨。既生極樂。即於彼土得證方便實報寂光三種淨土。不必捨身受身。然後證入。故名為橫也。
然亦永離退緣。遠勝非非想處多矣。故一遇佛。即得見佛聞法。證入別圓諸位也。
陀佛歸方便淨。永離退緣。","《選佛譜》卷第六・門總說・L267
《選佛譜》卷第六・淨土疑城・L271
《選佛譜》卷第六・初發心住・L57",門總說、淨土疑城、初發心住
4439,第14门,淨土橫超門,卷6,中品中生,謨阿,謨,爱烦恼,阿,施善,不行·安住本位,,,安住,,「謨」表爱烦恼、「阿」表施善。七日华敷方闻法欢喜，故不行。,手工逐组（门1–14 手写）,通則,,其餘位中。以阿彌陀善。與那謨惡相為對治。二俱無力。所以並不行也。,《選佛譜》卷第一・見取・L57,見取
4440,第14门,淨土橫超門,卷6,中品中生,謨彌,謨,爱烦恼,彌,戒善,不行·安住本位,,,安住,,「謨」表爱烦恼、「彌」表戒善。七日华敷方闻法欢喜，故不行。,手工逐组（门1–14 手写）,通則,,其餘位中。以阿彌陀善。與那謨惡相為對治。二俱無力。所以並不行也。,《選佛譜》卷第一・見取・L57,見取
4441,第14门,淨土橫超門,卷6,中品中生,謨陀,謨,爱烦恼,陀,定善,不行·安住本位,,,安住,,「謨」表爱烦恼、「陀」表定善。七日华敷方闻法欢喜，故不行。,手工逐组（门1–14 手写）,通則,,其餘位中。以阿彌陀善。與那謨惡相為對治。二俱無力。所以並不行也。,《選佛譜》卷第一・見取・L57,見取
4442,第14门,淨土橫超門,卷6,中品中生,謨佛,謨,爱烦恼,佛,无漏善慧,行,七已辦地,第11门,升,,「謨」表爱烦恼、「佛」表无漏善慧。经半劫已成阿罗汉，故登七已办地。,手工逐组（门1–14 手写）,直說,經半劫已。成阿羅漢。故陀陀謨佛。皆登已辦。,經半劫已。成阿羅漢。故陀陀謨佛。皆登已辦。,《選佛譜》卷第六・中品中生・L291,中品中生
4443,第14门,淨土橫超門,卷6,中品中生,阿阿,阿,施善,阿,施善,不行·安住本位,,,安住,,「阿阿」二字俱表施善。七日华敷方闻法欢喜，故不行。,手工逐组（门1–14 手写）,直說,,七日華敷。聞法歡喜。得須陀洹。故亦彌彌方登見地。,《選佛譜》卷第六・中品中生・L291,中品中生
4444,第14门,淨土橫超門,卷6,中品中生,阿彌,阿,施善,彌,戒善,不行·安住本位,,,安住,,「阿」表施善、「彌」表戒善。七日华敷方闻法欢喜，故不行。,手工逐组（门1–14 手写）,直說,,七日華敷。聞法歡喜。得須陀洹。故亦彌彌方登見地。,《選佛譜》卷第六・中品中生・L291,中品中生
4445,第14门,淨土橫超門,卷6,中品中生,阿陀,阿,施善,陀,定善,行,五薄地,第11门,升,,「阿」表施善、「陀」表定善。七日华敷得须陀洹，从此渐进，故登五薄地。,手工逐组（门1–14 手写）,承注,,從此增進。亦可例知。,"《選佛譜》・中品上生・上品下生・L295,299",中品上生・上品下生
4446,第14门,淨土橫超門,卷6,中品中生,阿佛,阿,施善,佛,无漏善慧,行,九菩薩地,第11门,升,,「阿」表施善、「佛」表无漏善慧。经半劫已成阿罗汉，从此渐进，故登九菩萨地。,手工逐组（门1–14 手写）,承注,,從此增進。亦可例知。,"《選佛譜》・中品上生・上品下生・L295,299",中品上生・上品下生
4447,第14门,淨土橫超門,卷6,中品中生,彌彌,彌,戒善,彌,戒善,行,四見地,第11门,升,,「彌彌」二字俱表戒善。七日华敷闻法欢喜得须陀洹，故亦方登四见地。,手工逐组（门1–14 手写）,直說,七日華敷。聞法歡喜。得須陀洹。故亦彌彌方登見地。,七日華敷。聞法歡喜。得須陀洹。故亦彌彌方登見地。,《選佛譜》卷第六・中品中生・L291,中品中生
4448,第14门,淨土橫超門,卷6,中品中生,彌陀,彌,戒善,陀,定善,行,六離欲地,第11门,升,,「彌」表戒善、「陀」表定善。七日华敷得须陀洹，从此渐进，故登六离欲地。,手工逐组（门1–14 手写）,承注,,從此增進。亦可例知。,"《選佛譜》・中品上生・上品下生・L295,299",中品上生・上品下生
4449,第14门,淨土橫超門,卷6,中品中生,彌佛,彌,戒善,佛,无漏善慧,行,圓十信位,第13门,升,,「彌」表戒善、「佛」表无漏善慧。经半劫已成阿罗汉，按位成妙，故入圆十信位。,手工逐组（门1–14 手写）,直說,彌佛則按位妙。,彌佛則按位妙。陀佛則橫超。佛佛則勝進妙也。,《選佛譜》卷第六・中品中生・L291,中品中生
4450,第14门,淨土橫超門,卷6,中品中生,陀陀,陀,定善,陀,定善,行,七已辦地,第11门,升,,「陀陀」二字俱表定善。经半劫已成阿罗汉，故登七已办地。,手工逐组（门1–14 手写）,直說,經半劫已。成阿羅漢。故陀陀謨佛。皆登已辦。,經半劫已。成阿羅漢。故陀陀謨佛。皆登已辦。,《選佛譜》卷第六・中品中生・L291,中品中生
4451,第14门,淨土橫超門,卷6,中品中生,陀佛,陀,定善,佛,无漏善慧,行,方便有餘淨土,第14门,升,,「陀」表定善、「佛」表无漏善慧。经半劫已成阿罗汉，故横超方便有余净土。,手工逐组（门1–14 手写）,直說,陀佛則橫超。,彌佛則按位妙。陀佛則橫超。佛佛則勝進妙也。,《選佛譜》卷第六・中品中生・L291,中品中生
4452,第14门,淨土橫超門,卷6,中品中生,佛佛,佛,无漏善慧,佛,无漏善慧,行,圓十住位,第13门,升,,「佛佛」二字俱表无漏善慧。经半劫已成阿罗汉，胜进成妙，故入圆十住位。,手工逐组（门1–14 手写）,直說,佛佛則勝進妙也。,彌佛則按位妙。陀佛則橫超。佛佛則勝進妙也。,《選佛譜》卷第六・中品中生・L291,中品中生
4453,第14门,淨土橫超門,卷6,中品上生,那那,那,见烦恼,那,见烦恼,不行·安住本位,,,安住,,「那那」二字俱表见烦恼。此位即得阿罗汉道，惑不复现起，故不行。,手工逐组（门1–14 手写）,推演,,"若仗阿彌陀佛願力。未斷見思。即能出娑婆穢。生極樂淨。既生極樂。即於彼土得證方便實報寂光三種淨土。不必捨身受身。然後證入。故名為橫也。
然亦永離退緣。遠勝非非想處多矣。故一遇佛。即得見佛聞法。證入別圓諸位也。
陀佛歸方便淨。永離退緣。","《選佛譜》卷第六・門總說・L267
《選佛譜》卷第六・淨土疑城・L271
《選佛譜》卷第六・初發心住・L57",門總說、淨土疑城、初發心住
4454,第14门,淨土橫超門,卷6,中品上生,那謨,那,见烦恼,謨,爱烦恼,不行·安住本位,,,安住,,「那」表见烦恼、「謨」表爱烦恼。此位即得阿罗汉道，惑不复现起，故不行。,手工逐组（门1–14 手写）,推演,,"若仗阿彌陀佛願力。未斷見思。即能出娑婆穢。生極樂淨。既生極樂。即於彼土得證方便實報寂光三種淨土。不必捨身受身。然後證入。故名為橫也。
然亦永離退緣。遠勝非非想處多矣。故一遇佛。即得見佛聞法。證入別圓諸位也。
陀佛歸方便淨。永離退緣。","《選佛譜》卷第六・門總說・L267
《選佛譜》卷第六・淨土疑城・L271
《選佛譜》卷第六・初發心住・L57",門總說、淨土疑城、初發心住
4455,第14门,淨土橫超門,卷6,中品上生,那阿,那,见烦恼,阿,施善,不行·安住本位,,,安住,,「那」表见烦恼、「阿」表施善。此位即得阿罗汉道，惑不复现起，故不行。,手工逐组（门1–14 手写）,通則,,其餘位中。以阿彌陀善。與那謨惡相為對治。二俱無力。所以並不行也。,《選佛譜》卷第一・見取・L57,見取
4456,第14门,淨土橫超門,卷6,中品上生,那彌,那,见烦恼,彌,戒善,不行·安住本位,,,安住,,「那」表见烦恼、「彌」表戒善。此位即得阿罗汉道，惑不复现起，故不行。,手工逐组（门1–14 手写）,通則,,其餘位中。以阿彌陀善。與那謨惡相為對治。二俱無力。所以並不行也。,《選佛譜》卷第一・見取・L57,見取
4457,第14门,淨土橫超門,卷6,中品上生,那陀,那,见烦恼,陀,定善,不行·安住本位,,,安住,,「那」表见烦恼、「陀」表定善。此位即得阿罗汉道，惑不复现起，故不行。,手工逐组（门1–14 手写）,通則,,其餘位中。以阿彌陀善。與那謨惡相為對治。二俱無力。所以並不行也。,《選佛譜》卷第一・見取・L57,見取
4458,第14门,淨土橫超門,卷6,中品上生,那佛,那,见烦恼,佛,无漏善慧,行,十灌頂住,第12门,升,,「那」表见烦恼、「佛」表无漏善慧。即得阿罗汉道，从此增进，故登十灌顶住。,手工逐组（门1–14 手写）,直說,從此增進。乃至佛佛。便得橫超實報淨也。,從此增進。乃至佛佛。便得橫超實報淨也。,《選佛譜》卷第六・中品上生・L295,中品上生
4459,第14门,淨土橫超門,卷6,中品上生,謨謨,謨,爱烦恼,謨,爱烦恼,不行·安住本位,,,安住,,「謨謨」二字俱表爱烦恼。此位即得阿罗汉道，惑不复现起，故不行。,手工逐组（门1–14 手写）,推演,,"若仗阿彌陀佛願力。未斷見思。即能出娑婆穢。生極樂淨。既生極樂。即於彼土得證方便實報寂光三種淨土。不必捨身受身。然後證入。故名為橫也。
然亦永離退緣。遠勝非非想處多矣。故一遇佛。即得見佛聞法。證入別圓諸位也。
陀佛歸方便淨。永離退緣。","《選佛譜》卷第六・門總說・L267
《選佛譜》卷第六・淨土疑城・L271
《選佛譜》卷第六・初發心住・L57",門總說、淨土疑城、初發心住
4460,第14门,淨土橫超門,卷6,中品上生,謨阿,謨,爱烦恼,阿,施善,不行·安住本位,,,安住,,「謨」表爱烦恼、「阿」表施善。此位即得阿罗汉道，惑不复现起，故不行。,手工逐组（门1–14 手写）,通則,,其餘位中。以阿彌陀善。與那謨惡相為對治。二俱無力。所以並不行也。,《選佛譜》卷第一・見取・L57,見取
4461,第14门,淨土橫超門,卷6,中品上生,謨彌,謨,爱烦恼,彌,戒善,不行·安住本位,,,安住,,「謨」表爱烦恼、「彌」表戒善。此位即得阿罗汉道，惑不复现起，故不行。,手工逐组（门1–14 手写）,通則,,其餘位中。以阿彌陀善。與那謨惡相為對治。二俱無力。所以並不行也。,《選佛譜》卷第一・見取・L57,見取
4462,第14门,淨土橫超門,卷6,中品上生,謨陀,謨,爱烦恼,陀,定善,不行·安住本位,,,安住,,「謨」表爱烦恼、「陀」表定善。此位即得阿罗汉道，惑不复现起，故不行。,手工逐组（门1–14 手写）,通則,,其餘位中。以阿彌陀善。與那謨惡相為對治。二俱無力。所以並不行也。,《選佛譜》卷第一・見取・L57,見取
4463,第14门,淨土橫超門,卷6,中品上生,謨佛,謨,爱烦恼,佛,无漏善慧,行,初歡喜行,第12门,升,,「謨」表爱烦恼、「佛」表无漏善慧。即得阿罗汉道，从此增进，故登初欢喜行。,手工逐组（门1–14 手写）,直說,從此增進。乃至佛佛。便得橫超實報淨也。,從此增進。乃至佛佛。便得橫超實報淨也。,《選佛譜》卷第六・中品上生・L295,中品上生
4464,第14门,淨土橫超門,卷6,中品上生,阿阿,阿,施善,阿,施善,行,七已辦地,第11门,升,,「阿阿」二字俱表施善。莲华寻开，闻叹四谛即得阿罗汉道，故登七已办地。,手工逐组（门1–14 手写）,直說,故阿阿登已辦地。從此增進。,臨命終時。見佛作禮。未舉頭頃。即得往生。蓮華尋開。聞歎四諦。即得阿羅漢道。故阿阿登已辦地。,《選佛譜》卷第六・中品上生・L295,中品上生
4465,第14门,淨土橫超門,卷6,中品上生,阿彌,阿,施善,彌,戒善,行,八辟支佛地,第11门,升,,「阿」表施善、「彌」表戒善。闻叹四谛即得阿罗汉道，从此增进，故登八辟支佛地。,手工逐组（门1–14 手写）,直說,從此增進。乃至佛佛。便得橫超實報淨也。,從此增進。乃至佛佛。便得橫超實報淨也。,《選佛譜》卷第六・中品上生・L295,中品上生
4466,第14门,淨土橫超門,卷6,中品上生,阿陀,阿,施善,陀,定善,行,九法王子住,第12门,升,,「阿」表施善、「陀」表定善。闻叹四谛即得阿罗汉道，从此增进，故登九法王子住。,手工逐组（门1–14 手写）,直說,從此增進。乃至佛佛。便得橫超實報淨也。,從此增進。乃至佛佛。便得橫超實報淨也。,《選佛譜》卷第六・中品上生・L295,中品上生
4467,第14门,淨土橫超門,卷6,中品上生,阿佛,阿,施善,佛,无漏善慧,行,圓十信位,第13门,升,,「阿」表施善、「佛」表无漏善慧。即得阿罗汉道，从此增进，故入圆十信位。,手工逐组（门1–14 手写）,直說,從此增進。乃至佛佛。便得橫超實報淨也。,從此增進。乃至佛佛。便得橫超實報淨也。,《選佛譜》卷第六・中品上生・L295,中品上生
4468,第14门,淨土橫超門,卷6,中品上生,彌彌,彌,戒善,彌,戒善,行,九法王子住,第12门,升,,「彌彌」二字俱表戒善。闻叹四谛即得阿罗汉道，从此增进，故登九法王子住。,手工逐组（门1–14 手写）,直說,從此增進。乃至佛佛。便得橫超實報淨也。,從此增進。乃至佛佛。便得橫超實報淨也。,《選佛譜》卷第六・中品上生・L295,中品上生
4469,第14门,淨土橫超門,卷6,中品上生,彌陀,彌,戒善,陀,定善,行,十灌頂住,第12门,升,,「彌」表戒善、「陀」表定善。闻叹四谛即得阿罗汉道，从此增进，故登十灌顶住。,手工逐组（门1–14 手写）,直說,從此增進。乃至佛佛。便得橫超實報淨也。,從此增進。乃至佛佛。便得橫超實報淨也。,《選佛譜》卷第六・中品上生・L295,中品上生
4470,第14门,淨土橫超門,卷6,中品上生,彌佛,彌,戒善,佛,无漏善慧,行,方便有餘淨土,第14门,升,,「彌」表戒善、「佛」表无漏善慧。即得阿罗汉道，从此增进，生方便有余净土。,手工逐组（门1–14 手写）,直說,從此增進。乃至佛佛。便得橫超實報淨也。,從此增進。乃至佛佛。便得橫超實報淨也。,《選佛譜》卷第六・中品上生・L295,中品上生
4471,第14门,淨土橫超門,卷6,中品上生,陀陀,陀,定善,陀,定善,行,初歡喜行,第12门,升,,「陀陀」二字俱表定善。闻叹四谛即得阿罗汉道，从此增进，故登初欢喜行。,手工逐组（门1–14 手写）,直說,從此增進。乃至佛佛。便得橫超實報淨也。,從此增進。乃至佛佛。便得橫超實報淨也。,《選佛譜》卷第六・中品上生・L295,中品上生
4472,第14门,淨土橫超門,卷6,中品上生,陀佛,陀,定善,佛,无漏善慧,行,圓十住位,第13门,升,,「陀」表定善、「佛」表无漏善慧。即得阿罗汉道，从此增进，故入圆十住位。,手工逐组（门1–14 手写）,直說,從此增進。乃至佛佛。便得橫超實報淨也。,從此增進。乃至佛佛。便得橫超實報淨也。,《選佛譜》卷第六・中品上生・L295,中品上生
4473,第14门,淨土橫超門,卷6,中品上生,佛佛,佛,无漏善慧,佛,无漏善慧,行,實報莊嚴淨土,第14门,升,,「佛佛」二字俱表无漏善慧。从此增进乃至佛佛，便得横超实报庄严净土。,手工逐组（门1–14 手写）,直說,乃至佛佛。便得橫超實報淨也。,從此增進。乃至佛佛。便得橫超實報淨也。,《選佛譜》卷第六・中品上生・L295,中品上生
4474,第14门,淨土橫超門,卷6,上品下生,那那,那,见烦恼,那,见烦恼,不行·安住本位,,,安住,,「那那」二字俱表见烦恼。此位已住欢喜地，惑不复现起，故不行。,手工逐组（门1–14 手写）,推演,,"若仗阿彌陀佛願力。未斷見思。即能出娑婆穢。生極樂淨。既生極樂。即於彼土得證方便實報寂光三種淨土。不必捨身受身。然後證入。故名為橫也。
然亦永離退緣。遠勝非非想處多矣。故一遇佛。即得見佛聞法。證入別圓諸位也。
陀佛歸方便淨。永離退緣。","《選佛譜》卷第六・門總說・L267
《選佛譜》卷第六・淨土疑城・L271
《選佛譜》卷第六・初發心住・L57",門總說、淨土疑城、初發心住
4475,第14门,淨土橫超門,卷6,上品下生,那謨,那,见烦恼,謨,爱烦恼,不行·安住本位,,,安住,,「那」表见烦恼、「謨」表爱烦恼。此位已住欢喜地，惑不复现起，故不行。,手工逐组（门1–14 手写）,推演,,"若仗阿彌陀佛願力。未斷見思。即能出娑婆穢。生極樂淨。既生極樂。即於彼土得證方便實報寂光三種淨土。不必捨身受身。然後證入。故名為橫也。
然亦永離退緣。遠勝非非想處多矣。故一遇佛。即得見佛聞法。證入別圓諸位也。
陀佛歸方便淨。永離退緣。","《選佛譜》卷第六・門總說・L267
《選佛譜》卷第六・淨土疑城・L271
《選佛譜》卷第六・初發心住・L57",門總說、淨土疑城、初發心住
4476,第14门,淨土橫超門,卷6,上品下生,那阿,那,见烦恼,阿,施善,不行·安住本位,,,安住,,「那」表见烦恼、「阿」表施善。于众相好心不明了，故不行。,手工逐组（门1–14 手写）,通則,,其餘位中。以阿彌陀善。與那謨惡相為對治。二俱無力。所以並不行也。,《選佛譜》卷第一・見取・L57,見取
4477,第14门,淨土橫超門,卷6,上品下生,那彌,那,见烦恼,彌,戒善,不行·安住本位,,,安住,,「那」表见烦恼、「彌」表戒善。于众相好心不明了，故不行。,手工逐组（门1–14 手写）,通則,,其餘位中。以阿彌陀善。與那謨惡相為對治。二俱無力。所以並不行也。,《選佛譜》卷第一・見取・L57,見取
4478,第14门,淨土橫超門,卷6,上品下生,那陀,那,见烦恼,陀,定善,不行·安住本位,,,安住,,「那」表见烦恼、「陀」表定善。于众相好心不明了，故不行。,手工逐组（门1–14 手写）,通則,,其餘位中。以阿彌陀善。與那謨惡相為對治。二俱無力。所以並不行也。,《選佛譜》卷第一・見取・L57,見取
4479,第14门,淨土橫超門,卷6,上品下生,那佛,那,见烦恼,佛,无漏善慧,行,二離垢地,第12门,升,,「那」表见烦恼、「佛」表无漏善慧。依前位之例，从此增进，故登二离垢地。,手工逐组（门1–14 手写）,直說,從此增進。亦可例知。,從此增進。亦可例知。,《選佛譜》卷第六・上品下生・L299,上品下生
4480,第14门,淨土橫超門,卷6,上品下生,謨謨,謨,爱烦恼,謨,爱烦恼,不行·安住本位,,,安住,,「謨謨」二字俱表爱烦恼。此位已住欢喜地，惑不复现起，故不行。,手工逐组（门1–14 手写）,推演,,"若仗阿彌陀佛願力。未斷見思。即能出娑婆穢。生極樂淨。既生極樂。即於彼土得證方便實報寂光三種淨土。不必捨身受身。然後證入。故名為橫也。
然亦永離退緣。遠勝非非想處多矣。故一遇佛。即得見佛聞法。證入別圓諸位也。
陀佛歸方便淨。永離退緣。","《選佛譜》卷第六・門總說・L267
《選佛譜》卷第六・淨土疑城・L271
《選佛譜》卷第六・初發心住・L57",門總說、淨土疑城、初發心住
4481,第14门,淨土橫超門,卷6,上品下生,謨阿,謨,爱烦恼,阿,施善,不行·安住本位,,,安住,,「謨」表爱烦恼、「阿」表施善。于众相好心不明了，故不行。,手工逐组（门1–14 手写）,通則,,其餘位中。以阿彌陀善。與那謨惡相為對治。二俱無力。所以並不行也。,《選佛譜》卷第一・見取・L57,見取
4482,第14门,淨土橫超門,卷6,上品下生,謨彌,謨,爱烦恼,彌,戒善,不行·安住本位,,,安住,,「謨」表爱烦恼、「彌」表戒善。于众相好心不明了，故不行。,手工逐组（门1–14 手写）,通則,,其餘位中。以阿彌陀善。與那謨惡相為對治。二俱無力。所以並不行也。,《選佛譜》卷第一・見取・L57,見取
4483,第14门,淨土橫超門,卷6,上品下生,謨陀,謨,爱烦恼,陀,定善,不行·安住本位,,,安住,,「謨」表爱烦恼、「陀」表定善。于众相好心不明了，故不行。,手工逐组（门1–14 手写）,通則,,其餘位中。以阿彌陀善。與那謨惡相為對治。二俱無力。所以並不行也。,《選佛譜》卷第一・見取・L57,見取
4484,第14门,淨土橫超門,卷6,上品下生,謨佛,謨,爱烦恼,佛,无漏善慧,行,三發光地,第12门,升,,「謨」表爱烦恼、「佛」表无漏善慧。依前位之例，从此增进，故登三发光地。,手工逐组（门1–14 手写）,直說,從此增進。亦可例知。,從此增進。亦可例知。,《選佛譜》卷第六・上品下生・L299,上品下生
4485,第14门,淨土橫超門,卷6,上品下生,阿阿,阿,施善,阿,施善,不行·安住本位,,,安住,,「阿阿」二字俱表施善。一日一夜莲华乃开，七日中方得见佛，故不行。,手工逐组（门1–14 手写）,直說,經三小劫。得百法明門。住歡喜地。故阿阿等三不行。須阿陀乃入位也。,一日一夜。蓮華乃開。七日之中。乃得見佛。雖得見佛。於眾相好。心不明了。三七日後。乃了了見經三小劫。得百法明門。住歡喜地。故阿阿等三不行,《選佛譜》卷第六・上品下生・L299,上品下生
4486,第14门,淨土橫超門,卷6,上品下生,阿彌,阿,施善,彌,戒善,不行·安住本位,,,安住,,「阿」表施善、「彌」表戒善。一日一夜莲华乃开，七日中方得见佛，故不行。,手工逐组（门1–14 手写）,直說,經三小劫。得百法明門。住歡喜地。故阿阿等三不行。須阿陀乃入位也。,一日一夜。蓮華乃開。七日之中。乃得見佛。雖得見佛。於眾相好。心不明了。三七日後。乃了了見經三小劫。得百法明門。住歡喜地。故阿阿等三不行,《選佛譜》卷第六・上品下生・L299,上品下生
4487,第14门,淨土橫超門,卷6,上品下生,阿陀,阿,施善,陀,定善,行,初歡喜地,第12门,升,,「阿」表施善、「陀」表定善。经三小劫得百法明门，须阿陀乃入位，故住初欢喜地。,手工逐组（门1–14 手写）,直說,須阿陀乃入位也。從此增進。亦可例知。,須阿陀乃入位也。,《選佛譜》卷第六・上品下生・L299,上品下生
4488,第14门,淨土橫超門,卷6,上品下生,阿佛,阿,施善,佛,无漏善慧,行,圓十住位,第13门,升,,「阿」表施善、「佛」表无漏善慧。依前位之例，从此增进，故入圆十住位。,手工逐组（门1–14 手写）,直說,從此增進。亦可例知。,從此增進。亦可例知。,《選佛譜》卷第六・上品下生・L299,上品下生
4489,第14门,淨土橫超門,卷6,上品下生,彌彌,彌,戒善,彌,戒善,不行·安住本位,,,安住,,「彌彌」二字俱表戒善。三七日后乃了了见，故不行。,手工逐组（门1–14 手写）,直說,經三小劫。得百法明門。住歡喜地。故阿阿等三不行。須阿陀乃入位也。,一日一夜。蓮華乃開。七日之中。乃得見佛。雖得見佛。於眾相好。心不明了。三七日後。乃了了見經三小劫。得百法明門。住歡喜地。故阿阿等三不行,《選佛譜》卷第六・上品下生・L299,上品下生
4490,第14门,淨土橫超門,卷6,上品下生,彌陀,彌,戒善,陀,定善,行,二離垢地,第12门,升,,「彌」表戒善、「陀」表定善。依前位之例，从此增进，故登二离垢地。,手工逐组（门1–14 手写）,直說,從此增進。亦可例知。,從此增進。亦可例知。,《選佛譜》卷第六・上品下生・L299,上品下生
4491,第14门,淨土橫超門,卷6,上品下生,彌佛,彌,戒善,佛,无漏善慧,行,圓十行位,第13门,升,,「彌」表戒善、「佛」表无漏善慧。依前位之例，从此增进，故入圆十行位。,手工逐组（门1–14 手写）,直說,從此增進。亦可例知。,從此增進。亦可例知。,《選佛譜》卷第六・上品下生・L299,上品下生
4492,第14门,淨土橫超門,卷6,上品下生,陀陀,陀,定善,陀,定善,行,三發光地,第12门,升,,「陀陀」二字俱表定善。依前位之例，从此增进，故登三发光地。,手工逐组（门1–14 手写）,直說,從此增進。亦可例知。,從此增進。亦可例知。,《選佛譜》卷第六・上品下生・L299,上品下生
4493,第14门,淨土橫超門,卷6,上品下生,陀佛,陀,定善,佛,无漏善慧,行,圓十迴向位,第13门,升,,「陀」表定善、「佛」表无漏善慧。依前位之例，从此增进，入圆十回向位。,手工逐组（门1–14 手写）,直說,從此增進。亦可例知。,從此增進。亦可例知。,《選佛譜》卷第六・上品下生・L299,上品下生
4494,第14门,淨土橫超門,卷6,上品下生,佛佛,佛,无漏善慧,佛,无漏善慧,行,圓十地位,第13门,升,,「佛佛」二字俱表无漏善慧。依前位之例，从此增进，故入圆十地位。,手工逐组（门1–14 手写）,直說,從此增進。亦可例知。,從此增進。亦可例知。,《選佛譜》卷第六・上品下生・L299,上品下生
4495,第14门,淨土橫超門,卷6,上品中生,那那,那,见烦恼,那,见烦恼,不行·安住本位,,,安住,,「那那」二字俱表见烦恼。此位于无上菩提得不退转，惑不复现起，故不行。,手工逐组（门1–14 手写）,推演,,"若仗阿彌陀佛願力。未斷見思。即能出娑婆穢。生極樂淨。既生極樂。即於彼土得證方便實報寂光三種淨土。不必捨身受身。然後證入。故名為橫也。
然亦永離退緣。遠勝非非想處多矣。故一遇佛。即得見佛聞法。證入別圓諸位也。
陀佛歸方便淨。永離退緣。","《選佛譜》卷第六・門總說・L267
《選佛譜》卷第六・淨土疑城・L271
《選佛譜》卷第六・初發心住・L57",門總說、淨土疑城、初發心住
4496,第14门,淨土橫超門,卷6,上品中生,那謨,那,见烦恼,謨,爱烦恼,不行·安住本位,,,安住,,「那」表见烦恼、「謨」表爱烦恼。此位得不退转，惑不复现起，故不行。,手工逐组（门1–14 手写）,推演,,"若仗阿彌陀佛願力。未斷見思。即能出娑婆穢。生極樂淨。既生極樂。即於彼土得證方便實報寂光三種淨土。不必捨身受身。然後證入。故名為橫也。
然亦永離退緣。遠勝非非想處多矣。故一遇佛。即得見佛聞法。證入別圓諸位也。
陀佛歸方便淨。永離退緣。","《選佛譜》卷第六・門總說・L267
《選佛譜》卷第六・淨土疑城・L271
《選佛譜》卷第六・初發心住・L57",門總說、淨土疑城、初發心住
4497,第14门,淨土橫超門,卷6,上品中生,那阿,那,见烦恼,阿,施善,不行·安住本位,,,安住,,「那」表见烦恼、「阿」表施善。此位得不退转，惑不复现起，故不行。,手工逐组（门1–14 手写）,通則,,其餘位中。以阿彌陀善。與那謨惡相為對治。二俱無力。所以並不行也。,《選佛譜》卷第一・見取・L57,見取
4498,第14门,淨土橫超門,卷6,上品中生,那彌,那,见烦恼,彌,戒善,不行·安住本位,,,安住,,「那」表见烦恼、「彌」表戒善。此位得不退转，惑不复现起，故不行。,手工逐组（门1–14 手写）,通則,,其餘位中。以阿彌陀善。與那謨惡相為對治。二俱無力。所以並不行也。,《選佛譜》卷第一・見取・L57,見取
4499,第14门,淨土橫超門,卷6,上品中生,那陀,那,见烦恼,陀,定善,不行·安住本位,,,安住,,「那」表见烦恼、「陀」表定善。此位得不退转，惑不复现起，故不行。,手工逐组（门1–14 手写）,通則,,其餘位中。以阿彌陀善。與那謨惡相為對治。二俱無力。所以並不行也。,《選佛譜》卷第一・見取・L57,見取
4500,第14门,淨土橫超門,卷6,上品中生,那佛,那,见烦恼,佛,无漏善慧,行,圓十住位,第13门,升,,「那」表见烦恼、「佛」表无漏善慧。经一小劫得无生忍，现前受记，入圆十住位。,手工逐组（门1–14 手写）,直說,經一小劫。得無生忍。現前受記。故彌陀那佛皆圓住也。,經一小劫。得無生忍。現前受記。故彌陀那佛皆圓住也。,《選佛譜》卷第六・上品中生・L303,上品中生
4501,第14门,淨土橫超門,卷6,上品中生,謨謨,謨,爱烦恼,謨,爱烦恼,不行·安住本位,,,安住,,「謨謨」二字俱表爱烦恼。此位于无上菩提得不退转，惑不复现起，故不行。,手工逐组（门1–14 手写）,推演,,"若仗阿彌陀佛願力。未斷見思。即能出娑婆穢。生極樂淨。既生極樂。即於彼土得證方便實報寂光三種淨土。不必捨身受身。然後證入。故名為橫也。
然亦永離退緣。遠勝非非想處多矣。故一遇佛。即得見佛聞法。證入別圓諸位也。
陀佛歸方便淨。永離退緣。","《選佛譜》卷第六・門總說・L267
《選佛譜》卷第六・淨土疑城・L271
《選佛譜》卷第六・初發心住・L57",門總說、淨土疑城、初發心住
4502,第14门,淨土橫超門,卷6,上品中生,謨阿,謨,爱烦恼,阿,施善,不行·安住本位,,,安住,,「謨」表爱烦恼、「阿」表施善。此位得不退转，惑不复现起，故不行。,手工逐组（门1–14 手写）,通則,,其餘位中。以阿彌陀善。與那謨惡相為對治。二俱無力。所以並不行也。,《選佛譜》卷第一・見取・L57,見取
4503,第14门,淨土橫超門,卷6,上品中生,謨彌,謨,爱烦恼,彌,戒善,不行·安住本位,,,安住,,「謨」表爱烦恼、「彌」表戒善。此位得不退转，惑不复现起，故不行。,手工逐组（门1–14 手写）,通則,,其餘位中。以阿彌陀善。與那謨惡相為對治。二俱無力。所以並不行也。,《選佛譜》卷第一・見取・L57,見取
4504,第14门,淨土橫超門,卷6,上品中生,謨陀,謨,爱烦恼,陀,定善,不行·安住本位,,,安住,,「謨」表爱烦恼、「陀」表定善。此位得不退转，惑不复现起，故不行。,手工逐组（门1–14 手写）,通則,,其餘位中。以阿彌陀善。與那謨惡相為對治。二俱無力。所以並不行也。,《選佛譜》卷第一・見取・L57,見取
4505,第14门,淨土橫超門,卷6,上品中生,謨佛,謨,爱烦恼,佛,无漏善慧,行,圓十行位,第13门,升,,「謨」表爱烦恼、「佛」表无漏善慧。经一小劫得无生忍，依前位之例，入圆十行位。,手工逐组（门1–14 手写）,承注,,從此增進。亦可例知。,"《選佛譜》・中品上生・上品下生・L295,299",中品上生・上品下生
4506,第14门,淨土橫超門,卷6,上品中生,阿阿,阿,施善,阿,施善,不行·安住本位,,,安住,,「阿阿」二字俱表施善。紫金台经宿则开，经于七日方得不退转，故不行。,手工逐组（门1–14 手写）,直說,經於七日。即於無上菩提得不退轉。故阿阿等二不行。,此紫金臺。如大寶華。經㝛則開。經於七日。即於無上菩提得不退轉。故阿阿等二不行。,《選佛譜》卷第六・上品中生・L303,上品中生
4507,第14门,淨土橫超門,卷6,上品中生,阿彌,阿,施善,彌,戒善,不行·安住本位,,,安住,,「阿」表施善、「彌」表戒善。紫金台经宿则开，经于七日方得不退转，故不行。,手工逐组（门1–14 手写）,直說,經於七日。即於無上菩提得不退轉。故阿阿等二不行。,此紫金臺。如大寶華。經㝛則開。經於七日。即於無上菩提得不退轉。故阿阿等二不行。,《選佛譜》卷第六・上品中生・L303,上品中生
4508,第14门,淨土橫超門,卷6,上品中生,阿陀,阿,施善,陀,定善,行,圓十信位,第13门,升,,「阿」表施善、「陀」表定善。经于七日即得不退转，依前位之例，入圆十信位。,手工逐组（门1–14 手写）,承注,,從此增進。亦可例知。,"《選佛譜》・中品上生・上品下生・L295,299",中品上生・上品下生
4509,第14门,淨土橫超門,卷6,上品中生,阿佛,阿,施善,佛,无漏善慧,行,圓十迴向位,第13门,升,,「阿」表施善、「佛」表无漏善慧。得无生忍现前受记，依前位之例，入圆十回向位。,手工逐组（门1–14 手写）,承注,,從此增進。亦可例知。,"《選佛譜》・中品上生・上品下生・L295,299",中品上生・上品下生
4510,第14门,淨土橫超門,卷6,上品中生,彌彌,彌,戒善,彌,戒善,行,圓十信位,第13门,升,,「彌彌」二字俱表戒善。经于七日即于无上菩提得不退转，故证圆十信位。,手工逐组（门1–14 手写）,直說,而彌彌證圓信也。,而彌彌證圓信也。,《選佛譜》卷第六・上品中生・L303,上品中生
4511,第14门,淨土橫超門,卷6,上品中生,彌陀,彌,戒善,陀,定善,行,圓十住位,第13门,升,,「彌」表戒善、「陀」表定善。经一小劫得无生忍，现前受记，故入圆十住位。,手工逐组（门1–14 手写）,直說,經一小劫。得無生忍。現前受記。故彌陀那佛皆圓住也。,經一小劫。得無生忍。現前受記。故彌陀那佛皆圓住也。,《選佛譜》卷第六・上品中生・L303,上品中生
4512,第14门,淨土橫超門,卷6,上品中生,彌佛,彌,戒善,佛,无漏善慧,行,圓十地位,第13门,升,,「彌」表戒善、「佛」表无漏善慧。得无生忍现前受记，依前位之例，入圆十地位。,手工逐组（门1–14 手写）,承注,,從此增進。亦可例知。,"《選佛譜》・中品上生・上品下生・L295,299",中品上生・上品下生
4513,第14门,淨土橫超門,卷6,上品中生,陀陀,陀,定善,陀,定善,行,圓十行位,第13门,升,,「陀陀」二字俱表定善。经一小劫得无生忍，依前位之例，入圆十行位。,手工逐组（门1–14 手写）,承注,,從此增進。亦可例知。,"《選佛譜》・中品上生・上品下生・L295,299",中品上生・上品下生
4514,第14门,淨土橫超門,卷6,上品中生,陀佛,陀,定善,佛,无漏善慧,行,圓等覺位,第13门,升,,「陀」表定善、「佛」表无漏善慧。其中多有一生补处，故成圆等觉位。,手工逐组（门1–14 手写）,直說,其中多有一生補處。故陀佛成圓等覺。,其中多有一生補處。故陀佛成圓等覺。佛佛金剛後心。,《選佛譜》卷第六・上品中生・L303,上品中生
4515,第14门,淨土橫超門,卷6,上品中生,佛佛,佛,无漏善慧,佛,无漏善慧,行,金剛後心,第13门,升,,「佛佛」二字俱表无漏善慧。其中多有一生补处，故成金刚后心。,手工逐组（门1–14 手写）,直說,佛佛金剛後心。,其中多有一生補處。故陀佛成圓等覺。佛佛金剛後心。,《選佛譜》卷第六・上品中生・L303,上品中生
4516,第14门,淨土橫超門,卷6,上品上生,那那,那,见烦恼,那,见烦恼,不行·安住本位,,,安住,,「那那」二字俱表见烦恼。此位悟无生忍，惑不复现起，故不行。,手工逐组（门1–14 手写）,推演,,"若仗阿彌陀佛願力。未斷見思。即能出娑婆穢。生極樂淨。既生極樂。即於彼土得證方便實報寂光三種淨土。不必捨身受身。然後證入。故名為橫也。
然亦永離退緣。遠勝非非想處多矣。故一遇佛。即得見佛聞法。證入別圓諸位也。
陀佛歸方便淨。永離退緣。","《選佛譜》卷第六・門總說・L267
《選佛譜》卷第六・淨土疑城・L271
《選佛譜》卷第六・初發心住・L57",門總說、淨土疑城、初發心住
4517,第14门,淨土橫超門,卷6,上品上生,那謨,那,见烦恼,謨,爱烦恼,不行·安住本位,,,安住,,「那」表见烦恼、「謨」表爱烦恼。此位悟无生忍，惑不复现起，故不行。,手工逐组（门1–14 手写）,推演,,"若仗阿彌陀佛願力。未斷見思。即能出娑婆穢。生極樂淨。既生極樂。即於彼土得證方便實報寂光三種淨土。不必捨身受身。然後證入。故名為橫也。
然亦永離退緣。遠勝非非想處多矣。故一遇佛。即得見佛聞法。證入別圓諸位也。
陀佛歸方便淨。永離退緣。","《選佛譜》卷第六・門總說・L267
《選佛譜》卷第六・淨土疑城・L271
《選佛譜》卷第六・初發心住・L57",門總說、淨土疑城、初發心住
4518,第14门,淨土橫超門,卷6,上品上生,那阿,那,见烦恼,阿,施善,不行·安住本位,,,安住,,「那」表见烦恼、「阿」表施善。此位悟无生忍，惑不复现起，故不行。,手工逐组（门1–14 手写）,通則,,其餘位中。以阿彌陀善。與那謨惡相為對治。二俱無力。所以並不行也。,《選佛譜》卷第一・見取・L57,見取
4519,第14门,淨土橫超門,卷6,上品上生,那彌,那,见烦恼,彌,戒善,不行·安住本位,,,安住,,「那」表见烦恼、「彌」表戒善。此位悟无生忍，惑不复现起，故不行。,手工逐组（门1–14 手写）,通則,,其餘位中。以阿彌陀善。與那謨惡相為對治。二俱無力。所以並不行也。,《選佛譜》卷第一・見取・L57,見取
4520,第14门,淨土橫超門,卷6,上品上生,那陀,那,见烦恼,陀,定善,不行·安住本位,,,安住,,「那」表见烦恼、「陀」表定善。此位悟无生忍，惑不复现起，故不行。,手工逐组（门1–14 手写）,通則,,其餘位中。以阿彌陀善。與那謨惡相為對治。二俱無力。所以並不行也。,《選佛譜》卷第一・見取・L57,見取
4521,第14门,淨土橫超門,卷6,上品上生,那佛,那,见烦恼,佛,无漏善慧,行,圓十行位,第13门,升,,「那」表见烦恼、「佛」表无漏善慧。见佛闻法悟无生忍，依本位之例，入圆十行位。,手工逐组（门1–14 手写）,承注,,從此增進。亦可例知。,"《選佛譜》・中品上生・上品下生・L295,299",中品上生・上品下生
4522,第14门,淨土橫超門,卷6,上品上生,謨謨,謨,爱烦恼,謨,爱烦恼,不行·安住本位,,,安住,,「謨謨」二字俱表爱烦恼。此位悟无生忍，惑不复现起，故不行。,手工逐组（门1–14 手写）,推演,,"若仗阿彌陀佛願力。未斷見思。即能出娑婆穢。生極樂淨。既生極樂。即於彼土得證方便實報寂光三種淨土。不必捨身受身。然後證入。故名為橫也。
然亦永離退緣。遠勝非非想處多矣。故一遇佛。即得見佛聞法。證入別圓諸位也。
陀佛歸方便淨。永離退緣。","《選佛譜》卷第六・門總說・L267
《選佛譜》卷第六・淨土疑城・L271
《選佛譜》卷第六・初發心住・L57",門總說、淨土疑城、初發心住
4523,第14门,淨土橫超門,卷6,上品上生,謨阿,謨,爱烦恼,阿,施善,不行·安住本位,,,安住,,「謨」表爱烦恼、「阿」表施善。此位悟无生忍，惑不复现起，故不行。,手工逐组（门1–14 手写）,通則,,其餘位中。以阿彌陀善。與那謨惡相為對治。二俱無力。所以並不行也。,《選佛譜》卷第一・見取・L57,見取
4524,第14门,淨土橫超門,卷6,上品上生,謨彌,謨,爱烦恼,彌,戒善,不行·安住本位,,,安住,,「謨」表爱烦恼、「彌」表戒善。此位悟无生忍，惑不复现起，故不行。,手工逐组（门1–14 手写）,通則,,其餘位中。以阿彌陀善。與那謨惡相為對治。二俱無力。所以並不行也。,《選佛譜》卷第一・見取・L57,見取
4525,第14门,淨土橫超門,卷6,上品上生,謨陀,謨,爱烦恼,陀,定善,不行·安住本位,,,安住,,「謨」表爱烦恼、「陀」表定善。此位悟无生忍，惑不复现起，故不行。,手工逐组（门1–14 手写）,通則,,其餘位中。以阿彌陀善。與那謨惡相為對治。二俱無力。所以並不行也。,《選佛譜》卷第一・見取・L57,見取
4526,第14门,淨土橫超門,卷6,上品上生,謨佛,謨,爱烦恼,佛,无漏善慧,行,圓十迴向位,第13门,升,,「謨」表爱烦恼、「佛」表无漏善慧。悟无生忍次第受记，依本位之例，入圆十回向位。,手工逐组（门1–14 手写）,承注,,從此增進。亦可例知。,"《選佛譜》・中品上生・上品下生・L295,299",中品上生・上品下生
4527,第14门,淨土橫超門,卷6,上品上生,阿阿,阿,施善,阿,施善,行,圓十住位,第13门,升,,「阿阿」二字俱表施善。弹指顷往生彼国，见佛闻法悟无生忍，即证圆十住位。,手工逐组（门1–14 手写）,直說,故阿阿即證圓十住也。,如彈指頃。往生彼國。見佛聞法。悟無生忍。於諸佛前。次第受記。故阿阿即證圓十住也。,《選佛譜》卷第六・上品上生・L307,上品上生
4528,第14门,淨土橫超門,卷6,上品上生,阿彌,阿,施善,彌,戒善,行,圓十行位,第13门,升,,「阿」表施善、「彌」表戒善。于诸佛前次第受记，依本位之例，故入圆十行位。,手工逐组（门1–14 手写）,承注,,從此增進。亦可例知。,"《選佛譜》・中品上生・上品下生・L295,299",中品上生・上品下生
4529,第14门,淨土橫超門,卷6,上品上生,阿陀,阿,施善,陀,定善,行,圓十行位,第13门,升,,「阿」表施善、「陀」表定善。于诸佛前次第受记，依本位之例，故入圆十行位。,手工逐组（门1–14 手写）,承注,,從此增進。亦可例知。,"《選佛譜》・中品上生・上品下生・L295,299",中品上生・上品下生
4530,第14门,淨土橫超門,卷6,上品上生,阿佛,阿,施善,佛,无漏善慧,行,圓十地位,第13门,升,,「阿」表施善、「佛」表无漏善慧。悟无生忍次第受记，依本位之例，故入圆十地位。,手工逐组（门1–14 手写）,承注,,從此增進。亦可例知。,"《選佛譜》・中品上生・上品下生・L295,299",中品上生・上品下生
4531,第14门,淨土橫超門,卷6,上品上生,彌彌,彌,戒善,彌,戒善,行,圓十行位,第13门,升,,「彌彌」二字俱表戒善。于诸佛前次第受记，依本位之例，故入圆十行位。,手工逐组（门1–14 手写）,承注,,從此增進。亦可例知。,"《選佛譜》・中品上生・上品下生・L295,299",中品上生・上品下生
4532,第14门,淨土橫超門,卷6,上品上生,彌陀,彌,戒善,陀,定善,行,圓十迴向位,第13门,升,,「彌」表戒善、「陀」表定善。于诸佛前次第受记，依本位之例，入圆十回向位。,手工逐组（门1–14 手写）,承注,,從此增進。亦可例知。,"《選佛譜》・中品上生・上品下生・L295,299",中品上生・上品下生
4533,第14门,淨土橫超門,卷6,上品上生,彌佛,彌,戒善,佛,无漏善慧,行,圓等覺位,第13门,升,,「彌」表戒善、「佛」表无漏善慧。悟无生忍次第受记，依本位之例，故入圆等觉位。,手工逐组（门1–14 手写）,承注,,從此增進。亦可例知。,"《選佛譜》・中品上生・上品下生・L295,299",中品上生・上品下生
4534,第14门,淨土橫超門,卷6,上品上生,陀陀,陀,定善,陀,定善,行,圓十迴向位,第13门,升,,「陀陀」二字俱表定善。于诸佛前次第受记，依本位之例，入圆十回向位。,手工逐组（门1–14 手写）,承注,,從此增進。亦可例知。,"《選佛譜》・中品上生・上品下生・L295,299",中品上生・上品下生
4535,第14门,淨土橫超門,卷6,上品上生,陀佛,陀,定善,佛,无漏善慧,行,金剛後心,第13门,升,,「陀」表定善、「佛」表无漏善慧。悟无生忍次第受记，依本位之例，故入金刚后心。,手工逐组（门1–14 手写）,承注,,從此增進。亦可例知。,"《選佛譜》・中品上生・上品下生・L295,299",中品上生・上品下生
4536,第14门,淨土橫超門,卷6,上品上生,佛佛,佛,无漏善慧,佛,无漏善慧,行,佛,第15门,升,,「佛佛」二字俱表无漏善慧。至圆至顿不思议，即证寂光上上品，选佛及第。,手工逐组（门1–14 手写）,直說,行法原文「佛佛。寂光上上」；譜曰「佛佛即證寂光上上品者。至圓至頓。不思議故」——寂光上上品即極果位。,佛佛即證寂光上上品者。至圓至頓。不思議故。,《選佛譜》卷第六・上品上生・L307,上品上生
4537,第14门,淨土橫超門,卷6,方便有餘淨土,那那,那,见烦恼,那,见烦恼,不行·安住本位,,,安住,,「那那」二字俱表见烦恼。此土三界惑尽，惑不复现起，故不行。,手工逐组（门1–14 手写）,推演,,"若仗阿彌陀佛願力。未斷見思。即能出娑婆穢。生極樂淨。既生極樂。即於彼土得證方便實報寂光三種淨土。不必捨身受身。然後證入。故名為橫也。
然亦永離退緣。遠勝非非想處多矣。故一遇佛。即得見佛聞法。證入別圓諸位也。
陀佛歸方便淨。永離退緣。","《選佛譜》卷第六・門總說・L267
《選佛譜》卷第六・淨土疑城・L271
《選佛譜》卷第六・初發心住・L57",門總說、淨土疑城、初發心住
4538,第14门,淨土橫超門,卷6,方便有餘淨土,那謨,那,见烦恼,謨,爱烦恼,不行·安住本位,,,安住,,「那」表见烦恼、「謨」表爱烦恼。此土三界惑尽，惑不复现起，故不行。,手工逐组（门1–14 手写）,推演,,"若仗阿彌陀佛願力。未斷見思。即能出娑婆穢。生極樂淨。既生極樂。即於彼土得證方便實報寂光三種淨土。不必捨身受身。然後證入。故名為橫也。
然亦永離退緣。遠勝非非想處多矣。故一遇佛。即得見佛聞法。證入別圓諸位也。
陀佛歸方便淨。永離退緣。","《選佛譜》卷第六・門總說・L267
《選佛譜》卷第六・淨土疑城・L271
《選佛譜》卷第六・初發心住・L57",門總說、淨土疑城、初發心住
4539,第14门,淨土橫超門,卷6,方便有餘淨土,那阿,那,见烦恼,阿,施善,不行·安住本位,,,安住,,「那」表见烦恼、「阿」表施善。此土三界惑尽，惑不复现起，故不行。,手工逐组（门1–14 手写）,通則,,其餘位中。以阿彌陀善。與那謨惡相為對治。二俱無力。所以並不行也。,《選佛譜》卷第一・見取・L57,見取
4540,第14门,淨土橫超門,卷6,方便有餘淨土,那彌,那,见烦恼,彌,戒善,不行·安住本位,,,安住,,「那」表见烦恼、「彌」表戒善。此土三界惑尽，惑不复现起，故不行。,手工逐组（门1–14 手写）,通則,,其餘位中。以阿彌陀善。與那謨惡相為對治。二俱無力。所以並不行也。,《選佛譜》卷第一・見取・L57,見取
4541,第14门,淨土橫超門,卷6,方便有餘淨土,那陀,那,见烦恼,陀,定善,不行·安住本位,,,安住,,「那」表见烦恼、「陀」表定善。此土三界惑尽，惑不复现起，故不行。,手工逐组（门1–14 手写）,通則,,其餘位中。以阿彌陀善。與那謨惡相為對治。二俱無力。所以並不行也。,《選佛譜》卷第一・見取・L57,見取
4542,第14门,淨土橫超門,卷6,方便有餘淨土,那佛,那,见烦恼,佛,无漏善慧,行,圓十行位,第13门,升,,「那」表见烦恼、「佛」表无漏善慧。此土升进一往与上上品同，故入圆十行位。,手工逐组（门1–14 手写）,直說,故今方便淨土所有升進。一往與彼上上品同。,故今方便淨土所有升進。一往與彼上上品同。,《選佛譜》卷第六・方便有餘淨土・L311,方便有餘淨土
4543,第14门,淨土橫超門,卷6,方便有餘淨土,謨謨,謨,爱烦恼,謨,爱烦恼,不行·安住本位,,,安住,,「謨謨」二字俱表爱烦恼。此土三界惑尽，惑不复现起，故不行。,手工逐组（门1–14 手写）,推演,,"若仗阿彌陀佛願力。未斷見思。即能出娑婆穢。生極樂淨。既生極樂。即於彼土得證方便實報寂光三種淨土。不必捨身受身。然後證入。故名為橫也。
然亦永離退緣。遠勝非非想處多矣。故一遇佛。即得見佛聞法。證入別圓諸位也。
陀佛歸方便淨。永離退緣。","《選佛譜》卷第六・門總說・L267
《選佛譜》卷第六・淨土疑城・L271
《選佛譜》卷第六・初發心住・L57",門總說、淨土疑城、初發心住
4544,第14门,淨土橫超門,卷6,方便有餘淨土,謨阿,謨,爱烦恼,阿,施善,不行·安住本位,,,安住,,「謨」表爱烦恼、「阿」表施善。此土三界惑尽，惑不复现起，故不行。,手工逐组（门1–14 手写）,通則,,其餘位中。以阿彌陀善。與那謨惡相為對治。二俱無力。所以並不行也。,《選佛譜》卷第一・見取・L57,見取
4545,第14门,淨土橫超門,卷6,方便有餘淨土,謨彌,謨,爱烦恼,彌,戒善,不行·安住本位,,,安住,,「謨」表爱烦恼、「彌」表戒善。此土三界惑尽，惑不复现起，故不行。,手工逐组（门1–14 手写）,通則,,其餘位中。以阿彌陀善。與那謨惡相為對治。二俱無力。所以並不行也。,《選佛譜》卷第一・見取・L57,見取
4546,第14门,淨土橫超門,卷6,方便有餘淨土,謨陀,謨,爱烦恼,陀,定善,不行·安住本位,,,安住,,「謨」表爱烦恼、「陀」表定善。此土三界惑尽，惑不复现起，故不行。,手工逐组（门1–14 手写）,通則,,其餘位中。以阿彌陀善。與那謨惡相為對治。二俱無力。所以並不行也。,《選佛譜》卷第一・見取・L57,見取
4547,第14门,淨土橫超門,卷6,方便有餘淨土,謨佛,謨,爱烦恼,佛,无漏善慧,行,圓十迴向位,第13门,升,,「謨」表爱烦恼、「佛」表无漏善慧。此土升进一往与上上品同，入圆十回向位。,手工逐组（门1–14 手写）,直說,故今方便淨土所有升進。一往與彼上上品同。,故今方便淨土所有升進。一往與彼上上品同。,《選佛譜》卷第六・方便有餘淨土・L311,方便有餘淨土
4548,第14门,淨土橫超門,卷6,方便有餘淨土,阿阿,阿,施善,阿,施善,行,圓十住位,第13门,升,,「阿阿」二字俱表施善。此土升进一往与上上品同，故入圆十住位。,手工逐组（门1–14 手写）,直說,故今方便淨土所有升進。一往與彼上上品同。,故今方便淨土所有升進。一往與彼上上品同。,《選佛譜》卷第六・方便有餘淨土・L311,方便有餘淨土
4549,第14门,淨土橫超門,卷6,方便有餘淨土,阿彌,阿,施善,彌,戒善,行,圓十行位,第13门,升,,「阿」表施善、「彌」表戒善。此土升进一往与上上品同，故入圆十行位。,手工逐组（门1–14 手写）,直說,故今方便淨土所有升進。一往與彼上上品同。,故今方便淨土所有升進。一往與彼上上品同。,《選佛譜》卷第六・方便有餘淨土・L311,方便有餘淨土
4550,第14门,淨土橫超門,卷6,方便有餘淨土,阿陀,阿,施善,陀,定善,行,圓十行位,第13门,升,,「阿」表施善、「陀」表定善。此土升进一往与上上品同，故入圆十行位。,手工逐组（门1–14 手写）,直說,故今方便淨土所有升進。一往與彼上上品同。,故今方便淨土所有升進。一往與彼上上品同。,《選佛譜》卷第六・方便有餘淨土・L311,方便有餘淨土
4551,第14门,淨土橫超門,卷6,方便有餘淨土,阿佛,阿,施善,佛,无漏善慧,行,圓十地位,第13门,升,,「阿」表施善、「佛」表无漏善慧。此土升进一往与上上品同，故入圆十地位。,手工逐组（门1–14 手写）,直說,故今方便淨土所有升進。一往與彼上上品同。,故今方便淨土所有升進。一往與彼上上品同。,《選佛譜》卷第六・方便有餘淨土・L311,方便有餘淨土
4552,第14门,淨土橫超門,卷6,方便有餘淨土,彌彌,彌,戒善,彌,戒善,行,圓十行位,第13门,升,,「彌彌」二字俱表戒善。此土升进一往与上上品同，故入圆十行位。,手工逐组（门1–14 手写）,直說,故今方便淨土所有升進。一往與彼上上品同。,故今方便淨土所有升進。一往與彼上上品同。,《選佛譜》卷第六・方便有餘淨土・L311,方便有餘淨土
4553,第14门,淨土橫超門,卷6,方便有餘淨土,彌陀,彌,戒善,陀,定善,行,圓十迴向位,第13门,升,,「彌」表戒善、「陀」表定善。此土升进一往与上上品同，入圆十回向位。,手工逐组（门1–14 手写）,直說,故今方便淨土所有升進。一往與彼上上品同。,故今方便淨土所有升進。一往與彼上上品同。,《選佛譜》卷第六・方便有餘淨土・L311,方便有餘淨土
4554,第14门,淨土橫超門,卷6,方便有餘淨土,彌佛,彌,戒善,佛,无漏善慧,行,實報莊嚴淨土,第14门,升,,「彌」表戒善、「佛」表无漏善慧。既生极乐即得竖进一土，生实报庄严净土。,手工逐组（门1–14 手写）,推演,故今方便淨土所有升進。一往與彼上上品同。,"彌佛。實報淨土　陀佛。寂光淨土　佛佛。究竟妙覺
况同居上品。已屬圓信所生。即與方便淨土無別。故今方便淨土所有升進。一往與彼上上品同。
既生極樂。即於彼土得證方便實報寂光三種淨土。不必捨身受身。然後證入。故名為橫也。","《選佛譜》卷第六・方便有餘淨土・L309
《選佛譜》卷第六・方便有餘淨土・L311
《選佛譜》卷第六・門總說・L267",方便有餘淨土、門總說
4555,第14门,淨土橫超門,卷6,方便有餘淨土,陀陀,陀,定善,陀,定善,行,圓十迴向位,第13门,升,,「陀陀」二字俱表定善。此土升进一往与上上品同，入圆十回向位。,手工逐组（门1–14 手写）,直說,故今方便淨土所有升進。一往與彼上上品同。,故今方便淨土所有升進。一往與彼上上品同。,《選佛譜》卷第六・方便有餘淨土・L311,方便有餘淨土
4556,第14门,淨土橫超門,卷6,方便有餘淨土,陀佛,陀,定善,佛,无漏善慧,行,常寂光淨土,第14门,升,,「陀」表定善、「佛」表无漏善慧。既生极乐即得竖进二土，生常寂光净土。,手工逐组（门1–14 手写）,推演,故今方便淨土所有升進。一往與彼上上品同。,"彌佛。實報淨土　陀佛。寂光淨土　佛佛。究竟妙覺
况同居上品。已屬圓信所生。即與方便淨土無別。故今方便淨土所有升進。一往與彼上上品同。
既生極樂。即於彼土得證方便實報寂光三種淨土。不必捨身受身。然後證入。故名為橫也。","《選佛譜》卷第六・方便有餘淨土・L309
《選佛譜》卷第六・方便有餘淨土・L311
《選佛譜》卷第六・門總說・L267",方便有餘淨土、門總說
4557,第14门,淨土橫超門,卷6,方便有餘淨土,佛佛,佛,无漏善慧,佛,无漏善慧,行,佛,第15门,升,,「佛佛」二字俱表无漏善慧。顿超直入，究尽体性，故成圆教究竟妙觉位。,手工逐组（门1–14 手写）,推演,故今方便淨土所有升進。一往與彼上上品同。,"彌佛。實報淨土　陀佛。寂光淨土　佛佛。究竟妙覺
况同居上品。已屬圓信所生。即與方便淨土無別。故今方便淨土所有升進。一往與彼上上品同。
既生極樂。即於彼土得證方便實報寂光三種淨土。不必捨身受身。然後證入。故名為橫也。","《選佛譜》卷第六・方便有餘淨土・L309
《選佛譜》卷第六・方便有餘淨土・L311
《選佛譜》卷第六・門總說・L267",方便有餘淨土、門總說
4558,第14门,淨土橫超門,卷6,實報莊嚴淨土,那那,那,见烦恼,那,见烦恼,不行·安住本位,,,安住,,「那那」二字俱表见烦恼。此土色心无碍身土难思，惑不复现起，故不行。,手工逐组（门1–14 手写）,推演,,"若仗阿彌陀佛願力。未斷見思。即能出娑婆穢。生極樂淨。既生極樂。即於彼土得證方便實報寂光三種淨土。不必捨身受身。然後證入。故名為橫也。
然亦永離退緣。遠勝非非想處多矣。故一遇佛。即得見佛聞法。證入別圓諸位也。
陀佛歸方便淨。永離退緣。","《選佛譜》卷第六・門總說・L267
《選佛譜》卷第六・淨土疑城・L271
《選佛譜》卷第六・初發心住・L57",門總說、淨土疑城、初發心住
4559,第14门,淨土橫超門,卷6,實報莊嚴淨土,那謨,那,见烦恼,謨,爱烦恼,不行·安住本位,,,安住,,「那」表见烦恼、「謨」表爱烦恼。此土色心无碍，惑不复现起，故不行。,手工逐组（门1–14 手写）,推演,,"若仗阿彌陀佛願力。未斷見思。即能出娑婆穢。生極樂淨。既生極樂。即於彼土得證方便實報寂光三種淨土。不必捨身受身。然後證入。故名為橫也。
然亦永離退緣。遠勝非非想處多矣。故一遇佛。即得見佛聞法。證入別圓諸位也。
陀佛歸方便淨。永離退緣。","《選佛譜》卷第六・門總說・L267
《選佛譜》卷第六・淨土疑城・L271
《選佛譜》卷第六・初發心住・L57",門總說、淨土疑城、初發心住
4560,第14门,淨土橫超門,卷6,實報莊嚴淨土,那阿,那,见烦恼,阿,施善,不行·安住本位,,,安住,,「那」表见烦恼、「阿」表施善。此土色心无碍，惑不复现起，故不行。,手工逐组（门1–14 手写）,推演,,"實報莊嚴淨土　　(阿阿　阿彌　彌彌。皆贈一　阿陀　彌陀　陀陀。皆贈二　那佛。贈一　謨佛。贈二　阿佛。寂光淨土　彌佛　陀佛　佛佛。皆實報上上品)
其餘位中。以阿彌陀善。與那謨惡相為對治。二俱無力。所以並不行也。","《選佛譜》卷第六・實報莊嚴淨土・L313
《選佛譜》卷第一・見取・L57",實報莊嚴淨土、見取
4561,第14门,淨土橫超門,卷6,實報莊嚴淨土,那彌,那,见烦恼,彌,戒善,不行·安住本位,,,安住,,「那」表见烦恼、「彌」表戒善。此土色心无碍，惑不复现起，故不行。,手工逐组（门1–14 手写）,推演,,"實報莊嚴淨土　　(阿阿　阿彌　彌彌。皆贈一　阿陀　彌陀　陀陀。皆贈二　那佛。贈一　謨佛。贈二　阿佛。寂光淨土　彌佛　陀佛　佛佛。皆實報上上品)
其餘位中。以阿彌陀善。與那謨惡相為對治。二俱無力。所以並不行也。","《選佛譜》卷第六・實報莊嚴淨土・L313
《選佛譜》卷第一・見取・L57",實報莊嚴淨土、見取
4562,第14门,淨土橫超門,卷6,實報莊嚴淨土,那陀,那,见烦恼,陀,定善,不行·安住本位,,,安住,,「那」表见烦恼、「陀」表定善。此土色心无碍，惑不复现起，故不行。,手工逐组（门1–14 手写）,推演,,"實報莊嚴淨土　　(阿阿　阿彌　彌彌。皆贈一　阿陀　彌陀　陀陀。皆贈二　那佛。贈一　謨佛。贈二　阿佛。寂光淨土　彌佛　陀佛　佛佛。皆實報上上品)
其餘位中。以阿彌陀善。與那謨惡相為對治。二俱無力。所以並不行也。","《選佛譜》卷第六・實報莊嚴淨土・L313
《選佛譜》卷第一・見取・L57",實報莊嚴淨土、見取
4563,第14门,淨土橫超門,卷6,實報莊嚴淨土,那佛,那,见烦恼,佛,无漏善慧,贈掷·不移位,,,贈掷,贈一掷,「那」表见烦恼、「佛」表无漏善慧。八品束为此位，表其至圆顿，故得赠掷、仍在本位掷。,手工逐组（门1–14 手写）,推演,,"阿阿　阿彌　彌彌。皆贈一　阿陀　彌陀　陀陀。皆贈二　那佛。贈一　謨佛。贈二　阿佛。寂光淨土　彌佛　陀佛　佛佛。皆實報上上品
此亦可分九品。初發心住。為下下品。乃至究竟妙覺。為上上品。今但除上上品入極果位。餘之八品。束為此位。表其至圓頓故。","《選佛譜》卷第六・實報莊嚴淨土・L313
《選佛譜》卷第六・實報莊嚴淨土・L315",實報莊嚴淨土
4564,第14门,淨土橫超門,卷6,實報莊嚴淨土,謨謨,謨,爱烦恼,謨,爱烦恼,不行·安住本位,,,安住,,「謨謨」二字俱表爱烦恼。此土色心无碍身土难思，惑不复现起，故不行。,手工逐组（门1–14 手写）,推演,,"若仗阿彌陀佛願力。未斷見思。即能出娑婆穢。生極樂淨。既生極樂。即於彼土得證方便實報寂光三種淨土。不必捨身受身。然後證入。故名為橫也。
然亦永離退緣。遠勝非非想處多矣。故一遇佛。即得見佛聞法。證入別圓諸位也。
陀佛歸方便淨。永離退緣。","《選佛譜》卷第六・門總說・L267
《選佛譜》卷第六・淨土疑城・L271
《選佛譜》卷第六・初發心住・L57",門總說、淨土疑城、初發心住
4565,第14门,淨土橫超門,卷6,實報莊嚴淨土,謨阿,謨,爱烦恼,阿,施善,不行·安住本位,,,安住,,「謨」表爱烦恼、「阿」表施善。此土色心无碍，惑不复现起，故不行。,手工逐组（门1–14 手写）,推演,,"實報莊嚴淨土　　(阿阿　阿彌　彌彌。皆贈一　阿陀　彌陀　陀陀。皆贈二　那佛。贈一　謨佛。贈二　阿佛。寂光淨土　彌佛　陀佛　佛佛。皆實報上上品)
其餘位中。以阿彌陀善。與那謨惡相為對治。二俱無力。所以並不行也。","《選佛譜》卷第六・實報莊嚴淨土・L313
《選佛譜》卷第一・見取・L57",實報莊嚴淨土、見取
4566,第14门,淨土橫超門,卷6,實報莊嚴淨土,謨彌,謨,爱烦恼,彌,戒善,不行·安住本位,,,安住,,「謨」表爱烦恼、「彌」表戒善。此土色心无碍，惑不复现起，故不行。,手工逐组（门1–14 手写）,推演,,"實報莊嚴淨土　　(阿阿　阿彌　彌彌。皆贈一　阿陀　彌陀　陀陀。皆贈二　那佛。贈一　謨佛。贈二　阿佛。寂光淨土　彌佛　陀佛　佛佛。皆實報上上品)
其餘位中。以阿彌陀善。與那謨惡相為對治。二俱無力。所以並不行也。","《選佛譜》卷第六・實報莊嚴淨土・L313
《選佛譜》卷第一・見取・L57",實報莊嚴淨土、見取
4567,第14门,淨土橫超門,卷6,實報莊嚴淨土,謨陀,謨,爱烦恼,陀,定善,不行·安住本位,,,安住,,「謨」表爱烦恼、「陀」表定善。此土色心无碍，惑不复现起，故不行。,手工逐组（门1–14 手写）,推演,,"實報莊嚴淨土　　(阿阿　阿彌　彌彌。皆贈一　阿陀　彌陀　陀陀。皆贈二　那佛。贈一　謨佛。贈二　阿佛。寂光淨土　彌佛　陀佛　佛佛。皆實報上上品)
其餘位中。以阿彌陀善。與那謨惡相為對治。二俱無力。所以並不行也。","《選佛譜》卷第六・實報莊嚴淨土・L313
《選佛譜》卷第一・見取・L57",實報莊嚴淨土、見取
4568,第14门,淨土橫超門,卷6,實報莊嚴淨土,謨佛,謨,爱烦恼,佛,无漏善慧,贈掷·不移位,,,贈掷,贈二掷,「謨」表爱烦恼、「佛」表无漏善慧。八品束为此位，表其至圆顿，故得赠掷、仍在本位掷。,手工逐组（门1–14 手写）,推演,,"阿阿　阿彌　彌彌。皆贈一　阿陀　彌陀　陀陀。皆贈二　那佛。贈一　謨佛。贈二　阿佛。寂光淨土　彌佛　陀佛　佛佛。皆實報上上品
此亦可分九品。初發心住。為下下品。乃至究竟妙覺。為上上品。今但除上上品入極果位。餘之八品。束為此位。表其至圓頓故。","《選佛譜》卷第六・實報莊嚴淨土・L313
《選佛譜》卷第六・實報莊嚴淨土・L315",實報莊嚴淨土
4569,第14门,淨土橫超門,卷6,實報莊嚴淨土,阿阿,阿,施善,阿,施善,贈掷·不移位,,,贈掷,贈一掷,「阿阿」二字俱表施善。八品束为此位，表其至圆顿，故得赠掷、仍在本位掷。,手工逐组（门1–14 手写）,推演,,"阿阿　阿彌　彌彌。皆贈一　阿陀　彌陀　陀陀。皆贈二　那佛。贈一　謨佛。贈二　阿佛。寂光淨土　彌佛　陀佛　佛佛。皆實報上上品
此亦可分九品。初發心住。為下下品。乃至究竟妙覺。為上上品。今但除上上品入極果位。餘之八品。束為此位。表其至圓頓故。","《選佛譜》卷第六・實報莊嚴淨土・L313
《選佛譜》卷第六・實報莊嚴淨土・L315",實報莊嚴淨土
4570,第14门,淨土橫超門,卷6,實報莊嚴淨土,阿彌,阿,施善,彌,戒善,贈掷·不移位,,,贈掷,贈一掷,「阿」表施善、「彌」表戒善。八品束为此位，表其至圆顿，故得赠掷、仍在本位掷。,手工逐组（门1–14 手写）,推演,,"阿阿　阿彌　彌彌。皆贈一　阿陀　彌陀　陀陀。皆贈二　那佛。贈一　謨佛。贈二　阿佛。寂光淨土　彌佛　陀佛　佛佛。皆實報上上品
此亦可分九品。初發心住。為下下品。乃至究竟妙覺。為上上品。今但除上上品入極果位。餘之八品。束為此位。表其至圓頓故。","《選佛譜》卷第六・實報莊嚴淨土・L313
《選佛譜》卷第六・實報莊嚴淨土・L315",實報莊嚴淨土
4571,第14门,淨土橫超門,卷6,實報莊嚴淨土,阿陀,阿,施善,陀,定善,贈掷·不移位,,,贈掷,贈二掷,「阿」表施善、「陀」表定善。八品束为此位，表其至圆顿，故得赠掷、仍在本位掷。,手工逐组（门1–14 手写）,推演,,"阿阿　阿彌　彌彌。皆贈一　阿陀　彌陀　陀陀。皆贈二　那佛。贈一　謨佛。贈二　阿佛。寂光淨土　彌佛　陀佛　佛佛。皆實報上上品
此亦可分九品。初發心住。為下下品。乃至究竟妙覺。為上上品。今但除上上品入極果位。餘之八品。束為此位。表其至圓頓故。","《選佛譜》卷第六・實報莊嚴淨土・L313
《選佛譜》卷第六・實報莊嚴淨土・L315",實報莊嚴淨土
4572,第14门,淨土橫超門,卷6,實報莊嚴淨土,阿佛,阿,施善,佛,无漏善慧,行,常寂光淨土,第14门,升,,「阿」表施善、「佛」表无漏善慧。毛孔徧含刹海，竖进一土，生常寂光净土。,手工逐组（门1–14 手写）,推演,行法原文「阿佛。寂光淨土」——淨土豎進一土；譜曰未另注此組緣由。,"阿阿　阿彌　彌彌。皆贈一　阿陀　彌陀　陀陀。皆贈二　那佛。贈一　謨佛。贈二　阿佛。寂光淨土　彌佛　陀佛　佛佛。皆實報上上品
此亦可分九品。初發心住。為下下品。乃至究竟妙覺。為上上品。今但除上上品入極果位。餘之八品。束為此位。表其至圓頓故。","《選佛譜》卷第六・實報莊嚴淨土・L313
《選佛譜》卷第六・實報莊嚴淨土・L315",實報莊嚴淨土
4573,第14门,淨土橫超門,卷6,實報莊嚴淨土,彌彌,彌,戒善,彌,戒善,贈掷·不移位,,,贈掷,贈一掷,「彌彌」二字俱表戒善。八品束为此位，表其至圆顿，故得赠掷、仍在本位掷。,手工逐组（门1–14 手写）,推演,,"阿阿　阿彌　彌彌。皆贈一　阿陀　彌陀　陀陀。皆贈二　那佛。贈一　謨佛。贈二　阿佛。寂光淨土　彌佛　陀佛　佛佛。皆實報上上品
此亦可分九品。初發心住。為下下品。乃至究竟妙覺。為上上品。今但除上上品入極果位。餘之八品。束為此位。表其至圓頓故。","《選佛譜》卷第六・實報莊嚴淨土・L313
《選佛譜》卷第六・實報莊嚴淨土・L315",實報莊嚴淨土
4574,第14门,淨土橫超門,卷6,實報莊嚴淨土,彌陀,彌,戒善,陀,定善,贈掷·不移位,,,贈掷,贈二掷,「彌」表戒善、「陀」表定善。八品束为此位，表其至圆顿，故得赠掷、仍在本位掷。,手工逐组（门1–14 手写）,推演,,"阿阿　阿彌　彌彌。皆贈一　阿陀　彌陀　陀陀。皆贈二　那佛。贈一　謨佛。贈二　阿佛。寂光淨土　彌佛　陀佛　佛佛。皆實報上上品
此亦可分九品。初發心住。為下下品。乃至究竟妙覺。為上上品。今但除上上品入極果位。餘之八品。束為此位。表其至圓頓故。","《選佛譜》卷第六・實報莊嚴淨土・L313
《選佛譜》卷第六・實報莊嚴淨土・L315",實報莊嚴淨土
4575,第14门,淨土橫超門,卷6,實報莊嚴淨土,彌佛,彌,戒善,佛,无漏善慧,行,佛,第15门,升,,「彌」表戒善、「佛」表无漏善慧。除上上品入极果位，故成圆教究竟妙觉位。,手工逐组（门1–14 手写）,推演,行法原文「彌佛　陀佛　佛佛。皆實報上上品」；譜曰「今但除上上品入極果位」——實報上上品即極果位，逕登究竟妙覺。,"阿阿　阿彌　彌彌。皆贈一　阿陀　彌陀　陀陀。皆贈二　那佛。贈一　謨佛。贈二　阿佛。寂光淨土　彌佛　陀佛　佛佛。皆實報上上品
此亦可分九品。初發心住。為下下品。乃至究竟妙覺。為上上品。今但除上上品入極果位。餘之八品。束為此位。表其至圓頓故。","《選佛譜》卷第六・實報莊嚴淨土・L313
《選佛譜》卷第六・實報莊嚴淨土・L315",實報莊嚴淨土
4576,第14门,淨土橫超門,卷6,實報莊嚴淨土,陀陀,陀,定善,陀,定善,贈掷·不移位,,,贈掷,贈二掷,「陀陀」二字俱表定善。八品束为此位，表其至圆顿，故得赠掷、仍在本位掷。,手工逐组（门1–14 手写）,推演,,"阿阿　阿彌　彌彌。皆贈一　阿陀　彌陀　陀陀。皆贈二　那佛。贈一　謨佛。贈二　阿佛。寂光淨土　彌佛　陀佛　佛佛。皆實報上上品
此亦可分九品。初發心住。為下下品。乃至究竟妙覺。為上上品。今但除上上品入極果位。餘之八品。束為此位。表其至圓頓故。","《選佛譜》卷第六・實報莊嚴淨土・L313
《選佛譜》卷第六・實報莊嚴淨土・L315",實報莊嚴淨土
4577,第14门,淨土橫超門,卷6,實報莊嚴淨土,陀佛,陀,定善,佛,无漏善慧,行,佛,第15门,升,,「陀」表定善、「佛」表无漏善慧。除上上品入极果位，故成圆教究竟妙觉位。,手工逐组（门1–14 手写）,推演,行法原文「彌佛　陀佛　佛佛。皆實報上上品」；譜曰「今但除上上品入極果位」——實報上上品即極果位，逕登究竟妙覺。,"阿阿　阿彌　彌彌。皆贈一　阿陀　彌陀　陀陀。皆贈二　那佛。贈一　謨佛。贈二　阿佛。寂光淨土　彌佛　陀佛　佛佛。皆實報上上品
此亦可分九品。初發心住。為下下品。乃至究竟妙覺。為上上品。今但除上上品入極果位。餘之八品。束為此位。表其至圓頓故。","《選佛譜》卷第六・實報莊嚴淨土・L313
《選佛譜》卷第六・實報莊嚴淨土・L315",實報莊嚴淨土
4578,第14门,淨土橫超門,卷6,實報莊嚴淨土,佛佛,佛,无漏善慧,佛,无漏善慧,行,佛,第15门,升,,「佛佛」二字俱表无漏善慧。除上上品入极果位，故成圆教究竟妙觉位。,手工逐组（门1–14 手写）,推演,行法原文「彌佛　陀佛　佛佛。皆實報上上品」；譜曰「今但除上上品入極果位」——實報上上品即極果位，逕登究竟妙覺。,"阿阿　阿彌　彌彌。皆贈一　阿陀　彌陀　陀陀。皆贈二　那佛。贈一　謨佛。贈二　阿佛。寂光淨土　彌佛　陀佛　佛佛。皆實報上上品
此亦可分九品。初發心住。為下下品。乃至究竟妙覺。為上上品。今但除上上品入極果位。餘之八品。束為此位。表其至圓頓故。","《選佛譜》卷第六・實報莊嚴淨土・L313
《選佛譜》卷第六・實報莊嚴淨土・L315",實報莊嚴淨土
4579,第14门,淨土橫超門,卷6,常寂光淨土,那那,那,见烦恼,那,见烦恼,不行·安住本位,,,安住,,「那那」二字俱表见烦恼。此土真俗两忘自他不二，惑不复现起，故不行。,手工逐组（门1–14 手写）,推演,,"若仗阿彌陀佛願力。未斷見思。即能出娑婆穢。生極樂淨。既生極樂。即於彼土得證方便實報寂光三種淨土。不必捨身受身。然後證入。故名為橫也。
然亦永離退緣。遠勝非非想處多矣。故一遇佛。即得見佛聞法。證入別圓諸位也。
陀佛歸方便淨。永離退緣。","《選佛譜》卷第六・門總說・L267
《選佛譜》卷第六・淨土疑城・L271
《選佛譜》卷第六・初發心住・L57",門總說、淨土疑城、初發心住
4580,第14门,淨土橫超門,卷6,常寂光淨土,那謨,那,见烦恼,謨,爱烦恼,不行·安住本位,,,安住,,「那」表见烦恼、「謨」表爱烦恼。此土真俗两忘，惑不复现起，故不行。,手工逐组（门1–14 手写）,推演,,"若仗阿彌陀佛願力。未斷見思。即能出娑婆穢。生極樂淨。既生極樂。即於彼土得證方便實報寂光三種淨土。不必捨身受身。然後證入。故名為橫也。
然亦永離退緣。遠勝非非想處多矣。故一遇佛。即得見佛聞法。證入別圓諸位也。
陀佛歸方便淨。永離退緣。","《選佛譜》卷第六・門總說・L267
《選佛譜》卷第六・淨土疑城・L271
《選佛譜》卷第六・初發心住・L57",門總說、淨土疑城、初發心住
4581,第14门,淨土橫超門,卷6,常寂光淨土,那阿,那,见烦恼,阿,施善,不行·安住本位,,,安住,,「那」表见烦恼、「阿」表施善。此土真俗两忘，惑不复现起，故不行。,手工逐组（门1–14 手写）,推演,,"常寂光淨土　　(阿阿　阿彌　彌彌。皆贈一　阿陀　彌陀　陀陀。皆贈二　那佛。贈一　謨佛。贈二　阿佛　彌佛　陀佛　佛佛。皆寂光上上品)
其餘位中。以阿彌陀善。與那謨惡相為對治。二俱無力。所以並不行也。","《選佛譜》卷第六・常寂光淨土・L317
《選佛譜》卷第一・見取・L57",常寂光淨土、見取
4582,第14门,淨土橫超門,卷6,常寂光淨土,那彌,那,见烦恼,彌,戒善,不行·安住本位,,,安住,,「那」表见烦恼、「彌」表戒善。此土真俗两忘，惑不复现起，故不行。,手工逐组（门1–14 手写）,推演,,"常寂光淨土　　(阿阿　阿彌　彌彌。皆贈一　阿陀　彌陀　陀陀。皆贈二　那佛。贈一　謨佛。贈二　阿佛　彌佛　陀佛　佛佛。皆寂光上上品)
其餘位中。以阿彌陀善。與那謨惡相為對治。二俱無力。所以並不行也。","《選佛譜》卷第六・常寂光淨土・L317
《選佛譜》卷第一・見取・L57",常寂光淨土、見取
4583,第14门,淨土橫超門,卷6,常寂光淨土,那陀,那,见烦恼,陀,定善,不行·安住本位,,,安住,,「那」表见烦恼、「陀」表定善。此土真俗两忘，惑不复现起，故不行。,手工逐组（门1–14 手写）,推演,,"常寂光淨土　　(阿阿　阿彌　彌彌。皆贈一　阿陀　彌陀　陀陀。皆贈二　那佛。贈一　謨佛。贈二　阿佛　彌佛　陀佛　佛佛。皆寂光上上品)
其餘位中。以阿彌陀善。與那謨惡相為對治。二俱無力。所以並不行也。","《選佛譜》卷第六・常寂光淨土・L317
《選佛譜》卷第一・見取・L57",常寂光淨土、見取
4584,第14门,淨土橫超門,卷6,常寂光淨土,那佛,那,见烦恼,佛,无漏善慧,贈掷·不移位,,,贈掷,贈一掷,「那」表见烦恼、「佛」表无漏善慧。束余八品总为此位，表其至顿至圆，故得赠掷、仍在本位掷。,手工逐组（门1–14 手写）,推演,,"阿阿　阿彌　彌彌。皆贈一　阿陀　彌陀　陀陀。皆贈二　那佛。贈一　謨佛。贈二　阿佛　彌佛　陀佛　佛佛。皆寂光上上品
然亦可分九品。初發心住所證。為下下品。乃至究竟妙覺所證。為上上品。今亦但除上上一品入極果位。束餘八品。總為此位。表其至頓至圓故也。","《選佛譜》卷第六・常寂光淨土・L317
《選佛譜》卷第六・常寂光淨土・L319",常寂光淨土
4585,第14门,淨土橫超門,卷6,常寂光淨土,謨謨,謨,爱烦恼,謨,爱烦恼,不行·安住本位,,,安住,,「謨謨」二字俱表爱烦恼。此土真俗两忘自他不二，惑不复现起，故不行。,手工逐组（门1–14 手写）,推演,,"若仗阿彌陀佛願力。未斷見思。即能出娑婆穢。生極樂淨。既生極樂。即於彼土得證方便實報寂光三種淨土。不必捨身受身。然後證入。故名為橫也。
然亦永離退緣。遠勝非非想處多矣。故一遇佛。即得見佛聞法。證入別圓諸位也。
陀佛歸方便淨。永離退緣。","《選佛譜》卷第六・門總說・L267
《選佛譜》卷第六・淨土疑城・L271
《選佛譜》卷第六・初發心住・L57",門總說、淨土疑城、初發心住
4586,第14门,淨土橫超門,卷6,常寂光淨土,謨阿,謨,爱烦恼,阿,施善,不行·安住本位,,,安住,,「謨」表爱烦恼、「阿」表施善。此土真俗两忘，惑不复现起，故不行。,手工逐组（门1–14 手写）,推演,,"常寂光淨土　　(阿阿　阿彌　彌彌。皆贈一　阿陀　彌陀　陀陀。皆贈二　那佛。贈一　謨佛。贈二　阿佛　彌佛　陀佛　佛佛。皆寂光上上品)
其餘位中。以阿彌陀善。與那謨惡相為對治。二俱無力。所以並不行也。","《選佛譜》卷第六・常寂光淨土・L317
《選佛譜》卷第一・見取・L57",常寂光淨土、見取
4587,第14门,淨土橫超門,卷6,常寂光淨土,謨彌,謨,爱烦恼,彌,戒善,不行·安住本位,,,安住,,「謨」表爱烦恼、「彌」表戒善。此土真俗两忘，惑不复现起，故不行。,手工逐组（门1–14 手写）,推演,,"常寂光淨土　　(阿阿　阿彌　彌彌。皆贈一　阿陀　彌陀　陀陀。皆贈二　那佛。贈一　謨佛。贈二　阿佛　彌佛　陀佛　佛佛。皆寂光上上品)
其餘位中。以阿彌陀善。與那謨惡相為對治。二俱無力。所以並不行也。","《選佛譜》卷第六・常寂光淨土・L317
《選佛譜》卷第一・見取・L57",常寂光淨土、見取
4588,第14门,淨土橫超門,卷6,常寂光淨土,謨陀,謨,爱烦恼,陀,定善,不行·安住本位,,,安住,,「謨」表爱烦恼、「陀」表定善。此土真俗两忘，惑不复现起，故不行。,手工逐组（门1–14 手写）,推演,,"常寂光淨土　　(阿阿　阿彌　彌彌。皆贈一　阿陀　彌陀　陀陀。皆贈二　那佛。贈一　謨佛。贈二　阿佛　彌佛　陀佛　佛佛。皆寂光上上品)
其餘位中。以阿彌陀善。與那謨惡相為對治。二俱無力。所以並不行也。","《選佛譜》卷第六・常寂光淨土・L317
《選佛譜》卷第一・見取・L57",常寂光淨土、見取
4589,第14门,淨土橫超門,卷6,常寂光淨土,謨佛,謨,爱烦恼,佛,无漏善慧,贈掷·不移位,,,贈掷,贈二掷,「謨」表爱烦恼、「佛」表无漏善慧。束余八品总为此位，表其至顿至圆，故得赠掷、仍在本位掷。,手工逐组（门1–14 手写）,推演,,"阿阿　阿彌　彌彌。皆贈一　阿陀　彌陀　陀陀。皆贈二　那佛。贈一　謨佛。贈二　阿佛　彌佛　陀佛　佛佛。皆寂光上上品
然亦可分九品。初發心住所證。為下下品。乃至究竟妙覺所證。為上上品。今亦但除上上一品入極果位。束餘八品。總為此位。表其至頓至圓故也。","《選佛譜》卷第六・常寂光淨土・L317
《選佛譜》卷第六・常寂光淨土・L319",常寂光淨土
4590,第14门,淨土橫超門,卷6,常寂光淨土,阿阿,阿,施善,阿,施善,贈掷·不移位,,,贈掷,贈一掷,「阿阿」二字俱表施善。束余八品总为此位，表其至顿至圆，故得赠掷、仍在本位掷。,手工逐组（门1–14 手写）,推演,,"阿阿　阿彌　彌彌。皆贈一　阿陀　彌陀　陀陀。皆贈二　那佛。贈一　謨佛。贈二　阿佛　彌佛　陀佛　佛佛。皆寂光上上品
然亦可分九品。初發心住所證。為下下品。乃至究竟妙覺所證。為上上品。今亦但除上上一品入極果位。束餘八品。總為此位。表其至頓至圓故也。","《選佛譜》卷第六・常寂光淨土・L317
《選佛譜》卷第六・常寂光淨土・L319",常寂光淨土
4591,第14门,淨土橫超門,卷6,常寂光淨土,阿彌,阿,施善,彌,戒善,贈掷·不移位,,,贈掷,贈一掷,「阿」表施善、「彌」表戒善。束余八品总为此位，表其至顿至圆，故得赠掷、仍在本位掷。,手工逐组（门1–14 手写）,推演,,"阿阿　阿彌　彌彌。皆贈一　阿陀　彌陀　陀陀。皆贈二　那佛。贈一　謨佛。贈二　阿佛　彌佛　陀佛　佛佛。皆寂光上上品
然亦可分九品。初發心住所證。為下下品。乃至究竟妙覺所證。為上上品。今亦但除上上一品入極果位。束餘八品。總為此位。表其至頓至圓故也。","《選佛譜》卷第六・常寂光淨土・L317
《選佛譜》卷第六・常寂光淨土・L319",常寂光淨土
4592,第14门,淨土橫超門,卷6,常寂光淨土,阿陀,阿,施善,陀,定善,贈掷·不移位,,,贈掷,贈二掷,「阿」表施善、「陀」表定善。束余八品总为此位，表其至顿至圆，故得赠掷、仍在本位掷。,手工逐组（门1–14 手写）,推演,,"阿阿　阿彌　彌彌。皆贈一　阿陀　彌陀　陀陀。皆贈二　那佛。贈一　謨佛。贈二　阿佛　彌佛　陀佛　佛佛。皆寂光上上品
然亦可分九品。初發心住所證。為下下品。乃至究竟妙覺所證。為上上品。今亦但除上上一品入極果位。束餘八品。總為此位。表其至頓至圓故也。","《選佛譜》卷第六・常寂光淨土・L317
《選佛譜》卷第六・常寂光淨土・L319",常寂光淨土
4593,第14门,淨土橫超門,卷6,常寂光淨土,阿佛,阿,施善,佛,无漏善慧,行,佛,第15门,升,,「阿」表施善、「佛」表无漏善慧。除上上一品入极果位，故成圆教究竟妙觉位。,手工逐组（门1–14 手写）,推演,行法原文「阿佛　彌佛　陀佛　佛佛。皆寂光上上品」；譜曰「今亦但除上上一品入極果位」——寂光上上品即極果位，逕登究竟妙覺，選佛及第。,"阿阿　阿彌　彌彌。皆贈一　阿陀　彌陀　陀陀。皆贈二　那佛。贈一　謨佛。贈二　阿佛　彌佛　陀佛　佛佛。皆寂光上上品
然亦可分九品。初發心住所證。為下下品。乃至究竟妙覺所證。為上上品。今亦但除上上一品入極果位。束餘八品。總為此位。表其至頓至圓故也。","《選佛譜》卷第六・常寂光淨土・L317
《選佛譜》卷第六・常寂光淨土・L319",常寂光淨土
4594,第14门,淨土橫超門,卷6,常寂光淨土,彌彌,彌,戒善,彌,戒善,贈掷·不移位,,,贈掷,贈一掷,「彌彌」二字俱表戒善。束余八品总为此位，表其至顿至圆，故得赠掷、仍在本位掷。,手工逐组（门1–14 手写）,推演,,"阿阿　阿彌　彌彌。皆贈一　阿陀　彌陀　陀陀。皆贈二　那佛。贈一　謨佛。贈二　阿佛　彌佛　陀佛　佛佛。皆寂光上上品
然亦可分九品。初發心住所證。為下下品。乃至究竟妙覺所證。為上上品。今亦但除上上一品入極果位。束餘八品。總為此位。表其至頓至圓故也。","《選佛譜》卷第六・常寂光淨土・L317
《選佛譜》卷第六・常寂光淨土・L319",常寂光淨土
4595,第14门,淨土橫超門,卷6,常寂光淨土,彌陀,彌,戒善,陀,定善,贈掷·不移位,,,贈掷,贈二掷,「彌」表戒善、「陀」表定善。束余八品总为此位，表其至顿至圆，故得赠掷、仍在本位掷。,手工逐组（门1–14 手写）,推演,,"阿阿　阿彌　彌彌。皆贈一　阿陀　彌陀　陀陀。皆贈二　那佛。贈一　謨佛。贈二　阿佛　彌佛　陀佛　佛佛。皆寂光上上品
然亦可分九品。初發心住所證。為下下品。乃至究竟妙覺所證。為上上品。今亦但除上上一品入極果位。束餘八品。總為此位。表其至頓至圓故也。","《選佛譜》卷第六・常寂光淨土・L317
《選佛譜》卷第六・常寂光淨土・L319",常寂光淨土
4596,第14门,淨土橫超門,卷6,常寂光淨土,彌佛,彌,戒善,佛,无漏善慧,行,佛,第15门,升,,「彌」表戒善、「佛」表无漏善慧。除上上一品入极果位，故成圆教究竟妙觉位。,手工逐组（门1–14 手写）,推演,行法原文「阿佛　彌佛　陀佛　佛佛。皆寂光上上品」；譜曰「今亦但除上上一品入極果位」——寂光上上品即極果位，逕登究竟妙覺，選佛及第。,"阿阿　阿彌　彌彌。皆贈一　阿陀　彌陀　陀陀。皆贈二　那佛。贈一　謨佛。贈二　阿佛　彌佛　陀佛　佛佛。皆寂光上上品
然亦可分九品。初發心住所證。為下下品。乃至究竟妙覺所證。為上上品。今亦但除上上一品入極果位。束餘八品。總為此位。表其至頓至圓故也。","《選佛譜》卷第六・常寂光淨土・L317
《選佛譜》卷第六・常寂光淨土・L319",常寂光淨土
4597,第14门,淨土橫超門,卷6,常寂光淨土,陀陀,陀,定善,陀,定善,贈掷·不移位,,,贈掷,贈二掷,「陀陀」二字俱表定善。束余八品总为此位，表其至顿至圆，故得赠掷、仍在本位掷。,手工逐组（门1–14 手写）,推演,,"阿阿　阿彌　彌彌。皆贈一　阿陀　彌陀　陀陀。皆贈二　那佛。贈一　謨佛。贈二　阿佛　彌佛　陀佛　佛佛。皆寂光上上品
然亦可分九品。初發心住所證。為下下品。乃至究竟妙覺所證。為上上品。今亦但除上上一品入極果位。束餘八品。總為此位。表其至頓至圓故也。","《選佛譜》卷第六・常寂光淨土・L317
《選佛譜》卷第六・常寂光淨土・L319",常寂光淨土
4598,第14门,淨土橫超門,卷6,常寂光淨土,陀佛,陀,定善,佛,无漏善慧,行,佛,第15门,升,,「陀」表定善、「佛」表无漏善慧。三德秘藏不纵不横，故成圆教究竟妙觉位。,手工逐组（门1–14 手写）,推演,行法原文「阿佛　彌佛　陀佛　佛佛。皆寂光上上品」；譜曰「今亦但除上上一品入極果位」——寂光上上品即極果位，逕登究竟妙覺，選佛及第。,"阿阿　阿彌　彌彌。皆贈一　阿陀　彌陀　陀陀。皆贈二　那佛。贈一　謨佛。贈二　阿佛　彌佛　陀佛　佛佛。皆寂光上上品
然亦可分九品。初發心住所證。為下下品。乃至究竟妙覺所證。為上上品。今亦但除上上一品入極果位。束餘八品。總為此位。表其至頓至圓故也。","《選佛譜》卷第六・常寂光淨土・L317
《選佛譜》卷第六・常寂光淨土・L319",常寂光淨土
4599,第14门,淨土橫超門,卷6,常寂光淨土,佛佛,佛,无漏善慧,佛,无漏善慧,行,佛,第15门,升,,「佛佛」二字俱表无漏善慧。具足常乐我净，迥超四句百非，故成圆教究竟妙觉位。,手工逐组（门1–14 手写）,推演,行法原文「阿佛　彌佛　陀佛　佛佛。皆寂光上上品」；譜曰「今亦但除上上一品入極果位」——寂光上上品即極果位，逕登究竟妙覺，選佛及第。,"阿阿　阿彌　彌彌。皆贈一　阿陀　彌陀　陀陀。皆贈二　那佛。贈一　謨佛。贈二　阿佛　彌佛　陀佛　佛佛。皆寂光上上品
然亦可分九品。初發心住所證。為下下品。乃至究竟妙覺所證。為上上品。今亦但除上上一品入極果位。束餘八品。總為此位。表其至頓至圓故也。","《選佛譜》卷第六・常寂光淨土・L317
《選佛譜》卷第六・常寂光淨土・L319",常寂光淨土
4600,第15门,圓極果位門,卷6,佛,那那,那,见烦恼,那,见烦恼,终局·不再掷轮,,,终局,,唯有圓教妙覺才能究盡諸法實相、徹證本源心地，所以名為圓滿菩提；而所謂「究竟」，只是證得衆生本具的理體，未曾增添一絲一毫，所以說「歸無所得」。已至此位，更無所往——此位本不列行法，並非某相不通。,承注库,直說,譜曰。佛者。覺也。自覺。覺他。覺行圓滿。自覺異凡夫。覺他異二乘。覺滿異菩薩。此則通釋四教佛相。然藏通佛。僅於真諦而起三覺。別佛雖於中諦起三種覺。既有次第。復未窮源。不得稱覺滿也。唯圓妙覺。乃能究盡諸法實相。乃能徹證本源心地。故名圓滿菩提。而所謂究竟。止是證得眾生本具理體未嘗增一絲毫。故曰歸無所得也。順修之極。舉凡眾生迷倒所起惑業苦三。應念化成般若解脫法身三德。即以三德為身。亦即以三德為土。能依所依互融徧故。重重無盡。無盡重重。是名上上實報淨土。非於性德之外。別有修德可成也。性德理顯。由於圓妙三止三觀。能破三惑而顯三諦。智外無理。理外無智。是名上上寂光淨土。非於修德之外。別有性德可證也。蓋如來藏妙真如性。一切眾生之所共有。不生不滅。統攝無餘。故無一法而非性具。只此藏性不變隨緣。具造十界。故無一法而非修德。但理即位中。唯是逆修。名字位中。方為順修之始。妙覺極果。方是順修之終。理即純逆。妙覺純順。中間四位。逆順相兼。一念乍迷。即名為逆。一念覺悟。即名為順。逆順雖殊。皆是全性所起。皆不在於性外。是知從無始劫。至盡未來。無論聖凡。總無一剎那頃。不起逆順二修。總無一剎那頃。離於性德之體。是故諸佛所證性修二德。全是眾生本有性修二德。如金佛。金蛇。金本無二。工巧亦無二也。嗟嗟。世容有不為佛不為蛇之頑金。而決無不為十法界之頑性。故須念念覺悟此理。以此覺他。則覺行不患不圓滿矣。直至覺行圓滿。亦豈有加於性修哉。,唯圓妙覺。乃能究盡諸法實相。乃能徹證本源心地。故名圓滿菩提。而所謂究竟。止是證得眾生本具理體未嘗增一絲毫。故曰歸無所得也,《選佛譜》卷第六・佛・L338,佛
4601,第15门,圓極果位門,卷6,佛,那謨,那,见烦恼,謨,爱烦恼,终局·不再掷轮,,,终局,,唯有圓教妙覺才能究盡諸法實相、徹證本源心地，所以名為圓滿菩提；而所謂「究竟」，只是證得衆生本具的理體，未曾增添一絲一毫，所以說「歸無所得」。已至此位，更無所往——此位本不列行法，並非某相不通。,承注库,直說,譜曰。佛者。覺也。自覺。覺他。覺行圓滿。自覺異凡夫。覺他異二乘。覺滿異菩薩。此則通釋四教佛相。然藏通佛。僅於真諦而起三覺。別佛雖於中諦起三種覺。既有次第。復未窮源。不得稱覺滿也。唯圓妙覺。乃能究盡諸法實相。乃能徹證本源心地。故名圓滿菩提。而所謂究竟。止是證得眾生本具理體未嘗增一絲毫。故曰歸無所得也。順修之極。舉凡眾生迷倒所起惑業苦三。應念化成般若解脫法身三德。即以三德為身。亦即以三德為土。能依所依互融徧故。重重無盡。無盡重重。是名上上實報淨土。非於性德之外。別有修德可成也。性德理顯。由於圓妙三止三觀。能破三惑而顯三諦。智外無理。理外無智。是名上上寂光淨土。非於修德之外。別有性德可證也。蓋如來藏妙真如性。一切眾生之所共有。不生不滅。統攝無餘。故無一法而非性具。只此藏性不變隨緣。具造十界。故無一法而非修德。但理即位中。唯是逆修。名字位中。方為順修之始。妙覺極果。方是順修之終。理即純逆。妙覺純順。中間四位。逆順相兼。一念乍迷。即名為逆。一念覺悟。即名為順。逆順雖殊。皆是全性所起。皆不在於性外。是知從無始劫。至盡未來。無論聖凡。總無一剎那頃。不起逆順二修。總無一剎那頃。離於性德之體。是故諸佛所證性修二德。全是眾生本有性修二德。如金佛。金蛇。金本無二。工巧亦無二也。嗟嗟。世容有不為佛不為蛇之頑金。而決無不為十法界之頑性。故須念念覺悟此理。以此覺他。則覺行不患不圓滿矣。直至覺行圓滿。亦豈有加於性修哉。,唯圓妙覺。乃能究盡諸法實相。乃能徹證本源心地。故名圓滿菩提。而所謂究竟。止是證得眾生本具理體未嘗增一絲毫。故曰歸無所得也,《選佛譜》卷第六・佛・L338,佛
4602,第15门,圓極果位門,卷6,佛,那阿,那,见烦恼,阿,施善,终局·不再掷轮,,,终局,,唯有圓教妙覺才能究盡諸法實相、徹證本源心地，所以名為圓滿菩提；而所謂「究竟」，只是證得衆生本具的理體，未曾增添一絲一毫，所以說「歸無所得」。已至此位，更無所往——此位本不列行法，並非某相不通。,承注库,直說,譜曰。佛者。覺也。自覺。覺他。覺行圓滿。自覺異凡夫。覺他異二乘。覺滿異菩薩。此則通釋四教佛相。然藏通佛。僅於真諦而起三覺。別佛雖於中諦起三種覺。既有次第。復未窮源。不得稱覺滿也。唯圓妙覺。乃能究盡諸法實相。乃能徹證本源心地。故名圓滿菩提。而所謂究竟。止是證得眾生本具理體未嘗增一絲毫。故曰歸無所得也。順修之極。舉凡眾生迷倒所起惑業苦三。應念化成般若解脫法身三德。即以三德為身。亦即以三德為土。能依所依互融徧故。重重無盡。無盡重重。是名上上實報淨土。非於性德之外。別有修德可成也。性德理顯。由於圓妙三止三觀。能破三惑而顯三諦。智外無理。理外無智。是名上上寂光淨土。非於修德之外。別有性德可證也。蓋如來藏妙真如性。一切眾生之所共有。不生不滅。統攝無餘。故無一法而非性具。只此藏性不變隨緣。具造十界。故無一法而非修德。但理即位中。唯是逆修。名字位中。方為順修之始。妙覺極果。方是順修之終。理即純逆。妙覺純順。中間四位。逆順相兼。一念乍迷。即名為逆。一念覺悟。即名為順。逆順雖殊。皆是全性所起。皆不在於性外。是知從無始劫。至盡未來。無論聖凡。總無一剎那頃。不起逆順二修。總無一剎那頃。離於性德之體。是故諸佛所證性修二德。全是眾生本有性修二德。如金佛。金蛇。金本無二。工巧亦無二也。嗟嗟。世容有不為佛不為蛇之頑金。而決無不為十法界之頑性。故須念念覺悟此理。以此覺他。則覺行不患不圓滿矣。直至覺行圓滿。亦豈有加於性修哉。,唯圓妙覺。乃能究盡諸法實相。乃能徹證本源心地。故名圓滿菩提。而所謂究竟。止是證得眾生本具理體未嘗增一絲毫。故曰歸無所得也,《選佛譜》卷第六・佛・L338,佛
4603,第15门,圓極果位門,卷6,佛,那彌,那,见烦恼,彌,戒善,终局·不再掷轮,,,终局,,唯有圓教妙覺才能究盡諸法實相、徹證本源心地，所以名為圓滿菩提；而所謂「究竟」，只是證得衆生本具的理體，未曾增添一絲一毫，所以說「歸無所得」。已至此位，更無所往——此位本不列行法，並非某相不通。,承注库,直說,譜曰。佛者。覺也。自覺。覺他。覺行圓滿。自覺異凡夫。覺他異二乘。覺滿異菩薩。此則通釋四教佛相。然藏通佛。僅於真諦而起三覺。別佛雖於中諦起三種覺。既有次第。復未窮源。不得稱覺滿也。唯圓妙覺。乃能究盡諸法實相。乃能徹證本源心地。故名圓滿菩提。而所謂究竟。止是證得眾生本具理體未嘗增一絲毫。故曰歸無所得也。順修之極。舉凡眾生迷倒所起惑業苦三。應念化成般若解脫法身三德。即以三德為身。亦即以三德為土。能依所依互融徧故。重重無盡。無盡重重。是名上上實報淨土。非於性德之外。別有修德可成也。性德理顯。由於圓妙三止三觀。能破三惑而顯三諦。智外無理。理外無智。是名上上寂光淨土。非於修德之外。別有性德可證也。蓋如來藏妙真如性。一切眾生之所共有。不生不滅。統攝無餘。故無一法而非性具。只此藏性不變隨緣。具造十界。故無一法而非修德。但理即位中。唯是逆修。名字位中。方為順修之始。妙覺極果。方是順修之終。理即純逆。妙覺純順。中間四位。逆順相兼。一念乍迷。即名為逆。一念覺悟。即名為順。逆順雖殊。皆是全性所起。皆不在於性外。是知從無始劫。至盡未來。無論聖凡。總無一剎那頃。不起逆順二修。總無一剎那頃。離於性德之體。是故諸佛所證性修二德。全是眾生本有性修二德。如金佛。金蛇。金本無二。工巧亦無二也。嗟嗟。世容有不為佛不為蛇之頑金。而決無不為十法界之頑性。故須念念覺悟此理。以此覺他。則覺行不患不圓滿矣。直至覺行圓滿。亦豈有加於性修哉。,唯圓妙覺。乃能究盡諸法實相。乃能徹證本源心地。故名圓滿菩提。而所謂究竟。止是證得眾生本具理體未嘗增一絲毫。故曰歸無所得也,《選佛譜》卷第六・佛・L338,佛
4604,第15门,圓極果位門,卷6,佛,那陀,那,见烦恼,陀,定善,终局·不再掷轮,,,终局,,唯有圓教妙覺才能究盡諸法實相、徹證本源心地，所以名為圓滿菩提；而所謂「究竟」，只是證得衆生本具的理體，未曾增添一絲一毫，所以說「歸無所得」。已至此位，更無所往——此位本不列行法，並非某相不通。,承注库,直說,譜曰。佛者。覺也。自覺。覺他。覺行圓滿。自覺異凡夫。覺他異二乘。覺滿異菩薩。此則通釋四教佛相。然藏通佛。僅於真諦而起三覺。別佛雖於中諦起三種覺。既有次第。復未窮源。不得稱覺滿也。唯圓妙覺。乃能究盡諸法實相。乃能徹證本源心地。故名圓滿菩提。而所謂究竟。止是證得眾生本具理體未嘗增一絲毫。故曰歸無所得也。順修之極。舉凡眾生迷倒所起惑業苦三。應念化成般若解脫法身三德。即以三德為身。亦即以三德為土。能依所依互融徧故。重重無盡。無盡重重。是名上上實報淨土。非於性德之外。別有修德可成也。性德理顯。由於圓妙三止三觀。能破三惑而顯三諦。智外無理。理外無智。是名上上寂光淨土。非於修德之外。別有性德可證也。蓋如來藏妙真如性。一切眾生之所共有。不生不滅。統攝無餘。故無一法而非性具。只此藏性不變隨緣。具造十界。故無一法而非修德。但理即位中。唯是逆修。名字位中。方為順修之始。妙覺極果。方是順修之終。理即純逆。妙覺純順。中間四位。逆順相兼。一念乍迷。即名為逆。一念覺悟。即名為順。逆順雖殊。皆是全性所起。皆不在於性外。是知從無始劫。至盡未來。無論聖凡。總無一剎那頃。不起逆順二修。總無一剎那頃。離於性德之體。是故諸佛所證性修二德。全是眾生本有性修二德。如金佛。金蛇。金本無二。工巧亦無二也。嗟嗟。世容有不為佛不為蛇之頑金。而決無不為十法界之頑性。故須念念覺悟此理。以此覺他。則覺行不患不圓滿矣。直至覺行圓滿。亦豈有加於性修哉。,唯圓妙覺。乃能究盡諸法實相。乃能徹證本源心地。故名圓滿菩提。而所謂究竟。止是證得眾生本具理體未嘗增一絲毫。故曰歸無所得也,《選佛譜》卷第六・佛・L338,佛
4605,第15门,圓極果位門,卷6,佛,那佛,那,见烦恼,佛,无漏善慧,终局·不再掷轮,,,终局,,唯有圓教妙覺才能究盡諸法實相、徹證本源心地，所以名為圓滿菩提；而所謂「究竟」，只是證得衆生本具的理體，未曾增添一絲一毫，所以說「歸無所得」。已至此位，更無所往——此位本不列行法，並非某相不通。,承注库,直說,譜曰。佛者。覺也。自覺。覺他。覺行圓滿。自覺異凡夫。覺他異二乘。覺滿異菩薩。此則通釋四教佛相。然藏通佛。僅於真諦而起三覺。別佛雖於中諦起三種覺。既有次第。復未窮源。不得稱覺滿也。唯圓妙覺。乃能究盡諸法實相。乃能徹證本源心地。故名圓滿菩提。而所謂究竟。止是證得眾生本具理體未嘗增一絲毫。故曰歸無所得也。順修之極。舉凡眾生迷倒所起惑業苦三。應念化成般若解脫法身三德。即以三德為身。亦即以三德為土。能依所依互融徧故。重重無盡。無盡重重。是名上上實報淨土。非於性德之外。別有修德可成也。性德理顯。由於圓妙三止三觀。能破三惑而顯三諦。智外無理。理外無智。是名上上寂光淨土。非於修德之外。別有性德可證也。蓋如來藏妙真如性。一切眾生之所共有。不生不滅。統攝無餘。故無一法而非性具。只此藏性不變隨緣。具造十界。故無一法而非修德。但理即位中。唯是逆修。名字位中。方為順修之始。妙覺極果。方是順修之終。理即純逆。妙覺純順。中間四位。逆順相兼。一念乍迷。即名為逆。一念覺悟。即名為順。逆順雖殊。皆是全性所起。皆不在於性外。是知從無始劫。至盡未來。無論聖凡。總無一剎那頃。不起逆順二修。總無一剎那頃。離於性德之體。是故諸佛所證性修二德。全是眾生本有性修二德。如金佛。金蛇。金本無二。工巧亦無二也。嗟嗟。世容有不為佛不為蛇之頑金。而決無不為十法界之頑性。故須念念覺悟此理。以此覺他。則覺行不患不圓滿矣。直至覺行圓滿。亦豈有加於性修哉。,唯圓妙覺。乃能究盡諸法實相。乃能徹證本源心地。故名圓滿菩提。而所謂究竟。止是證得眾生本具理體未嘗增一絲毫。故曰歸無所得也,《選佛譜》卷第六・佛・L338,佛
4606,第15门,圓極果位門,卷6,佛,謨謨,謨,爱烦恼,謨,爱烦恼,终局·不再掷轮,,,终局,,唯有圓教妙覺才能究盡諸法實相、徹證本源心地，所以名為圓滿菩提；而所謂「究竟」，只是證得衆生本具的理體，未曾增添一絲一毫，所以說「歸無所得」。已至此位，更無所往——此位本不列行法，並非某相不通。,承注库,直說,譜曰。佛者。覺也。自覺。覺他。覺行圓滿。自覺異凡夫。覺他異二乘。覺滿異菩薩。此則通釋四教佛相。然藏通佛。僅於真諦而起三覺。別佛雖於中諦起三種覺。既有次第。復未窮源。不得稱覺滿也。唯圓妙覺。乃能究盡諸法實相。乃能徹證本源心地。故名圓滿菩提。而所謂究竟。止是證得眾生本具理體未嘗增一絲毫。故曰歸無所得也。順修之極。舉凡眾生迷倒所起惑業苦三。應念化成般若解脫法身三德。即以三德為身。亦即以三德為土。能依所依互融徧故。重重無盡。無盡重重。是名上上實報淨土。非於性德之外。別有修德可成也。性德理顯。由於圓妙三止三觀。能破三惑而顯三諦。智外無理。理外無智。是名上上寂光淨土。非於修德之外。別有性德可證也。蓋如來藏妙真如性。一切眾生之所共有。不生不滅。統攝無餘。故無一法而非性具。只此藏性不變隨緣。具造十界。故無一法而非修德。但理即位中。唯是逆修。名字位中。方為順修之始。妙覺極果。方是順修之終。理即純逆。妙覺純順。中間四位。逆順相兼。一念乍迷。即名為逆。一念覺悟。即名為順。逆順雖殊。皆是全性所起。皆不在於性外。是知從無始劫。至盡未來。無論聖凡。總無一剎那頃。不起逆順二修。總無一剎那頃。離於性德之體。是故諸佛所證性修二德。全是眾生本有性修二德。如金佛。金蛇。金本無二。工巧亦無二也。嗟嗟。世容有不為佛不為蛇之頑金。而決無不為十法界之頑性。故須念念覺悟此理。以此覺他。則覺行不患不圓滿矣。直至覺行圓滿。亦豈有加於性修哉。,唯圓妙覺。乃能究盡諸法實相。乃能徹證本源心地。故名圓滿菩提。而所謂究竟。止是證得眾生本具理體未嘗增一絲毫。故曰歸無所得也,《選佛譜》卷第六・佛・L338,佛
4607,第15门,圓極果位門,卷6,佛,謨阿,謨,爱烦恼,阿,施善,终局·不再掷轮,,,终局,,唯有圓教妙覺才能究盡諸法實相、徹證本源心地，所以名為圓滿菩提；而所謂「究竟」，只是證得衆生本具的理體，未曾增添一絲一毫，所以說「歸無所得」。已至此位，更無所往——此位本不列行法，並非某相不通。,承注库,直說,譜曰。佛者。覺也。自覺。覺他。覺行圓滿。自覺異凡夫。覺他異二乘。覺滿異菩薩。此則通釋四教佛相。然藏通佛。僅於真諦而起三覺。別佛雖於中諦起三種覺。既有次第。復未窮源。不得稱覺滿也。唯圓妙覺。乃能究盡諸法實相。乃能徹證本源心地。故名圓滿菩提。而所謂究竟。止是證得眾生本具理體未嘗增一絲毫。故曰歸無所得也。順修之極。舉凡眾生迷倒所起惑業苦三。應念化成般若解脫法身三德。即以三德為身。亦即以三德為土。能依所依互融徧故。重重無盡。無盡重重。是名上上實報淨土。非於性德之外。別有修德可成也。性德理顯。由於圓妙三止三觀。能破三惑而顯三諦。智外無理。理外無智。是名上上寂光淨土。非於修德之外。別有性德可證也。蓋如來藏妙真如性。一切眾生之所共有。不生不滅。統攝無餘。故無一法而非性具。只此藏性不變隨緣。具造十界。故無一法而非修德。但理即位中。唯是逆修。名字位中。方為順修之始。妙覺極果。方是順修之終。理即純逆。妙覺純順。中間四位。逆順相兼。一念乍迷。即名為逆。一念覺悟。即名為順。逆順雖殊。皆是全性所起。皆不在於性外。是知從無始劫。至盡未來。無論聖凡。總無一剎那頃。不起逆順二修。總無一剎那頃。離於性德之體。是故諸佛所證性修二德。全是眾生本有性修二德。如金佛。金蛇。金本無二。工巧亦無二也。嗟嗟。世容有不為佛不為蛇之頑金。而決無不為十法界之頑性。故須念念覺悟此理。以此覺他。則覺行不患不圓滿矣。直至覺行圓滿。亦豈有加於性修哉。,唯圓妙覺。乃能究盡諸法實相。乃能徹證本源心地。故名圓滿菩提。而所謂究竟。止是證得眾生本具理體未嘗增一絲毫。故曰歸無所得也,《選佛譜》卷第六・佛・L338,佛
4608,第15门,圓極果位門,卷6,佛,謨彌,謨,爱烦恼,彌,戒善,终局·不再掷轮,,,终局,,唯有圓教妙覺才能究盡諸法實相、徹證本源心地，所以名為圓滿菩提；而所謂「究竟」，只是證得衆生本具的理體，未曾增添一絲一毫，所以說「歸無所得」。已至此位，更無所往——此位本不列行法，並非某相不通。,承注库,直說,譜曰。佛者。覺也。自覺。覺他。覺行圓滿。自覺異凡夫。覺他異二乘。覺滿異菩薩。此則通釋四教佛相。然藏通佛。僅於真諦而起三覺。別佛雖於中諦起三種覺。既有次第。復未窮源。不得稱覺滿也。唯圓妙覺。乃能究盡諸法實相。乃能徹證本源心地。故名圓滿菩提。而所謂究竟。止是證得眾生本具理體未嘗增一絲毫。故曰歸無所得也。順修之極。舉凡眾生迷倒所起惑業苦三。應念化成般若解脫法身三德。即以三德為身。亦即以三德為土。能依所依互融徧故。重重無盡。無盡重重。是名上上實報淨土。非於性德之外。別有修德可成也。性德理顯。由於圓妙三止三觀。能破三惑而顯三諦。智外無理。理外無智。是名上上寂光淨土。非於修德之外。別有性德可證也。蓋如來藏妙真如性。一切眾生之所共有。不生不滅。統攝無餘。故無一法而非性具。只此藏性不變隨緣。具造十界。故無一法而非修德。但理即位中。唯是逆修。名字位中。方為順修之始。妙覺極果。方是順修之終。理即純逆。妙覺純順。中間四位。逆順相兼。一念乍迷。即名為逆。一念覺悟。即名為順。逆順雖殊。皆是全性所起。皆不在於性外。是知從無始劫。至盡未來。無論聖凡。總無一剎那頃。不起逆順二修。總無一剎那頃。離於性德之體。是故諸佛所證性修二德。全是眾生本有性修二德。如金佛。金蛇。金本無二。工巧亦無二也。嗟嗟。世容有不為佛不為蛇之頑金。而決無不為十法界之頑性。故須念念覺悟此理。以此覺他。則覺行不患不圓滿矣。直至覺行圓滿。亦豈有加於性修哉。,唯圓妙覺。乃能究盡諸法實相。乃能徹證本源心地。故名圓滿菩提。而所謂究竟。止是證得眾生本具理體未嘗增一絲毫。故曰歸無所得也,《選佛譜》卷第六・佛・L338,佛
4609,第15门,圓極果位門,卷6,佛,謨陀,謨,爱烦恼,陀,定善,终局·不再掷轮,,,终局,,唯有圓教妙覺才能究盡諸法實相、徹證本源心地，所以名為圓滿菩提；而所謂「究竟」，只是證得衆生本具的理體，未曾增添一絲一毫，所以說「歸無所得」。已至此位，更無所往——此位本不列行法，並非某相不通。,承注库,直說,譜曰。佛者。覺也。自覺。覺他。覺行圓滿。自覺異凡夫。覺他異二乘。覺滿異菩薩。此則通釋四教佛相。然藏通佛。僅於真諦而起三覺。別佛雖於中諦起三種覺。既有次第。復未窮源。不得稱覺滿也。唯圓妙覺。乃能究盡諸法實相。乃能徹證本源心地。故名圓滿菩提。而所謂究竟。止是證得眾生本具理體未嘗增一絲毫。故曰歸無所得也。順修之極。舉凡眾生迷倒所起惑業苦三。應念化成般若解脫法身三德。即以三德為身。亦即以三德為土。能依所依互融徧故。重重無盡。無盡重重。是名上上實報淨土。非於性德之外。別有修德可成也。性德理顯。由於圓妙三止三觀。能破三惑而顯三諦。智外無理。理外無智。是名上上寂光淨土。非於修德之外。別有性德可證也。蓋如來藏妙真如性。一切眾生之所共有。不生不滅。統攝無餘。故無一法而非性具。只此藏性不變隨緣。具造十界。故無一法而非修德。但理即位中。唯是逆修。名字位中。方為順修之始。妙覺極果。方是順修之終。理即純逆。妙覺純順。中間四位。逆順相兼。一念乍迷。即名為逆。一念覺悟。即名為順。逆順雖殊。皆是全性所起。皆不在於性外。是知從無始劫。至盡未來。無論聖凡。總無一剎那頃。不起逆順二修。總無一剎那頃。離於性德之體。是故諸佛所證性修二德。全是眾生本有性修二德。如金佛。金蛇。金本無二。工巧亦無二也。嗟嗟。世容有不為佛不為蛇之頑金。而決無不為十法界之頑性。故須念念覺悟此理。以此覺他。則覺行不患不圓滿矣。直至覺行圓滿。亦豈有加於性修哉。,唯圓妙覺。乃能究盡諸法實相。乃能徹證本源心地。故名圓滿菩提。而所謂究竟。止是證得眾生本具理體未嘗增一絲毫。故曰歸無所得也,《選佛譜》卷第六・佛・L338,佛
4610,第15门,圓極果位門,卷6,佛,謨佛,謨,爱烦恼,佛,无漏善慧,终局·不再掷轮,,,终局,,唯有圓教妙覺才能究盡諸法實相、徹證本源心地，所以名為圓滿菩提；而所謂「究竟」，只是證得衆生本具的理體，未曾增添一絲一毫，所以說「歸無所得」。已至此位，更無所往——此位本不列行法，並非某相不通。,承注库,直說,譜曰。佛者。覺也。自覺。覺他。覺行圓滿。自覺異凡夫。覺他異二乘。覺滿異菩薩。此則通釋四教佛相。然藏通佛。僅於真諦而起三覺。別佛雖於中諦起三種覺。既有次第。復未窮源。不得稱覺滿也。唯圓妙覺。乃能究盡諸法實相。乃能徹證本源心地。故名圓滿菩提。而所謂究竟。止是證得眾生本具理體未嘗增一絲毫。故曰歸無所得也。順修之極。舉凡眾生迷倒所起惑業苦三。應念化成般若解脫法身三德。即以三德為身。亦即以三德為土。能依所依互融徧故。重重無盡。無盡重重。是名上上實報淨土。非於性德之外。別有修德可成也。性德理顯。由於圓妙三止三觀。能破三惑而顯三諦。智外無理。理外無智。是名上上寂光淨土。非於修德之外。別有性德可證也。蓋如來藏妙真如性。一切眾生之所共有。不生不滅。統攝無餘。故無一法而非性具。只此藏性不變隨緣。具造十界。故無一法而非修德。但理即位中。唯是逆修。名字位中。方為順修之始。妙覺極果。方是順修之終。理即純逆。妙覺純順。中間四位。逆順相兼。一念乍迷。即名為逆。一念覺悟。即名為順。逆順雖殊。皆是全性所起。皆不在於性外。是知從無始劫。至盡未來。無論聖凡。總無一剎那頃。不起逆順二修。總無一剎那頃。離於性德之體。是故諸佛所證性修二德。全是眾生本有性修二德。如金佛。金蛇。金本無二。工巧亦無二也。嗟嗟。世容有不為佛不為蛇之頑金。而決無不為十法界之頑性。故須念念覺悟此理。以此覺他。則覺行不患不圓滿矣。直至覺行圓滿。亦豈有加於性修哉。,唯圓妙覺。乃能究盡諸法實相。乃能徹證本源心地。故名圓滿菩提。而所謂究竟。止是證得眾生本具理體未嘗增一絲毫。故曰歸無所得也,《選佛譜》卷第六・佛・L338,佛
4611,第15门,圓極果位門,卷6,佛,阿阿,阿,施善,阿,施善,终局·不再掷轮,,,终局,,唯有圓教妙覺才能究盡諸法實相、徹證本源心地，所以名為圓滿菩提；而所謂「究竟」，只是證得衆生本具的理體，未曾增添一絲一毫，所以說「歸無所得」。已至此位，更無所往——此位本不列行法，並非某相不通。,承注库,直說,譜曰。佛者。覺也。自覺。覺他。覺行圓滿。自覺異凡夫。覺他異二乘。覺滿異菩薩。此則通釋四教佛相。然藏通佛。僅於真諦而起三覺。別佛雖於中諦起三種覺。既有次第。復未窮源。不得稱覺滿也。唯圓妙覺。乃能究盡諸法實相。乃能徹證本源心地。故名圓滿菩提。而所謂究竟。止是證得眾生本具理體未嘗增一絲毫。故曰歸無所得也。順修之極。舉凡眾生迷倒所起惑業苦三。應念化成般若解脫法身三德。即以三德為身。亦即以三德為土。能依所依互融徧故。重重無盡。無盡重重。是名上上實報淨土。非於性德之外。別有修德可成也。性德理顯。由於圓妙三止三觀。能破三惑而顯三諦。智外無理。理外無智。是名上上寂光淨土。非於修德之外。別有性德可證也。蓋如來藏妙真如性。一切眾生之所共有。不生不滅。統攝無餘。故無一法而非性具。只此藏性不變隨緣。具造十界。故無一法而非修德。但理即位中。唯是逆修。名字位中。方為順修之始。妙覺極果。方是順修之終。理即純逆。妙覺純順。中間四位。逆順相兼。一念乍迷。即名為逆。一念覺悟。即名為順。逆順雖殊。皆是全性所起。皆不在於性外。是知從無始劫。至盡未來。無論聖凡。總無一剎那頃。不起逆順二修。總無一剎那頃。離於性德之體。是故諸佛所證性修二德。全是眾生本有性修二德。如金佛。金蛇。金本無二。工巧亦無二也。嗟嗟。世容有不為佛不為蛇之頑金。而決無不為十法界之頑性。故須念念覺悟此理。以此覺他。則覺行不患不圓滿矣。直至覺行圓滿。亦豈有加於性修哉。,唯圓妙覺。乃能究盡諸法實相。乃能徹證本源心地。故名圓滿菩提。而所謂究竟。止是證得眾生本具理體未嘗增一絲毫。故曰歸無所得也,《選佛譜》卷第六・佛・L338,佛
4612,第15门,圓極果位門,卷6,佛,阿彌,阿,施善,彌,戒善,终局·不再掷轮,,,终局,,唯有圓教妙覺才能究盡諸法實相、徹證本源心地，所以名為圓滿菩提；而所謂「究竟」，只是證得衆生本具的理體，未曾增添一絲一毫，所以說「歸無所得」。已至此位，更無所往——此位本不列行法，並非某相不通。,承注库,直說,譜曰。佛者。覺也。自覺。覺他。覺行圓滿。自覺異凡夫。覺他異二乘。覺滿異菩薩。此則通釋四教佛相。然藏通佛。僅於真諦而起三覺。別佛雖於中諦起三種覺。既有次第。復未窮源。不得稱覺滿也。唯圓妙覺。乃能究盡諸法實相。乃能徹證本源心地。故名圓滿菩提。而所謂究竟。止是證得眾生本具理體未嘗增一絲毫。故曰歸無所得也。順修之極。舉凡眾生迷倒所起惑業苦三。應念化成般若解脫法身三德。即以三德為身。亦即以三德為土。能依所依互融徧故。重重無盡。無盡重重。是名上上實報淨土。非於性德之外。別有修德可成也。性德理顯。由於圓妙三止三觀。能破三惑而顯三諦。智外無理。理外無智。是名上上寂光淨土。非於修德之外。別有性德可證也。蓋如來藏妙真如性。一切眾生之所共有。不生不滅。統攝無餘。故無一法而非性具。只此藏性不變隨緣。具造十界。故無一法而非修德。但理即位中。唯是逆修。名字位中。方為順修之始。妙覺極果。方是順修之終。理即純逆。妙覺純順。中間四位。逆順相兼。一念乍迷。即名為逆。一念覺悟。即名為順。逆順雖殊。皆是全性所起。皆不在於性外。是知從無始劫。至盡未來。無論聖凡。總無一剎那頃。不起逆順二修。總無一剎那頃。離於性德之體。是故諸佛所證性修二德。全是眾生本有性修二德。如金佛。金蛇。金本無二。工巧亦無二也。嗟嗟。世容有不為佛不為蛇之頑金。而決無不為十法界之頑性。故須念念覺悟此理。以此覺他。則覺行不患不圓滿矣。直至覺行圓滿。亦豈有加於性修哉。,唯圓妙覺。乃能究盡諸法實相。乃能徹證本源心地。故名圓滿菩提。而所謂究竟。止是證得眾生本具理體未嘗增一絲毫。故曰歸無所得也,《選佛譜》卷第六・佛・L338,佛
4613,第15门,圓極果位門,卷6,佛,阿陀,阿,施善,陀,定善,终局·不再掷轮,,,终局,,唯有圓教妙覺才能究盡諸法實相、徹證本源心地，所以名為圓滿菩提；而所謂「究竟」，只是證得衆生本具的理體，未曾增添一絲一毫，所以說「歸無所得」。已至此位，更無所往——此位本不列行法，並非某相不通。,承注库,直說,譜曰。佛者。覺也。自覺。覺他。覺行圓滿。自覺異凡夫。覺他異二乘。覺滿異菩薩。此則通釋四教佛相。然藏通佛。僅於真諦而起三覺。別佛雖於中諦起三種覺。既有次第。復未窮源。不得稱覺滿也。唯圓妙覺。乃能究盡諸法實相。乃能徹證本源心地。故名圓滿菩提。而所謂究竟。止是證得眾生本具理體未嘗增一絲毫。故曰歸無所得也。順修之極。舉凡眾生迷倒所起惑業苦三。應念化成般若解脫法身三德。即以三德為身。亦即以三德為土。能依所依互融徧故。重重無盡。無盡重重。是名上上實報淨土。非於性德之外。別有修德可成也。性德理顯。由於圓妙三止三觀。能破三惑而顯三諦。智外無理。理外無智。是名上上寂光淨土。非於修德之外。別有性德可證也。蓋如來藏妙真如性。一切眾生之所共有。不生不滅。統攝無餘。故無一法而非性具。只此藏性不變隨緣。具造十界。故無一法而非修德。但理即位中。唯是逆修。名字位中。方為順修之始。妙覺極果。方是順修之終。理即純逆。妙覺純順。中間四位。逆順相兼。一念乍迷。即名為逆。一念覺悟。即名為順。逆順雖殊。皆是全性所起。皆不在於性外。是知從無始劫。至盡未來。無論聖凡。總無一剎那頃。不起逆順二修。總無一剎那頃。離於性德之體。是故諸佛所證性修二德。全是眾生本有性修二德。如金佛。金蛇。金本無二。工巧亦無二也。嗟嗟。世容有不為佛不為蛇之頑金。而決無不為十法界之頑性。故須念念覺悟此理。以此覺他。則覺行不患不圓滿矣。直至覺行圓滿。亦豈有加於性修哉。,唯圓妙覺。乃能究盡諸法實相。乃能徹證本源心地。故名圓滿菩提。而所謂究竟。止是證得眾生本具理體未嘗增一絲毫。故曰歸無所得也,《選佛譜》卷第六・佛・L338,佛
4614,第15门,圓極果位門,卷6,佛,阿佛,阿,施善,佛,无漏善慧,终局·不再掷轮,,,终局,,唯有圓教妙覺才能究盡諸法實相、徹證本源心地，所以名為圓滿菩提；而所謂「究竟」，只是證得衆生本具的理體，未曾增添一絲一毫，所以說「歸無所得」。已至此位，更無所往——此位本不列行法，並非某相不通。,承注库,直說,譜曰。佛者。覺也。自覺。覺他。覺行圓滿。自覺異凡夫。覺他異二乘。覺滿異菩薩。此則通釋四教佛相。然藏通佛。僅於真諦而起三覺。別佛雖於中諦起三種覺。既有次第。復未窮源。不得稱覺滿也。唯圓妙覺。乃能究盡諸法實相。乃能徹證本源心地。故名圓滿菩提。而所謂究竟。止是證得眾生本具理體未嘗增一絲毫。故曰歸無所得也。順修之極。舉凡眾生迷倒所起惑業苦三。應念化成般若解脫法身三德。即以三德為身。亦即以三德為土。能依所依互融徧故。重重無盡。無盡重重。是名上上實報淨土。非於性德之外。別有修德可成也。性德理顯。由於圓妙三止三觀。能破三惑而顯三諦。智外無理。理外無智。是名上上寂光淨土。非於修德之外。別有性德可證也。蓋如來藏妙真如性。一切眾生之所共有。不生不滅。統攝無餘。故無一法而非性具。只此藏性不變隨緣。具造十界。故無一法而非修德。但理即位中。唯是逆修。名字位中。方為順修之始。妙覺極果。方是順修之終。理即純逆。妙覺純順。中間四位。逆順相兼。一念乍迷。即名為逆。一念覺悟。即名為順。逆順雖殊。皆是全性所起。皆不在於性外。是知從無始劫。至盡未來。無論聖凡。總無一剎那頃。不起逆順二修。總無一剎那頃。離於性德之體。是故諸佛所證性修二德。全是眾生本有性修二德。如金佛。金蛇。金本無二。工巧亦無二也。嗟嗟。世容有不為佛不為蛇之頑金。而決無不為十法界之頑性。故須念念覺悟此理。以此覺他。則覺行不患不圓滿矣。直至覺行圓滿。亦豈有加於性修哉。,唯圓妙覺。乃能究盡諸法實相。乃能徹證本源心地。故名圓滿菩提。而所謂究竟。止是證得眾生本具理體未嘗增一絲毫。故曰歸無所得也,《選佛譜》卷第六・佛・L338,佛
4615,第15门,圓極果位門,卷6,佛,彌彌,彌,戒善,彌,戒善,终局·不再掷轮,,,终局,,唯有圓教妙覺才能究盡諸法實相、徹證本源心地，所以名為圓滿菩提；而所謂「究竟」，只是證得衆生本具的理體，未曾增添一絲一毫，所以說「歸無所得」。已至此位，更無所往——此位本不列行法，並非某相不通。,承注库,直說,譜曰。佛者。覺也。自覺。覺他。覺行圓滿。自覺異凡夫。覺他異二乘。覺滿異菩薩。此則通釋四教佛相。然藏通佛。僅於真諦而起三覺。別佛雖於中諦起三種覺。既有次第。復未窮源。不得稱覺滿也。唯圓妙覺。乃能究盡諸法實相。乃能徹證本源心地。故名圓滿菩提。而所謂究竟。止是證得眾生本具理體未嘗增一絲毫。故曰歸無所得也。順修之極。舉凡眾生迷倒所起惑業苦三。應念化成般若解脫法身三德。即以三德為身。亦即以三德為土。能依所依互融徧故。重重無盡。無盡重重。是名上上實報淨土。非於性德之外。別有修德可成也。性德理顯。由於圓妙三止三觀。能破三惑而顯三諦。智外無理。理外無智。是名上上寂光淨土。非於修德之外。別有性德可證也。蓋如來藏妙真如性。一切眾生之所共有。不生不滅。統攝無餘。故無一法而非性具。只此藏性不變隨緣。具造十界。故無一法而非修德。但理即位中。唯是逆修。名字位中。方為順修之始。妙覺極果。方是順修之終。理即純逆。妙覺純順。中間四位。逆順相兼。一念乍迷。即名為逆。一念覺悟。即名為順。逆順雖殊。皆是全性所起。皆不在於性外。是知從無始劫。至盡未來。無論聖凡。總無一剎那頃。不起逆順二修。總無一剎那頃。離於性德之體。是故諸佛所證性修二德。全是眾生本有性修二德。如金佛。金蛇。金本無二。工巧亦無二也。嗟嗟。世容有不為佛不為蛇之頑金。而決無不為十法界之頑性。故須念念覺悟此理。以此覺他。則覺行不患不圓滿矣。直至覺行圓滿。亦豈有加於性修哉。,唯圓妙覺。乃能究盡諸法實相。乃能徹證本源心地。故名圓滿菩提。而所謂究竟。止是證得眾生本具理體未嘗增一絲毫。故曰歸無所得也,《選佛譜》卷第六・佛・L338,佛
4616,第15门,圓極果位門,卷6,佛,彌陀,彌,戒善,陀,定善,终局·不再掷轮,,,终局,,唯有圓教妙覺才能究盡諸法實相、徹證本源心地，所以名為圓滿菩提；而所謂「究竟」，只是證得衆生本具的理體，未曾增添一絲一毫，所以說「歸無所得」。已至此位，更無所往——此位本不列行法，並非某相不通。,承注库,直說,譜曰。佛者。覺也。自覺。覺他。覺行圓滿。自覺異凡夫。覺他異二乘。覺滿異菩薩。此則通釋四教佛相。然藏通佛。僅於真諦而起三覺。別佛雖於中諦起三種覺。既有次第。復未窮源。不得稱覺滿也。唯圓妙覺。乃能究盡諸法實相。乃能徹證本源心地。故名圓滿菩提。而所謂究竟。止是證得眾生本具理體未嘗增一絲毫。故曰歸無所得也。順修之極。舉凡眾生迷倒所起惑業苦三。應念化成般若解脫法身三德。即以三德為身。亦即以三德為土。能依所依互融徧故。重重無盡。無盡重重。是名上上實報淨土。非於性德之外。別有修德可成也。性德理顯。由於圓妙三止三觀。能破三惑而顯三諦。智外無理。理外無智。是名上上寂光淨土。非於修德之外。別有性德可證也。蓋如來藏妙真如性。一切眾生之所共有。不生不滅。統攝無餘。故無一法而非性具。只此藏性不變隨緣。具造十界。故無一法而非修德。但理即位中。唯是逆修。名字位中。方為順修之始。妙覺極果。方是順修之終。理即純逆。妙覺純順。中間四位。逆順相兼。一念乍迷。即名為逆。一念覺悟。即名為順。逆順雖殊。皆是全性所起。皆不在於性外。是知從無始劫。至盡未來。無論聖凡。總無一剎那頃。不起逆順二修。總無一剎那頃。離於性德之體。是故諸佛所證性修二德。全是眾生本有性修二德。如金佛。金蛇。金本無二。工巧亦無二也。嗟嗟。世容有不為佛不為蛇之頑金。而決無不為十法界之頑性。故須念念覺悟此理。以此覺他。則覺行不患不圓滿矣。直至覺行圓滿。亦豈有加於性修哉。,唯圓妙覺。乃能究盡諸法實相。乃能徹證本源心地。故名圓滿菩提。而所謂究竟。止是證得眾生本具理體未嘗增一絲毫。故曰歸無所得也,《選佛譜》卷第六・佛・L338,佛
4617,第15门,圓極果位門,卷6,佛,彌佛,彌,戒善,佛,无漏善慧,终局·不再掷轮,,,终局,,唯有圓教妙覺才能究盡諸法實相、徹證本源心地，所以名為圓滿菩提；而所謂「究竟」，只是證得衆生本具的理體，未曾增添一絲一毫，所以說「歸無所得」。已至此位，更無所往——此位本不列行法，並非某相不通。,承注库,直說,譜曰。佛者。覺也。自覺。覺他。覺行圓滿。自覺異凡夫。覺他異二乘。覺滿異菩薩。此則通釋四教佛相。然藏通佛。僅於真諦而起三覺。別佛雖於中諦起三種覺。既有次第。復未窮源。不得稱覺滿也。唯圓妙覺。乃能究盡諸法實相。乃能徹證本源心地。故名圓滿菩提。而所謂究竟。止是證得眾生本具理體未嘗增一絲毫。故曰歸無所得也。順修之極。舉凡眾生迷倒所起惑業苦三。應念化成般若解脫法身三德。即以三德為身。亦即以三德為土。能依所依互融徧故。重重無盡。無盡重重。是名上上實報淨土。非於性德之外。別有修德可成也。性德理顯。由於圓妙三止三觀。能破三惑而顯三諦。智外無理。理外無智。是名上上寂光淨土。非於修德之外。別有性德可證也。蓋如來藏妙真如性。一切眾生之所共有。不生不滅。統攝無餘。故無一法而非性具。只此藏性不變隨緣。具造十界。故無一法而非修德。但理即位中。唯是逆修。名字位中。方為順修之始。妙覺極果。方是順修之終。理即純逆。妙覺純順。中間四位。逆順相兼。一念乍迷。即名為逆。一念覺悟。即名為順。逆順雖殊。皆是全性所起。皆不在於性外。是知從無始劫。至盡未來。無論聖凡。總無一剎那頃。不起逆順二修。總無一剎那頃。離於性德之體。是故諸佛所證性修二德。全是眾生本有性修二德。如金佛。金蛇。金本無二。工巧亦無二也。嗟嗟。世容有不為佛不為蛇之頑金。而決無不為十法界之頑性。故須念念覺悟此理。以此覺他。則覺行不患不圓滿矣。直至覺行圓滿。亦豈有加於性修哉。,唯圓妙覺。乃能究盡諸法實相。乃能徹證本源心地。故名圓滿菩提。而所謂究竟。止是證得眾生本具理體未嘗增一絲毫。故曰歸無所得也,《選佛譜》卷第六・佛・L338,佛
4618,第15门,圓極果位門,卷6,佛,陀陀,陀,定善,陀,定善,终局·不再掷轮,,,终局,,唯有圓教妙覺才能究盡諸法實相、徹證本源心地，所以名為圓滿菩提；而所謂「究竟」，只是證得衆生本具的理體，未曾增添一絲一毫，所以說「歸無所得」。已至此位，更無所往——此位本不列行法，並非某相不通。,承注库,直說,譜曰。佛者。覺也。自覺。覺他。覺行圓滿。自覺異凡夫。覺他異二乘。覺滿異菩薩。此則通釋四教佛相。然藏通佛。僅於真諦而起三覺。別佛雖於中諦起三種覺。既有次第。復未窮源。不得稱覺滿也。唯圓妙覺。乃能究盡諸法實相。乃能徹證本源心地。故名圓滿菩提。而所謂究竟。止是證得眾生本具理體未嘗增一絲毫。故曰歸無所得也。順修之極。舉凡眾生迷倒所起惑業苦三。應念化成般若解脫法身三德。即以三德為身。亦即以三德為土。能依所依互融徧故。重重無盡。無盡重重。是名上上實報淨土。非於性德之外。別有修德可成也。性德理顯。由於圓妙三止三觀。能破三惑而顯三諦。智外無理。理外無智。是名上上寂光淨土。非於修德之外。別有性德可證也。蓋如來藏妙真如性。一切眾生之所共有。不生不滅。統攝無餘。故無一法而非性具。只此藏性不變隨緣。具造十界。故無一法而非修德。但理即位中。唯是逆修。名字位中。方為順修之始。妙覺極果。方是順修之終。理即純逆。妙覺純順。中間四位。逆順相兼。一念乍迷。即名為逆。一念覺悟。即名為順。逆順雖殊。皆是全性所起。皆不在於性外。是知從無始劫。至盡未來。無論聖凡。總無一剎那頃。不起逆順二修。總無一剎那頃。離於性德之體。是故諸佛所證性修二德。全是眾生本有性修二德。如金佛。金蛇。金本無二。工巧亦無二也。嗟嗟。世容有不為佛不為蛇之頑金。而決無不為十法界之頑性。故須念念覺悟此理。以此覺他。則覺行不患不圓滿矣。直至覺行圓滿。亦豈有加於性修哉。,唯圓妙覺。乃能究盡諸法實相。乃能徹證本源心地。故名圓滿菩提。而所謂究竟。止是證得眾生本具理體未嘗增一絲毫。故曰歸無所得也,《選佛譜》卷第六・佛・L338,佛
4619,第15门,圓極果位門,卷6,佛,陀佛,陀,定善,佛,无漏善慧,终局·不再掷轮,,,终局,,唯有圓教妙覺才能究盡諸法實相、徹證本源心地，所以名為圓滿菩提；而所謂「究竟」，只是證得衆生本具的理體，未曾增添一絲一毫，所以說「歸無所得」。已至此位，更無所往——此位本不列行法，並非某相不通。,承注库,直說,譜曰。佛者。覺也。自覺。覺他。覺行圓滿。自覺異凡夫。覺他異二乘。覺滿異菩薩。此則通釋四教佛相。然藏通佛。僅於真諦而起三覺。別佛雖於中諦起三種覺。既有次第。復未窮源。不得稱覺滿也。唯圓妙覺。乃能究盡諸法實相。乃能徹證本源心地。故名圓滿菩提。而所謂究竟。止是證得眾生本具理體未嘗增一絲毫。故曰歸無所得也。順修之極。舉凡眾生迷倒所起惑業苦三。應念化成般若解脫法身三德。即以三德為身。亦即以三德為土。能依所依互融徧故。重重無盡。無盡重重。是名上上實報淨土。非於性德之外。別有修德可成也。性德理顯。由於圓妙三止三觀。能破三惑而顯三諦。智外無理。理外無智。是名上上寂光淨土。非於修德之外。別有性德可證也。蓋如來藏妙真如性。一切眾生之所共有。不生不滅。統攝無餘。故無一法而非性具。只此藏性不變隨緣。具造十界。故無一法而非修德。但理即位中。唯是逆修。名字位中。方為順修之始。妙覺極果。方是順修之終。理即純逆。妙覺純順。中間四位。逆順相兼。一念乍迷。即名為逆。一念覺悟。即名為順。逆順雖殊。皆是全性所起。皆不在於性外。是知從無始劫。至盡未來。無論聖凡。總無一剎那頃。不起逆順二修。總無一剎那頃。離於性德之體。是故諸佛所證性修二德。全是眾生本有性修二德。如金佛。金蛇。金本無二。工巧亦無二也。嗟嗟。世容有不為佛不為蛇之頑金。而決無不為十法界之頑性。故須念念覺悟此理。以此覺他。則覺行不患不圓滿矣。直至覺行圓滿。亦豈有加於性修哉。,唯圓妙覺。乃能究盡諸法實相。乃能徹證本源心地。故名圓滿菩提。而所謂究竟。止是證得眾生本具理體未嘗增一絲毫。故曰歸無所得也,《選佛譜》卷第六・佛・L338,佛
4620,第15门,圓極果位門,卷6,佛,佛佛,佛,无漏善慧,佛,无漏善慧,终局·不再掷轮,,,终局,,唯有圓教妙覺才能究盡諸法實相、徹證本源心地，所以名為圓滿菩提；而所謂「究竟」，只是證得衆生本具的理體，未曾增添一絲一毫，所以說「歸無所得」。已至此位，更無所往——此位本不列行法，並非某相不通。,承注库,直說,譜曰。佛者。覺也。自覺。覺他。覺行圓滿。自覺異凡夫。覺他異二乘。覺滿異菩薩。此則通釋四教佛相。然藏通佛。僅於真諦而起三覺。別佛雖於中諦起三種覺。既有次第。復未窮源。不得稱覺滿也。唯圓妙覺。乃能究盡諸法實相。乃能徹證本源心地。故名圓滿菩提。而所謂究竟。止是證得眾生本具理體未嘗增一絲毫。故曰歸無所得也。順修之極。舉凡眾生迷倒所起惑業苦三。應念化成般若解脫法身三德。即以三德為身。亦即以三德為土。能依所依互融徧故。重重無盡。無盡重重。是名上上實報淨土。非於性德之外。別有修德可成也。性德理顯。由於圓妙三止三觀。能破三惑而顯三諦。智外無理。理外無智。是名上上寂光淨土。非於修德之外。別有性德可證也。蓋如來藏妙真如性。一切眾生之所共有。不生不滅。統攝無餘。故無一法而非性具。只此藏性不變隨緣。具造十界。故無一法而非修德。但理即位中。唯是逆修。名字位中。方為順修之始。妙覺極果。方是順修之終。理即純逆。妙覺純順。中間四位。逆順相兼。一念乍迷。即名為逆。一念覺悟。即名為順。逆順雖殊。皆是全性所起。皆不在於性外。是知從無始劫。至盡未來。無論聖凡。總無一剎那頃。不起逆順二修。總無一剎那頃。離於性德之體。是故諸佛所證性修二德。全是眾生本有性修二德。如金佛。金蛇。金本無二。工巧亦無二也。嗟嗟。世容有不為佛不為蛇之頑金。而決無不為十法界之頑性。故須念念覺悟此理。以此覺他。則覺行不患不圓滿矣。直至覺行圓滿。亦豈有加於性修哉。,唯圓妙覺。乃能究盡諸法實相。乃能徹證本源心地。故名圓滿菩提。而所謂究竟。止是證得眾生本具理體未嘗增一絲毫。故曰歸無所得也,《選佛譜》卷第六・佛・L338,佛
